return_id,order_detail_id,return_datetime,returned_quantity,return_status
1,61,2016-06-05 0:14:57,2,Approved
2,97,2016-06-07 8:52:41,1,Refunded
3,151,2016-06-11 19:43:30,1,Refunded
4,84,2016-06-12 0:14:43,1,Refunded
5,115,2016-06-19 8:55:26,1,Rejected
6,194,2016-06-21 18:59:13,1,Refunded
7,255,2016-06-29 7:42:03,1,Refunded
8,256,2016-06-30 3:11:21,1,Refunded
9,237,2016-06-30 8:25:33,1,Refunded
10,301,2016-07-13 2:38:44,1,Refunded
11,442,2016-07-24 16:45:16,1,Requested
12,585,2016-08-25 23:29:42,1,Refunded
13,678,2016-08-27 17:38:37,1,Refunded
14,752,2016-08-29 22:50:17,1,Refunded
15,698,2016-08-31 16:04:03,1,Replaced
16,702,2016-09-09 2:34:36,1,Refunded
17,804,2016-09-10 23:19:02,1,Refunded
18,840,2016-09-12 0:22:49,2,Replaced
19,647,2016-09-15 16:56:01,1,Refunded
20,878,2016-10-02 7:31:35,1,Refunded
21,995,2016-10-06 8:00:58,1,Refunded
22,1070,2016-10-09 4:45:53,1,Refunded
23,987,2016-10-09 15:10:34,1,Replaced
24,1108,2016-10-10 4:46:34,1,Refunded
25,924,2016-10-10 7:08:30,1,Refunded
26,970,2016-10-10 13:06:32,1,Refunded
27,1353,2016-10-25 1:42:54,2,Refunded
28,1348,2016-10-26 18:05:41,1,Refunded
29,1370,2016-11-01 21:41:09,1,Requested
30,1502,2016-11-04 19:47:27,1,Refunded
31,1496,2016-11-07 4:25:21,1,Refunded
32,1474,2016-11-08 8:33:54,1,Refunded
33,1635,2016-11-09 3:48:55,2,Refunded
34,1590,2016-11-09 22:24:30,1,Rejected
35,1684,2016-11-11 10:40:53,1,Refunded
36,451,2016-11-11 12:02:34,1,Refunded
37,1661,2016-11-12 23:30:47,1,Refunded
38,1783,2016-11-18 22:33:04,1,Refunded
39,1491,2016-11-25 1:29:20,1,Replaced
40,1842,2016-11-26 20:36:42,1,Approved
41,1819,2016-11-27 4:47:56,1,Refunded
42,1936,2016-11-27 11:48:00,1,Replaced
43,1812,2016-11-27 18:24:12,1,Refunded
44,1947,2016-11-30 13:55:18,2,Replaced
45,2013,2016-12-08 7:30:40,1,Replaced
46,2126,2016-12-08 21:29:33,1,Approved
47,2272,2016-12-28 5:59:01,1,Requested
48,2241,2016-12-29 18:18:08,1,Refunded
49,2307,2017-01-03 7:32:21,1,Refunded
50,2311,2017-01-10 22:44:35,1,Refunded
51,2365,2017-01-11 7:57:45,2,Rejected
52,2457,2017-01-20 1:14:31,1,Refunded
53,2165,2017-01-23 11:03:41,1,Approved
54,2171,2017-01-27 7:59:41,1,Refunded
55,2493,2017-01-27 16:19:10,1,Requested
56,2585,2017-01-31 2:16:16,3,Refunded
57,2627,2017-02-07 10:59:27,1,Refunded
58,2629,2017-02-08 7:23:22,1,Refunded
59,2628,2017-02-09 14:47:27,1,Refunded
60,2773,2017-02-20 23:05:51,1,Refunded
61,2954,2017-03-07 22:17:43,1,Approved
62,2878,2017-03-10 8:08:24,1,Refunded
63,2842,2017-03-20 4:41:05,1,Refunded
64,3096,2017-03-20 16:44:37,1,Refunded
65,3177,2017-04-02 4:15:51,1,Rejected
66,3199,2017-04-04 12:13:12,2,Refunded
67,3216,2017-04-04 20:07:28,1,Refunded
68,3356,2017-04-15 23:49:24,1,Replaced
69,3149,2017-04-16 0:01:22,1,Replaced
70,3501,2017-05-03 21:34:59,2,Replaced
71,3553,2017-05-13 21:54:14,1,Replaced
72,3497,2017-05-19 13:16:24,1,Approved
73,3712,2017-05-23 22:17:55,2,Requested
74,3710,2017-05-24 10:19:23,1,Refunded
75,4135,2017-07-02 20:04:32,1,Refunded
76,4151,2017-07-04 23:24:18,1,Refunded
77,4241,2017-07-09 9:11:53,1,Rejected
78,4297,2017-07-13 5:16:22,1,Refunded
79,4263,2017-08-16 18:05:16,1,Refunded
80,4847,2017-08-29 19:31:10,1,Refunded
81,4766,2017-08-30 7:56:19,1,Refunded
82,4846,2017-09-12 5:36:26,1,Refunded
83,4971,2017-09-13 4:07:44,1,Replaced
84,5062,2017-09-22 17:19:30,1,Replaced
85,4918,2017-10-03 16:16:24,1,Refunded
86,4638,2017-10-06 4:34:17,1,Rejected
87,5337,2017-10-16 1:43:16,1,Refunded
88,5502,2017-10-16 9:13:30,1,Refunded
89,5494,2017-10-26 9:21:13,1,Refunded
90,5717,2017-10-26 13:17:41,1,Requested
91,5616,2017-10-28 6:06:41,1,Refunded
92,5820,2017-10-30 23:57:18,1,Refunded
93,5712,2017-11-02 7:10:28,1,Refunded
94,5882,2017-11-03 2:23:30,2,Refunded
95,5928,2017-11-08 9:40:40,1,Refunded
96,6101,2017-11-11 3:52:21,1,Refunded
97,5802,2017-11-11 17:45:28,1,Refunded
98,6229,2017-11-19 10:27:39,2,Refunded
99,6182,2017-11-19 21:13:33,2,Approved
100,6373,2017-11-29 7:55:47,1,Refunded
101,6398,2017-12-02 9:25:27,1,Rejected
102,6555,2017-12-02 20:30:28,1,Replaced
103,6424,2017-12-03 7:40:20,1,Refunded
104,6422,2017-12-05 15:51:29,1,Refunded
105,6482,2017-12-24 4:00:22,1,Refunded
106,6574,2017-12-28 19:35:55,1,Replaced
107,6698,2018-01-01 21:18:12,1,Refunded
108,7082,2018-01-13 7:24:29,1,Refunded
109,6989,2018-01-19 0:21:48,1,Refunded
110,7179,2018-01-20 5:59:42,2,Refunded
111,7157,2018-01-21 1:22:55,1,Refunded
112,7209,2018-01-23 23:27:00,1,Refunded
113,7292,2018-01-25 8:10:06,3,Refunded
114,7280,2018-01-29 16:34:31,1,Refunded
115,7486,2018-02-04 22:43:48,1,Refunded
116,7541,2018-02-08 2:27:30,1,Refunded
117,7516,2018-02-08 12:01:15,1,Refunded
118,7553,2018-02-08 15:49:08,2,Refunded
119,7298,2018-02-16 7:18:02,1,Refunded
120,7955,2018-02-23 21:15:38,1,Refunded
121,7775,2018-02-28 9:20:12,1,Approved
122,8020,2018-02-28 16:11:24,2,Refunded
123,7763,2018-03-02 21:49:11,1,Refunded
124,7686,2018-03-04 19:57:49,1,Rejected
125,8074,2018-03-07 12:45:14,1,Approved
126,8145,2018-03-09 18:05:37,1,Rejected
127,8192,2018-03-10 19:50:49,1,Rejected
128,8231,2018-03-17 19:44:30,1,Refunded
129,8157,2018-03-19 0:37:53,1,Replaced
130,8347,2018-03-20 10:29:10,2,Replaced
131,8575,2018-03-28 20:52:07,1,Refunded
132,8820,2018-04-13 2:08:51,1,Refunded
133,8635,2018-04-15 8:20:03,1,Rejected
134,8879,2018-04-16 7:46:18,3,Refunded
135,8902,2018-04-18 9:41:08,1,Refunded
136,8649,2018-04-19 11:02:15,1,Replaced
137,8631,2018-04-23 20:24:53,1,Refunded
138,9093,2018-04-26 0:10:44,1,Refunded
139,9018,2018-04-27 21:09:37,1,Refunded
140,9094,2018-04-28 16:57:44,1,Refunded
141,9260,2018-04-29 9:15:20,1,Rejected
142,9290,2018-05-09 7:48:28,1,Refunded
143,9510,2018-05-14 14:20:33,1,Replaced
144,9468,2018-05-14 20:53:34,1,Refunded
145,9698,2018-05-21 0:16:19,1,Refunded
146,9657,2018-05-22 9:34:03,2,Refunded
147,9722,2018-05-22 16:18:34,1,Refunded
148,9690,2018-05-23 8:18:06,1,Refunded
149,9481,2018-05-28 3:46:00,1,Refunded
150,9862,2018-05-29 11:42:10,1,Refunded
151,9821,2018-05-30 11:06:34,1,Refunded
152,9900,2018-06-08 9:00:10,1,Refunded
153,10006,2018-06-09 2:08:45,1,Replaced
154,10090,2018-06-10 13:56:53,1,Rejected
155,9857,2018-06-11 12:14:45,1,Refunded
156,10153,2018-06-12 23:50:02,1,Refunded
157,9880,2018-06-17 0:44:55,1,Refunded
158,10075,2018-06-22 4:17:57,1,Approved
159,10364,2018-06-23 0:19:07,1,Refunded
160,10311,2018-06-23 4:58:55,2,Replaced
161,10422,2018-06-27 17:01:32,1,Refunded
162,10339,2018-06-28 9:57:22,1,Replaced
163,10314,2018-07-01 21:25:09,1,Refunded
164,10578,2018-07-02 6:49:44,1,Refunded
165,9543,2018-07-03 6:02:02,1,Refunded
166,10535,2018-07-04 10:37:35,1,Refunded
167,10599,2018-07-07 20:57:00,1,Replaced
168,10763,2018-07-15 7:58:17,1,Refunded
169,11186,2018-08-03 5:38:29,3,Refunded
170,10715,2018-08-06 1:03:38,1,Refunded
171,11212,2018-08-11 17:25:51,1,Refunded
172,11512,2018-08-19 12:21:05,1,Refunded
173,11606,2018-08-24 7:34:22,1,Rejected
174,12020,2018-09-07 3:25:29,1,Replaced
175,11750,2018-09-07 7:18:20,1,Rejected
176,11785,2018-09-11 16:03:08,1,Replaced
177,12146,2018-09-12 15:37:30,1,Refunded
178,12271,2018-09-17 21:22:30,1,Refunded
179,12205,2018-09-18 3:45:08,1,Refunded
180,12268,2018-09-21 1:45:20,1,Refunded
181,12257,2018-09-21 12:56:44,1,Refunded
182,12356,2018-09-21 13:07:32,1,Refunded
183,12226,2018-09-21 14:06:51,1,Refunded
184,12357,2018-09-26 8:46:50,1,Replaced
185,11800,2018-09-26 14:01:24,1,Refunded
186,12483,2018-09-29 5:05:53,1,Approved
187,12394,2018-09-29 10:06:07,1,Requested
188,12432,2018-09-30 9:12:20,1,Replaced
189,12735,2018-10-11 11:58:58,1,Refunded
190,12827,2018-10-11 23:03:15,1,Rejected
191,13078,2018-10-16 3:55:59,1,Refunded
192,12966,2018-10-17 0:48:59,1,Replaced
193,13093,2018-10-18 17:15:08,1,Replaced
194,13097,2018-10-21 9:22:34,1,Refunded
195,13325,2018-10-23 19:47:49,1,Refunded
196,13092,2018-10-24 15:02:47,1,Approved
197,13503,2018-10-27 8:33:50,1,Replaced
198,13202,2018-10-29 23:56:45,1,Refunded
199,13762,2018-11-06 18:19:28,1,Refunded
200,13015,2018-11-06 20:41:03,1,Approved
201,13825,2018-11-09 5:03:40,2,Replaced
202,14008,2018-11-13 14:44:21,1,Refunded
203,14213,2018-11-13 22:08:56,1,Refunded
204,14298,2018-11-16 13:01:25,1,Refunded
205,13914,2018-11-17 4:04:09,1,Rejected
206,14117,2018-11-17 7:16:47,1,Refunded
207,14274,2018-11-17 22:45:00,1,Rejected
208,14435,2018-11-22 6:47:00,2,Refunded
209,14605,2018-11-26 10:54:28,1,Approved
210,14469,2018-11-28 10:33:59,1,Refunded
211,14852,2018-11-29 11:50:38,1,Refunded
212,14430,2018-11-30 9:51:15,1,Refunded
213,14796,2018-11-30 16:29:01,1,Refunded
214,14753,2018-12-01 0:13:26,1,Refunded
215,14755,2018-12-01 3:36:24,1,Replaced
216,14910,2018-12-01 13:39:22,1,Refunded
217,15037,2018-12-08 10:18:08,1,Replaced
218,15243,2018-12-10 3:52:26,2,Refunded
219,15071,2018-12-10 12:21:24,1,Rejected
220,15122,2018-12-13 9:36:25,1,Refunded
221,15280,2018-12-14 9:05:47,1,Replaced
222,15312,2018-12-17 1:58:40,1,Rejected
223,15454,2018-12-20 8:23:25,1,Refunded
224,15549,2018-12-24 18:09:48,1,Refunded
225,15519,2018-12-29 1:31:07,1,Requested
226,15182,2018-12-30 7:00:38,1,Refunded
227,15405,2018-12-30 12:10:42,1,Refunded
228,15657,2018-12-30 16:52:12,1,Refunded
229,15621,2018-12-31 8:24:48,1,Approved
230,15718,2019-01-02 11:29:06,1,Refunded
231,15859,2019-01-06 23:31:42,1,Rejected
232,15675,2019-01-08 8:52:45,1,Refunded
233,15702,2019-01-11 9:45:25,1,Refunded
234,15841,2019-01-11 22:53:33,1,Refunded
235,16080,2019-01-13 10:11:44,1,Refunded
236,16049,2019-01-13 18:11:55,1,Refunded
237,16037,2019-01-16 17:37:20,1,Replaced
238,16099,2019-01-18 2:34:11,1,Refunded
239,16079,2019-01-18 21:24:22,1,Rejected
240,16089,2019-01-19 14:55:58,1,Refunded
241,16266,2019-01-20 6:38:40,1,Refunded
242,16215,2019-01-22 2:39:14,1,Refunded
243,15350,2019-01-27 20:56:03,1,Refunded
244,16162,2019-01-29 13:37:26,1,Refunded
245,16734,2019-01-29 21:22:25,1,Refunded
246,15908,2019-02-03 20:42:12,1,Refunded
247,16382,2019-02-04 5:47:44,1,Refunded
248,16046,2019-02-05 5:56:30,1,Refunded
249,16522,2019-02-05 7:54:30,1,Replaced
250,16963,2019-02-05 8:37:26,1,Replaced
251,16827,2019-02-06 14:21:38,1,Refunded
252,16600,2019-02-07 11:09:53,1,Refunded
253,16959,2019-02-07 13:39:44,1,Refunded
254,16916,2019-02-09 15:54:53,1,Refunded
255,16809,2019-02-12 3:16:39,1,Rejected
256,17055,2019-02-12 21:33:55,1,Refunded
257,17041,2019-02-14 10:18:14,1,Refunded
258,17147,2019-02-14 12:02:37,1,Refunded
259,17135,2019-02-15 20:37:06,2,Replaced
260,17499,2019-02-23 15:18:50,1,Replaced
261,17613,2019-03-02 12:53:48,1,Refunded
262,17905,2019-03-05 12:36:35,2,Refunded
263,17728,2019-03-06 4:51:43,1,Requested
264,17724,2019-03-06 14:39:52,1,Approved
265,17882,2019-03-08 6:51:33,1,Refunded
266,18190,2019-03-17 17:30:55,1,Rejected
267,18401,2019-03-20 12:02:44,1,Refunded
268,18357,2019-03-20 12:31:32,1,Replaced
269,18447,2019-03-22 0:41:14,1,Requested
270,18426,2019-03-22 10:28:24,1,Requested
271,18220,2019-03-26 12:29:13,1,Rejected
272,18632,2019-03-26 23:48:16,1,Replaced
273,18586,2019-03-28 18:32:50,1,Replaced
274,18489,2019-04-07 12:10:25,1,Refunded
275,18979,2019-04-10 1:55:25,1,Refunded
276,19103,2019-04-12 7:32:35,1,Refunded
277,19240,2019-04-14 15:52:06,1,Replaced
278,17923,2019-04-16 1:56:33,1,Refunded
279,19435,2019-04-17 13:37:00,1,Replaced
280,19351,2019-04-17 19:08:34,1,Refunded
281,19386,2019-04-19 4:26:29,1,Replaced
282,19262,2019-04-24 15:52:51,1,Rejected
283,18899,2019-04-25 9:42:58,1,Replaced
284,19758,2019-04-26 12:42:34,1,Refunded
285,19364,2019-04-27 9:24:03,1,Refunded
286,19837,2019-05-08 22:10:29,1,Rejected
287,20128,2019-05-09 4:44:46,1,Refunded
288,20153,2019-05-14 13:04:47,1,Rejected
289,20601,2019-05-17 5:32:37,1,Refunded
290,20462,2019-05-17 11:31:20,1,Refunded
291,20412,2019-05-19 5:22:22,1,Refunded
292,20671,2019-05-23 12:04:13,1,Refunded
293,20859,2019-05-24 20:33:17,1,Refunded
294,20729,2019-05-26 21:24:37,1,Refunded
295,20737,2019-05-27 0:46:03,1,Refunded
296,20443,2019-05-27 6:03:33,1,Refunded
297,20804,2019-05-29 2:20:21,1,Rejected
298,20944,2019-05-29 10:09:03,1,Refunded
299,20984,2019-05-31 2:34:04,2,Refunded
300,21004,2019-06-01 8:03:24,1,Refunded
301,20767,2019-06-02 3:42:17,1,Refunded
302,21088,2019-06-02 11:00:36,1,Rejected
303,21019,2019-06-02 14:41:13,1,Refunded
304,20346,2019-06-04 1:19:11,1,Refunded
305,20756,2019-06-06 5:58:51,1,Refunded
306,21278,2019-06-08 0:38:31,1,Refunded
307,21385,2019-06-15 6:28:10,1,Refunded
308,21736,2019-06-23 20:41:05,1,Refunded
309,21777,2019-06-26 4:11:55,1,Refunded
310,21901,2019-06-26 12:10:49,2,Refunded
311,21860,2019-06-26 13:55:31,1,Replaced
312,21935,2019-06-27 18:46:12,1,Refunded
313,22057,2019-07-01 4:01:04,1,Refunded
314,22065,2019-07-01 10:39:41,1,Refunded
315,22189,2019-07-05 23:49:52,2,Replaced
316,22028,2019-07-07 0:58:03,1,Replaced
317,22455,2019-07-12 11:55:07,1,Approved
318,22299,2019-07-14 0:45:40,1,Rejected
319,22580,2019-07-16 0:48:49,1,Refunded
320,22135,2019-07-16 10:49:22,1,Refunded
321,22454,2019-07-18 15:58:53,1,Refunded
322,22534,2019-07-18 20:56:52,2,Refunded
323,22558,2019-07-23 15:19:17,1,Refunded
324,19163,2019-07-24 7:03:25,1,Refunded
325,22629,2019-07-31 22:48:32,1,Refunded
326,22284,2019-08-02 4:39:41,1,Refunded
327,23026,2019-08-02 13:02:27,1,Approved
328,23206,2019-08-03 15:23:56,1,Replaced
329,23096,2019-08-04 13:11:02,1,Approved
330,22674,2019-08-05 13:49:12,1,Approved
331,23070,2019-08-06 7:50:41,1,Refunded
332,23390,2019-08-06 13:30:48,1,Replaced
333,21680,2019-08-12 3:26:40,1,Refunded
334,23151,2019-08-15 6:30:13,1,Replaced
335,22770,2019-08-16 8:30:14,1,Replaced
336,23199,2019-08-17 7:13:54,1,Refunded
337,23823,2019-08-18 23:05:29,1,Refunded
338,22193,2019-08-20 6:19:47,1,Replaced
339,23813,2019-08-21 16:35:15,1,Approved
340,23902,2019-08-24 5:03:21,1,Refunded
341,23259,2019-08-24 9:44:25,1,Refunded
342,23814,2019-08-24 17:35:28,1,Rejected
343,23809,2019-08-24 21:32:55,1,Refunded
344,24047,2019-08-27 9:36:14,1,Refunded
345,23846,2019-08-28 16:21:25,1,Rejected
346,24119,2019-08-29 22:22:27,1,Rejected
347,24073,2019-08-30 14:13:47,1,Refunded
348,24118,2019-08-31 7:39:44,1,Replaced
349,24125,2019-09-02 22:27:39,1,Refunded
350,23836,2019-09-04 17:19:23,1,Refunded
351,24105,2019-09-07 12:38:32,1,Refunded
352,23923,2019-09-07 13:15:12,1,Refunded
353,24469,2019-09-07 16:47:39,1,Refunded
354,24281,2019-09-14 0:11:54,1,Refunded
355,25027,2019-09-17 4:17:45,1,Rejected
356,24766,2019-09-18 9:31:57,1,Approved
357,24702,2019-09-18 10:26:32,1,Refunded
358,24607,2019-09-18 19:10:49,1,Refunded
359,24544,2019-09-19 4:07:48,1,Refunded
360,24029,2019-09-19 10:25:51,1,Rejected
361,24839,2019-09-20 1:54:47,1,Refunded
362,25150,2019-09-25 23:01:54,1,Replaced
363,24687,2019-09-27 2:33:23,1,Refunded
364,25408,2019-09-30 4:20:56,1,Refunded
365,25486,2019-09-30 11:30:19,1,Refunded
366,25759,2019-10-03 6:15:32,1,Approved
367,25812,2019-10-03 19:27:55,3,Refunded
368,25520,2019-10-05 5:48:24,1,Refunded
369,25890,2019-10-06 0:34:39,1,Refunded
370,26005,2019-10-08 7:06:14,1,Rejected
371,25919,2019-10-09 16:39:09,1,Refunded
372,26122,2019-10-11 3:26:59,1,Replaced
373,25871,2019-10-11 13:17:29,1,Refunded
374,25832,2019-10-13 13:54:15,1,Refunded
375,26514,2019-10-14 5:01:47,1,Replaced
376,26533,2019-10-14 5:54:37,1,Refunded
377,26546,2019-10-15 0:18:10,1,Rejected
378,26625,2019-10-16 3:37:00,1,Refunded
379,26397,2019-10-16 11:11:43,1,Refunded
380,26717,2019-10-18 15:55:29,1,Rejected
381,26570,2019-10-19 23:50:06,1,Approved
382,26048,2019-10-20 5:12:03,1,Refunded
383,25464,2019-10-22 17:26:35,1,Refunded
384,26684,2019-10-22 18:57:37,1,Refunded
385,26959,2019-10-23 8:35:44,1,Refunded
386,27169,2019-10-24 15:02:30,1,Refunded
387,26764,2019-10-25 13:48:01,1,Refunded
388,26710,2019-10-28 7:38:45,1,Refunded
389,27530,2019-10-29 13:03:36,1,Refunded
390,27586,2019-10-30 3:10:52,1,Rejected
391,25845,2019-10-31 7:13:14,1,Refunded
392,27733,2019-11-01 21:42:56,1,Refunded
393,27509,2019-11-03 8:14:18,1,Refunded
394,27557,2019-11-05 9:19:29,1,Refunded
395,27226,2019-11-07 2:09:42,1,Refunded
396,27381,2019-11-07 18:34:12,1,Refunded
397,26970,2019-11-07 23:22:10,1,Refunded
398,28216,2019-11-09 21:06:06,1,Refunded
399,27558,2019-11-10 21:17:20,1,Refunded
400,28232,2019-11-11 22:42:49,1,Replaced
401,27336,2019-11-12 0:43:54,1,Refunded
402,27772,2019-11-14 9:44:08,1,Refunded
403,28268,2019-11-17 8:21:18,1,Replaced
404,27073,2019-11-17 16:15:40,1,Refunded
405,28457,2019-11-20 12:38:09,1,Refunded
406,29282,2019-11-21 10:44:56,1,Replaced
407,28818,2019-11-22 3:45:51,1,Refunded
408,29098,2019-11-22 20:39:33,1,Approved
409,29539,2019-11-25 20:29:33,1,Refunded
410,29754,2019-11-26 17:45:35,1,Rejected
411,29520,2019-11-28 17:50:21,1,Refunded
412,29918,2019-11-30 20:29:47,1,Replaced
413,28997,2019-12-01 0:27:04,1,Replaced
414,30122,2019-12-02 3:44:08,2,Refunded
415,29230,2019-12-03 23:56:09,1,Approved
416,29341,2019-12-04 13:54:00,1,Refunded
417,29758,2019-12-05 12:28:45,1,Refunded
418,28564,2019-12-07 5:33:43,1,Refunded
419,30417,2019-12-07 18:36:48,2,Refunded
420,29691,2019-12-08 7:11:20,1,Approved
421,30142,2019-12-08 11:32:24,1,Refunded
422,30346,2019-12-09 0:00:37,2,Replaced
423,30491,2019-12-11 17:49:44,2,Refunded
424,30333,2019-12-12 10:07:03,1,Refunded
425,30611,2019-12-13 10:56:41,1,Refunded
426,30425,2019-12-14 5:49:39,2,Refunded
427,30582,2019-12-14 14:56:10,1,Refunded
428,30805,2019-12-19 11:27:16,1,Refunded
429,25681,2019-12-19 11:55:33,1,Requested
430,30446,2019-12-20 13:06:38,1,Replaced
431,30900,2019-12-23 10:41:26,1,Rejected
432,30810,2019-12-26 0:05:56,1,Refunded
433,31139,2019-12-29 1:46:18,3,Refunded
434,31207,2020-01-02 7:40:09,1,Refunded
435,31299,2020-01-04 11:13:40,1,Refunded
436,31184,2020-01-05 11:28:49,1,Rejected
437,30474,2020-01-06 3:56:33,1,Refunded
438,31350,2020-01-06 5:53:08,1,Refunded
439,31474,2020-01-08 8:30:44,1,Rejected
440,31592,2020-01-12 10:38:10,1,Replaced
441,31408,2020-01-14 12:23:44,1,Replaced
442,31471,2020-01-18 2:32:41,1,Refunded
443,30737,2020-01-18 8:32:33,1,Refunded
444,31706,2020-01-18 17:11:48,1,Refunded
445,31926,2020-01-22 1:24:00,1,Refunded
446,31980,2020-01-22 4:30:29,1,Refunded
447,32152,2020-01-23 0:40:04,1,Refunded
448,31796,2020-01-23 2:30:02,1,Refunded
449,32179,2020-01-23 9:35:00,1,Replaced
450,32041,2020-01-25 23:11:22,1,Refunded
451,31538,2020-01-29 8:12:49,1,Replaced
452,32325,2020-01-29 18:02:01,1,Approved
453,32332,2020-01-31 8:01:28,1,Refunded
454,32711,2020-02-04 14:46:38,1,Refunded
455,32594,2020-02-06 8:49:34,1,Refunded
456,32545,2020-02-09 7:32:20,1,Refunded
457,32114,2020-02-09 14:36:46,1,Approved
458,32812,2020-02-09 19:22:29,1,Refunded
459,32694,2020-02-11 4:48:53,1,Refunded
460,32976,2020-02-11 20:56:55,2,Refunded
461,32873,2020-02-14 9:27:39,1,Rejected
462,31924,2020-02-15 2:09:03,1,Refunded
463,32900,2020-02-15 5:35:52,1,Refunded
464,32937,2020-02-17 2:32:52,1,Approved
465,32736,2020-02-22 4:18:15,1,Refunded
466,33417,2020-02-22 16:05:25,1,Refunded
467,33055,2020-02-22 20:11:48,1,Refunded
468,33432,2020-02-22 23:18:20,1,Refunded
469,33008,2020-02-24 7:33:22,1,Refunded
470,33486,2020-02-26 7:14:48,3,Refunded
471,33422,2020-02-26 14:40:07,1,Refunded
472,33628,2020-02-29 12:43:11,1,Replaced
473,33733,2020-03-04 0:54:49,1,Refunded
474,33451,2020-03-05 8:19:27,1,Refunded
475,33623,2020-03-07 9:18:17,1,Refunded
476,33866,2020-03-07 15:27:27,1,Refunded
477,33909,2020-03-09 7:48:06,1,Refunded
478,33944,2020-03-11 18:34:44,1,Refunded
479,34472,2020-03-17 5:17:48,1,Refunded
480,34388,2020-03-19 1:49:39,1,Replaced
481,34601,2020-03-19 9:39:36,1,Refunded
482,34139,2020-03-20 22:59:20,1,Refunded
483,33618,2020-03-21 2:09:43,1,Refunded
484,34517,2020-03-21 8:04:08,1,Refunded
485,34600,2020-03-25 10:06:36,1,Replaced
486,34837,2020-03-25 12:39:26,1,Refunded
487,34901,2020-03-26 14:08:24,1,Approved
488,34300,2020-03-27 7:47:19,1,Rejected
489,35014,2020-03-27 8:01:16,1,Replaced
490,34749,2020-03-28 13:39:38,1,Refunded
491,35171,2020-03-31 0:55:50,1,Rejected
492,35232,2020-03-31 17:44:22,1,Refunded
493,34454,2020-04-02 14:40:10,1,Refunded
494,35242,2020-04-03 23:33:30,3,Refunded
495,35632,2020-04-10 19:00:28,1,Refunded
496,34391,2020-04-12 5:40:47,1,Replaced
497,35854,2020-04-14 13:20:55,1,Replaced
498,35345,2020-04-14 13:54:04,1,Rejected
499,35818,2020-04-16 14:07:20,1,Refunded
500,35546,2020-04-17 16:11:23,1,Refunded
501,34035,2020-04-19 17:46:33,1,Refunded
502,36076,2020-04-20 20:26:52,1,Requested
503,35319,2020-04-21 16:08:07,1,Replaced
504,35220,2020-04-24 17:49:20,1,Refunded
505,35941,2020-04-26 16:10:07,1,Refunded
506,35405,2020-04-27 6:43:15,1,Refunded
507,36454,2020-04-28 18:40:25,2,Refunded
508,36369,2020-04-28 19:00:05,1,Refunded
509,36265,2020-04-28 21:33:32,1,Refunded
510,36531,2020-04-29 3:28:23,1,Refunded
511,35986,2020-04-29 12:06:49,1,Refunded
512,36555,2020-05-04 6:29:29,1,Refunded
513,36607,2020-05-05 21:41:03,1,Refunded
514,36481,2020-05-06 23:29:26,1,Refunded
515,36516,2020-05-08 23:37:30,1,Refunded
516,36887,2020-05-09 7:11:40,1,Approved
517,35749,2020-05-10 5:11:29,1,Refunded
518,36880,2020-05-11 19:33:49,1,Refunded
519,35790,2020-05-12 22:16:44,1,Requested
520,37005,2020-05-13 5:04:13,1,Approved
521,36963,2020-05-14 4:02:00,1,Rejected
522,36714,2020-05-16 11:08:04,1,Refunded
523,36839,2020-05-18 3:21:28,1,Refunded
524,37086,2020-05-20 4:58:02,1,Rejected
525,37201,2020-05-20 14:14:26,1,Approved
526,37044,2020-05-24 19:29:58,1,Refunded
527,37626,2020-05-27 10:44:11,1,Replaced
528,37489,2020-05-28 1:19:22,1,Replaced
529,37554,2020-05-30 5:53:23,1,Requested
530,37712,2020-05-30 22:04:10,1,Refunded
531,37697,2020-05-30 23:17:31,2,Refunded
532,37573,2020-05-31 10:08:15,1,Refunded
533,37724,2020-05-31 21:28:26,1,Rejected
534,38069,2020-06-07 5:21:09,1,Approved
535,38062,2020-06-07 5:31:08,2,Rejected
536,37652,2020-06-07 10:36:44,1,Approved
537,38247,2020-06-09 0:49:22,1,Replaced
538,38254,2020-06-10 1:25:00,1,Rejected
539,37830,2020-06-10 7:38:22,1,Rejected
540,38268,2020-06-10 23:01:32,1,Replaced
541,38482,2020-06-12 5:25:19,1,Refunded
542,38473,2020-06-13 0:38:40,2,Refunded
543,37927,2020-06-13 5:37:06,1,Replaced
544,38379,2020-06-16 12:47:13,1,Refunded
545,37368,2020-06-17 4:26:13,1,Approved
546,38605,2020-06-18 10:18:10,1,Rejected
547,38196,2020-06-18 18:31:41,1,Refunded
548,36572,2020-06-19 3:59:14,1,Refunded
549,38520,2020-06-19 7:22:56,1,Refunded
550,38769,2020-06-19 18:27:35,1,Requested
551,38648,2020-06-19 23:43:57,1,Replaced
552,38215,2020-06-25 22:11:55,1,Refunded
553,38655,2020-06-26 6:19:39,1,Replaced
554,38040,2020-06-27 1:14:08,1,Refunded
555,38899,2020-06-28 1:25:27,2,Refunded
556,35680,2020-06-30 10:08:08,1,Refunded
557,38851,2020-07-02 12:16:49,1,Replaced
558,39246,2020-07-03 21:28:25,1,Rejected
559,39515,2020-07-04 7:35:47,1,Refunded
560,39426,2020-07-04 22:15:24,1,Refunded
561,38750,2020-07-04 23:33:01,1,Refunded
562,39033,2020-07-06 7:50:29,1,Rejected
563,39203,2020-07-10 6:03:26,1,Refunded
564,38628,2020-07-11 3:55:00,1,Refunded
565,39612,2020-07-13 18:42:37,1,Refunded
566,39713,2020-07-14 0:57:23,1,Replaced
567,39457,2020-07-16 17:44:57,1,Refunded
568,40096,2020-07-18 9:15:13,1,Replaced
569,40119,2020-07-20 3:59:06,1,Refunded
570,39728,2020-07-21 5:05:57,1,Refunded
571,40108,2020-07-21 12:47:02,2,Refunded
572,39891,2020-07-21 19:11:10,1,Refunded
573,40144,2020-07-21 22:48:34,1,Replaced
574,40063,2020-07-22 6:34:00,1,Replaced
575,40288,2020-07-22 20:44:51,1,Requested
576,40236,2020-07-23 23:58:48,1,Refunded
577,40419,2020-07-25 18:30:00,2,Refunded
578,40039,2020-07-26 19:17:41,1,Refunded
579,40444,2020-07-28 2:15:33,1,Refunded
580,40122,2020-07-28 6:03:43,1,Rejected
581,39592,2020-07-28 13:31:55,1,Refunded
582,40660,2020-07-30 6:35:55,1,Requested
583,40648,2020-08-01 4:50:11,1,Refunded
584,40681,2020-08-03 13:38:21,2,Refunded
585,40822,2020-08-04 13:33:20,2,Approved
586,40744,2020-08-07 8:07:30,1,Refunded
587,41031,2020-08-07 16:39:09,1,Refunded
588,39714,2020-08-09 4:59:07,1,Refunded
589,41037,2020-08-13 8:22:49,1,Refunded
590,40933,2020-08-14 18:42:32,1,Refunded
591,40598,2020-08-15 2:04:32,1,Refunded
592,41374,2020-08-15 21:46:19,1,Rejected
593,41361,2020-08-16 7:11:07,1,Rejected
594,41194,2020-08-17 5:26:49,1,Refunded
595,41270,2020-08-18 4:45:14,1,Refunded
596,40633,2020-08-20 7:34:29,1,Refunded
597,41591,2020-08-21 15:05:04,2,Approved
598,41422,2020-08-21 20:34:56,1,Refunded
599,41583,2020-08-22 20:29:37,1,Rejected
600,41515,2020-08-22 22:47:42,1,Refunded
601,41756,2020-08-23 1:16:19,2,Refunded
602,41678,2020-08-23 6:38:11,1,Rejected
603,41356,2020-08-26 15:12:49,1,Refunded
604,41553,2020-08-27 17:22:08,1,Refunded
605,41862,2020-08-30 0:53:26,1,Replaced
606,41775,2020-08-30 16:51:34,1,Refunded
607,42254,2020-09-03 8:36:10,1,Refunded
608,42109,2020-09-03 8:40:02,1,Refunded
609,41934,2020-09-03 11:32:57,1,Refunded
610,42142,2020-09-04 2:58:09,1,Refunded
611,42181,2020-09-05 1:17:24,1,Refunded
612,41928,2020-09-06 9:12:23,1,Rejected
613,41942,2020-09-08 1:46:24,1,Refunded
614,42562,2020-09-08 20:08:00,1,Refunded
615,41402,2020-09-09 8:06:38,1,Refunded
616,42111,2020-09-10 4:44:22,1,Refunded
617,41677,2020-09-10 6:50:11,1,Refunded
618,42742,2020-09-11 23:20:01,1,Refunded
619,42296,2020-09-13 7:44:08,1,Refunded
620,42594,2020-09-13 21:59:18,1,Refunded
621,42690,2020-09-14 6:04:57,1,Replaced
622,42544,2020-09-14 8:59:15,1,Refunded
623,42592,2020-09-14 9:42:47,1,Rejected
624,41812,2020-09-14 16:38:38,1,Refunded
625,42558,2020-09-17 0:14:10,1,Refunded
626,42810,2020-09-18 8:32:30,2,Refunded
627,43027,2020-09-18 10:18:42,1,Refunded
628,42898,2020-09-19 7:56:35,1,Replaced
629,42739,2020-09-24 20:50:50,1,Refunded
630,43124,2020-09-30 0:16:50,1,Refunded
631,43532,2020-09-30 12:54:08,1,Replaced
632,43461,2020-10-05 20:21:54,1,Replaced
633,43377,2020-10-06 9:24:27,1,Approved
634,44143,2020-10-07 9:30:44,1,Refunded
635,44278,2020-10-07 13:25:25,2,Approved
636,44180,2020-10-08 3:54:17,1,Refunded
637,44171,2020-10-08 8:20:20,1,Requested
638,44373,2020-10-09 18:20:56,1,Refunded
639,44272,2020-10-11 19:11:44,1,Refunded
640,44218,2020-10-12 0:33:36,1,Replaced
641,44057,2020-10-12 0:46:27,1,Refunded
642,44458,2020-10-12 1:38:48,1,Refunded
643,44289,2020-10-12 14:26:51,1,Refunded
644,43696,2020-10-13 2:18:12,1,Refunded
645,44592,2020-10-14 5:26:26,1,Refunded
646,43788,2020-10-15 10:52:30,1,Refunded
647,44399,2020-10-15 13:56:01,1,Refunded
648,44551,2020-10-15 15:27:35,2,Refunded
649,44898,2020-10-15 22:33:22,1,Refunded
650,44735,2020-10-16 4:53:27,2,Refunded
651,44048,2020-10-17 1:14:51,1,Approved
652,44109,2020-10-17 6:20:31,1,Refunded
653,44032,2020-10-17 13:07:37,1,Replaced
654,44807,2020-10-18 17:16:10,1,Rejected
655,44939,2020-10-20 0:34:36,1,Refunded
656,44587,2020-10-20 4:11:34,1,Refunded
657,44722,2020-10-20 5:44:21,1,Refunded
658,45264,2020-10-20 12:20:12,1,Rejected
659,45292,2020-10-22 16:28:52,2,Refunded
660,45327,2020-10-23 17:26:47,1,Refunded
661,44296,2020-10-24 2:41:45,1,Refunded
662,44869,2020-10-24 8:23:07,1,Refunded
663,45470,2020-10-24 10:33:09,1,Rejected
664,44300,2020-10-26 3:34:29,1,Refunded
665,43725,2020-10-28 7:23:41,1,Refunded
666,45617,2020-10-29 11:48:56,1,Approved
667,46046,2020-10-30 1:22:14,1,Refunded
668,41974,2020-10-30 3:14:53,1,Refunded
669,44206,2020-10-30 13:02:27,1,Replaced
670,45940,2020-10-30 16:19:54,2,Replaced
671,44956,2020-11-01 21:48:59,1,Approved
672,43004,2020-11-02 4:53:15,1,Refunded
673,46362,2020-11-02 12:51:28,1,Replaced
674,45921,2020-11-02 18:56:23,1,Refunded
675,46267,2020-11-02 19:12:42,1,Refunded
676,46353,2020-11-03 7:35:10,1,Refunded
677,45657,2020-11-04 4:24:11,1,Rejected
678,45895,2020-11-04 6:39:01,1,Refunded
679,46263,2020-11-04 21:02:43,1,Refunded
680,46798,2020-11-05 19:16:19,1,Refunded
681,42827,2020-11-07 0:26:18,1,Refunded
682,46236,2020-11-07 10:24:35,1,Refunded
683,46932,2020-11-07 13:25:46,1,Refunded
684,46878,2020-11-07 22:06:08,1,Refunded
685,46988,2020-11-08 0:12:18,1,Refunded
686,45928,2020-11-08 2:54:48,1,Refunded
687,46644,2020-11-09 1:01:36,1,Refunded
688,46060,2020-11-09 1:02:23,1,Replaced
689,46574,2020-11-09 9:22:32,1,Replaced
690,46017,2020-11-09 10:07:40,1,Approved
691,46783,2020-11-10 6:07:09,2,Refunded
692,47251,2020-11-10 8:09:49,1,Refunded
693,46245,2020-11-12 1:02:20,1,Rejected
694,47039,2020-11-13 3:30:27,1,Refunded
695,46636,2020-11-13 5:05:09,1,Replaced
696,46318,2020-11-13 9:57:12,1,Approved
697,45518,2020-11-13 21:25:27,1,Refunded
698,47632,2020-11-14 13:31:02,1,Refunded
699,47370,2020-11-15 7:53:23,1,Refunded
700,47542,2020-11-15 11:12:03,1,Replaced
701,47226,2020-11-15 12:14:03,1,Refunded
702,47413,2020-11-15 16:47:16,1,Refunded
703,47100,2020-11-16 1:39:42,1,Refunded
704,47848,2020-11-16 21:22:35,2,Refunded
705,46744,2020-11-17 9:08:05,1,Refunded
706,47828,2020-11-17 13:22:15,1,Approved
707,47271,2020-11-17 17:52:58,1,Approved
708,45983,2020-11-18 1:37:35,1,Refunded
709,47506,2020-11-18 3:46:02,1,Rejected
710,47841,2020-11-18 19:44:05,1,Refunded
711,47617,2020-11-20 1:51:58,1,Replaced
712,48026,2020-11-20 8:00:22,1,Rejected
713,47866,2020-11-20 11:30:58,1,Refunded
714,47636,2020-11-21 14:42:27,1,Approved
715,48137,2020-11-22 0:55:17,1,Refunded
716,46099,2020-11-22 2:07:48,1,Refunded
717,48186,2020-11-22 12:19:50,1,Refunded
718,47628,2020-11-23 14:50:06,1,Refunded
719,48007,2020-11-23 20:59:38,1,Refunded
720,47562,2020-11-24 17:34:04,1,Refunded
721,48077,2020-11-25 9:13:31,1,Refunded
722,48334,2020-11-26 2:05:12,2,Refunded
723,48680,2020-11-26 12:24:05,1,Rejected
724,48606,2020-11-26 14:09:45,2,Refunded
725,48706,2020-11-26 18:56:27,1,Refunded
726,48740,2020-11-27 3:18:12,1,Replaced
727,48031,2020-11-29 1:43:29,1,Refunded
728,48927,2020-11-30 11:26:01,2,Refunded
729,46856,2020-11-30 20:28:55,1,Refunded
730,48063,2020-12-01 18:11:43,1,Refunded
731,49303,2020-12-03 7:28:05,1,Replaced
732,48761,2020-12-04 15:01:43,1,Rejected
733,49343,2020-12-05 22:21:26,1,Refunded
734,48968,2020-12-06 3:28:33,1,Rejected
735,48646,2020-12-06 23:54:10,1,Refunded
736,49217,2020-12-07 6:32:38,1,Refunded
737,49196,2020-12-08 7:36:47,1,Refunded
738,48987,2020-12-10 21:26:33,1,Refunded
739,49253,2020-12-11 6:06:45,1,Refunded
740,49755,2020-12-13 3:05:18,1,Refunded
741,48894,2020-12-13 7:11:04,1,Refunded
742,49569,2020-12-13 13:01:10,1,Refunded
743,48356,2020-12-14 11:37:09,1,Approved
744,47384,2020-12-15 5:58:49,1,Replaced
745,49429,2020-12-15 14:23:49,1,Requested
746,49889,2020-12-16 17:04:10,1,Refunded
747,49521,2020-12-16 22:58:49,1,Rejected
748,49391,2020-12-18 21:55:03,1,Replaced
749,49160,2020-12-18 22:05:05,1,Replaced
750,50008,2020-12-20 5:30:38,1,Refunded
751,49456,2020-12-20 12:17:57,1,Refunded
752,50082,2020-12-20 19:58:36,1,Refunded
753,49944,2020-12-21 16:30:07,1,Refunded
754,50159,2020-12-21 19:31:38,1,Refunded
755,50179,2020-12-22 7:53:05,1,Refunded
756,50209,2020-12-22 21:02:32,2,Replaced
757,48964,2020-12-25 20:27:30,1,Replaced
758,49840,2020-12-28 0:29:57,1,Refunded
759,49340,2020-12-28 4:38:07,1,Rejected
760,50006,2020-12-30 5:29:05,1,Replaced
761,50367,2020-12-31 5:43:56,1,Refunded
762,50359,2020-12-31 15:46:46,1,Refunded
763,49985,2021-01-01 10:33:44,1,Refunded
764,50035,2021-01-02 14:38:17,1,Requested
765,49979,2021-01-02 18:25:53,1,Refunded
766,49451,2021-01-03 2:54:47,1,Refunded
767,50680,2021-01-03 6:02:24,1,Refunded
768,49867,2021-01-04 6:32:55,1,Refunded
769,50754,2021-01-04 19:19:45,1,Replaced
770,50630,2021-01-05 20:54:25,1,Rejected
771,50617,2021-01-08 5:46:59,1,Refunded
772,50901,2021-01-08 17:21:24,1,Replaced
773,50864,2021-01-09 16:27:56,1,Refunded
774,50327,2021-01-12 5:36:09,1,Refunded
775,50439,2021-01-12 16:30:44,1,Refunded
776,51132,2021-01-14 15:56:47,1,Approved
777,51267,2021-01-16 12:38:43,1,Approved
778,49483,2021-01-16 17:37:05,1,Refunded
779,51216,2021-01-17 16:37:54,1,Replaced
780,51172,2021-01-19 8:52:08,1,Approved
781,51308,2021-01-19 12:05:08,1,Refunded
782,51002,2021-01-20 3:53:56,1,Rejected
783,51169,2021-01-23 4:45:39,1,Refunded
784,51694,2021-01-23 15:19:40,1,Refunded
785,51458,2021-01-24 21:01:27,1,Replaced
786,51866,2021-01-26 9:49:49,2,Refunded
787,51665,2021-01-26 12:34:58,1,Requested
788,51879,2021-01-26 16:42:36,1,Refunded
789,51675,2021-01-29 5:38:25,1,Refunded
790,51883,2021-01-29 22:39:37,1,Replaced
791,51897,2021-01-30 3:40:30,2,Refunded
792,51401,2021-01-30 4:13:16,1,Refunded
793,51797,2021-01-31 3:17:40,1,Replaced
794,52042,2021-01-31 19:21:05,1,Refunded
795,51887,2021-02-01 19:54:04,1,Refunded
796,52063,2021-02-01 23:48:28,1,Replaced
797,52082,2021-02-03 5:12:02,1,Replaced
798,52126,2021-02-05 0:06:29,1,Refunded
799,52127,2021-02-05 7:11:59,1,Refunded
800,52349,2021-02-05 21:27:57,1,Refunded
801,52178,2021-02-06 17:03:19,1,Refunded
802,52312,2021-02-07 8:51:56,1,Refunded
803,51691,2021-02-08 2:05:45,1,Refunded
804,52647,2021-02-12 6:33:55,1,Requested
805,51548,2021-02-15 19:51:35,1,Approved
806,51672,2021-02-16 11:30:24,1,Replaced
807,52528,2021-02-18 20:25:33,1,Replaced
808,52712,2021-02-18 21:55:34,1,Refunded
809,52733,2021-02-20 0:44:03,1,Rejected
810,52899,2021-02-20 15:47:00,1,Replaced
811,52999,2021-02-22 7:56:58,1,Approved
812,53275,2021-02-23 9:22:20,1,Refunded
813,52921,2021-02-23 12:12:17,1,Refunded
814,53137,2021-02-23 14:26:50,1,Rejected
815,53019,2021-02-23 17:24:30,1,Refunded
816,52650,2021-02-23 21:11:26,1,Refunded
817,53253,2021-02-24 17:08:03,1,Rejected
818,52820,2021-02-25 15:32:54,1,Refunded
819,53328,2021-02-27 20:43:20,1,Rejected
820,53060,2021-02-27 23:51:37,1,Refunded
821,53307,2021-02-27 23:52:31,1,Rejected
822,53230,2021-03-01 2:20:44,1,Rejected
823,53647,2021-03-02 4:10:55,2,Rejected
824,53232,2021-03-03 20:59:29,1,Refunded
825,53532,2021-03-03 23:49:35,1,Refunded
826,53087,2021-03-05 17:31:57,1,Refunded
827,52910,2021-03-06 12:31:37,1,Replaced
828,53067,2021-03-06 13:50:29,1,Refunded
829,53812,2021-03-06 22:21:17,1,Requested
830,53677,2021-03-07 10:21:05,1,Refunded
831,53755,2021-03-07 11:49:19,1,Replaced
832,52741,2021-03-08 3:34:49,1,Refunded
833,53743,2021-03-08 14:56:13,1,Refunded
834,54004,2021-03-10 19:35:38,1,Refunded
835,53998,2021-03-12 15:28:41,1,Refunded
836,54096,2021-03-14 6:41:27,1,Refunded
837,53794,2021-03-14 17:05:44,1,Replaced
838,53797,2021-03-15 9:07:07,1,Refunded
839,53699,2021-03-15 15:28:43,1,Rejected
840,48202,2021-03-16 1:58:35,1,Approved
841,54144,2021-03-16 4:54:30,1,Refunded
842,52976,2021-03-17 10:07:35,1,Refunded
843,54310,2021-03-19 13:19:28,2,Refunded
844,54011,2021-03-20 20:03:03,1,Refunded
845,53999,2021-03-21 15:20:08,1,Refunded
846,54667,2021-03-23 9:39:01,1,Refunded
847,54410,2021-03-24 2:24:22,3,Refunded
848,54467,2021-03-24 7:48:24,1,Refunded
849,53631,2021-03-25 11:24:59,1,Replaced
850,54739,2021-03-28 7:13:20,2,Refunded
851,54414,2021-03-28 7:27:37,1,Refunded
852,54616,2021-03-30 20:16:22,1,Refunded
853,54918,2021-04-02 3:40:42,1,Refunded
854,54939,2021-04-03 17:16:44,1,Refunded
855,54320,2021-04-04 3:19:26,1,Refunded
856,55176,2021-04-04 7:53:40,2,Rejected
857,54837,2021-04-04 13:32:07,1,Approved
858,54992,2021-04-06 2:34:44,1,Replaced
859,55323,2021-04-07 2:19:52,1,Rejected
860,54909,2021-04-07 13:54:50,1,Refunded
861,54479,2021-04-08 4:16:53,1,Refunded
862,55522,2021-04-08 9:23:22,1,Refunded
863,54825,2021-04-09 10:11:14,1,Refunded
864,55633,2021-04-10 13:36:52,1,Refunded
865,55510,2021-04-10 14:10:42,2,Refunded
866,55571,2021-04-11 7:23:45,2,Refunded
867,55497,2021-04-11 21:05:36,1,Rejected
868,55784,2021-04-12 0:09:05,1,Refunded
869,55555,2021-04-14 1:01:20,3,Requested
870,55698,2021-04-15 7:00:43,1,Refunded
871,56016,2021-04-16 16:55:28,1,Refunded
872,55936,2021-04-20 0:38:31,1,Refunded
873,55979,2021-04-21 9:51:53,1,Rejected
874,55239,2021-04-22 13:58:05,1,Refunded
875,56371,2021-04-22 23:34:57,1,Refunded
876,56285,2021-04-23 10:55:28,1,Refunded
877,55899,2021-04-24 17:09:26,1,Replaced
878,55858,2021-04-25 12:11:50,1,Approved
879,56155,2021-04-26 11:51:51,1,Rejected
880,56464,2021-04-27 10:11:36,2,Replaced
881,51438,2021-04-27 16:57:40,1,Refunded
882,56675,2021-04-30 0:40:43,2,Refunded
883,55292,2021-04-30 8:20:26,1,Refunded
884,56460,2021-05-01 14:37:43,1,Refunded
885,56104,2021-05-02 7:37:37,1,Replaced
886,56797,2021-05-02 19:29:43,1,Refunded
887,56723,2021-05-05 23:57:32,1,Refunded
888,56594,2021-05-08 7:26:50,1,Approved
889,56831,2021-05-08 17:05:47,1,Refunded
890,57002,2021-05-10 6:54:28,1,Replaced
891,56502,2021-05-10 10:48:16,1,Refunded
892,57177,2021-05-10 14:37:54,1,Refunded
893,57296,2021-05-12 20:49:21,1,Refunded
894,57318,2021-05-16 3:46:07,1,Replaced
895,57573,2021-05-17 6:12:20,2,Refunded
896,57587,2021-05-17 10:48:46,1,Refunded
897,57058,2021-05-17 22:07:49,1,Refunded
898,56494,2021-05-18 3:33:21,1,Refunded
899,57329,2021-05-19 11:20:49,1,Rejected
900,57461,2021-05-19 14:17:32,1,Approved
901,57226,2021-05-21 21:58:14,1,Refunded
902,57802,2021-05-21 23:10:48,1,Refunded
903,57868,2021-05-25 9:32:33,1,Refunded
904,57705,2021-05-26 3:02:34,1,Refunded
905,57446,2021-05-27 2:59:16,1,Rejected
906,57810,2021-05-28 6:48:48,1,Refunded
907,58049,2021-05-28 18:34:34,1,Refunded
908,58149,2021-05-28 19:46:57,2,Refunded
909,56811,2021-05-29 3:55:17,1,Approved
910,57351,2021-06-03 9:15:27,1,Refunded
911,58028,2021-06-03 17:20:58,1,Replaced
912,58398,2021-06-03 19:14:51,1,Refunded
913,58022,2021-06-05 8:53:48,1,Replaced
914,58088,2021-06-07 2:17:45,1,Refunded
915,58194,2021-06-09 11:54:08,1,Refunded
916,58821,2021-06-10 16:42:19,1,Refunded
917,56524,2021-06-11 3:24:41,1,Approved
918,58612,2021-06-12 0:50:26,2,Rejected
919,58349,2021-06-12 4:02:18,1,Refunded
920,58789,2021-06-12 15:09:31,1,Replaced
921,58457,2021-06-12 18:55:36,1,Refunded
922,58326,2021-06-13 18:58:33,1,Refunded
923,58938,2021-06-16 3:17:07,1,Rejected
924,59074,2021-06-16 5:30:14,1,Refunded
925,59099,2021-06-17 19:47:24,1,Refunded
926,59135,2021-06-18 12:50:41,1,Refunded
927,59183,2021-06-22 8:08:44,1,Approved
928,59367,2021-06-22 21:20:19,1,Refunded
929,53451,2021-06-23 8:58:53,1,Refunded
930,59499,2021-06-25 1:03:00,1,Approved
931,59492,2021-06-25 20:04:36,1,Replaced
932,59703,2021-06-28 12:13:09,1,Replaced
933,59169,2021-06-28 15:44:38,1,Refunded
934,59966,2021-07-02 0:17:59,1,Refunded
935,60003,2021-07-02 5:44:21,2,Requested
936,59222,2021-07-05 7:22:25,1,Refunded
937,60117,2021-07-06 16:17:50,1,Replaced
938,59945,2021-07-09 22:50:19,1,Requested
939,60071,2021-07-11 8:31:43,1,Replaced
940,60116,2021-07-12 0:21:51,1,Replaced
941,60148,2021-07-12 13:05:34,1,Refunded
942,60318,2021-07-15 15:29:09,1,Approved
943,60432,2021-07-16 6:58:50,1,Rejected
944,59977,2021-07-17 8:22:47,1,Refunded
945,60166,2021-07-18 4:01:47,1,Rejected
946,60504,2021-07-19 1:51:57,1,Refunded
947,60719,2021-07-19 14:14:19,2,Refunded
948,60899,2021-07-20 16:14:36,1,Refunded
949,60659,2021-07-20 23:47:51,2,Requested
950,60351,2021-07-21 1:42:09,1,Refunded
951,60898,2021-07-21 23:59:14,1,Replaced
952,60244,2021-07-24 18:38:43,1,Refunded
953,60884,2021-07-25 12:52:59,1,Replaced
954,60210,2021-07-27 21:19:07,1,Refunded
955,58363,2021-07-28 8:09:19,1,Requested
956,60681,2021-07-29 15:14:26,1,Refunded
957,60931,2021-08-01 21:54:33,1,Refunded
958,60670,2021-08-02 5:57:08,1,Replaced
959,58701,2021-08-02 15:37:56,1,Refunded
960,59414,2021-08-02 18:59:00,1,Refunded
961,61449,2021-08-02 23:47:18,2,Refunded
962,61229,2021-08-04 2:23:32,1,Rejected
963,61570,2021-08-04 8:47:46,1,Refunded
964,61593,2021-08-05 8:10:54,1,Refunded
965,61210,2021-08-05 13:17:41,1,Refunded
966,61856,2021-08-08 6:51:48,2,Rejected
967,61861,2021-08-08 12:03:37,1,Requested
968,60622,2021-08-08 23:06:20,1,Replaced
969,61478,2021-08-11 14:56:39,1,Rejected
970,61786,2021-08-12 4:04:19,1,Refunded
971,61864,2021-08-12 7:51:45,1,Refunded
972,62137,2021-08-13 2:18:20,1,Refunded
973,62001,2021-08-14 13:19:19,1,Replaced
974,61996,2021-08-15 15:06:02,1,Approved
975,62220,2021-08-15 16:34:56,1,Replaced
976,62202,2021-08-15 19:08:35,1,Replaced
977,62123,2021-08-17 9:40:02,2,Rejected
978,62189,2021-08-17 16:03:38,1,Refunded
979,62536,2021-08-19 11:10:38,1,Refunded
980,62382,2021-08-21 0:10:07,1,Refunded
981,61422,2021-08-21 18:26:10,1,Refunded
982,61989,2021-08-22 1:18:51,1,Refunded
983,62314,2021-08-24 2:54:22,1,Refunded
984,62114,2021-08-24 22:20:30,1,Refunded
985,62456,2021-08-26 5:29:01,1,Refunded
986,62362,2021-08-28 7:02:44,1,Replaced
987,62717,2021-08-28 7:59:50,1,Refunded
988,62298,2021-08-29 4:26:28,1,Refunded
989,62201,2021-08-30 3:39:17,1,Refunded
990,60888,2021-08-30 8:58:10,1,Rejected
991,62861,2021-08-31 5:26:18,1,Refunded
992,62489,2021-09-02 8:19:33,1,Refunded
993,63167,2021-09-02 8:57:41,1,Rejected
994,62609,2021-09-02 14:09:28,1,Refunded
995,63380,2021-09-04 3:34:47,1,Refunded
996,63299,2021-09-04 15:50:32,1,Rejected
997,62732,2021-09-05 11:50:15,1,Replaced
998,63472,2021-09-05 23:09:00,1,Refunded
999,63295,2021-09-06 17:51:36,1,Refunded
1000,63553,2021-09-07 22:32:33,1,Replaced
1001,63304,2021-09-08 2:33:36,2,Refunded
1002,63353,2021-09-09 6:55:01,1,Refunded
1003,62217,2021-09-09 12:19:14,1,Refunded
1004,63103,2021-09-09 18:06:14,1,Refunded
1005,63600,2021-09-10 0:53:16,1,Refunded
1006,63748,2021-09-10 23:58:45,1,Replaced
1007,63627,2021-09-11 21:34:39,1,Refunded
1008,63186,2021-09-12 12:56:11,1,Refunded
1009,63719,2021-09-13 12:19:17,1,Rejected
1010,63499,2021-09-14 3:16:20,1,Refunded
1011,63753,2021-09-14 13:15:07,1,Rejected
1012,63804,2021-09-14 19:25:50,1,Refunded
1013,63782,2021-09-14 20:58:28,1,Rejected
1014,63830,2021-09-15 2:33:31,2,Replaced
1015,62792,2021-09-15 21:53:51,1,Replaced
1016,63966,2021-09-17 4:29:45,1,Refunded
1017,63745,2021-09-17 7:23:33,1,Replaced
1018,63897,2021-09-18 7:51:05,3,Refunded
1019,63602,2021-09-18 18:23:01,1,Refunded
1020,63715,2021-09-19 18:39:05,1,Refunded
1021,64281,2021-09-21 10:06:43,1,Refunded
1022,64192,2021-09-22 13:24:47,1,Refunded
1023,63674,2021-09-22 16:47:07,1,Rejected
1024,64483,2021-09-24 13:54:40,1,Refunded
1025,61679,2021-09-24 15:42:46,1,Refunded
1026,64190,2021-09-25 14:39:31,1,Rejected
1027,64422,2021-09-26 14:54:53,1,Refunded
1028,64667,2021-09-28 4:04:31,1,Refunded
1029,64747,2021-09-29 7:11:24,1,Refunded
1030,64621,2021-09-29 16:50:38,1,Refunded
1031,65004,2021-09-30 6:21:05,1,Replaced
1032,64829,2021-10-01 3:19:18,1,Refunded
1033,64833,2021-10-02 0:14:39,1,Refunded
1034,65045,2021-10-03 23:35:27,1,Refunded
1035,64912,2021-10-04 8:36:13,1,Refunded
1036,64708,2021-10-04 19:06:28,1,Refunded
1037,65074,2021-10-05 23:24:16,1,Rejected
1038,63979,2021-10-07 6:06:55,1,Refunded
1039,64643,2021-10-07 9:44:03,1,Refunded
1040,65630,2021-10-07 10:07:31,1,Replaced
1041,65387,2021-10-07 19:51:01,1,Refunded
1042,65310,2021-10-08 2:05:21,1,Approved
1043,65581,2021-10-08 6:47:44,1,Replaced
1044,65794,2021-10-09 8:35:06,3,Refunded
1045,65288,2021-10-09 12:36:05,1,Refunded
1046,65553,2021-10-09 14:37:52,1,Refunded
1047,65479,2021-10-09 17:31:10,1,Refunded
1048,65275,2021-10-09 22:25:30,1,Refunded
1049,64960,2021-10-10 14:18:53,1,Rejected
1050,66045,2021-10-11 2:13:01,2,Refunded
1051,65883,2021-10-11 11:10:25,1,Refunded
1052,66194,2021-10-12 12:36:31,2,Approved
1053,65710,2021-10-12 22:55:04,1,Refunded
1054,66353,2021-10-15 0:36:30,1,Refunded
1055,66471,2021-10-15 2:14:02,1,Refunded
1056,66233,2021-10-15 7:43:35,1,Refunded
1057,64151,2021-10-15 15:40:57,1,Refunded
1058,66211,2021-10-16 9:40:25,1,Replaced
1059,66055,2021-10-16 10:00:32,1,Refunded
1060,64248,2021-10-18 12:20:19,1,Refunded
1061,65815,2021-10-20 8:21:43,1,Refunded
1062,66597,2021-10-20 19:41:41,1,Refunded
1063,66478,2021-10-20 21:04:04,1,Refunded
1064,67028,2021-10-21 9:27:35,1,Refunded
1065,67109,2021-10-21 16:56:42,1,Refunded
1066,66855,2021-10-22 19:15:58,3,Rejected
1067,67124,2021-10-22 23:41:54,1,Refunded
1068,66674,2021-10-24 15:49:17,1,Replaced
1069,66218,2021-10-25 18:01:22,1,Refunded
1070,66733,2021-10-26 12:11:28,1,Rejected
1071,65997,2021-10-26 18:30:45,1,Replaced
1072,66931,2021-10-26 18:59:50,1,Refunded
1073,66953,2021-10-27 19:05:33,1,Replaced
1074,65727,2021-10-28 1:37:01,1,Refunded
1075,67407,2021-10-28 6:33:42,1,Replaced
1076,66235,2021-10-29 14:24:22,1,Refunded
1077,67602,2021-10-29 20:26:55,1,Replaced
1078,67528,2021-10-30 10:00:28,1,Refunded
1079,67660,2021-10-30 21:20:46,1,Approved
1080,65256,2021-10-31 4:09:10,1,Refunded
1081,67110,2021-10-31 7:24:41,1,Refunded
1082,66986,2021-10-31 13:04:21,1,Refunded
1083,67858,2021-11-01 14:19:39,1,Replaced
1084,68210,2021-11-02 4:07:46,1,Rejected
1085,67137,2021-11-02 10:14:03,1,Refunded
1086,68028,2021-11-02 17:45:34,1,Refunded
1087,67751,2021-11-03 15:12:21,1,Refunded
1088,66712,2021-11-03 16:04:19,1,Refunded
1089,67515,2021-11-05 9:03:14,1,Refunded
1090,65844,2021-11-05 11:18:24,1,Refunded
1091,68480,2021-11-05 12:00:10,2,Refunded
1092,68500,2021-11-06 7:31:15,1,Refunded
1093,68049,2021-11-07 18:51:42,1,Rejected
1094,67444,2021-11-09 12:09:28,1,Refunded
1095,69128,2021-11-10 19:31:54,1,Rejected
1096,68808,2021-11-10 21:28:55,1,Refunded
1097,68644,2021-11-11 23:44:41,1,Refunded
1098,67076,2021-11-12 7:42:20,1,Refunded
1099,65726,2021-11-12 19:45:32,1,Replaced
1100,69359,2021-11-13 4:19:23,1,Approved
1101,69062,2021-11-13 10:04:26,1,Refunded
1102,68672,2021-11-13 11:07:38,1,Refunded
1103,66776,2021-11-13 16:06:37,1,Refunded
1104,69375,2021-11-14 16:39:17,1,Rejected
1105,68312,2021-11-15 1:26:17,1,Refunded
1106,69256,2021-11-15 10:27:10,1,Rejected
1107,69618,2021-11-15 15:39:59,1,Refunded
1108,66996,2021-11-16 20:54:54,1,Refunded
1109,68583,2021-11-17 13:36:53,1,Refunded
1110,69129,2021-11-18 0:08:05,1,Replaced
1111,69871,2021-11-18 0:52:20,1,Refunded
1112,69184,2021-11-18 12:30:40,1,Refunded
1113,69518,2021-11-18 20:06:27,1,Requested
1114,69830,2021-11-18 20:10:44,1,Refunded
1115,69835,2021-11-19 10:48:12,1,Refunded
1116,69922,2021-11-20 18:35:48,1,Replaced
1117,69656,2021-11-20 19:14:24,1,Refunded
1118,68878,2021-11-21 4:49:54,1,Refunded
1119,66890,2021-11-21 6:51:57,1,Refunded
1120,70039,2021-11-21 12:44:47,1,Refunded
1121,69923,2021-11-21 20:21:29,1,Replaced
1122,69912,2021-11-22 3:15:38,1,Approved
1123,68951,2021-11-23 3:10:01,1,Refunded
1124,69468,2021-11-23 8:19:31,1,Refunded
1125,70353,2021-11-23 18:00:14,1,Refunded
1126,70462,2021-11-25 21:52:00,1,Refunded
1127,70170,2021-11-26 22:12:19,1,Replaced
1128,69800,2021-11-27 15:47:18,1,Refunded
1129,67121,2021-12-01 18:27:12,1,Refunded
1130,69683,2021-12-04 2:49:29,1,Replaced
1131,70369,2021-12-04 8:59:36,1,Rejected
1132,71389,2021-12-04 22:17:52,1,Refunded
1133,71251,2021-12-06 2:01:23,1,Refunded
1134,71564,2021-12-06 8:03:17,1,Replaced
1135,69132,2021-12-06 11:46:13,1,Approved
1136,71142,2021-12-06 13:30:54,1,Refunded
1137,68858,2021-12-06 15:58:30,1,Refunded
1138,71147,2021-12-06 17:55:43,1,Refunded
1139,70693,2021-12-06 18:34:59,1,Approved
1140,69585,2021-12-06 20:36:08,1,Refunded
1141,71589,2021-12-08 13:02:18,1,Refunded
1142,70617,2021-12-08 15:52:32,1,Replaced
1143,71855,2021-12-10 17:45:32,1,Refunded
1144,70938,2021-12-11 0:04:40,1,Refunded
1145,71061,2021-12-11 6:00:27,1,Refunded
1146,71865,2021-12-11 9:54:46,1,Replaced
1147,71601,2021-12-11 18:14:29,1,Refunded
1148,70463,2021-12-12 17:45:56,1,Refunded
1149,71922,2021-12-13 16:31:28,2,Approved
1150,71705,2021-12-13 21:25:00,1,Refunded
1151,70672,2021-12-13 23:53:00,1,Rejected
1152,71990,2021-12-14 6:58:14,1,Refunded
1153,72005,2021-12-15 21:09:51,1,Refunded
1154,72072,2021-12-15 22:37:05,2,Refunded
1155,72006,2021-12-16 18:16:00,1,Refunded
1156,70820,2021-12-17 1:09:01,1,Refunded
1157,72152,2021-12-17 2:46:38,1,Refunded
1158,71979,2021-12-17 3:15:39,1,Refunded
1159,71910,2021-12-17 17:00:16,1,Refunded
1160,70171,2021-12-17 17:42:50,1,Approved
1161,70117,2021-12-17 23:15:27,1,Refunded
1162,72325,2021-12-19 17:44:17,1,Refunded
1163,72172,2021-12-19 22:04:01,1,Refunded
1164,72305,2021-12-20 2:55:30,1,Replaced
1165,72374,2021-12-20 22:23:17,1,Replaced
1166,72337,2021-12-21 2:18:01,1,Replaced
1167,71763,2021-12-22 10:22:32,1,Refunded
1168,72294,2021-12-22 12:11:43,1,Replaced
1169,71970,2021-12-23 17:32:45,1,Refunded
1170,71010,2021-12-23 20:48:11,1,Replaced
1171,72532,2021-12-24 19:37:24,1,Refunded
1172,71025,2021-12-24 19:55:00,1,Refunded
1173,72415,2021-12-26 1:00:29,1,Refunded
1174,72182,2021-12-26 10:18:27,1,Approved
1175,72698,2021-12-27 21:59:03,1,Refunded
1176,72367,2021-12-28 8:07:38,1,Approved
1177,72797,2021-12-28 12:30:16,1,Refunded
1178,72894,2021-12-29 6:00:03,1,Refunded
1179,72614,2021-12-29 11:05:49,1,Replaced
1180,72458,2021-12-29 15:48:17,1,Refunded
1181,72988,2021-12-31 3:14:22,1,Refunded
1182,72330,2021-12-31 12:32:03,1,Refunded
1183,72645,2022-01-02 1:42:18,1,Refunded
1184,72687,2022-01-02 2:22:52,1,Rejected
1185,72992,2022-01-02 12:34:48,1,Approved
1186,72145,2022-01-03 11:09:55,1,Refunded
1187,72975,2022-01-05 5:49:40,1,Replaced
1188,72927,2022-01-05 15:35:20,1,Refunded
1189,72512,2022-01-05 17:35:04,1,Replaced
1190,73227,2022-01-09 1:30:43,1,Refunded
1191,73052,2022-01-09 9:04:04,1,Refunded
1192,73243,2022-01-09 22:16:53,1,Refunded
1193,73407,2022-01-11 0:11:37,1,Refunded
1194,73277,2022-01-11 10:09:03,1,Approved
1195,73763,2022-01-13 3:00:02,1,Refunded
1196,72418,2022-01-15 7:51:14,1,Rejected
1197,73436,2022-01-16 13:04:15,1,Requested
1198,73702,2022-01-17 0:29:43,1,Refunded
1199,73777,2022-01-18 14:32:48,1,Refunded
1200,73859,2022-01-19 5:36:44,1,Rejected
1201,73989,2022-01-19 16:29:57,1,Refunded
1202,73711,2022-01-19 18:15:57,1,Refunded
1203,74145,2022-01-19 18:46:31,1,Requested
1204,73979,2022-01-23 13:17:23,1,Replaced
1205,74165,2022-01-23 20:10:05,1,Refunded
1206,74274,2022-01-24 1:59:30,1,Refunded
1207,74418,2022-01-24 4:34:44,1,Refunded
1208,73338,2022-01-25 17:34:48,1,Refunded
1209,74344,2022-01-28 6:19:55,1,Refunded
1210,74609,2022-01-29 20:26:51,1,Refunded
1211,74679,2022-01-30 12:09:06,1,Refunded
1212,73117,2022-01-30 21:40:13,1,Refunded
1213,74697,2022-02-01 3:25:58,1,Refunded
1214,74905,2022-02-01 17:34:15,1,Requested
1215,74849,2022-02-02 20:59:52,1,Refunded
1216,74668,2022-02-03 3:05:01,1,Refunded
1217,74890,2022-02-03 3:19:20,2,Replaced
1218,74716,2022-02-03 23:23:19,1,Refunded
1219,73830,2022-02-04 2:53:58,1,Refunded
1220,74751,2022-02-04 14:36:17,2,Refunded
1221,74933,2022-02-05 9:38:24,1,Refunded
1222,75102,2022-02-06 3:08:41,1,Refunded
1223,74763,2022-02-07 7:53:53,1,Refunded
1224,73542,2022-02-07 8:45:46,1,Refunded
1225,75160,2022-02-10 5:27:32,1,Replaced
1226,69329,2022-02-10 17:10:25,1,Rejected
1227,74343,2022-02-10 21:00:55,1,Requested
1228,75532,2022-02-11 2:13:19,1,Refunded
1229,75031,2022-02-12 1:25:13,1,Refunded
1230,75242,2022-02-12 20:30:23,1,Replaced
1231,75281,2022-02-13 18:24:19,1,Refunded
1232,75417,2022-02-13 21:29:40,1,Refunded
1233,75613,2022-02-14 11:09:06,1,Refunded
1234,75301,2022-02-15 7:59:40,1,Refunded
1235,75901,2022-02-17 2:09:39,1,Refunded
1236,74234,2022-02-17 7:07:04,1,Refunded
1237,76011,2022-02-18 15:52:08,2,Approved
1238,75722,2022-02-18 20:43:42,1,Refunded
1239,74276,2022-02-19 5:41:30,1,Replaced
1240,75801,2022-02-19 17:17:50,1,Refunded
1241,75480,2022-02-19 21:52:57,1,Refunded
1242,75853,2022-02-20 6:29:11,3,Refunded
1243,75961,2022-02-20 17:10:55,1,Refunded
1244,75660,2022-02-21 9:49:26,1,Refunded
1245,75867,2022-02-21 13:46:34,1,Approved
1246,76222,2022-02-21 20:08:56,1,Refunded
1247,75786,2022-02-22 17:38:10,1,Refunded
1248,75499,2022-02-23 14:24:34,1,Replaced
1249,76158,2022-02-23 22:28:49,1,Refunded
1250,76195,2022-02-24 13:51:41,1,Requested
1251,75714,2022-02-24 18:11:43,1,Refunded
1252,75395,2022-02-25 15:42:53,1,Refunded
1253,76444,2022-02-26 2:53:41,1,Refunded
1254,72194,2022-02-26 6:57:59,1,Refunded
1255,75529,2022-02-26 21:21:06,1,Refunded
1256,75969,2022-02-27 0:35:19,1,Replaced
1257,76402,2022-02-27 15:50:17,1,Refunded
1258,76280,2022-02-28 13:59:29,1,Approved
1259,76307,2022-02-28 17:20:02,1,Refunded
1260,76318,2022-03-02 3:28:37,1,Refunded
1261,76417,2022-03-02 14:58:29,1,Refunded
1262,76488,2022-03-02 23:48:14,3,Rejected
1263,76669,2022-03-04 0:09:14,1,Refunded
1264,76705,2022-03-04 7:09:03,1,Refunded
1265,76644,2022-03-04 23:55:00,1,Approved
1266,76622,2022-03-05 6:26:56,1,Refunded
1267,76954,2022-03-06 23:23:21,2,Refunded
1268,75211,2022-03-07 1:21:47,1,Refunded
1269,76221,2022-03-07 2:27:56,1,Refunded
1270,76447,2022-03-08 10:44:19,1,Refunded
1271,76795,2022-03-09 5:47:54,1,Refunded
1272,76992,2022-03-09 13:46:56,1,Replaced
1273,76473,2022-03-10 7:34:38,1,Refunded
1274,77286,2022-03-12 11:09:50,1,Replaced
1275,77127,2022-03-13 8:46:13,1,Refunded
1276,77258,2022-03-13 14:03:49,1,Refunded
1277,77505,2022-03-15 14:11:35,1,Refunded
1278,77482,2022-03-16 11:43:11,1,Refunded
1279,76428,2022-03-16 14:36:36,1,Refunded
1280,76263,2022-03-16 21:51:21,1,Refunded
1281,77144,2022-03-18 14:53:34,1,Refunded
1282,77092,2022-03-18 21:03:06,1,Refunded
1283,77291,2022-03-19 5:53:47,1,Refunded
1284,77489,2022-03-19 23:32:34,1,Refunded
1285,77566,2022-03-20 21:17:30,1,Refunded
1286,77710,2022-03-21 0:16:29,1,Refunded
1287,77268,2022-03-21 1:28:41,1,Refunded
1288,77939,2022-03-21 7:55:45,1,Refunded
1289,77579,2022-03-21 9:55:12,2,Refunded
1290,77690,2022-03-22 7:28:43,1,Refunded
1291,77825,2022-03-23 23:34:52,1,Refunded
1292,77761,2022-03-24 15:57:33,1,Rejected
1293,77857,2022-03-27 11:57:51,1,Refunded
1294,78392,2022-03-28 17:03:59,2,Approved
1295,77937,2022-03-28 19:27:52,1,Approved
1296,78419,2022-03-29 2:44:44,1,Requested
1297,78253,2022-03-30 5:07:02,2,Refunded
1298,77944,2022-04-01 1:24:31,1,Refunded
1299,78635,2022-04-02 8:11:24,1,Refunded
1300,78117,2022-04-04 8:20:06,1,Refunded
1301,78731,2022-04-04 11:15:39,1,Rejected
1302,78836,2022-04-05 3:56:25,1,Refunded
1303,78135,2022-04-05 5:21:25,1,Refunded
1304,78636,2022-04-05 14:20:24,1,Refunded
1305,78259,2022-04-06 17:49:22,1,Refunded
1306,78902,2022-04-07 2:14:23,1,Refunded
1307,78941,2022-04-09 9:10:01,1,Refunded
1308,78970,2022-04-09 14:48:01,1,Approved
1309,78780,2022-04-10 7:57:25,1,Replaced
1310,78200,2022-04-11 3:16:29,1,Replaced
1311,78857,2022-04-11 18:53:37,1,Refunded
1312,78767,2022-04-12 0:30:29,1,Replaced
1313,79439,2022-04-13 14:11:35,1,Replaced
1314,79412,2022-04-13 18:12:03,1,Refunded
1315,78733,2022-04-14 10:54:22,1,Requested
1316,79269,2022-04-16 17:22:01,1,Refunded
1317,78966,2022-04-17 1:38:40,1,Refunded
1318,79809,2022-04-19 11:52:06,1,Refunded
1319,79861,2022-04-20 9:37:43,1,Refunded
1320,78555,2022-04-21 11:34:22,1,Refunded
1321,79534,2022-04-21 14:12:43,1,Approved
1322,79566,2022-04-22 5:19:12,1,Replaced
1323,79994,2022-04-22 13:32:12,1,Refunded
1324,78790,2022-04-23 10:45:25,1,Refunded
1325,79923,2022-04-24 1:41:12,1,Refunded
1326,80209,2022-04-24 16:31:17,1,Refunded
1327,79661,2022-04-26 20:24:51,1,Refunded
1328,79950,2022-04-28 20:49:09,1,Refunded
1329,80142,2022-04-29 3:36:38,1,Refunded
1330,79613,2022-04-29 20:08:17,1,Refunded
1331,80571,2022-04-30 8:07:55,1,Refunded
1332,79705,2022-05-01 1:46:57,1,Refunded
1333,79749,2022-05-01 8:25:22,1,Refunded
1334,80103,2022-05-01 21:55:57,1,Refunded
1335,80207,2022-05-02 6:29:37,1,Refunded
1336,80648,2022-05-03 15:50:43,1,Rejected
1337,80441,2022-05-04 15:15:30,1,Refunded
1338,80923,2022-05-05 19:52:29,1,Refunded
1339,80710,2022-05-05 20:32:36,1,Replaced
1340,80906,2022-05-06 15:21:35,2,Refunded
1341,80838,2022-05-06 23:48:30,1,Refunded
1342,80871,2022-05-07 10:41:13,1,Refunded
1343,80998,2022-05-07 14:45:10,1,Refunded
1344,80691,2022-05-07 15:32:38,1,Refunded
1345,80971,2022-05-09 1:57:38,1,Rejected
1346,81013,2022-05-09 11:33:00,1,Approved
1347,81089,2022-05-10 14:06:54,2,Refunded
1348,81280,2022-05-11 17:08:38,1,Refunded
1349,81360,2022-05-11 21:46:19,1,Refunded
1350,81379,2022-05-12 22:36:14,1,Refunded
1351,81009,2022-05-13 2:48:09,1,Refunded
1352,81240,2022-05-13 11:06:58,1,Replaced
1353,81282,2022-05-14 22:03:06,1,Replaced
1354,80268,2022-05-16 7:25:43,1,Refunded
1355,81532,2022-05-16 23:39:25,1,Rejected
1356,80979,2022-05-17 2:29:57,1,Refunded
1357,81645,2022-05-19 21:05:17,1,Refunded
1358,81259,2022-05-20 16:17:28,1,Approved
1359,81788,2022-05-22 0:21:09,1,Refunded
1360,81625,2022-05-22 8:18:49,2,Replaced
1361,81812,2022-05-24 20:26:59,2,Refunded
1362,81421,2022-05-25 22:31:07,1,Replaced
1363,82010,2022-05-26 0:37:13,1,Refunded
1364,81387,2022-05-26 7:12:29,1,Approved
1365,81482,2022-05-26 13:43:06,1,Rejected
1366,81862,2022-05-26 21:00:51,1,Approved
1367,81445,2022-05-27 2:57:00,1,Refunded
1368,82261,2022-05-28 21:32:03,1,Refunded
1369,81558,2022-05-28 22:57:29,1,Refunded
1370,81631,2022-05-29 15:08:01,1,Refunded
1371,82032,2022-05-29 19:45:58,1,Refunded
1372,81616,2022-05-30 5:24:11,1,Replaced
1373,82371,2022-05-30 15:42:43,1,Rejected
1374,82510,2022-05-30 22:21:14,1,Refunded
1375,82210,2022-05-31 5:04:38,1,Refunded
1376,82613,2022-06-01 4:45:46,1,Refunded
1377,82329,2022-06-01 5:39:04,1,Refunded
1378,82631,2022-06-01 6:13:19,1,Refunded
1379,81266,2022-06-03 0:36:50,1,Refunded
1380,82493,2022-06-03 9:14:26,1,Refunded
1381,82619,2022-06-04 6:21:29,1,Rejected
1382,80921,2022-06-04 8:39:38,1,Refunded
1383,80955,2022-06-04 14:50:57,1,Refunded
1384,81694,2022-06-04 18:16:43,1,Refunded
1385,82741,2022-06-07 15:37:26,1,Rejected
1386,81232,2022-06-07 15:54:47,1,Requested
1387,82814,2022-06-08 6:35:37,1,Refunded
1388,82190,2022-06-08 7:39:52,1,Refunded
1389,82396,2022-06-08 16:20:58,1,Refunded
1390,83125,2022-06-09 13:12:34,1,Approved
1391,82784,2022-06-09 16:40:07,1,Refunded
1392,82823,2022-06-09 22:48:54,1,Rejected
1393,83044,2022-06-10 13:25:02,1,Refunded
1394,83055,2022-06-11 6:12:49,1,Replaced
1395,82914,2022-06-12 4:07:06,1,Refunded
1396,82986,2022-06-12 16:14:05,1,Refunded
1397,83325,2022-06-13 22:13:19,1,Replaced
1398,83497,2022-06-16 23:34:07,2,Replaced
1399,83696,2022-06-17 6:49:35,1,Refunded
1400,83688,2022-06-18 2:44:26,1,Refunded
1401,83423,2022-06-18 12:20:45,2,Replaced
1402,83719,2022-06-18 14:42:31,1,Refunded
1403,80023,2022-06-18 17:52:11,1,Refunded
1404,83744,2022-06-18 19:55:56,1,Refunded
1405,83524,2022-06-19 12:44:37,1,Refunded
1406,83726,2022-06-19 15:15:11,1,Rejected
1407,83479,2022-06-20 0:26:27,1,Refunded
1408,83906,2022-06-22 4:07:57,2,Replaced
1409,83179,2022-06-22 21:41:34,1,Refunded
1410,84038,2022-06-24 20:58:04,1,Refunded
1411,84251,2022-06-25 17:01:39,1,Refunded
1412,84122,2022-06-27 5:33:08,1,Refunded
1413,83510,2022-06-27 13:57:25,1,Refunded
1414,84338,2022-06-27 17:24:25,1,Replaced
1415,82714,2022-06-27 21:03:21,1,Rejected
1416,84348,2022-06-28 10:48:19,1,Refunded
1417,84485,2022-06-29 9:26:54,1,Replaced
1418,84091,2022-07-01 23:26:00,1,Refunded
1419,83809,2022-07-02 18:46:40,1,Refunded
1420,84578,2022-07-05 7:08:18,1,Refunded
1421,84715,2022-07-05 16:02:40,1,Replaced
1422,84760,2022-07-05 20:41:12,1,Refunded
1423,84814,2022-07-06 13:04:18,2,Replaced
1424,84159,2022-07-06 16:25:41,1,Refunded
1425,84852,2022-07-08 8:19:43,1,Refunded
1426,83827,2022-07-10 8:01:03,1,Replaced
1427,84407,2022-07-10 12:47:40,1,Approved
1428,83291,2022-07-11 13:13:53,1,Refunded
1429,85018,2022-07-12 2:25:39,1,Refunded
1430,84628,2022-07-12 5:24:30,1,Refunded
1431,84829,2022-07-12 7:12:17,1,Replaced
1432,85109,2022-07-12 11:04:08,1,Approved
1433,84429,2022-07-12 16:08:38,1,Rejected
1434,84925,2022-07-13 22:06:28,1,Refunded
1435,85386,2022-07-13 22:53:42,1,Refunded
1436,85189,2022-07-16 12:50:29,1,Refunded
1437,85327,2022-07-17 10:46:50,1,Rejected
1438,85193,2022-07-19 15:39:44,1,Rejected
1439,85243,2022-07-20 11:42:33,1,Refunded
1440,85749,2022-07-21 14:13:12,1,Refunded
1441,85648,2022-07-23 4:28:02,1,Requested
1442,85853,2022-07-23 16:00:00,1,Replaced
1443,85780,2022-07-24 1:30:27,1,Refunded
1444,85950,2022-07-24 7:35:08,1,Refunded
1445,81774,2022-07-24 7:36:40,1,Rejected
1446,85360,2022-07-25 9:24:13,1,Refunded
1447,86180,2022-07-25 15:01:22,1,Refunded
1448,84699,2022-07-25 23:08:21,1,Refunded
1449,85070,2022-07-27 0:56:04,1,Requested
1450,85490,2022-07-27 20:19:52,1,Refunded
1451,85708,2022-07-28 8:16:57,1,Refunded
1452,85287,2022-07-30 5:08:35,1,Refunded
1453,86609,2022-07-31 7:36:57,1,Refunded
1454,86553,2022-07-31 8:51:58,1,Refunded
1455,86401,2022-07-31 12:30:00,1,Approved
1456,86247,2022-07-31 16:39:45,1,Replaced
1457,86461,2022-07-31 18:31:34,1,Refunded
1458,86584,2022-08-01 7:10:01,1,Requested
1459,86618,2022-08-01 17:44:06,1,Refunded
1460,86673,2022-08-01 23:12:01,1,Requested
1461,86638,2022-08-05 6:23:23,1,Refunded
1462,84761,2022-08-06 7:22:55,1,Rejected
1463,86132,2022-08-07 11:49:49,1,Refunded
1464,86154,2022-08-07 15:46:28,1,Refunded
1465,87103,2022-08-07 21:32:02,3,Refunded
1466,86281,2022-08-08 0:30:42,1,Replaced
1467,86932,2022-08-09 5:10:42,1,Refunded
1468,86995,2022-08-10 23:37:00,2,Refunded
1469,87253,2022-08-11 9:58:46,1,Rejected
1470,86882,2022-08-13 11:59:43,1,Rejected
1471,87184,2022-08-13 12:12:54,1,Refunded
1472,87137,2022-08-14 4:06:40,1,Refunded
1473,86871,2022-08-14 6:53:03,1,Rejected
1474,86954,2022-08-15 10:41:39,1,Requested
1475,86788,2022-08-16 3:06:07,1,Rejected
1476,85922,2022-08-16 12:38:31,1,Refunded
1477,85883,2022-08-17 19:13:18,1,Refunded
1478,86880,2022-08-18 13:50:03,1,Requested
1479,82801,2022-08-18 16:24:30,1,Rejected
1480,83598,2022-08-19 5:17:59,1,Refunded
1481,87558,2022-08-19 9:52:53,1,Refunded
1482,87860,2022-08-20 21:51:57,1,Replaced
1483,87343,2022-08-24 22:30:09,1,Replaced
1484,86743,2022-08-25 15:55:42,1,Replaced
1485,87958,2022-08-26 16:18:26,1,Replaced
1486,88008,2022-08-27 9:34:12,1,Refunded
1487,88350,2022-08-27 13:10:44,1,Replaced
1488,87580,2022-08-27 13:13:47,1,Refunded
1489,88305,2022-08-27 15:43:46,1,Refunded
1490,88123,2022-08-27 21:12:54,1,Approved
1491,88376,2022-08-28 8:38:08,1,Rejected
1492,86885,2022-08-30 5:14:14,1,Refunded
1493,88317,2022-08-31 0:18:18,1,Rejected
1494,87895,2022-08-31 1:43:53,1,Refunded
1495,88300,2022-08-31 4:50:06,1,Refunded
1496,88168,2022-08-31 9:08:45,1,Replaced
1497,88253,2022-09-01 22:35:00,1,Rejected
1498,88628,2022-09-02 11:15:59,1,Approved
1499,88714,2022-09-02 18:30:55,1,Approved
1500,88802,2022-09-05 20:32:44,2,Replaced
1501,88885,2022-09-06 4:23:26,1,Refunded
1502,88316,2022-09-06 7:38:18,1,Refunded
1503,88867,2022-09-06 11:13:32,1,Refunded
1504,88770,2022-09-07 7:06:56,1,Refunded
1505,81508,2022-09-07 18:57:16,1,Refunded
1506,88804,2022-09-08 17:11:37,1,Refunded
1507,89296,2022-09-09 5:16:47,1,Refunded
1508,88383,2022-09-09 8:43:59,1,Refunded
1509,89150,2022-09-10 20:34:34,1,Refunded
1510,89070,2022-09-12 13:15:13,1,Approved
1511,89141,2022-09-13 17:09:43,1,Refunded
1512,89365,2022-09-14 4:56:04,2,Refunded
1513,89513,2022-09-14 5:31:12,1,Replaced
1514,89488,2022-09-15 12:42:26,1,Replaced
1515,89623,2022-09-17 19:05:42,1,Refunded
1516,89521,2022-09-17 21:45:44,3,Refunded
1517,88336,2022-09-18 7:49:07,1,Rejected
1518,90269,2022-09-20 21:38:35,1,Replaced
1519,89997,2022-09-21 4:11:38,1,Refunded
1520,89952,2022-09-21 5:18:34,1,Refunded
1521,89956,2022-09-21 11:22:51,1,Refunded
1522,88241,2022-09-21 21:12:41,1,Refunded
1523,90117,2022-09-22 6:13:08,1,Requested
1524,90135,2022-09-22 11:35:20,1,Refunded
1525,89774,2022-09-24 1:09:56,1,Refunded
1526,90436,2022-09-24 6:16:59,2,Refunded
1527,90130,2022-09-24 18:51:28,1,Refunded
1528,89427,2022-09-24 20:05:12,1,Refunded
1529,90547,2022-09-26 2:33:59,1,Refunded
1530,90528,2022-09-27 4:09:00,1,Refunded
1531,90305,2022-09-27 21:12:19,1,Refunded
1532,90423,2022-09-28 1:33:15,1,Rejected
1533,89459,2022-09-28 16:45:24,1,Approved
1534,90311,2022-09-29 4:02:33,1,Replaced
1535,90382,2022-09-30 1:59:04,1,Refunded
1536,90916,2022-09-30 2:46:25,3,Refunded
1537,90840,2022-09-30 5:03:42,1,Refunded
1538,90527,2022-09-30 14:38:51,1,Refunded
1539,89666,2022-09-30 22:27:38,1,Rejected
1540,90982,2022-10-01 11:05:12,1,Refunded
1541,90588,2022-10-01 11:57:31,2,Refunded
1542,91233,2022-10-03 6:41:35,1,Refunded
1543,91092,2022-10-04 3:09:17,1,Refunded
1544,90848,2022-10-04 13:30:01,1,Refunded
1545,91134,2022-10-05 9:06:36,1,Refunded
1546,91526,2022-10-05 16:45:20,1,Refunded
1547,90887,2022-10-06 7:35:11,1,Replaced
1548,91404,2022-10-06 14:25:52,2,Refunded
1549,91587,2022-10-07 8:01:45,1,Refunded
1550,91160,2022-10-08 23:16:08,1,Replaced
1551,90998,2022-10-09 21:43:05,1,Replaced
1552,91377,2022-10-10 8:37:59,1,Refunded
1553,91903,2022-10-13 15:47:02,1,Refunded
1554,92065,2022-10-13 16:53:06,1,Replaced
1555,92378,2022-10-13 19:52:48,1,Refunded
1556,92129,2022-10-15 10:49:37,1,Approved
1557,91439,2022-10-15 12:30:15,1,Replaced
1558,90903,2022-10-15 17:47:27,1,Refunded
1559,89503,2022-10-16 9:27:51,1,Refunded
1560,91623,2022-10-16 10:10:49,1,Refunded
1561,92027,2022-10-16 11:12:34,1,Refunded
1562,91766,2022-10-17 0:05:46,1,Rejected
1563,92235,2022-10-17 2:12:29,1,Rejected
1564,92445,2022-10-17 5:29:48,3,Approved
1565,92934,2022-10-17 16:00:51,1,Rejected
1566,93052,2022-10-18 4:04:28,1,Refunded
1567,92521,2022-10-18 10:04:33,1,Approved
1568,93130,2022-10-18 13:08:42,1,Refunded
1569,92851,2022-10-18 14:10:11,1,Refunded
1570,92816,2022-10-20 6:24:26,1,Refunded
1571,93071,2022-10-21 12:47:56,1,Replaced
1572,93184,2022-10-21 22:39:00,2,Refunded
1573,93365,2022-10-22 0:35:23,1,Refunded
1574,92383,2022-10-23 21:37:38,1,Replaced
1575,93176,2022-10-25 3:29:47,1,Replaced
1576,93319,2022-10-25 17:10:57,1,Replaced
1577,93923,2022-10-27 13:30:42,1,Refunded
1578,93645,2022-10-28 8:23:20,1,Refunded
1579,90915,2022-10-28 9:53:56,1,Refunded
1580,92953,2022-10-29 8:28:05,1,Refunded
1581,93479,2022-10-29 10:37:23,1,Refunded
1582,91976,2022-10-30 2:54:03,1,Refunded
1583,93166,2022-10-31 13:11:19,1,Refunded
1584,91590,2022-11-01 0:46:39,1,Refunded
1585,93057,2022-11-01 5:46:26,1,Refunded
1586,93686,2022-11-01 14:19:27,1,Replaced
1587,92585,2022-11-01 21:54:36,1,Replaced
1588,93961,2022-11-02 3:09:08,1,Refunded
1589,93866,2022-11-02 7:56:26,1,Replaced
1590,94403,2022-11-03 1:19:55,2,Refunded
1591,94584,2022-11-03 8:13:16,1,Rejected
1592,94801,2022-11-03 20:03:21,1,Refunded
1593,94361,2022-11-05 22:13:42,1,Refunded
1594,95028,2022-11-06 10:12:49,1,Refunded
1595,95294,2022-11-06 17:05:41,1,Refunded
1596,94713,2022-11-06 23:42:10,1,Requested
1597,94876,2022-11-07 1:46:19,1,Replaced
1598,94638,2022-11-07 7:45:05,1,Refunded
1599,95044,2022-11-07 16:24:02,1,Approved
1600,95235,2022-11-08 2:19:57,1,Refunded
1601,95448,2022-11-08 12:20:41,1,Refunded
1602,94350,2022-11-08 21:31:46,1,Refunded
1603,95772,2022-11-09 18:10:19,1,Replaced
1604,95320,2022-11-09 19:39:06,2,Refunded
1605,94249,2022-11-10 8:38:52,1,Refunded
1606,95696,2022-11-10 11:32:15,1,Refunded
1607,95800,2022-11-11 9:32:25,1,Refunded
1608,95891,2022-11-11 10:53:44,2,Refunded
1609,96125,2022-11-12 18:10:54,1,Refunded
1610,93626,2022-11-13 1:33:03,1,Refunded
1611,92922,2022-11-13 23:10:57,1,Refunded
1612,96435,2022-11-16 12:14:44,1,Replaced
1613,96775,2022-11-17 23:59:01,1,Refunded
1614,95270,2022-11-18 9:37:29,1,Rejected
1615,96866,2022-11-18 17:23:26,1,Refunded
1616,96001,2022-11-19 0:50:30,1,Refunded
1617,94510,2022-11-19 2:42:34,1,Refunded
1618,96359,2022-11-19 10:46:37,1,Requested
1619,96523,2022-11-19 18:12:18,1,Rejected
1620,96389,2022-11-19 20:27:52,1,Replaced
1621,95743,2022-11-20 1:54:44,1,Refunded
1622,94700,2022-11-20 2:45:34,1,Refunded
1623,96939,2022-11-21 12:01:42,1,Refunded
1624,97021,2022-11-21 14:54:58,1,Refunded
1625,97056,2022-11-21 23:29:23,1,Refunded
1626,96567,2022-11-22 14:54:28,1,Refunded
1627,96771,2022-11-22 23:29:37,1,Replaced
1628,95615,2022-11-24 7:02:34,1,Refunded
1629,96861,2022-11-24 8:01:52,1,Rejected
1630,97063,2022-11-24 17:12:17,1,Rejected
1631,86741,2022-11-24 18:18:13,1,Refunded
1632,96112,2022-11-25 6:28:47,1,Replaced
1633,92976,2022-11-25 8:07:44,1,Refunded
1634,96903,2022-11-25 13:35:52,1,Refunded
1635,97628,2022-11-25 20:40:52,1,Refunded
1636,96898,2022-11-25 21:47:15,1,Rejected
1637,97206,2022-11-26 14:02:42,1,Refunded
1638,97641,2022-11-26 21:43:09,1,Replaced
1639,95479,2022-11-27 7:10:58,1,Refunded
1640,96282,2022-11-27 14:48:02,1,Rejected
1641,97945,2022-11-28 12:51:58,1,Replaced
1642,97571,2022-11-28 17:45:32,1,Refunded
1643,96385,2022-11-29 6:57:48,1,Refunded
1644,97324,2022-11-30 11:32:03,1,Refunded
1645,97955,2022-11-30 11:37:01,1,Refunded
1646,97426,2022-11-30 15:20:03,1,Rejected
1647,98202,2022-12-01 19:15:48,1,Refunded
1648,97480,2022-12-02 19:54:40,1,Approved
1649,98643,2022-12-02 21:19:31,1,Rejected
1650,95793,2022-12-03 4:52:08,1,Refunded
1651,98353,2022-12-04 3:45:41,1,Refunded
1652,98782,2022-12-05 13:47:58,1,Refunded
1653,98540,2022-12-07 6:04:39,3,Refunded
1654,98644,2022-12-07 9:11:04,1,Refunded
1655,96822,2022-12-07 20:42:41,1,Refunded
1656,98631,2022-12-08 7:40:06,2,Refunded
1657,97341,2022-12-08 12:55:08,1,Refunded
1658,98936,2022-12-08 15:22:49,1,Refunded
1659,96425,2022-12-09 0:08:35,1,Refunded
1660,98976,2022-12-09 2:29:33,1,Refunded
1661,92929,2022-12-09 3:50:37,1,Replaced
1662,98946,2022-12-09 13:04:49,1,Approved
1663,98030,2022-12-10 10:23:19,1,Refunded
1664,99127,2022-12-11 16:44:46,1,Approved
1665,99216,2022-12-11 23:37:57,1,Replaced
1666,98486,2022-12-12 17:41:05,1,Refunded
1667,98618,2022-12-13 12:49:13,1,Refunded
1668,98816,2022-12-13 16:00:23,1,Approved
1669,99249,2022-12-14 7:56:14,2,Refunded
1670,99170,2022-12-14 9:17:00,1,Refunded
1671,99523,2022-12-14 22:09:16,1,Replaced
1672,99066,2022-12-15 6:26:19,1,Rejected
1673,97898,2022-12-15 15:25:48,1,Refunded
1674,99455,2022-12-16 10:56:18,1,Refunded
1675,99442,2022-12-16 22:39:35,1,Replaced
1676,96958,2022-12-17 21:49:20,1,Refunded
1677,99642,2022-12-18 1:45:51,1,Replaced
1678,99612,2022-12-18 2:35:56,1,Refunded
1679,99392,2022-12-18 16:13:56,1,Rejected
1680,98556,2022-12-19 21:09:32,1,Refunded
1681,99491,2022-12-20 13:45:18,1,Refunded
1682,99742,2022-12-21 5:27:31,1,Refunded
1683,99968,2022-12-22 8:53:09,1,Refunded
1684,100004,2022-12-22 20:54:00,1,Refunded
1685,100016,2022-12-22 21:34:38,1,Approved
1686,98307,2022-12-23 15:51:18,1,Refunded
1687,97868,2022-12-24 14:49:19,1,Refunded
1688,99051,2022-12-25 5:41:51,1,Rejected
1689,99960,2022-12-25 15:12:47,1,Approved
1690,98463,2022-12-25 17:36:57,1,Requested
1691,99941,2022-12-26 14:20:08,1,Refunded
1692,100368,2022-12-27 14:20:51,1,Refunded
1693,99865,2022-12-28 20:31:15,1,Requested
1694,98744,2022-12-29 5:53:44,1,Replaced
1695,100024,2022-12-30 7:42:39,1,Requested
1696,99800,2022-12-30 8:34:35,1,Approved
1697,99706,2022-12-31 4:00:41,1,Refunded
1698,100139,2022-12-31 5:10:20,1,Refunded
1699,100277,2023-01-01 12:27:14,1,Refunded
1700,100191,2023-01-01 15:40:24,1,Replaced
1701,100307,2023-01-02 2:31:50,1,Refunded
1702,100908,2023-01-03 13:50:52,1,Refunded
1703,100680,2023-01-04 2:53:32,1,Replaced
1704,100060,2023-01-05 10:55:01,1,Refunded
1705,100762,2023-01-07 18:32:53,1,Refunded
1706,101079,2023-01-08 11:34:21,1,Replaced
1707,101433,2023-01-10 23:39:22,1,Refunded
1708,99695,2023-01-13 0:14:46,1,Refunded
1709,100754,2023-01-14 14:17:42,1,Replaced
1710,99591,2023-01-15 10:25:42,1,Refunded
1711,100891,2023-01-15 12:14:30,1,Refunded
1712,97979,2023-01-15 22:20:51,1,Refunded
1713,100907,2023-01-16 3:59:50,1,Approved
1714,100175,2023-01-16 20:07:24,1,Refunded
1715,101748,2023-01-17 18:04:59,1,Requested
1716,101587,2023-01-18 21:17:52,1,Refunded
1717,101710,2023-01-19 23:48:12,1,Rejected
1718,101884,2023-01-20 0:56:43,1,Refunded
1719,94358,2023-01-20 9:13:09,1,Refunded
1720,101523,2023-01-20 15:40:51,1,Refunded
1721,101798,2023-01-21 20:57:16,1,Refunded
1722,101293,2023-01-23 9:19:32,1,Refunded
1723,102219,2023-01-23 12:17:29,1,Requested
1724,102119,2023-01-25 2:47:10,1,Approved
1725,101864,2023-01-25 20:10:16,1,Refunded
1726,102076,2023-01-26 21:07:28,1,Refunded
1727,102403,2023-01-27 21:11:10,1,Replaced
1728,102561,2023-01-27 22:58:59,1,Refunded
1729,102028,2023-01-29 16:51:00,1,Rejected
1730,102659,2023-01-30 0:04:29,1,Refunded
1731,102639,2023-01-30 4:53:27,1,Refunded
1732,102304,2023-02-02 9:28:25,1,Refunded
1733,102709,2023-02-02 10:27:32,1,Refunded
1734,102574,2023-02-02 15:22:57,1,Refunded
1735,102883,2023-02-02 15:23:41,1,Refunded
1736,101272,2023-02-02 17:45:18,1,Replaced
1737,102897,2023-02-03 9:46:37,1,Refunded
1738,102852,2023-02-03 21:46:45,1,Rejected
1739,103017,2023-02-04 8:29:11,1,Refunded
1740,102253,2023-02-04 13:58:53,1,Refunded
1741,102593,2023-02-04 16:14:08,1,Replaced
1742,102653,2023-02-05 14:10:09,1,Refunded
1743,102341,2023-02-06 6:34:16,1,Replaced
1744,103079,2023-02-06 17:31:55,1,Refunded
1745,101738,2023-02-08 3:11:30,1,Rejected
1746,102917,2023-02-08 5:09:26,1,Refunded
1747,103479,2023-02-11 8:26:59,1,Approved
1748,103555,2023-02-12 10:54:56,1,Refunded
1749,101818,2023-02-13 1:12:36,1,Replaced
1750,103712,2023-02-13 15:46:19,1,Refunded
1751,103297,2023-02-13 18:48:02,1,Refunded
1752,103191,2023-02-13 20:51:46,1,Refunded
1753,103786,2023-02-14 1:49:25,1,Refunded
1754,103659,2023-02-14 4:42:52,1,Refunded
1755,102875,2023-02-14 22:29:44,1,Requested
1756,103483,2023-02-15 8:00:18,1,Refunded
1757,103669,2023-02-16 22:43:22,1,Refunded
1758,103920,2023-02-17 21:16:10,1,Approved
1759,103862,2023-02-18 10:33:29,1,Refunded
1760,104214,2023-02-19 0:58:02,1,Refunded
1761,97896,2023-02-20 3:05:22,1,Rejected
1762,103482,2023-02-20 8:06:29,1,Refunded
1763,102882,2023-02-21 1:10:04,1,Replaced
1764,103894,2023-02-21 3:08:33,1,Refunded
1765,104065,2023-02-22 4:42:37,2,Refunded
1766,104319,2023-02-22 8:25:12,1,Requested
1767,104034,2023-02-24 4:19:25,1,Refunded
1768,104348,2023-02-25 4:17:38,1,Replaced
1769,102989,2023-02-25 7:07:20,1,Approved
1770,104342,2023-02-26 10:28:08,1,Refunded
1771,103729,2023-02-26 21:13:47,1,Replaced
1772,104408,2023-02-26 23:47:17,1,Replaced
1773,104534,2023-02-27 0:58:58,1,Approved
1774,104865,2023-03-01 21:35:59,1,Rejected
1775,104252,2023-03-02 2:02:38,1,Refunded
1776,104288,2023-03-02 3:20:59,1,Refunded
1777,104718,2023-03-02 3:25:29,1,Refunded
1778,104821,2023-03-03 17:11:42,1,Refunded
1779,103504,2023-03-04 16:57:22,1,Refunded
1780,105072,2023-03-04 19:30:50,1,Refunded
1781,104629,2023-03-04 19:59:30,1,Refunded
1782,104774,2023-03-05 1:06:39,1,Refunded
1783,104569,2023-03-05 2:46:09,1,Refunded
1784,103814,2023-03-05 3:00:55,1,Refunded
1785,104590,2023-03-05 8:06:49,1,Rejected
1786,105074,2023-03-06 16:29:30,1,Rejected
1787,105135,2023-03-07 18:05:17,1,Replaced
1788,104572,2023-03-07 21:37:09,1,Replaced
1789,105252,2023-03-10 7:17:53,1,Refunded
1790,105198,2023-03-11 18:25:48,1,Refunded
1791,105274,2023-03-12 2:12:00,1,Refunded
1792,105220,2023-03-12 3:32:05,1,Replaced
1793,102495,2023-03-13 3:47:09,1,Refunded
1794,104815,2023-03-13 9:56:36,1,Refunded
1795,105545,2023-03-14 23:10:49,1,Refunded
1796,105432,2023-03-15 13:40:13,1,Refunded
1797,105714,2023-03-16 2:51:04,1,Approved
1798,104788,2023-03-16 6:50:33,1,Replaced
1799,105380,2023-03-16 17:40:21,1,Rejected
1800,104929,2023-03-17 3:49:19,1,Rejected
1801,105363,2023-03-18 10:32:43,1,Refunded
1802,105681,2023-03-19 11:44:08,1,Replaced
1803,105856,2023-03-20 9:06:13,1,Refunded
1804,105754,2023-03-20 13:07:35,1,Replaced
1805,104427,2023-03-23 2:27:00,1,Approved
1806,105992,2023-03-23 20:00:28,1,Refunded
1807,105591,2023-03-24 7:42:01,1,Refunded
1808,106113,2023-03-25 11:00:37,1,Refunded
1809,106238,2023-03-25 22:44:15,1,Refunded
1810,106080,2023-03-27 6:35:48,1,Replaced
1811,105293,2023-03-27 8:43:28,1,Refunded
1812,106578,2023-03-27 13:57:03,1,Refunded
1813,105296,2023-03-27 14:59:17,1,Refunded
1814,106393,2023-03-27 20:20:19,1,Refunded
1815,106600,2023-03-28 0:51:25,1,Replaced
1816,106278,2023-03-28 7:37:15,1,Refunded
1817,106574,2023-03-29 0:26:47,1,Replaced
1818,105910,2023-03-30 5:39:35,1,Refunded
1819,105337,2023-03-30 18:03:51,1,Refunded
1820,106458,2023-03-31 15:41:30,1,Refunded
1821,106726,2023-04-02 3:48:55,1,Approved
1822,106679,2023-04-02 12:42:45,1,Refunded
1823,106913,2023-04-02 23:12:13,1,Refunded
1824,107044,2023-04-02 23:39:30,1,Rejected
1825,106824,2023-04-03 11:22:56,1,Refunded
1826,106810,2023-04-03 23:08:01,1,Refunded
1827,106971,2023-04-04 4:33:47,1,Replaced
1828,107017,2023-04-05 17:27:51,1,Refunded
1829,106312,2023-04-06 2:44:55,1,Refunded
1830,107131,2023-04-06 5:52:18,1,Refunded
1831,107281,2023-04-06 16:26:56,2,Refunded
1832,107362,2023-04-08 10:35:08,1,Refunded
1833,107309,2023-04-09 5:21:55,1,Refunded
1834,106000,2023-04-11 8:47:03,1,Approved
1835,106572,2023-04-12 3:47:35,1,Refunded
1836,106786,2023-04-12 8:28:07,1,Refunded
1837,107089,2023-04-12 19:45:04,1,Approved
1838,107791,2023-04-14 21:23:51,2,Replaced
1839,107445,2023-04-15 18:46:44,2,Refunded
1840,107045,2023-04-15 19:38:17,1,Refunded
1841,107004,2023-04-15 22:01:56,1,Refunded
1842,106397,2023-04-16 1:19:59,1,Refunded
1843,107776,2023-04-16 2:10:23,1,Refunded
1844,107836,2023-04-16 10:44:49,1,Rejected
1845,107877,2023-04-17 12:46:15,1,Rejected
1846,107805,2023-04-17 21:47:26,1,Refunded
1847,107314,2023-04-18 12:04:58,1,Refunded
1848,107521,2023-04-19 3:57:32,1,Replaced
1849,100070,2023-04-19 4:37:45,1,Refunded
1850,108260,2023-04-20 4:35:12,1,Refunded
1851,108457,2023-04-22 22:35:52,1,Refunded
1852,108030,2023-04-23 9:27:51,1,Refunded
1853,108054,2023-04-23 11:25:20,1,Refunded
1854,106978,2023-04-23 17:27:16,1,Refunded
1855,108187,2023-04-24 5:00:50,1,Refunded
1856,107698,2023-04-24 18:43:16,1,Refunded
1857,106804,2023-04-26 9:05:18,1,Approved
1858,108729,2023-04-26 12:13:45,1,Refunded
1859,108665,2023-04-26 14:17:25,1,Requested
1860,108462,2023-04-28 13:25:18,1,Refunded
1861,108644,2023-04-29 12:38:20,1,Refunded
1862,108988,2023-04-29 21:45:30,1,Approved
1863,108613,2023-04-30 4:43:06,2,Refunded
1864,108942,2023-04-30 14:57:58,1,Refunded
1865,108860,2023-05-01 14:58:26,1,Refunded
1866,109316,2023-05-02 16:17:02,2,Refunded
1867,107299,2023-05-02 18:54:48,1,Rejected
1868,109183,2023-05-03 10:31:36,2,Rejected
1869,109077,2023-05-03 14:53:55,1,Approved
1870,108541,2023-05-04 5:12:50,1,Refunded
1871,109267,2023-05-07 1:44:47,3,Refunded
1872,108040,2023-05-09 4:59:18,1,Refunded
1873,109467,2023-05-09 12:03:10,1,Refunded
1874,109715,2023-05-10 21:46:19,2,Refunded
1875,109522,2023-05-11 17:18:39,1,Refunded
1876,109721,2023-05-12 3:18:23,1,Refunded
1877,109577,2023-05-12 7:02:23,1,Refunded
1878,109811,2023-05-12 7:46:08,1,Refunded
1879,109933,2023-05-13 0:58:23,1,Rejected
1880,110039,2023-05-13 18:11:28,1,Approved
1881,110149,2023-05-15 0:32:42,1,Refunded
1882,109729,2023-05-15 17:07:55,1,Refunded
1883,109478,2023-05-17 23:48:03,1,Refunded
1884,110167,2023-05-18 13:31:37,1,Refunded
1885,110204,2023-05-18 23:24:54,1,Replaced
1886,110085,2023-05-19 4:03:13,1,Refunded
1887,110431,2023-05-20 2:45:10,1,Refunded
1888,110209,2023-05-20 3:14:50,2,Replaced
1889,109899,2023-05-21 4:00:45,1,Refunded
1890,110151,2023-05-21 16:16:45,1,Refunded
1891,109684,2023-05-22 0:55:05,1,Refunded
1892,110643,2023-05-23 16:19:44,1,Refunded
1893,110527,2023-05-24 11:54:14,1,Refunded
1894,110583,2023-05-26 12:59:01,1,Refunded
1895,110905,2023-05-27 4:51:53,1,Replaced
1896,109258,2023-05-27 7:27:04,1,Refunded
1897,110291,2023-05-27 11:45:24,1,Replaced
1898,110381,2023-05-28 7:11:37,1,Requested
1899,110827,2023-05-28 7:28:47,1,Refunded
1900,111143,2023-05-31 7:39:08,1,Refunded
1901,103099,2023-05-31 17:58:27,1,Refunded
1902,111077,2023-05-31 21:25:41,1,Replaced
1903,110871,2023-05-31 22:06:15,1,Approved
1904,109443,2023-06-01 5:42:59,1,Requested
1905,111282,2023-06-01 8:23:42,1,Refunded
1906,110785,2023-06-01 23:32:23,1,Approved
1907,111234,2023-06-02 1:55:25,1,Replaced
1908,111333,2023-06-02 7:44:07,1,Refunded
1909,110461,2023-06-02 18:47:39,1,Refunded
1910,110623,2023-06-03 12:09:42,1,Refunded
1911,111529,2023-06-03 21:14:35,1,Refunded
1912,110672,2023-06-04 0:34:48,1,Refunded
1913,106869,2023-06-05 1:43:20,1,Replaced
1914,111427,2023-06-05 1:48:01,1,Refunded
1915,111141,2023-06-05 22:40:26,1,Refunded
1916,111528,2023-06-06 12:13:33,1,Refunded
1917,111778,2023-06-07 2:34:51,1,Refunded
1918,111523,2023-06-07 9:25:48,1,Approved
1919,111055,2023-06-07 19:05:36,1,Rejected
1920,110605,2023-06-08 17:24:21,1,Refunded
1921,110984,2023-06-09 5:32:31,1,Refunded
1922,111525,2023-06-09 11:08:31,1,Refunded
1923,111781,2023-06-10 12:57:10,1,Approved
1924,111364,2023-06-11 15:31:59,1,Refunded
1925,110313,2023-06-11 16:21:14,1,Refunded
1926,112041,2023-06-11 17:08:37,1,Rejected
1927,111376,2023-06-14 4:56:53,1,Refunded
1928,111495,2023-06-15 21:51:05,1,Replaced
1929,111443,2023-06-15 23:23:56,1,Refunded
1930,110259,2023-06-16 8:50:02,1,Approved
1931,111478,2023-06-16 13:55:21,1,Approved
1932,112214,2023-06-17 18:29:12,1,Replaced
1933,112491,2023-06-18 16:47:09,1,Rejected
1934,112158,2023-06-19 0:51:55,1,Requested
1935,112555,2023-06-19 5:43:17,2,Refunded
1936,112195,2023-06-19 13:25:11,1,Replaced
1937,111146,2023-06-19 18:29:46,1,Refunded
1938,112490,2023-06-20 3:58:59,1,Refunded
1939,111549,2023-06-20 12:07:08,1,Refunded
1940,112607,2023-06-20 18:02:14,1,Refunded
1941,112481,2023-06-21 15:44:06,1,Replaced
1942,112739,2023-06-21 17:03:42,1,Refunded
1943,112844,2023-06-22 23:48:56,1,Replaced
1944,112390,2023-06-23 13:51:18,1,Replaced
1945,112410,2023-06-23 19:36:31,1,Replaced
1946,110410,2023-06-24 16:13:22,1,Refunded
1947,112832,2023-06-24 23:03:41,1,Approved
1948,113121,2023-06-25 5:27:46,1,Approved
1949,112485,2023-06-25 16:53:36,1,Refunded
1950,112590,2023-06-26 1:40:23,1,Rejected
1951,113330,2023-06-27 0:17:01,1,Refunded
1952,112157,2023-06-27 2:34:09,1,Refunded
1953,113222,2023-06-29 14:54:15,1,Refunded
1954,113457,2023-06-30 14:30:42,1,Refunded
1955,113491,2023-07-02 9:24:48,1,Replaced
1956,113560,2023-07-02 15:45:04,1,Refunded
1957,112438,2023-07-04 7:08:22,1,Refunded
1958,113353,2023-07-04 9:04:04,1,Replaced
1959,113713,2023-07-04 9:26:41,1,Refunded
1960,113559,2023-07-04 10:26:16,1,Refunded
1961,113687,2023-07-04 18:18:54,1,Refunded
1962,112904,2023-07-05 8:10:15,1,Refunded
1963,113675,2023-07-06 8:32:35,2,Refunded
1964,113486,2023-07-06 11:54:19,1,Refunded
1965,113427,2023-07-08 12:21:04,1,Replaced
1966,113851,2023-07-08 22:05:28,1,Refunded
1967,113481,2023-07-10 7:09:06,1,Rejected
1968,114247,2023-07-10 13:34:19,1,Replaced
1969,114435,2023-07-11 19:27:06,1,Refunded
1970,114210,2023-07-12 0:32:20,1,Refunded
1971,114412,2023-07-12 15:45:21,1,Refunded
1972,113109,2023-07-13 11:17:09,1,Refunded
1973,113781,2023-07-13 23:17:37,1,Refunded
1974,114359,2023-07-14 4:53:29,1,Refunded
1975,114295,2023-07-14 6:17:30,1,Refunded
1976,114331,2023-07-14 9:31:31,1,Refunded
1977,114415,2023-07-15 2:11:26,1,Refunded
1978,114535,2023-07-15 11:42:50,1,Refunded
1979,111653,2023-07-16 8:42:09,1,Refunded
1980,114356,2023-07-16 14:50:52,2,Approved
1981,113453,2023-07-17 3:29:04,1,Refunded
1982,114660,2023-07-17 17:57:53,1,Refunded
1983,114438,2023-07-18 17:28:27,1,Replaced
1984,114863,2023-07-19 16:54:28,1,Refunded
1985,113901,2023-07-19 23:23:50,1,Refunded
1986,114771,2023-07-22 16:14:36,1,Approved
1987,115221,2023-07-22 22:41:06,1,Replaced
1988,114868,2023-07-23 10:35:12,1,Refunded
1989,115095,2023-07-23 17:43:03,1,Refunded
1990,114862,2023-07-24 20:37:28,1,Refunded
1991,115154,2023-07-25 0:12:39,1,Replaced
1992,113935,2023-07-25 16:19:39,1,Refunded
1993,113887,2023-07-26 1:16:17,1,Refunded
1994,115155,2023-07-26 4:11:22,1,Refunded
1995,115277,2023-07-26 5:52:57,1,Refunded
1996,114507,2023-07-27 0:32:53,1,Approved
1997,114520,2023-07-27 5:16:44,1,Rejected
1998,115582,2023-07-27 7:15:57,1,Refunded
1999,115581,2023-07-27 9:59:57,1,Refunded
2000,114664,2023-07-27 22:42:43,1,Rejected
2001,115611,2023-07-29 14:14:58,1,Refunded
2002,115916,2023-07-31 0:35:56,1,Approved
2003,115367,2023-07-31 13:21:36,1,Replaced
2004,115944,2023-07-31 22:03:16,1,Refunded
2005,115764,2023-08-02 12:15:57,1,Rejected
2006,116244,2023-08-03 20:30:48,1,Approved
2007,115711,2023-08-04 15:08:06,1,Approved
2008,114478,2023-08-05 10:07:06,1,Replaced
2009,116182,2023-08-06 8:26:29,1,Rejected
2010,115935,2023-08-06 9:30:06,1,Refunded
2011,115324,2023-08-07 7:52:25,1,Refunded
2012,116110,2023-08-07 15:43:18,3,Refunded
2013,115522,2023-08-07 15:49:32,1,Refunded
2014,116558,2023-08-08 9:22:31,1,Replaced
2015,114880,2023-08-08 18:34:35,1,Replaced
2016,116334,2023-08-09 0:37:47,1,Refunded
2017,116439,2023-08-09 12:00:21,1,Refunded
2018,116452,2023-08-10 0:10:15,1,Replaced
2019,116418,2023-08-11 4:09:46,1,Refunded
2020,116013,2023-08-11 19:10:11,1,Refunded
2021,116177,2023-08-12 9:19:10,1,Refunded
2022,116731,2023-08-12 14:13:55,2,Refunded
2023,115975,2023-08-12 15:36:41,1,Refunded
2024,116477,2023-08-12 21:08:26,1,Replaced
2025,116791,2023-08-12 23:21:01,1,Refunded
2026,116853,2023-08-13 8:43:42,2,Refunded
2027,115930,2023-08-13 8:46:39,1,Replaced
2028,115061,2023-08-16 14:33:34,1,Requested
2029,116071,2023-08-16 17:08:46,1,Refunded
2030,116850,2023-08-17 2:52:39,1,Replaced
2031,116595,2023-08-17 5:24:46,1,Rejected
2032,116236,2023-08-18 9:06:05,1,Replaced
2033,116632,2023-08-21 7:53:37,1,Refunded
2034,116232,2023-08-22 8:57:53,1,Rejected
2035,117504,2023-08-22 17:00:21,1,Refunded
2036,117593,2023-08-25 7:26:47,1,Refunded
2037,117847,2023-08-26 19:42:46,1,Refunded
2038,117182,2023-08-27 10:04:56,1,Refunded
2039,117685,2023-08-27 16:28:59,1,Refunded
2040,117910,2023-08-28 1:40:10,1,Rejected
2041,117673,2023-08-28 12:04:28,1,Refunded
2042,118104,2023-08-30 2:39:47,1,Rejected
2043,116879,2023-08-31 0:55:54,1,Refunded
2044,117559,2023-09-01 2:02:19,1,Refunded
2045,118200,2023-09-01 7:04:26,1,Replaced
2046,117981,2023-09-01 7:20:02,1,Refunded
2047,117724,2023-09-01 12:43:16,1,Refunded
2048,117540,2023-09-02 2:16:34,1,Replaced
2049,118181,2023-09-02 18:28:05,1,Refunded
2050,118297,2023-09-03 1:23:37,2,Rejected
2051,118473,2023-09-04 4:43:00,1,Refunded
2052,118435,2023-09-04 11:35:35,3,Replaced
2053,118223,2023-09-05 5:17:07,1,Refunded
2054,117694,2023-09-06 2:14:21,1,Refunded
2055,117523,2023-09-07 1:11:03,1,Refunded
2056,118793,2023-09-07 1:19:10,1,Replaced
2057,118229,2023-09-07 8:23:17,1,Refunded
2058,118509,2023-09-08 13:49:58,1,Replaced
2059,118071,2023-09-08 21:45:39,1,Refunded
2060,118846,2023-09-09 14:08:23,1,Approved
2061,117881,2023-09-09 14:20:23,1,Refunded
2062,118636,2023-09-09 16:29:41,1,Refunded
2063,118959,2023-09-10 7:09:59,1,Refunded
2064,118620,2023-09-10 7:14:39,1,Rejected
2065,117105,2023-09-11 3:25:55,1,Refunded
2066,117343,2023-09-12 5:10:24,1,Refunded
2067,118718,2023-09-12 18:22:31,1,Rejected
2068,118133,2023-09-13 17:31:12,1,Rejected
2069,118482,2023-09-13 19:43:29,1,Refunded
2070,118618,2023-09-13 21:39:11,1,Refunded
2071,117970,2023-09-14 0:49:58,1,Approved
2072,119340,2023-09-16 2:44:27,1,Refunded
2073,119365,2023-09-16 3:33:26,1,Refunded
2074,119003,2023-09-16 6:28:02,1,Replaced
2075,119083,2023-09-17 0:51:10,1,Refunded
2076,119330,2023-09-17 7:08:14,1,Requested
2077,118400,2023-09-17 9:25:48,1,Rejected
2078,117797,2023-09-17 13:06:07,1,Refunded
2079,119546,2023-09-18 9:04:23,1,Refunded
2080,119125,2023-09-20 3:53:00,1,Replaced
2081,118481,2023-09-20 6:29:38,1,Refunded
2082,118188,2023-09-20 6:57:32,1,Rejected
2083,119522,2023-09-20 10:26:47,1,Rejected
2084,116519,2023-09-20 12:20:07,1,Refunded
2085,119808,2023-09-21 10:01:57,1,Refunded
2086,119076,2023-09-21 14:27:18,1,Refunded
2087,119891,2023-09-22 20:29:04,1,Approved
2088,119835,2023-09-24 20:46:54,1,Refunded
2089,119925,2023-09-26 4:39:16,1,Replaced
2090,120062,2023-09-27 5:51:42,1,Refunded
2091,120104,2023-09-28 4:00:48,1,Replaced
2092,120365,2023-09-28 4:29:36,1,Refunded
2093,119967,2023-09-28 12:42:57,1,Refunded
2094,119410,2023-09-28 19:30:49,1,Refunded
2095,120414,2023-09-29 1:28:29,1,Refunded
2096,116146,2023-09-29 11:52:34,1,Replaced
2097,120054,2023-09-29 12:26:54,1,Replaced
2098,118617,2023-09-29 18:50:33,1,Refunded
2099,120304,2023-09-30 12:33:55,1,Refunded
2100,120213,2023-10-01 11:19:09,1,Refunded
2101,120275,2023-10-01 20:42:39,1,Replaced
2102,119779,2023-10-01 21:55:01,1,Rejected
2103,120803,2023-10-02 18:07:30,1,Refunded
2104,119739,2023-10-02 19:22:49,1,Refunded
2105,117421,2023-10-02 22:12:24,1,Refunded
2106,120792,2023-10-03 10:56:53,1,Rejected
2107,120543,2023-10-04 6:57:11,1,Rejected
2108,121050,2023-10-04 20:04:00,1,Refunded
2109,120612,2023-10-04 22:08:13,1,Refunded
2110,120594,2023-10-05 5:19:38,1,Refunded
2111,120632,2023-10-05 9:00:41,1,Rejected
2112,120887,2023-10-05 12:56:33,1,Rejected
2113,121409,2023-10-07 19:14:02,1,Requested
2114,120610,2023-10-08 7:08:42,1,Refunded
2115,121509,2023-10-08 8:14:31,1,Refunded
2116,120227,2023-10-08 15:25:08,1,Refunded
2117,121252,2023-10-08 22:12:32,1,Rejected
2118,120753,2023-10-09 0:18:39,1,Replaced
2119,120652,2023-10-09 4:37:32,1,Refunded
2120,120995,2023-10-09 10:17:06,1,Refunded
2121,120554,2023-10-09 15:05:57,1,Rejected
2122,121088,2023-10-10 12:06:42,1,Refunded
2123,118330,2023-10-10 13:08:36,1,Rejected
2124,120600,2023-10-10 15:12:19,1,Replaced
2125,121617,2023-10-10 19:44:25,1,Replaced
2126,120209,2023-10-11 22:58:39,1,Refunded
2127,121601,2023-10-12 3:43:01,1,Replaced
2128,121136,2023-10-12 6:05:43,1,Refunded
2129,120523,2023-10-12 8:03:24,1,Refunded
2130,121642,2023-10-12 20:24:55,1,Refunded
2131,122082,2023-10-13 3:01:08,1,Refunded
2132,121232,2023-10-13 12:01:58,1,Refunded
2133,121759,2023-10-13 15:43:33,3,Refunded
2134,119807,2023-10-13 16:09:57,1,Rejected
2135,121506,2023-10-13 19:28:19,1,Replaced
2136,121106,2023-10-13 20:59:31,1,Refunded
2137,121471,2023-10-14 6:44:06,2,Refunded
2138,121621,2023-10-14 11:57:17,1,Refunded
2139,122055,2023-10-14 23:02:47,1,Replaced
2140,122329,2023-10-15 20:23:01,1,Requested
2141,122112,2023-10-16 6:48:17,2,Refunded
2142,121870,2023-10-16 12:28:36,2,Refunded
2143,121666,2023-10-16 18:43:42,1,Approved
2144,122468,2023-10-17 1:52:40,1,Refunded
2145,122756,2023-10-17 18:09:15,1,Approved
2146,122331,2023-10-18 3:41:51,1,Rejected
2147,122044,2023-10-18 11:23:17,1,Requested
2148,122545,2023-10-18 12:11:02,1,Refunded
2149,121195,2023-10-18 20:07:11,1,Replaced
2150,122688,2023-10-20 4:33:02,1,Replaced
2151,123116,2023-10-20 19:53:49,1,Refunded
2152,122973,2023-10-21 3:37:45,1,Replaced
2153,122445,2023-10-21 4:52:07,1,Refunded
2154,122942,2023-10-22 1:38:58,1,Replaced
2155,122774,2023-10-22 6:30:01,1,Rejected
2156,122167,2023-10-22 8:14:53,1,Refunded
2157,122195,2023-10-22 11:47:12,1,Rejected
2158,123396,2023-10-22 18:00:28,1,Refunded
2159,123033,2023-10-22 18:50:10,1,Refunded
2160,121651,2023-10-22 20:16:38,1,Refunded
2161,122085,2023-10-23 0:41:10,1,Refunded
2162,123270,2023-10-23 3:10:46,1,Refunded
2163,122319,2023-10-23 12:51:51,1,Refunded
2164,123232,2023-10-24 9:19:43,1,Refunded
2165,122771,2023-10-24 18:13:32,1,Refunded
2166,120856,2023-10-25 5:39:59,1,Refunded
2167,118555,2023-10-25 12:41:13,1,Refunded
2168,123173,2023-10-25 21:48:10,1,Approved
2169,123711,2023-10-26 8:37:44,1,Replaced
2170,123849,2023-10-26 15:47:16,1,Refunded
2171,122298,2023-10-26 19:54:25,1,Refunded
2172,123028,2023-10-27 1:43:38,1,Refunded
2173,121883,2023-10-27 11:18:35,1,Refunded
2174,121227,2023-10-28 19:05:53,1,Refunded
2175,124104,2023-10-28 20:00:14,1,Refunded
2176,122655,2023-10-30 8:54:04,1,Rejected
2177,123746,2023-10-30 15:38:06,1,Refunded
2178,118346,2023-10-30 19:40:18,1,Refunded
2179,122971,2023-10-31 2:33:57,1,Rejected
2180,124200,2023-10-31 2:38:01,1,Refunded
2181,123666,2023-10-31 15:56:18,1,Rejected
2182,124438,2023-11-01 16:13:23,1,Refunded
2183,124602,2023-11-02 13:29:18,1,Refunded
2184,123032,2023-11-02 21:01:31,1,Replaced
2185,124608,2023-11-02 23:54:09,1,Refunded
2186,124095,2023-11-03 20:44:44,1,Replaced
2187,123457,2023-11-03 22:59:11,1,Rejected
2188,124660,2023-11-04 4:30:55,1,Requested
2189,124576,2023-11-04 15:13:22,1,Replaced
2190,124783,2023-11-04 22:13:32,1,Refunded
2191,124912,2023-11-05 2:40:57,1,Refunded
2192,123892,2023-11-05 20:29:40,1,Refunded
2193,125066,2023-11-06 3:35:14,1,Refunded
2194,124391,2023-11-06 4:58:13,1,Refunded
2195,123717,2023-11-06 15:18:31,1,Refunded
2196,124085,2023-11-06 21:55:13,1,Requested
2197,123576,2023-11-06 23:56:34,1,Refunded
2198,125305,2023-11-07 6:19:46,1,Replaced
2199,125120,2023-11-07 17:23:39,1,Refunded
2200,121954,2023-11-08 21:49:09,1,Refunded
2201,125632,2023-11-09 5:39:05,1,Refunded
2202,124847,2023-11-09 17:48:02,1,Replaced
2203,124942,2023-11-09 18:46:19,1,Replaced
2204,124933,2023-11-10 14:20:38,1,Refunded
2205,124803,2023-11-10 22:05:01,1,Refunded
2206,124846,2023-11-11 1:17:48,1,Refunded
2207,122092,2023-11-11 10:43:24,1,Rejected
2208,124986,2023-11-11 10:56:24,1,Refunded
2209,123641,2023-11-11 12:39:45,1,Rejected
2210,125307,2023-11-12 7:20:58,1,Refunded
2211,126054,2023-11-12 16:31:31,1,Rejected
2212,124381,2023-11-12 16:31:41,1,Refunded
2213,124768,2023-11-13 4:13:34,1,Refunded
2214,125264,2023-11-13 5:19:45,1,Replaced
2215,126007,2023-11-14 2:26:51,1,Refunded
2216,125184,2023-11-14 2:27:32,1,Refunded
2217,126005,2023-11-15 0:44:34,1,Refunded
2218,125710,2023-11-15 12:38:37,1,Approved
2219,125798,2023-11-15 21:06:32,1,Requested
2220,125908,2023-11-15 22:09:49,1,Refunded
2221,125686,2023-11-15 22:51:20,1,Approved
2222,124978,2023-11-16 13:45:56,1,Approved
2223,126652,2023-11-17 13:34:23,1,Refunded
2224,126660,2023-11-17 14:26:35,1,Refunded
2225,126590,2023-11-17 18:25:31,1,Refunded
2226,126502,2023-11-18 2:14:58,1,Rejected
2227,126183,2023-11-18 6:48:06,1,Refunded
2228,126538,2023-11-18 7:10:21,1,Replaced
2229,125337,2023-11-18 8:06:01,1,Refunded
2230,126124,2023-11-18 17:58:52,3,Refunded
2231,126480,2023-11-18 22:01:56,1,Refunded
2232,126046,2023-11-18 23:05:38,1,Rejected
2233,126039,2023-11-19 0:30:41,2,Refunded
2234,125465,2023-11-19 4:32:36,1,Rejected
2235,126321,2023-11-19 4:37:44,2,Refunded
2236,126184,2023-11-19 7:03:56,1,Refunded
2237,126202,2023-11-19 8:08:17,1,Refunded
2238,125670,2023-11-19 13:46:00,1,Refunded
2239,120035,2023-11-20 14:41:00,1,Rejected
2240,125344,2023-11-20 18:14:23,1,Replaced
2241,124123,2023-11-20 21:53:10,1,Rejected
2242,127055,2023-11-20 23:05:45,1,Replaced
2243,126106,2023-11-21 3:36:19,1,Refunded
2244,126930,2023-11-21 5:56:31,1,Refunded
2245,126342,2023-11-21 6:35:49,1,Refunded
2246,126782,2023-11-21 8:03:05,1,Refunded
2247,126906,2023-11-21 18:01:12,1,Approved
2248,127497,2023-11-23 11:24:36,1,Refunded
2249,126789,2023-11-23 15:22:46,1,Replaced
2250,126817,2023-11-23 21:21:44,1,Refunded
2251,126757,2023-11-24 0:02:34,1,Refunded
2252,126781,2023-11-24 5:49:20,1,Refunded
2253,127246,2023-11-24 6:42:24,1,Refunded
2254,126140,2023-11-24 6:45:52,1,Refunded
2255,125911,2023-11-24 6:58:58,1,Rejected
2256,127153,2023-11-24 16:42:42,1,Replaced
2257,127655,2023-11-25 6:48:47,2,Rejected
2258,126013,2023-11-25 15:33:11,1,Refunded
2259,126072,2023-11-25 16:01:44,1,Replaced
2260,127048,2023-11-26 10:17:52,1,Refunded
2261,126633,2023-11-26 13:04:52,1,Refunded
2262,127607,2023-11-26 17:48:09,1,Refunded
2263,127893,2023-11-26 20:27:22,1,Refunded
2264,126071,2023-11-26 21:56:26,1,Replaced
2265,127247,2023-11-26 22:12:24,1,Refunded
2266,127358,2023-11-27 3:18:15,1,Refunded
2267,125547,2023-11-27 14:54:56,1,Refunded
2268,124763,2023-11-27 22:19:25,1,Refunded
2269,127995,2023-11-27 22:39:31,1,Refunded
2270,127546,2023-11-28 7:16:09,1,Refunded
2271,127790,2023-11-28 7:26:45,1,Refunded
2272,127961,2023-11-28 14:22:01,1,Refunded
2273,128164,2023-11-28 21:01:37,1,Refunded
2274,128094,2023-11-29 6:35:09,1,Refunded
2275,127614,2023-11-30 5:51:24,1,Rejected
2276,126692,2023-11-30 11:28:56,1,Replaced
2277,127873,2023-11-30 18:33:07,1,Refunded
2278,126752,2023-12-01 17:14:40,1,Requested
2279,127939,2023-12-01 18:19:12,1,Refunded
2280,124629,2023-12-02 1:14:43,1,Replaced
2281,127875,2023-12-02 7:53:31,1,Refunded
2282,127867,2023-12-02 15:51:41,1,Refunded
2283,127452,2023-12-02 20:42:15,1,Replaced
2284,126463,2023-12-02 23:59:17,1,Refunded
2285,126979,2023-12-03 1:22:01,1,Rejected
2286,128395,2023-12-03 2:25:08,1,Refunded
2287,128721,2023-12-03 4:33:47,1,Replaced
2288,127557,2023-12-03 20:08:46,1,Refunded
2289,128659,2023-12-03 22:57:31,3,Rejected
2290,128534,2023-12-04 1:25:33,1,Refunded
2291,128220,2023-12-04 10:24:33,1,Refunded
2292,127733,2023-12-04 14:32:38,1,Refunded
2293,128884,2023-12-05 14:40:33,2,Refunded
2294,128255,2023-12-05 17:09:29,1,Refunded
2295,128828,2023-12-05 17:46:23,1,Refunded
2296,125431,2023-12-05 22:42:06,1,Refunded
2297,128454,2023-12-06 3:17:26,1,Replaced
2298,128783,2023-12-06 13:26:01,1,Replaced
2299,128591,2023-12-06 14:30:05,1,Replaced
2300,127428,2023-12-07 2:31:22,1,Refunded
2301,128044,2023-12-07 3:28:45,1,Replaced
2302,128323,2023-12-08 18:08:24,1,Refunded
2303,128069,2023-12-08 20:01:43,1,Refunded
2304,124622,2023-12-10 20:37:27,1,Refunded
2305,128848,2023-12-10 23:13:14,1,Refunded
2306,127444,2023-12-11 3:42:37,1,Refunded
2307,129083,2023-12-11 5:12:36,1,Refunded
2308,129071,2023-12-11 11:47:22,1,Refunded
2309,124619,2023-12-11 11:48:58,1,Refunded
2310,129364,2023-12-11 21:35:33,1,Replaced
2311,128990,2023-12-12 18:06:55,1,Replaced
2312,129446,2023-12-12 19:08:11,2,Refunded
2313,129309,2023-12-12 22:09:30,1,Rejected
2314,129106,2023-12-13 16:34:09,1,Rejected
2315,129225,2023-12-14 5:37:53,1,Requested
2316,129548,2023-12-14 9:44:24,1,Refunded
2317,129496,2023-12-14 16:25:02,1,Refunded
2318,129481,2023-12-14 19:20:30,1,Replaced
2319,129336,2023-12-14 21:51:47,1,Refunded
2320,129114,2023-12-15 1:31:16,1,Rejected
2321,127742,2023-12-15 21:09:46,1,Refunded
2322,129550,2023-12-16 1:25:23,1,Refunded
2323,127123,2023-12-16 12:44:42,1,Refunded
2324,128849,2023-12-16 15:47:18,1,Refunded
2325,128910,2023-12-17 18:02:51,1,Refunded
2326,125732,2023-12-18 7:27:51,1,Requested
2327,129147,2023-12-19 8:20:30,1,Rejected
2328,129572,2023-12-19 9:31:02,1,Approved
2329,129592,2023-12-19 12:38:42,1,Rejected
2330,129086,2023-12-20 20:01:56,1,Refunded
2331,129947,2023-12-20 21:17:06,1,Approved
2332,127505,2023-12-21 14:37:28,1,Refunded
2333,129945,2023-12-22 11:36:01,1,Refunded
2334,130050,2023-12-22 16:32:28,1,Refunded
2335,129141,2023-12-22 21:21:31,1,Rejected
2336,130003,2023-12-22 22:00:07,1,Refunded
2337,129782,2023-12-22 23:14:32,1,Refunded
2338,129521,2023-12-23 7:54:14,1,Refunded
2339,130027,2023-12-23 23:36:55,1,Replaced
2340,129775,2023-12-24 4:12:38,1,Rejected
2341,129197,2023-12-24 10:59:13,1,Refunded
2342,129961,2023-12-24 22:46:07,1,Refunded
2343,129925,2023-12-25 13:49:27,1,Refunded
2344,129299,2023-12-26 4:33:20,1,Requested
2345,128956,2023-12-26 18:10:45,1,Refunded
2346,130192,2023-12-26 20:07:21,1,Refunded
2347,130130,2023-12-27 14:06:04,1,Refunded
2348,129701,2023-12-27 16:58:54,1,Replaced
2349,130145,2023-12-27 20:24:44,1,Refunded
2350,129613,2023-12-28 12:30:02,1,Refunded
2351,130713,2023-12-30 5:15:16,1,Refunded
2352,130439,2023-12-30 12:09:46,1,Approved
2353,129497,2023-12-31 10:11:07,1,Refunded
2354,130519,2024-01-01 9:57:21,1,Refunded
2355,130180,2024-01-01 17:21:32,1,Refunded
2356,129659,2024-01-02 1:45:42,1,Refunded
2357,130964,2024-01-02 11:37:41,1,Refunded
2358,130886,2024-01-03 0:24:14,1,Refunded
2359,130604,2024-01-03 1:45:40,1,Refunded
2360,130578,2024-01-06 1:38:54,1,Refunded
2361,130237,2024-01-06 1:44:16,1,Replaced
2362,130241,2024-01-06 22:20:04,1,Refunded
2363,131053,2024-01-08 1:56:18,1,Approved
2364,131143,2024-01-09 2:35:39,1,Replaced
2365,130084,2024-01-09 5:48:25,1,Refunded
2366,131387,2024-01-09 15:30:38,1,Refunded
2367,131366,2024-01-10 14:57:18,1,Replaced
2368,130307,2024-01-10 19:48:47,1,Refunded
2369,131479,2024-01-11 11:05:20,1,Refunded
2370,131634,2024-01-12 12:42:11,1,Replaced
2371,131028,2024-01-12 14:20:24,1,Refunded
2372,130784,2024-01-13 5:34:15,1,Requested
2373,131332,2024-01-13 14:50:06,1,Requested
2374,131414,2024-01-14 2:59:31,1,Refunded
2375,131132,2024-01-15 8:56:38,1,Replaced
2376,125185,2024-01-15 20:32:32,1,Refunded
2377,130021,2024-01-16 23:07:27,1,Refunded
2378,130362,2024-01-17 2:26:57,1,Replaced
2379,131881,2024-01-18 10:40:19,1,Refunded
2380,131844,2024-01-19 14:17:50,1,Replaced
2381,131951,2024-01-19 22:38:24,1,Replaced
2382,132127,2024-01-20 8:34:51,1,Refunded
2383,131757,2024-01-20 11:32:13,2,Refunded
2384,132232,2024-01-21 12:58:26,1,Refunded
2385,132188,2024-01-21 17:52:08,1,Refunded
2386,132257,2024-01-22 12:13:14,1,Refunded
2387,122813,2024-01-22 19:36:25,1,Replaced
2388,130938,2024-01-22 20:32:28,1,Refunded
2389,132093,2024-01-23 1:19:27,1,Rejected
2390,131793,2024-01-23 13:35:23,1,Replaced
2391,131063,2024-01-23 21:34:12,1,Refunded
2392,132099,2024-01-24 23:04:06,1,Refunded
2393,131690,2024-01-25 10:48:13,1,Refunded
2394,132125,2024-01-25 16:50:59,1,Approved
2395,130372,2024-01-26 3:59:30,1,Refunded
2396,132338,2024-01-26 4:26:00,1,Rejected
2397,131719,2024-01-26 17:58:11,1,Refunded
2398,132672,2024-01-27 17:05:20,1,Refunded
2399,130940,2024-01-27 17:26:45,1,Approved
2400,128633,2024-01-27 21:47:22,1,Refunded
2401,125112,2024-01-28 2:57:27,1,Refunded
2402,132453,2024-01-29 6:25:36,1,Refunded
2403,132593,2024-01-29 16:44:36,1,Refunded
2404,132624,2024-01-30 3:34:03,1,Refunded
2405,131830,2024-01-30 5:41:24,1,Refunded
2406,132969,2024-01-30 13:20:54,1,Refunded
2407,132251,2024-01-30 16:30:11,1,Refunded
2408,132699,2024-01-31 4:17:29,1,Requested
2409,132781,2024-02-01 2:47:30,1,Refunded
2410,132909,2024-02-01 16:33:56,1,Refunded
2411,132958,2024-02-03 12:40:11,1,Refunded
2412,133235,2024-02-05 8:57:50,1,Rejected
2413,132394,2024-02-05 15:05:02,1,Replaced
2414,133057,2024-02-06 16:27:38,1,Replaced
2415,133250,2024-02-06 19:45:03,1,Refunded
2416,133086,2024-02-07 12:26:22,2,Refunded
2417,133356,2024-02-07 22:34:59,1,Refunded
2418,131721,2024-02-08 5:56:05,1,Refunded
2419,132884,2024-02-08 8:48:32,1,Refunded
2420,133143,2024-02-08 17:08:35,2,Refunded
2421,132956,2024-02-08 20:09:00,1,Refunded
2422,133354,2024-02-09 6:21:11,1,Rejected
2423,133540,2024-02-09 13:57:50,1,Approved
2424,133316,2024-02-09 21:31:46,1,Refunded
2425,133684,2024-02-10 8:21:13,1,Rejected
2426,130716,2024-02-10 9:47:14,1,Refunded
2427,133184,2024-02-10 19:09:06,1,Refunded
2428,132431,2024-02-10 21:22:06,1,Rejected
2429,133345,2024-02-11 2:13:52,1,Approved
2430,132833,2024-02-11 22:42:16,1,Replaced
2431,133503,2024-02-12 1:47:23,1,Requested
2432,133530,2024-02-12 17:03:21,1,Refunded
2433,132935,2024-02-12 20:51:47,1,Rejected
2434,131911,2024-02-14 5:26:56,1,Replaced
2435,133216,2024-02-14 9:30:14,1,Approved
2436,133736,2024-02-16 13:51:11,1,Rejected
2437,133642,2024-02-16 14:38:47,1,Replaced
2438,131225,2024-02-16 20:55:24,1,Replaced
2439,134094,2024-02-17 0:30:46,2,Refunded
2440,134188,2024-02-17 16:43:27,1,Approved
2441,133594,2024-02-17 19:20:23,1,Refunded
2442,134280,2024-02-18 10:25:01,1,Replaced
2443,134309,2024-02-19 23:52:22,1,Approved
2444,132648,2024-02-20 4:24:23,1,Refunded
2445,134045,2024-02-20 5:46:50,1,Refunded
2446,132294,2024-02-20 9:42:47,1,Refunded
2447,133809,2024-02-20 21:06:12,1,Refunded
2448,134406,2024-02-21 9:20:03,1,Rejected
2449,133100,2024-02-21 15:12:54,1,Refunded
2450,134543,2024-02-22 0:48:38,1,Refunded
2451,134267,2024-02-22 8:18:46,1,Requested
2452,132535,2024-02-22 11:32:53,1,Refunded
2453,134404,2024-02-23 3:53:11,1,Approved
2454,134681,2024-02-23 20:14:08,1,Refunded
2455,134682,2024-02-23 21:43:32,1,Rejected
2456,133059,2024-02-24 0:42:46,1,Refunded
2457,134481,2024-02-24 2:26:23,1,Refunded
2458,134473,2024-02-24 8:13:31,1,Refunded
2459,133418,2024-02-25 17:38:41,1,Refunded
2460,134894,2024-02-26 12:43:26,1,Refunded
2461,134233,2024-02-28 2:07:51,1,Refunded
2462,134220,2024-02-29 3:16:40,1,Refunded
2463,134816,2024-02-29 6:21:10,1,Rejected
2464,135195,2024-03-01 4:46:55,1,Refunded
2465,135268,2024-03-01 21:13:33,1,Refunded
2466,135102,2024-03-01 22:08:43,1,Replaced
2467,134038,2024-03-02 4:11:47,1,Refunded
2468,135095,2024-03-02 14:33:26,1,Refunded
2469,135114,2024-03-06 5:53:16,1,Refunded
2470,134845,2024-03-07 0:12:01,1,Refunded
2471,135093,2024-03-07 8:19:16,1,Refunded
2472,133818,2024-03-07 13:24:55,1,Replaced
2473,135575,2024-03-08 0:55:51,1,Refunded
2474,134893,2024-03-08 20:06:49,1,Approved
2475,135434,2024-03-09 0:10:03,1,Replaced
2476,135705,2024-03-09 15:37:26,1,Approved
2477,135829,2024-03-10 8:10:06,1,Refunded
2478,135066,2024-03-11 15:17:38,1,Refunded
2479,135699,2024-03-12 6:42:26,1,Refunded
2480,136044,2024-03-16 2:03:37,2,Refunded
2481,136204,2024-03-16 4:28:24,1,Refunded
2482,136184,2024-03-16 7:28:18,3,Refunded
2483,134780,2024-03-16 14:53:27,1,Rejected
2484,134449,2024-03-17 0:02:05,1,Refunded
2485,135618,2024-03-18 19:14:31,1,Refunded
2486,136449,2024-03-19 13:30:04,1,Refunded
2487,136269,2024-03-20 3:57:28,1,Refunded
2488,135889,2024-03-20 15:05:02,1,Refunded
2489,136362,2024-03-20 22:05:44,1,Refunded
2490,136349,2024-03-20 23:22:55,1,Refunded
2491,135584,2024-03-21 1:26:19,1,Replaced
2492,136486,2024-03-25 2:41:10,1,Refunded
2493,135526,2024-03-25 7:11:50,1,Refunded
2494,136655,2024-03-26 21:12:31,1,Refunded
2495,136605,2024-03-27 0:42:48,1,Refunded
2496,137096,2024-03-27 19:42:45,1,Refunded
2497,136176,2024-03-28 2:23:16,1,Refunded
2498,137135,2024-03-28 5:49:53,1,Refunded
2499,136779,2024-03-28 16:28:11,2,Rejected
2500,136790,2024-03-29 2:20:19,1,Approved
2501,136485,2024-03-29 4:27:34,1,Refunded
2502,134268,2024-03-29 10:35:32,1,Refunded
2503,136638,2024-03-29 10:45:09,1,Replaced
2504,137372,2024-03-30 23:02:35,1,Replaced
2505,137042,2024-03-31 13:23:05,1,Rejected
2506,137172,2024-04-02 6:16:23,1,Refunded
2507,137127,2024-04-02 7:50:52,1,Refunded
2508,137216,2024-04-03 1:16:22,1,Refunded
2509,135625,2024-04-03 7:59:26,1,Refunded
2510,136186,2024-04-03 8:22:10,1,Refunded
2511,137169,2024-04-04 10:30:55,1,Replaced
2512,137140,2024-04-04 11:21:15,1,Replaced
2513,137674,2024-04-04 15:50:19,1,Approved
2514,137424,2024-04-05 8:24:06,1,Refunded
2515,137497,2024-04-05 19:17:15,1,Replaced
2516,137900,2024-04-06 4:57:37,1,Rejected
2517,137870,2024-04-07 3:02:25,1,Replaced
2518,137803,2024-04-07 9:23:04,2,Refunded
2519,136890,2024-04-07 12:36:33,1,Refunded
2520,137011,2024-04-08 7:58:11,1,Refunded
2521,136244,2024-04-08 16:09:57,1,Refunded
2522,137470,2024-04-08 18:13:02,1,Rejected
2523,138151,2024-04-10 17:54:27,1,Refunded
2524,137477,2024-04-10 20:25:36,1,Refunded
2525,138170,2024-04-11 23:34:36,1,Refunded
2526,137686,2024-04-12 1:40:21,1,Refunded
2527,138348,2024-04-12 8:21:05,1,Rejected
2528,138492,2024-04-13 1:03:22,1,Replaced
2529,138108,2024-04-13 15:35:40,1,Refunded
2530,137760,2024-04-14 1:51:32,1,Refunded
2531,138730,2024-04-15 15:21:47,1,Refunded
2532,137710,2024-04-16 7:31:30,1,Refunded
2533,138491,2024-04-16 9:25:59,1,Requested
2534,136543,2024-04-16 9:44:35,1,Refunded
2535,138450,2024-04-17 19:42:26,1,Refunded
2536,134319,2024-04-19 7:42:45,1,Refunded
2537,138942,2024-04-19 13:40:27,1,Replaced
2538,138304,2024-04-19 21:23:38,1,Refunded
2539,138684,2024-04-20 8:23:19,1,Replaced
2540,137904,2024-04-20 10:47:41,1,Refunded
2541,134683,2024-04-20 14:17:54,1,Refunded
2542,139116,2024-04-21 11:20:46,3,Approved
2543,139073,2024-04-22 17:11:21,1,Refunded
2544,138736,2024-04-22 20:24:17,1,Requested
2545,138342,2024-04-23 4:33:27,1,Refunded
2546,139145,2024-04-23 4:52:50,1,Refunded
2547,139102,2024-04-24 11:59:04,1,Refunded
2548,138333,2024-04-24 19:19:17,1,Refunded
2549,139407,2024-04-24 22:56:42,1,Refunded
2550,139468,2024-04-25 9:13:52,1,Refunded
2551,139297,2024-04-27 15:28:41,1,Refunded
2552,139754,2024-04-29 5:10:02,1,Replaced
2553,139831,2024-04-29 13:33:18,1,Refunded
2554,137889,2024-04-29 22:17:22,1,Refunded
2555,139795,2024-04-30 3:44:34,1,Rejected
2556,139397,2024-04-30 14:12:35,1,Refunded
2557,138921,2024-04-30 15:49:31,1,Rejected
2558,137611,2024-05-01 3:56:41,1,Replaced
2559,138955,2024-05-03 2:26:50,1,Approved
2560,140022,2024-05-03 8:32:55,1,Refunded
2561,139857,2024-05-03 19:43:04,2,Approved
2562,139649,2024-05-03 21:10:27,1,Approved
2563,140285,2024-05-05 12:31:21,1,Refunded
2564,139846,2024-05-05 13:58:52,1,Requested
2565,140314,2024-05-05 20:18:25,1,Refunded
2566,140226,2024-05-07 13:50:00,1,Refunded
2567,140231,2024-05-07 20:54:23,1,Refunded
2568,140484,2024-05-08 0:15:47,1,Approved
2569,140202,2024-05-09 4:11:12,1,Approved
2570,138408,2024-05-09 21:31:20,1,Replaced
2571,140687,2024-05-10 9:34:47,1,Refunded
2572,140441,2024-05-10 16:35:05,1,Refunded
2573,140272,2024-05-11 12:39:50,1,Refunded
2574,140904,2024-05-15 12:19:44,1,Refunded
2575,140273,2024-05-17 21:26:39,1,Refunded
2576,140992,2024-05-18 11:59:58,2,Rejected
2577,140929,2024-05-19 7:29:17,1,Refunded
2578,141292,2024-05-19 9:06:14,1,Refunded
2579,140726,2024-05-19 11:45:53,1,Refunded
2580,141349,2024-05-21 18:51:37,1,Refunded
2581,141323,2024-05-22 19:42:57,1,Approved
2582,141149,2024-05-25 3:39:46,1,Refunded
2583,142058,2024-05-26 19:16:24,1,Refunded
2584,141346,2024-05-27 0:48:59,1,Refunded
2585,141649,2024-05-28 7:37:08,1,Rejected
2586,141822,2024-05-28 20:57:58,1,Refunded
2587,141395,2024-05-29 3:33:55,1,Refunded
2588,142100,2024-05-29 12:19:49,1,Refunded
2589,141361,2024-05-29 14:43:39,1,Replaced
2590,141483,2024-05-30 6:04:21,1,Replaced
2591,141502,2024-05-30 15:34:32,1,Rejected
2592,141704,2024-05-31 9:21:53,1,Refunded
2593,142031,2024-05-31 22:52:07,1,Approved
2594,141762,2024-06-01 2:05:47,1,Refunded
2595,142164,2024-06-01 7:54:20,1,Requested
2596,141538,2024-06-01 20:16:28,1,Refunded
2597,135768,2024-06-03 4:20:19,1,Refunded
2598,138235,2024-06-03 8:17:08,1,Refunded
2599,142635,2024-06-04 7:16:22,1,Replaced
2600,142129,2024-06-04 11:38:57,1,Refunded
2601,142576,2024-06-04 21:19:24,1,Refunded
2602,142403,2024-06-05 12:02:21,1,Replaced
2603,142162,2024-06-05 12:50:29,1,Refunded
2604,141591,2024-06-05 13:49:09,1,Approved
2605,142522,2024-06-05 20:26:55,1,Replaced
2606,142758,2024-06-06 19:37:50,1,Refunded
2607,140749,2024-06-07 0:18:26,1,Replaced
2608,141990,2024-06-07 15:07:35,1,Requested
2609,142138,2024-06-07 15:52:39,1,Replaced
2610,143003,2024-06-08 3:44:44,1,Refunded
2611,142708,2024-06-08 16:23:15,1,Refunded
2612,143073,2024-06-08 21:54:39,1,Refunded
2613,142535,2024-06-09 4:56:12,1,Refunded
2614,142689,2024-06-10 2:36:11,1,Refunded
2615,142762,2024-06-10 16:15:20,1,Rejected
2616,141757,2024-06-11 14:39:14,1,Replaced
2617,143224,2024-06-12 17:46:55,1,Approved
2618,142342,2024-06-13 9:37:12,1,Refunded
2619,141707,2024-06-13 9:49:54,1,Refunded
2620,143155,2024-06-13 15:29:19,1,Refunded
2621,142790,2024-06-13 22:15:58,1,Refunded
2622,143163,2024-06-14 5:15:37,1,Refunded
2623,142720,2024-06-14 9:17:46,1,Refunded
2624,143239,2024-06-16 3:25:32,1,Refunded
2625,143868,2024-06-18 7:49:50,1,Refunded
2626,143380,2024-06-18 12:28:43,1,Approved
2627,141917,2024-06-19 16:57:59,1,Replaced
2628,143442,2024-06-19 22:32:29,1,Replaced
2629,134874,2024-06-21 0:42:34,1,Refunded
2630,143918,2024-06-21 9:01:08,2,Refunded
2631,143524,2024-06-21 19:06:18,1,Replaced
2632,144228,2024-06-22 3:48:18,1,Refunded
2633,142267,2024-06-22 20:50:53,1,Refunded
2634,142948,2024-06-24 3:40:29,1,Refunded
2635,144501,2024-06-28 18:54:17,1,Rejected
2636,144283,2024-06-29 13:08:42,1,Replaced
2637,144689,2024-06-29 19:02:25,2,Rejected
2638,144474,2024-06-30 9:40:29,1,Rejected
2639,143929,2024-07-01 2:35:54,1,Refunded
2640,144326,2024-07-01 22:41:14,1,Refunded
2641,144279,2024-07-02 5:05:52,1,Refunded
2642,144585,2024-07-02 23:51:02,1,Refunded
2643,145243,2024-07-03 3:39:36,1,Refunded
2644,144354,2024-07-03 8:15:35,1,Refunded
2645,145241,2024-07-03 12:39:08,1,Refunded
2646,145208,2024-07-06 10:09:00,2,Replaced
2647,144411,2024-07-06 10:54:07,1,Approved
2648,143881,2024-07-06 13:41:49,1,Replaced
2649,145345,2024-07-08 4:23:01,1,Refunded
2650,145275,2024-07-08 13:00:53,1,Refunded
2651,145181,2024-07-09 3:53:20,1,Refunded
2652,145603,2024-07-09 9:05:48,1,Replaced
2653,144941,2024-07-11 6:32:16,1,Replaced
2654,145485,2024-07-11 7:16:09,1,Refunded
2655,145708,2024-07-11 7:47:00,1,Refunded
2656,145954,2024-07-11 14:55:58,1,Refunded
2657,145722,2024-07-11 17:27:54,1,Refunded
2658,145072,2024-07-11 19:09:21,1,Approved
2659,145949,2024-07-12 4:42:45,1,Refunded
2660,145305,2024-07-12 18:20:58,1,Refunded
2661,144553,2024-07-12 19:31:19,1,Refunded
2662,145873,2024-07-12 20:39:00,1,Approved
2663,145706,2024-07-13 16:30:39,1,Refunded
2664,145189,2024-07-14 18:50:19,1,Replaced
2665,146028,2024-07-15 5:59:07,1,Refunded
2666,145833,2024-07-15 18:20:21,1,Refunded
2667,146067,2024-07-16 13:14:40,1,Refunded
2668,144582,2024-07-17 19:26:02,1,Refunded
2669,145088,2024-07-17 22:11:54,1,Approved
2670,146485,2024-07-18 4:33:16,2,Replaced
2671,146098,2024-07-18 23:53:41,1,Refunded
2672,145728,2024-07-19 7:02:49,1,Refunded
2673,144559,2024-07-19 15:12:38,1,Refunded
2674,146714,2024-07-20 15:29:19,1,Refunded
2675,146680,2024-07-20 18:40:27,1,Refunded
2676,146816,2024-07-20 23:18:21,1,Replaced
2677,144992,2024-07-21 13:21:37,1,Refunded
2678,146500,2024-07-22 7:21:29,1,Refunded
2679,146562,2024-07-24 20:27:04,1,Refunded
2680,145994,2024-07-25 1:03:00,1,Refunded
2681,146882,2024-07-25 15:55:03,1,Approved
2682,147181,2024-07-27 5:23:53,1,Refunded
2683,147233,2024-07-28 9:15:42,1,Replaced
2684,147040,2024-07-29 4:11:51,1,Refunded
2685,147368,2024-07-29 13:08:39,2,Refunded
2686,146302,2024-07-29 14:55:55,1,Refunded
2687,147353,2024-07-29 14:56:10,1,Approved
2688,145271,2024-07-30 9:38:18,1,Rejected
2689,146643,2024-07-30 15:40:17,1,Refunded
2690,147124,2024-07-31 2:36:05,1,Replaced
2691,146957,2024-08-01 12:31:09,1,Refunded
2692,147786,2024-08-01 20:49:49,1,Refunded
2693,147755,2024-08-02 0:22:05,1,Approved
2694,147558,2024-08-02 19:44:03,1,Rejected
2695,146722,2024-08-03 0:30:27,1,Refunded
2696,147777,2024-08-03 20:30:23,1,Refunded
2697,147822,2024-08-04 4:18:46,1,Refunded
2698,146958,2024-08-05 17:15:09,1,Refunded
2699,147431,2024-08-07 0:06:06,1,Replaced
2700,146847,2024-08-07 2:48:48,1,Refunded
2701,146972,2024-08-07 3:13:14,1,Approved
2702,147661,2024-08-07 12:23:05,1,Refunded
2703,147645,2024-08-07 17:43:49,1,Rejected
2704,148223,2024-08-07 20:02:00,1,Refunded
2705,148162,2024-08-08 17:55:31,1,Refunded
2706,147977,2024-08-08 19:33:49,1,Refunded
2707,147850,2024-08-08 19:50:27,1,Replaced
2708,147819,2024-08-08 23:16:53,1,Refunded
2709,146324,2024-08-09 1:43:15,1,Refunded
2710,148258,2024-08-09 8:45:55,1,Refunded
2711,147833,2024-08-09 13:19:35,2,Refunded
2712,147793,2024-08-11 6:58:36,1,Refunded
2713,147967,2024-08-13 1:40:24,1,Refunded
2714,147404,2024-08-13 9:03:08,1,Rejected
2715,148062,2024-08-14 5:11:47,1,Refunded
2716,148600,2024-08-15 14:41:56,1,Replaced
2717,148378,2024-08-15 18:32:30,1,Refunded
2718,148666,2024-08-16 1:54:49,1,Approved
2719,148365,2024-08-16 4:01:49,1,Approved
2720,148334,2024-08-16 10:38:02,1,Refunded
2721,148898,2024-08-17 12:01:30,1,Refunded
2722,146969,2024-08-17 12:55:43,1,Refunded
2723,148080,2024-08-18 9:10:26,1,Refunded
2724,144995,2024-08-22 6:02:40,1,Refunded
2725,149309,2024-08-22 10:19:21,1,Refunded
2726,147340,2024-08-23 8:32:23,1,Refunded
2727,149396,2024-08-23 23:26:23,1,Rejected
2728,149215,2024-08-24 12:25:59,1,Replaced
2729,148475,2024-08-26 6:00:51,1,Approved
2730,148797,2024-08-27 3:33:47,1,Refunded
2731,149042,2024-08-27 16:47:42,1,Refunded
2732,149698,2024-08-29 4:56:44,1,Replaced
2733,149858,2024-09-01 0:19:16,1,Refunded
2734,149998,2024-09-01 6:16:25,2,Refunded
2735,149427,2024-09-01 19:31:42,1,Refunded
2736,149983,2024-09-02 1:26:43,1,Approved
2737,149445,2024-09-02 6:53:45,1,Refunded
2738,149966,2024-09-03 3:13:24,1,Refunded
2739,149701,2024-09-04 8:29:21,1,Replaced
2740,149254,2024-09-04 9:15:26,1,Refunded
2741,149969,2024-09-04 11:16:02,1,Refunded
2742,148815,2024-09-04 14:22:45,1,Refunded
2743,149550,2024-09-05 8:56:45,1,Approved
2744,149822,2024-09-05 17:51:02,1,Refunded
2745,149909,2024-09-05 20:06:40,1,Refunded
2746,150116,2024-09-06 2:39:23,2,Refunded
2747,150182,2024-09-07 8:39:28,2,Refunded
2748,150671,2024-09-07 12:32:03,3,Refunded
2749,150554,2024-09-07 15:24:54,2,Replaced
2750,150329,2024-09-08 5:33:37,1,Approved
2751,149537,2024-09-08 21:49:06,1,Refunded
2752,150673,2024-09-09 2:26:45,1,Requested
2753,150481,2024-09-09 3:57:33,1,Refunded
2754,150849,2024-09-09 8:05:01,1,Refunded
2755,150543,2024-09-09 12:09:05,1,Approved
2756,150331,2024-09-10 9:36:39,1,Refunded
2757,151030,2024-09-10 20:01:39,1,Rejected
2758,150583,2024-09-11 17:43:31,1,Refunded
2759,150590,2024-09-12 6:37:49,1,Replaced
2760,150617,2024-09-13 4:07:28,1,Refunded
2761,151198,2024-09-14 7:27:19,1,Refunded
2762,150364,2024-09-15 2:02:28,1,Replaced
2763,151005,2024-09-15 3:41:00,1,Refunded
2764,151026,2024-09-17 0:07:39,1,Refunded
2765,151271,2024-09-17 22:00:00,1,Refunded
2766,149637,2024-09-17 23:21:35,1,Replaced
2767,151127,2024-09-18 0:25:20,1,Refunded
2768,149493,2024-09-18 10:16:44,1,Refunded
2769,151292,2024-09-18 14:17:22,1,Approved
2770,151251,2024-09-19 12:14:13,1,Replaced
2771,151279,2024-09-20 6:13:20,1,Refunded
2772,149664,2024-09-21 2:01:26,1,Rejected
2773,151757,2024-09-21 23:29:54,1,Refunded
2774,151643,2024-09-22 13:27:29,1,Refunded
2775,151738,2024-09-22 16:26:26,1,Replaced
2776,151712,2024-09-22 17:24:58,1,Replaced
2777,150769,2024-09-23 3:05:27,1,Refunded
2778,152184,2024-09-23 13:51:27,1,Refunded
2779,151680,2024-09-23 20:35:17,1,Refunded
2780,152245,2024-09-24 17:47:32,1,Refunded
2781,151600,2024-09-25 7:07:05,1,Refunded
2782,152215,2024-09-26 6:23:17,1,Refunded
2783,148856,2024-09-27 1:30:49,1,Replaced
2784,151209,2024-09-27 20:49:36,1,Refunded
2785,150425,2024-09-27 22:51:18,1,Refunded
2786,151316,2024-09-28 2:48:46,1,Replaced
2787,151541,2024-09-28 10:42:33,1,Refunded
2788,152590,2024-09-28 18:41:57,1,Refunded
2789,152256,2024-09-28 23:26:16,1,Refunded
2790,152341,2024-09-30 22:47:07,1,Refunded
2791,151671,2024-10-01 5:55:21,1,Refunded
2792,152305,2024-10-03 18:36:36,1,Refunded
2793,152661,2024-10-03 21:14:35,2,Approved
2794,151247,2024-10-04 11:01:47,1,Replaced
2795,151601,2024-10-04 16:23:30,1,Rejected
2796,152988,2024-10-04 18:25:19,1,Rejected
2797,153475,2024-10-04 22:02:17,1,Refunded
2798,152045,2024-10-05 5:05:36,1,Replaced
2799,152309,2024-10-05 6:59:55,1,Refunded
2800,151312,2024-10-05 18:53:27,1,Rejected
2801,152623,2024-10-05 19:17:18,1,Approved
2802,153169,2024-10-06 6:17:21,1,Rejected
2803,153037,2024-10-06 15:28:04,1,Rejected
2804,153848,2024-10-08 2:07:30,1,Refunded
2805,153208,2024-10-08 3:00:34,1,Refunded
2806,153310,2024-10-08 14:28:45,1,Refunded
2807,153024,2024-10-09 3:40:39,1,Refunded
2808,152857,2024-10-09 6:22:13,1,Approved
2809,151768,2024-10-10 14:18:20,1,Refunded
2810,154035,2024-10-10 17:16:51,1,Refunded
2811,153415,2024-10-10 17:43:45,1,Refunded
2812,153530,2024-10-11 9:00:44,1,Requested
2813,154236,2024-10-11 18:03:44,1,Refunded
2814,154132,2024-10-11 18:09:35,1,Refunded
2815,154038,2024-10-11 19:04:27,1,Refunded
2816,152901,2024-10-12 17:33:42,1,Refunded
2817,154237,2024-10-13 2:15:46,1,Approved
2818,154218,2024-10-13 4:33:38,1,Refunded
2819,154052,2024-10-13 5:04:25,1,Approved
2820,153897,2024-10-13 11:03:40,2,Refunded
2821,153718,2024-10-13 16:20:30,1,Refunded
2822,154230,2024-10-13 18:02:02,1,Refunded
2823,153267,2024-10-14 14:54:08,1,Refunded
2824,154238,2024-10-14 15:09:51,1,Refunded
2825,153164,2024-10-15 8:18:23,1,Refunded
2826,153653,2024-10-16 6:18:53,1,Refunded
2827,153752,2024-10-16 7:47:20,1,Replaced
2828,153144,2024-10-16 16:17:59,1,Refunded
2829,154980,2024-10-17 6:16:33,1,Refunded
2830,154590,2024-10-17 23:10:34,1,Refunded
2831,153249,2024-10-18 0:18:05,1,Approved
2832,151568,2024-10-18 3:55:35,1,Replaced
2833,153395,2024-10-18 8:53:26,1,Refunded
2834,154581,2024-10-18 16:26:50,1,Refunded
2835,154360,2024-10-19 8:57:18,1,Refunded
2836,153083,2024-10-19 10:08:14,1,Refunded
2837,155340,2024-10-19 13:32:09,1,Refunded
2838,154344,2024-10-19 21:20:28,1,Refunded
2839,154818,2024-10-20 22:07:01,1,Refunded
2840,155633,2024-10-21 0:01:53,1,Rejected
2841,154675,2024-10-21 0:49:27,1,Refunded
2842,154746,2024-10-21 5:39:40,1,Refunded
2843,154910,2024-10-21 8:39:21,1,Approved
2844,154618,2024-10-21 14:22:22,1,Refunded
2845,155482,2024-10-21 14:37:26,1,Refunded
2846,155173,2024-10-22 18:55:49,1,Refunded
2847,155793,2024-10-23 1:52:54,1,Approved
2848,153013,2024-10-23 2:49:02,1,Replaced
2849,155637,2024-10-24 5:21:31,2,Rejected
2850,155768,2024-10-24 5:38:13,1,Refunded
2851,155801,2024-10-25 4:58:59,1,Refunded
2852,155276,2024-10-25 13:43:17,1,Replaced
2853,155741,2024-10-25 15:35:23,1,Refunded
2854,154660,2024-10-25 21:30:59,1,Approved
2855,155312,2024-10-26 20:40:58,1,Approved
2856,155614,2024-10-27 0:06:05,1,Approved
2857,154882,2024-10-27 11:37:45,1,Refunded
2858,154907,2024-10-27 17:59:51,1,Rejected
2859,155983,2024-10-28 0:32:39,1,Rejected
2860,156353,2024-10-28 1:09:37,1,Refunded
2861,153601,2024-10-28 6:54:57,1,Replaced
2862,156592,2024-10-28 7:11:09,1,Refunded
2863,154089,2024-10-28 14:21:11,1,Refunded
2864,156240,2024-10-29 8:43:26,1,Refunded
2865,156962,2024-10-29 12:54:52,1,Refunded
2866,156677,2024-10-30 10:35:11,1,Refunded
2867,153051,2024-10-30 12:07:14,1,Replaced
2868,156208,2024-11-01 3:54:45,1,Refunded
2869,157552,2024-11-02 4:41:13,1,Refunded
2870,153707,2024-11-02 23:47:39,1,Replaced
2871,156981,2024-11-04 4:15:34,1,Refunded
2872,157058,2024-11-04 7:33:09,1,Refunded
2873,156970,2024-11-04 10:00:09,1,Approved
2874,156843,2024-11-04 20:27:02,1,Refunded
2875,157745,2024-11-05 4:12:07,1,Replaced
2876,155919,2024-11-05 20:15:02,1,Refunded
2877,153873,2024-11-06 0:18:32,1,Refunded
2878,157623,2024-11-06 3:26:10,1,Refunded
2879,158083,2024-11-06 18:02:39,1,Refunded
2880,158211,2024-11-06 18:23:59,1,Refunded
2881,157935,2024-11-06 18:29:33,1,Refunded
2882,157870,2024-11-06 21:55:52,3,Rejected
2883,156826,2024-11-07 5:25:34,1,Rejected
2884,157892,2024-11-07 8:53:56,1,Refunded
2885,157683,2024-11-07 21:06:33,1,Rejected
2886,158293,2024-11-08 1:12:32,1,Refunded
2887,158356,2024-11-09 2:55:26,1,Replaced
2888,158236,2024-11-09 5:59:13,1,Refunded
2889,157473,2024-11-09 9:11:04,1,Refunded
2890,156612,2024-11-10 2:31:07,1,Replaced
2891,157434,2024-11-10 19:41:30,1,Refunded
2892,158569,2024-11-11 3:18:49,1,Refunded
2893,154883,2024-11-11 15:29:45,1,Refunded
2894,158088,2024-11-11 16:35:22,1,Requested
2895,159008,2024-11-11 21:56:10,1,Refunded
2896,158577,2024-11-11 23:05:22,1,Approved
2897,158898,2024-11-12 10:12:44,2,Replaced
2898,158188,2024-11-12 10:41:45,3,Refunded
2899,158841,2024-11-12 10:52:38,1,Rejected
2900,159295,2024-11-13 4:50:02,1,Refunded
2901,159109,2024-11-13 9:09:54,1,Refunded
2902,155543,2024-11-13 16:28:07,1,Refunded
2903,158509,2024-11-13 16:31:37,1,Refunded
2904,157999,2024-11-13 18:34:46,1,Refunded
2905,159323,2024-11-14 5:14:43,1,Approved
2906,157778,2024-11-14 5:15:21,1,Refunded
2907,158469,2024-11-14 11:39:09,1,Refunded
2908,158875,2024-11-14 17:32:52,2,Replaced
2909,159403,2024-11-14 23:04:08,1,Rejected
2910,157280,2024-11-14 23:57:03,1,Refunded
2911,158178,2024-11-15 3:20:29,1,Requested
2912,159528,2024-11-15 8:50:24,1,Refunded
2913,159293,2024-11-15 17:58:31,1,Refunded
2914,159210,2024-11-15 22:30:41,1,Refunded
2915,159527,2024-11-16 0:20:14,1,Refunded
2916,159035,2024-11-16 6:47:12,1,Rejected
2917,158962,2024-11-16 10:16:21,1,Approved
2918,159340,2024-11-17 0:10:17,2,Refunded
2919,158072,2024-11-17 9:17:58,1,Rejected
2920,159164,2024-11-17 13:15:22,1,Rejected
2921,158435,2024-11-18 1:55:51,1,Refunded
2922,156684,2024-11-18 4:37:00,1,Refunded
2923,158230,2024-11-18 6:57:39,1,Refunded
2924,159818,2024-11-18 13:23:42,1,Refunded
2925,148304,2024-11-18 15:57:38,1,Refunded
2926,159558,2024-11-19 0:29:59,1,Refunded
2927,160173,2024-11-19 2:14:31,1,Requested
2928,160118,2024-11-19 11:12:50,1,Replaced
2929,160373,2024-11-20 15:24:00,1,Refunded
2930,158853,2024-11-21 2:26:47,1,Refunded
2931,158644,2024-11-21 7:26:59,1,Refunded
2932,158447,2024-11-21 9:21:06,1,Refunded
2933,160017,2024-11-21 10:00:51,1,Refunded
2934,160424,2024-11-21 21:21:59,1,Replaced
2935,159255,2024-11-21 23:13:06,1,Replaced
2936,157846,2024-11-22 0:01:19,1,Refunded
2937,160067,2024-11-22 7:13:28,1,Refunded
2938,157428,2024-11-23 19:31:14,1,Refunded
2939,156755,2024-11-24 3:55:26,1,Rejected
2940,160878,2024-11-24 9:21:20,1,Approved
2941,160481,2024-11-24 11:34:03,1,Refunded
2942,158712,2024-11-24 12:06:16,1,Refunded
2943,159031,2024-11-24 16:27:18,1,Refunded
2944,161163,2024-11-25 1:11:46,1,Refunded
2945,159859,2024-11-25 10:15:08,1,Refunded
2946,161323,2024-11-25 17:44:41,1,Replaced
2947,160172,2024-11-26 14:55:31,1,Refunded
2948,160356,2024-11-27 0:17:03,1,Refunded
2949,161132,2024-11-27 7:58:48,1,Refunded
2950,160783,2024-11-27 17:30:40,1,Approved
2951,160781,2024-11-27 18:46:22,1,Rejected
2952,160914,2024-11-27 18:53:09,1,Refunded
2953,161284,2024-11-27 21:10:53,1,Refunded
2954,161398,2024-11-27 23:09:49,1,Refunded
2955,161146,2024-11-28 0:26:37,1,Refunded
2956,160090,2024-11-28 6:12:16,1,Replaced
2957,161237,2024-11-28 18:19:40,1,Refunded
2958,160469,2024-11-29 21:27:25,1,Refunded
2959,161298,2024-11-30 0:46:17,2,Replaced
2960,162158,2024-11-30 6:39:26,1,Approved
2961,162021,2024-11-30 16:28:42,2,Approved
2962,161547,2024-11-30 20:21:22,1,Approved
2963,161514,2024-12-01 9:18:21,2,Rejected
2964,159478,2024-12-01 17:41:54,1,Rejected
2965,161659,2024-12-02 10:35:57,1,Refunded
2966,160592,2024-12-02 12:47:36,1,Refunded
2967,160075,2024-12-02 18:09:12,1,Refunded
2968,162602,2024-12-02 22:13:01,1,Approved
2969,162047,2024-12-03 14:20:39,1,Replaced
2970,155070,2024-12-03 20:09:48,1,Refunded
2971,156245,2024-12-03 23:44:54,1,Rejected
2972,161840,2024-12-04 21:18:22,2,Approved
2973,159858,2024-12-04 23:02:37,1,Refunded
2974,160370,2024-12-05 3:43:13,1,Refunded
2975,162647,2024-12-05 3:44:17,1,Replaced
2976,159707,2024-12-05 4:39:57,1,Refunded
2977,162014,2024-12-05 8:18:34,1,Refunded
2978,161929,2024-12-05 12:18:30,1,Refunded
2979,160695,2024-12-05 12:51:43,1,Refunded
2980,161035,2024-12-05 13:37:50,1,Rejected
2981,162595,2024-12-05 17:59:43,1,Replaced
2982,162778,2024-12-06 2:58:22,1,Refunded
2983,162485,2024-12-06 11:27:37,1,Refunded
2984,162268,2024-12-06 15:36:52,1,Approved
2985,162598,2024-12-06 16:53:24,1,Requested
2986,162873,2024-12-07 5:55:58,2,Refunded
2987,162883,2024-12-07 7:32:24,1,Refunded
2988,162754,2024-12-07 17:01:45,1,Refunded
2989,162708,2024-12-08 7:03:05,1,Refunded
2990,161606,2024-12-08 9:04:52,1,Refunded
2991,162030,2024-12-08 21:48:28,1,Refunded
2992,160976,2024-12-09 1:41:35,1,Refunded
2993,159828,2024-12-10 17:59:14,1,Refunded
2994,162433,2024-12-11 1:25:04,1,Refunded
2995,162835,2024-12-12 14:29:48,1,Refunded
2996,162815,2024-12-13 1:08:11,1,Refunded
2997,161101,2024-12-13 9:22:19,1,Refunded
2998,163130,2024-12-13 17:34:00,1,Refunded
2999,162275,2024-12-13 22:56:28,1,Refunded
3000,163473,2024-12-14 0:27:30,1,Refunded
3001,162730,2024-12-15 8:28:52,1,Refunded
3002,163551,2024-12-16 4:22:15,1,Approved
3003,163747,2024-12-17 3:24:39,1,Refunded
3004,163720,2024-12-17 23:38:23,1,Refunded
3005,163139,2024-12-18 3:31:32,1,Refunded
3006,163231,2024-12-18 6:47:22,1,Refunded
3007,163517,2024-12-18 20:39:21,1,Replaced
3008,163746,2024-12-19 13:37:18,1,Replaced
3009,164021,2024-12-20 3:47:51,1,Approved
3010,161956,2024-12-20 13:58:05,1,Refunded
3011,163531,2024-12-20 14:26:44,1,Refunded
3012,163660,2024-12-20 15:08:09,1,Refunded
3013,163723,2024-12-21 19:51:54,1,Approved
3014,163875,2024-12-22 5:22:05,1,Refunded
3015,161519,2024-12-22 14:13:01,1,Refunded
3016,163236,2024-12-22 14:37:25,1,Refunded
3017,162640,2024-12-22 15:34:00,1,Replaced
3018,161115,2024-12-22 16:15:56,1,Refunded
3019,164099,2024-12-22 19:39:28,1,Refunded
3020,164111,2024-12-23 16:59:47,1,Refunded
3021,163803,2024-12-23 18:26:06,1,Requested
3022,164062,2024-12-23 19:17:59,1,Refunded
3023,164139,2024-12-23 19:22:02,1,Replaced
3024,159145,2024-12-24 16:20:48,1,Refunded
3025,164032,2024-12-25 3:33:43,1,Refunded
3026,161732,2024-12-25 23:56:41,1,Refunded
3027,164306,2024-12-28 14:04:27,1,Refunded
3028,164293,2024-12-28 17:14:49,1,Rejected
3029,164651,2024-12-29 7:57:19,1,Refunded
3030,162648,2024-12-29 9:56:09,1,Rejected
3031,153277,2024-12-30 5:27:19,1,Refunded
3032,164969,2024-12-30 19:43:24,1,Refunded
3033,164210,2024-12-31 5:46:01,1,Refunded
3034,163403,2024-12-31 18:45:16,1,Replaced
3035,164583,2024-12-31 22:57:03,1,Refunded
3036,164376,2025-01-01 2:35:45,1,Replaced
3037,164896,2025-01-02 5:19:52,1,Refunded
3038,163056,2025-01-02 18:11:43,1,Rejected
3039,164540,2025-01-04 20:20:17,1,Refunded
3040,159172,2025-01-05 6:46:37,1,Refunded
3041,163361,2025-01-05 9:51:45,1,Refunded
3042,164004,2025-01-05 18:26:43,1,Rejected
3043,164521,2025-01-05 20:25:04,1,Rejected
3044,165298,2025-01-06 9:17:46,1,Requested
3045,164421,2025-01-07 7:25:34,1,Refunded
3046,164496,2025-01-07 9:36:49,1,Approved
3047,164439,2025-01-07 14:11:42,1,Refunded
3048,164485,2025-01-07 15:12:00,1,Refunded
3049,164309,2025-01-07 17:34:15,1,Replaced
3050,164061,2025-01-09 3:44:25,1,Replaced
3051,165333,2025-01-09 9:56:40,2,Requested
3052,165400,2025-01-10 13:54:22,1,Rejected
3053,165405,2025-01-11 11:21:32,1,Refunded
3054,165336,2025-01-12 11:11:13,1,Refunded
3055,165702,2025-01-13 9:44:58,1,Refunded
3056,165118,2025-01-13 12:09:55,1,Replaced
3057,164967,2025-01-15 4:31:40,1,Refunded
3058,165551,2025-01-15 12:47:28,1,Refunded
3059,164037,2025-01-15 19:30:23,1,Approved
3060,165741,2025-01-16 0:57:57,1,Refunded
3061,165911,2025-01-17 2:44:42,2,Refunded
3062,165341,2025-01-17 18:10:24,1,Refunded
3063,165790,2025-01-18 6:47:06,1,Refunded
3064,165624,2025-01-18 7:36:33,1,Rejected
3065,164949,2025-01-18 22:07:47,1,Refunded
3066,165234,2025-01-20 5:42:42,1,Refunded
3067,165847,2025-01-20 21:09:47,1,Refunded
3068,164700,2025-01-21 23:06:29,1,Refunded
3069,165427,2025-01-23 1:58:09,1,Replaced
3070,165916,2025-01-25 3:11:39,1,Refunded
3071,166207,2025-01-25 4:15:38,1,Refunded
3072,165635,2025-01-26 1:30:28,1,Refunded
3073,166412,2025-01-26 17:18:23,1,Refunded
3074,166329,2025-01-27 3:07:11,1,Refunded
3075,166288,2025-01-28 17:56:03,1,Replaced
3076,166458,2025-01-29 2:03:50,1,Replaced
3077,166004,2025-01-29 21:51:11,1,Rejected
3078,164679,2025-01-30 1:04:25,1,Refunded
3079,166379,2025-01-31 9:01:40,1,Replaced
3080,166148,2025-02-01 0:20:45,1,Replaced
3081,166513,2025-02-02 7:20:31,1,Approved
3082,166798,2025-02-03 8:54:05,1,Refunded
3083,166709,2025-02-06 13:28:33,1,Refunded
3084,166325,2025-02-07 19:30:12,1,Refunded
3085,166895,2025-02-08 10:36:39,1,Refunded
3086,165776,2025-02-08 15:23:58,1,Rejected
3087,167088,2025-02-10 17:59:14,1,Replaced
3088,166964,2025-02-11 7:54:02,1,Replaced
3089,166332,2025-02-13 7:46:58,1,Refunded
3090,166158,2025-02-13 19:34:26,1,Rejected
3091,167173,2025-02-14 20:00:47,1,Refunded
3092,167431,2025-02-15 12:44:27,1,Replaced
3093,167543,2025-02-16 0:06:21,1,Refunded
3094,167252,2025-02-16 9:27:50,1,Refunded
3095,167459,2025-02-18 12:04:41,1,Refunded
3096,166156,2025-02-18 12:46:35,1,Replaced
3097,167442,2025-02-18 21:16:12,1,Approved
3098,167743,2025-02-19 8:31:29,1,Refunded
3099,158686,2025-02-19 10:35:49,1,Approved
3100,167728,2025-02-19 21:39:29,1,Refunded
3101,167755,2025-02-24 1:43:41,1,Replaced
3102,167986,2025-02-24 13:10:16,1,Refunded
3103,167215,2025-02-24 14:24:37,1,Refunded
3104,168022,2025-02-25 0:43:44,1,Rejected
3105,167435,2025-02-25 2:39:05,1,Refunded
3106,166979,2025-02-25 7:41:39,1,Refunded
3107,166740,2025-02-25 15:26:25,1,Replaced
3108,167606,2025-02-26 12:23:17,1,Refunded
3109,166942,2025-02-26 19:14:36,1,Replaced
3110,167556,2025-02-27 16:41:53,1,Refunded
3111,167630,2025-02-27 17:01:42,1,Refunded
3112,168032,2025-02-27 18:41:09,2,Refunded
3113,168208,2025-02-28 6:06:39,1,Refunded
3114,167758,2025-03-02 14:16:25,1,Approved
3115,167924,2025-03-03 3:11:42,1,Refunded
3116,167128,2025-03-03 8:18:15,1,Replaced
3117,168302,2025-03-03 13:22:55,1,Rejected
3118,168436,2025-03-05 13:57:20,1,Refunded
3119,167795,2025-03-06 4:25:59,1,Refunded
3120,168191,2025-03-07 15:06:24,1,Replaced
3121,168581,2025-03-07 21:10:57,1,Refunded
3122,168649,2025-03-08 9:18:22,1,Refunded
3123,167070,2025-03-08 9:59:33,1,Refunded
3124,168611,2025-03-08 23:54:25,1,Refunded
3125,168887,2025-03-09 22:30:07,1,Refunded
3126,167172,2025-03-09 22:56:17,1,Refunded
3127,168475,2025-03-10 2:52:39,1,Rejected
3128,168751,2025-03-11 13:34:09,1,Refunded
3129,168785,2025-03-11 15:41:48,1,Replaced
3130,168802,2025-03-14 0:47:11,1,Refunded
3131,168572,2025-03-14 13:43:59,1,Refunded
3132,169099,2025-03-15 10:22:27,1,Rejected
3133,169157,2025-03-15 11:43:28,1,Refunded
3134,168893,2025-03-15 20:00:43,1,Replaced
3135,168954,2025-03-16 16:40:50,1,Refunded
3136,169270,2025-03-17 14:51:34,1,Refunded
3137,167783,2025-03-17 23:12:38,1,Approved
3138,168948,2025-03-20 4:25:57,1,Replaced
3139,169337,2025-03-20 22:57:20,1,Refunded
3140,169620,2025-03-22 6:17:39,2,Refunded
3141,169563,2025-03-23 2:41:02,1,Approved
3142,168394,2025-03-26 15:19:13,1,Refunded
3143,169740,2025-03-28 19:35:24,1,Refunded
3144,169609,2025-03-29 3:18:24,1,Rejected
3145,169422,2025-03-30 9:59:26,1,Refunded
3146,170134,2025-04-01 1:41:29,1,Refunded
3147,170161,2025-04-01 12:36:29,1,Refunded
3148,168913,2025-04-01 18:47:34,1,Refunded
3149,169625,2025-04-02 6:40:53,1,Refunded
3150,170152,2025-04-04 19:33:42,1,Rejected
3151,170284,2025-04-04 21:35:20,1,Replaced
3152,170140,2025-04-05 0:42:30,2,Rejected
3153,169862,2025-04-05 19:39:55,1,Refunded
3154,170277,2025-04-06 2:33:59,1,Replaced
3155,168991,2025-04-06 18:38:46,1,Refunded
3156,170320,2025-04-07 16:57:09,1,Refunded
3157,170716,2025-04-07 20:42:25,1,Refunded
3158,170001,2025-04-08 6:15:18,1,Refunded
3159,170689,2025-04-08 18:38:03,1,Replaced
3160,169557,2025-04-09 21:46:30,1,Approved
3161,170400,2025-04-10 2:56:00,1,Refunded
3162,170323,2025-04-10 20:38:03,1,Approved
3163,170576,2025-04-11 3:58:56,1,Refunded
3164,170940,2025-04-12 8:52:05,1,Refunded
3165,170964,2025-04-12 9:44:24,1,Refunded
3166,170419,2025-04-12 17:46:43,1,Approved
3167,170723,2025-04-13 12:21:36,1,Refunded
3168,170808,2025-04-13 18:56:48,1,Refunded
3169,169028,2025-04-15 10:27:27,1,Refunded
3170,169428,2025-04-15 19:37:42,1,Rejected
3171,170895,2025-04-15 22:22:36,1,Refunded
3172,169044,2025-04-16 5:37:25,1,Refunded
3173,171115,2025-04-16 23:01:25,1,Replaced
3174,171080,2025-04-18 15:31:55,1,Refunded
3175,171167,2025-04-20 14:39:59,1,Refunded
3176,171173,2025-04-20 17:23:18,1,Refunded
3177,171156,2025-04-21 17:12:49,1,Refunded
3178,171400,2025-04-22 6:08:30,1,Replaced
3179,171569,2025-04-23 13:09:12,1,Refunded
3180,170846,2025-04-24 14:38:15,1,Refunded
3181,171635,2025-04-26 10:53:46,1,Refunded
3182,171367,2025-04-26 14:54:02,1,Refunded
3183,171755,2025-04-27 7:54:35,1,Requested
3184,170879,2025-04-27 8:51:55,1,Approved
3185,165670,2025-04-28 1:37:27,1,Refunded
3186,171605,2025-04-29 3:09:53,1,Refunded
3187,172195,2025-04-30 13:17:21,1,Refunded
3188,171770,2025-04-30 14:40:42,1,Refunded
3189,172172,2025-04-30 19:21:32,1,Requested
3190,172358,2025-05-02 22:26:48,1,Refunded
3191,172299,2025-05-03 1:52:04,1,Refunded
3192,172237,2025-05-04 4:22:31,1,Refunded
3193,172084,2025-05-04 18:02:09,1,Approved
3194,171563,2025-05-04 18:14:46,1,Refunded
3195,171763,2025-05-04 19:18:53,1,Refunded
3196,172461,2025-05-05 16:06:14,1,Refunded
3197,172474,2025-05-06 10:26:46,1,Refunded
3198,171963,2025-05-06 11:04:10,1,Refunded
3199,172533,2025-05-07 7:03:09,1,Refunded
3200,172517,2025-05-07 11:30:58,1,Refunded
3201,172087,2025-05-09 9:17:42,1,Replaced
3202,172699,2025-05-10 8:59:05,1,Refunded
3203,172529,2025-05-11 12:24:03,1,Refunded
3204,172794,2025-05-11 17:10:48,2,Refunded
3205,172753,2025-05-12 1:15:20,1,Rejected
3206,172848,2025-05-12 2:09:12,1,Replaced
3207,172298,2025-05-13 11:30:04,1,Replaced
3208,171858,2025-05-13 18:35:50,1,Refunded
3209,172437,2025-05-14 10:07:40,1,Refunded
3210,172725,2025-05-15 15:59:20,1,Refunded
3211,173100,2025-05-15 22:38:01,1,Refunded
3212,172949,2025-05-16 1:26:23,1,Approved
3213,172880,2025-05-16 21:41:33,2,Refunded
3214,172948,2025-05-17 10:05:50,1,Requested
3215,173006,2025-05-18 5:01:50,2,Refunded
3216,173011,2025-05-18 11:18:01,1,Refunded
3217,173205,2025-05-18 16:02:59,1,Refunded
3218,173037,2025-05-18 16:58:37,1,Refunded
3219,173236,2025-05-19 19:34:52,2,Refunded
3220,172985,2025-05-19 21:42:38,1,Refunded
3221,173062,2025-05-20 9:56:42,1,Refunded
3222,173017,2025-05-20 11:09:58,2,Refunded
3223,173111,2025-05-21 7:33:48,1,Refunded
3224,172833,2025-05-21 14:36:12,1,Refunded
3225,172875,2025-05-21 19:17:35,1,Refunded
3226,171989,2025-05-23 4:13:29,1,Rejected
3227,173358,2025-05-23 15:34:04,1,Replaced
3228,173396,2025-05-24 14:19:13,1,Refunded
3229,173333,2025-05-25 3:29:34,2,Refunded
3230,173401,2025-05-25 15:25:38,1,Refunded
3231,173737,2025-05-26 0:19:45,3,Refunded
3232,173742,2025-05-26 2:23:00,1,Refunded
3233,173553,2025-05-26 3:06:46,1,Refunded
3234,173520,2025-05-26 11:58:26,1,Rejected
3235,173105,2025-05-26 13:21:44,1,Replaced
3236,173336,2025-05-27 17:33:38,1,Refunded
3237,173534,2025-05-27 20:43:40,1,Refunded
3238,173877,2025-05-27 23:44:05,2,Refunded
3239,172133,2025-05-28 9:10:41,1,Refunded
3240,173253,2025-05-30 2:59:39,1,Refunded
3241,173148,2025-05-30 11:44:29,1,Refunded
3242,173918,2025-05-31 21:19:25,1,Refunded
3243,173960,2025-05-31 23:15:20,1,Refunded
3244,173786,2025-06-01 14:21:06,1,Replaced
3245,173901,2025-06-03 8:39:30,3,Replaced
3246,174250,2025-06-03 10:04:34,1,Rejected
3247,173490,2025-06-04 16:44:45,1,Replaced
3248,174391,2025-06-04 21:22:05,1,Replaced
3249,173749,2025-06-04 23:45:55,1,Refunded
3250,174232,2025-06-07 1:53:31,1,Refunded
3251,174451,2025-06-07 11:55:16,1,Replaced
3252,173326,2025-06-07 20:20:50,1,Replaced
3253,174196,2025-06-07 20:21:47,1,Refunded
3254,174222,2025-06-08 9:00:15,1,Refunded
3255,174643,2025-06-08 19:33:43,1,Replaced
3256,174306,2025-06-10 9:42:19,1,Refunded
3257,174763,2025-06-10 19:20:23,1,Refunded
3258,173973,2025-06-10 19:49:17,1,Refunded
3259,174348,2025-06-11 4:22:42,1,Approved
3260,174075,2025-06-11 13:49:08,1,Refunded
3261,174471,2025-06-12 9:46:43,1,Refunded
3262,174520,2025-06-13 13:47:25,1,Replaced
3263,174523,2025-06-13 14:31:17,1,Replaced
3264,174393,2025-06-14 4:28:46,1,Refunded
3265,174901,2025-06-14 10:13:13,1,Approved
3266,174004,2025-06-14 13:46:59,1,Rejected
3267,174437,2025-06-14 20:26:44,1,Rejected
3268,175076,2025-06-14 23:32:49,1,Replaced
3269,174685,2025-06-16 3:29:10,1,Refunded
3270,174384,2025-06-16 7:57:11,1,Refunded
3271,174069,2025-06-17 4:29:51,1,Refunded
3272,174942,2025-06-19 2:55:02,1,Refunded
3273,175072,2025-06-19 15:01:31,1,Refunded
3274,175458,2025-06-24 5:32:08,1,Refunded
3275,174774,2025-06-24 17:04:47,1,Refunded
3276,175468,2025-06-24 21:20:39,1,Rejected
3277,175567,2025-06-25 2:07:33,1,Requested
3278,175430,2025-06-25 2:39:53,1,Approved
3279,175704,2025-06-25 2:41:53,1,Refunded
3280,173353,2025-06-25 10:32:32,1,Refunded
3281,175040,2025-06-26 16:51:32,1,Refunded
3282,175471,2025-06-26 22:28:55,1,Refunded
3283,175031,2025-06-27 14:30:29,1,Refunded
3284,175568,2025-06-28 5:40:18,1,Refunded
3285,175369,2025-06-28 6:08:06,1,Refunded
3286,175437,2025-07-01 10:30:45,1,Refunded
3287,176112,2025-07-02 8:24:01,1,Refunded
3288,175314,2025-07-02 19:30:20,1,Refunded
3289,176023,2025-07-03 8:35:28,1,Rejected
3290,176073,2025-07-04 7:18:22,1,Refunded
3291,176338,2025-07-06 15:07:17,1,Replaced
3292,176301,2025-07-07 2:10:54,1,Refunded
3293,175859,2025-07-07 6:59:38,1,Refunded
3294,175041,2025-07-08 2:01:10,1,Refunded
3295,176523,2025-07-10 5:47:31,1,Refunded
3296,176381,2025-07-10 7:23:31,1,Replaced
3297,175860,2025-07-10 15:57:33,1,Refunded
3298,176526,2025-07-10 20:32:11,1,Refunded
3299,176492,2025-07-11 22:03:23,1,Replaced
3300,176758,2025-07-13 3:51:21,1,Replaced
3301,176680,2025-07-14 14:05:11,1,Refunded
3302,176718,2025-07-15 10:05:34,1,Refunded
3303,176605,2025-07-15 16:55:28,1,Refunded
3304,176005,2025-07-15 17:15:10,1,Refunded
3305,176950,2025-07-17 5:18:33,1,Rejected
3306,177171,2025-07-17 12:46:02,1,Refunded
3307,175732,2025-07-20 0:47:22,1,Approved
3308,176873,2025-07-20 4:18:30,1,Refunded
3309,177333,2025-07-20 8:47:50,1,Refunded
3310,177434,2025-07-20 18:39:29,1,Refunded
3311,177307,2025-07-20 22:21:31,1,Refunded
3312,177428,2025-07-21 1:57:37,1,Rejected
3313,177299,2025-07-21 5:04:05,1,Refunded
3314,177351,2025-07-22 6:49:08,1,Refunded
3315,176814,2025-07-23 23:26:52,1,Refunded
3316,176878,2025-07-24 22:01:36,1,Refunded
3317,177712,2025-07-25 5:58:18,1,Rejected
3318,176069,2025-07-25 23:56:17,1,Refunded
3319,175268,2025-07-26 20:57:52,1,Refunded
3320,177205,2025-07-27 10:00:58,1,Approved
3321,177558,2025-07-27 11:35:31,1,Refunded
3322,177191,2025-07-27 19:58:06,1,Refunded
3323,177167,2025-07-28 2:30:28,1,Approved
3324,177489,2025-07-28 13:04:40,1,Refunded
3325,178031,2025-07-30 6:15:41,1,Requested
3326,177894,2025-08-01 9:59:45,1,Refunded
3327,178181,2025-08-02 17:50:09,1,Refunded
3328,177752,2025-08-02 21:58:18,1,Rejected
3329,177169,2025-08-03 1:26:59,1,Refunded
3330,176574,2025-08-03 2:31:59,1,Refunded
3331,178231,2025-08-03 5:40:19,1,Refunded
3332,177593,2025-08-03 9:02:07,1,Refunded
3333,177753,2025-08-05 3:58:54,1,Refunded
3334,178250,2025-08-05 8:40:03,1,Refunded
3335,178192,2025-08-06 1:49:26,1,Rejected
3336,178464,2025-08-06 6:28:16,1,Refunded
3337,177979,2025-08-08 8:46:53,1,Rejected
3338,178335,2025-08-09 7:19:05,1,Refunded
3339,178189,2025-08-09 8:49:19,1,Rejected
3340,178594,2025-08-11 4:04:06,1,Refunded
3341,178406,2025-08-11 16:50:32,1,Requested
3342,178563,2025-08-12 8:49:52,1,Refunded
3343,178568,2025-08-13 13:36:25,1,Refunded
3344,177535,2025-08-14 14:17:50,1,Approved
3345,179073,2025-08-14 20:17:21,1,Replaced
3346,178635,2025-08-15 5:54:32,1,Rejected
3347,179266,2025-08-18 0:14:42,1,Refunded
3348,178679,2025-08-19 2:01:27,1,Replaced
3349,179291,2025-08-19 4:32:56,1,Requested
3350,179070,2025-08-19 7:49:55,1,Refunded
3351,179047,2025-08-19 9:22:50,1,Requested
3352,179105,2025-08-20 2:52:39,1,Refunded
3353,179408,2025-08-20 7:03:14,2,Replaced
3354,179262,2025-08-20 8:12:33,1,Refunded
3355,179233,2025-08-21 2:01:13,1,Refunded
3356,178853,2025-08-21 14:37:34,1,Refunded
3357,178255,2025-08-21 17:21:13,1,Replaced
3358,176839,2025-08-22 19:55:58,1,Refunded
3359,179507,2025-08-22 23:37:33,1,Replaced
3360,179286,2025-08-23 4:50:12,1,Refunded
3361,179323,2025-08-23 20:32:45,1,Refunded
3362,179582,2025-08-23 22:31:50,1,Refunded
3363,178592,2025-08-24 9:01:28,1,Refunded
3364,179706,2025-08-25 11:19:11,1,Rejected
3365,179665,2025-08-26 1:51:24,1,Refunded
3366,179715,2025-08-26 5:02:11,1,Approved
3367,179704,2025-08-27 0:02:36,1,Refunded
3368,179743,2025-08-27 0:57:52,1,Refunded
3369,179916,2025-08-28 7:28:06,1,Refunded
3370,178585,2025-08-29 7:51:38,1,Refunded
3371,179712,2025-08-29 13:17:45,1,Refunded
3372,179382,2025-08-29 18:23:54,1,Rejected
3373,180119,2025-08-30 5:17:50,1,Refunded
3374,179899,2025-09-01 22:49:22,1,Rejected
3375,179986,2025-09-02 11:22:17,1,Refunded
3376,180046,2025-09-03 0:38:29,1,Rejected
3377,180435,2025-09-07 8:35:53,1,Refunded
3378,180683,2025-09-09 20:22:00,1,Refunded
3379,180562,2025-09-09 22:54:11,1,Requested
3380,180657,2025-09-11 0:02:10,1,Replaced
3381,181015,2025-09-11 18:58:54,1,Refunded
3382,179381,2025-09-12 8:12:54,1,Approved
3383,179751,2025-09-12 13:03:43,1,Refunded
3384,181038,2025-09-13 6:45:54,1,Refunded
3385,180148,2025-09-13 12:30:10,1,Refunded
3386,180749,2025-09-14 4:57:36,1,Refunded
3387,180256,2025-09-14 13:49:22,1,Refunded
3388,181084,2025-09-15 0:11:12,1,Refunded
3389,180919,2025-09-15 2:41:52,1,Replaced
3390,181350,2025-09-15 21:33:29,1,Rejected
3391,180936,2025-09-16 20:33:38,1,Rejected
3392,180976,2025-09-19 0:08:36,1,Rejected
3393,181403,2025-09-19 5:08:45,1,Rejected
3394,180744,2025-09-20 1:10:41,1,Refunded
3395,181432,2025-09-20 4:57:38,1,Refunded
3396,181321,2025-09-20 11:11:08,1,Approved
3397,181727,2025-09-21 4:38:29,1,Refunded
3398,180918,2025-09-21 19:06:02,1,Rejected
3399,181318,2025-09-22 20:05:10,1,Refunded
3400,181946,2025-09-23 23:27:20,1,Refunded
3401,181549,2025-09-24 3:28:15,1,Rejected
3402,181854,2025-09-24 4:20:28,1,Requested
3403,181235,2025-09-24 11:26:04,1,Refunded
3404,182010,2025-09-25 7:58:23,1,Refunded
3405,181775,2025-09-27 12:13:24,1,Refunded
3406,182043,2025-09-27 15:44:36,1,Replaced
3407,181456,2025-09-27 20:17:27,1,Refunded
3408,182143,2025-09-28 6:28:44,1,Refunded
3409,181761,2025-09-29 15:30:39,1,Refunded
3410,181751,2025-09-29 16:53:48,1,Rejected
3411,181599,2025-09-30 16:51:00,1,Replaced
3412,181059,2025-10-02 7:34:30,1,Approved
3413,182135,2025-10-02 9:35:26,1,Refunded
3414,181155,2025-10-02 23:55:54,1,Refunded
3415,181735,2025-10-03 11:49:56,1,Refunded
3416,182462,2025-10-03 20:22:55,1,Replaced
3417,181802,2025-10-04 7:16:32,1,Refunded
3418,182710,2025-10-04 12:13:24,1,Refunded
3419,182547,2025-10-04 20:25:38,1,Refunded
3420,182169,2025-10-05 0:07:59,1,Refunded
3421,182758,2025-10-05 15:37:14,1,Rejected
3422,181219,2025-10-06 4:48:01,1,Refunded
3423,183050,2025-10-06 5:53:06,1,Refunded
3424,180974,2025-10-07 12:52:19,1,Refunded
3425,182608,2025-10-07 13:15:05,1,Refunded
3426,176472,2025-10-07 20:13:07,1,Refunded
3427,183297,2025-10-07 20:37:05,1,Rejected
3428,182676,2025-10-08 5:17:59,1,Refunded
3429,182055,2025-10-08 8:51:54,1,Rejected
3430,182817,2025-10-08 12:30:34,1,Refunded
3431,182851,2025-10-09 11:38:03,1,Refunded
3432,182769,2025-10-10 9:14:02,2,Replaced
3433,182847,2025-10-11 23:24:35,1,Replaced
3434,183024,2025-10-12 1:19:42,1,Refunded
3435,183369,2025-10-12 1:39:03,1,Replaced
3436,183461,2025-10-12 16:27:30,1,Refunded
3437,183301,2025-10-13 2:48:25,2,Refunded
3438,183183,2025-10-13 6:40:17,2,Refunded
3439,182434,2025-10-13 11:25:12,1,Refunded
3440,183392,2025-10-14 20:48:30,1,Refunded
3441,184048,2025-10-15 4:05:22,1,Refunded
3442,183724,2025-10-15 4:44:56,1,Replaced
3443,184073,2025-10-16 0:31:07,1,Refunded
3444,182982,2025-10-16 12:10:41,1,Rejected
3445,183974,2025-10-16 21:09:51,1,Refunded
3446,184120,2025-10-17 9:04:33,1,Refunded
3447,184426,2025-10-17 21:31:41,1,Replaced
3448,183925,2025-10-18 4:59:41,1,Refunded
3449,184399,2025-10-18 10:21:27,1,Refunded
3450,184178,2025-10-18 10:37:48,1,Approved
3451,183547,2025-10-18 23:29:37,1,Refunded
3452,184741,2025-10-19 8:43:52,1,Refunded
3453,181797,2025-10-20 2:10:11,1,Refunded
3454,184489,2025-10-21 11:15:19,1,Replaced
3455,184460,2025-10-21 18:35:04,1,Refunded
3456,184671,2025-10-22 14:02:05,1,Refunded
3457,184735,2025-10-22 21:57:10,1,Refunded
3458,185218,2025-10-23 10:49:12,1,Rejected
3459,184215,2025-10-23 18:00:09,1,Rejected
3460,185094,2025-10-24 17:51:18,1,Approved
3461,184766,2025-10-24 17:51:29,1,Replaced
3462,185359,2025-10-24 20:56:40,1,Approved
3463,182889,2025-10-24 22:56:06,1,Refunded
3464,185262,2025-10-25 5:21:32,1,Refunded
3465,185273,2025-10-25 8:13:16,1,Rejected
3466,184726,2025-10-25 11:57:58,2,Refunded
3467,185260,2025-10-25 13:10:02,1,Refunded
3468,184996,2025-10-25 17:07:37,1,Refunded
3469,185520,2025-10-25 20:27:36,2,Refunded
3470,185095,2025-10-26 0:28:25,1,Refunded
3471,185833,2025-10-28 4:17:46,1,Replaced
3472,185760,2025-10-28 20:04:59,1,Refunded
3473,185624,2025-10-29 15:01:04,1,Refunded
3474,176280,2025-10-30 0:35:37,1,Refunded
3475,185573,2025-10-30 1:22:18,1,Replaced
3476,184947,2025-10-30 7:28:11,1,Replaced
3477,185153,2025-10-30 9:04:12,1,Refunded
3478,177216,2025-10-30 15:42:44,1,Refunded
3479,185628,2025-10-30 23:13:30,1,Rejected
3480,182761,2025-10-31 0:21:00,1,Rejected
3481,184711,2025-10-31 11:33:26,1,Refunded
3482,186016,2025-11-01 8:56:28,1,Refunded
3483,185460,2025-11-01 15:50:14,1,Replaced
3484,185096,2025-11-02 9:43:20,1,Replaced
3485,185662,2025-11-03 19:15:08,1,Refunded
3486,185872,2025-11-04 0:09:49,2,Refunded
3487,184202,2025-11-04 7:40:37,1,Refunded
3488,185630,2025-11-04 13:32:11,1,Refunded
3489,186451,2025-11-05 2:26:16,1,Replaced
3490,186587,2025-11-05 20:00:24,1,Refunded
3491,186637,2025-11-06 10:47:57,1,Refunded
3492,185865,2025-11-07 2:05:23,1,Rejected
3493,186930,2025-11-07 3:18:34,1,Refunded
3494,186311,2025-11-07 11:59:51,1,Refunded
3495,186738,2025-11-07 20:19:36,1,Refunded
3496,186369,2025-11-07 21:48:04,3,Refunded
3497,186956,2025-11-08 11:29:08,1,Rejected
3498,186688,2025-11-09 19:56:13,1,Refunded
3499,187360,2025-11-10 14:59:48,1,Refunded
3500,187461,2025-11-10 22:39:32,1,Refunded
3501,186246,2025-11-11 11:14:05,1,Refunded
3502,186820,2025-11-12 4:25:30,1,Refunded
3503,187136,2025-11-12 6:00:36,2,Refunded
3504,186839,2025-11-12 11:33:55,1,Refunded
3505,187458,2025-11-12 16:46:30,1,Approved
3506,187183,2025-11-12 21:25:36,1,Refunded
3507,186825,2025-11-12 22:40:32,1,Refunded
3508,186023,2025-11-13 5:27:03,1,Refunded
3509,187425,2025-11-13 23:12:18,1,Refunded
3510,187225,2025-11-14 11:35:18,1,Replaced
3511,186268,2025-11-15 15:01:16,1,Refunded
3512,187528,2025-11-16 4:25:05,1,Refunded
3513,179784,2025-11-16 20:39:39,1,Rejected
3514,186789,2025-11-18 0:23:26,1,Refunded
3515,188266,2025-11-18 22:49:42,1,Refunded
3516,188630,2025-11-19 18:37:00,1,Refunded
3517,187913,2025-11-20 15:25:40,1,Replaced
3518,186214,2025-11-21 2:28:50,1,Refunded
3519,188394,2025-11-21 8:03:47,1,Replaced
3520,188357,2025-11-21 19:19:03,1,Refunded
3521,186677,2025-11-21 21:55:20,1,Refunded
3522,188436,2025-11-21 23:28:12,1,Rejected
3523,188597,2025-11-22 6:57:48,1,Refunded
3524,188895,2025-11-22 9:34:50,1,Replaced
3525,187749,2025-11-22 12:46:53,1,Rejected
3526,188766,2025-11-23 5:40:20,1,Refunded
3527,188977,2025-11-23 22:20:28,1,Refunded
3528,188924,2025-11-24 11:36:00,1,Refunded
3529,188739,2025-11-24 15:32:51,1,Refunded
3530,188901,2025-11-25 2:00:25,1,Replaced
3531,189186,2025-11-25 19:50:40,1,Replaced
3532,189140,2025-11-25 21:51:14,1,Refunded
3533,188697,2025-11-25 23:17:31,1,Refunded
3534,189339,2025-11-26 6:04:28,1,Refunded
3535,188646,2025-11-26 12:45:34,1,Refunded
3536,187249,2025-11-27 3:19:15,1,Rejected
3537,189213,2025-11-27 18:32:37,1,Rejected
3538,188896,2025-11-28 2:58:26,1,Rejected
3539,188907,2025-11-28 14:45:34,1,Replaced
3540,189429,2025-11-29 1:29:34,1,Refunded
3541,186503,2025-11-29 16:18:48,1,Approved
3542,187781,2025-11-29 23:57:53,1,Refunded
3543,189128,2025-11-30 11:24:15,1,Refunded
3544,187929,2025-12-01 0:31:09,1,Refunded
3545,186359,2025-12-01 5:04:40,1,Refunded
3546,189177,2025-12-01 11:51:19,1,Refunded
3547,189799,2025-12-01 17:07:15,1,Refunded
3548,189911,2025-12-02 1:39:29,1,Replaced
3549,188743,2025-12-02 19:03:00,1,Refunded
3550,189933,2025-12-03 0:53:24,1,Approved
3551,190227,2025-12-03 6:17:59,1,Refunded
3552,189662,2025-12-03 12:19:16,1,Refunded
3553,189938,2025-12-05 11:24:44,2,Refunded
3554,189361,2025-12-05 23:30:27,1,Refunded
3555,190158,2025-12-06 9:34:30,1,Replaced
3556,189990,2025-12-07 0:56:59,1,Refunded
3557,190018,2025-12-07 10:03:29,1,Refunded
3558,189991,2025-12-07 11:26:15,1,Refunded
3559,189555,2025-12-08 5:57:13,1,Requested
3560,189692,2025-12-09 5:16:13,1,Replaced
3561,189184,2025-12-09 5:37:05,1,Refunded
3562,189330,2025-12-10 14:52:39,1,Refunded
3563,190735,2025-12-12 2:14:19,1,Requested
3564,190267,2025-12-12 5:50:10,1,Rejected
3565,189792,2025-12-12 21:58:28,1,Refunded
3566,189845,2025-12-13 10:06:13,1,Requested
3567,189952,2025-12-13 11:46:18,1,Refunded
3568,190902,2025-12-14 11:06:46,1,Refunded
3569,190984,2025-12-14 16:40:17,1,Refunded
3570,189603,2025-12-14 18:35:59,1,Refunded
3571,188382,2025-12-14 22:55:06,1,Refunded
3572,190898,2025-12-14 23:40:21,1,Refunded
3573,190790,2025-12-15 18:29:57,1,Replaced
3574,188993,2025-12-16 4:50:38,1,Replaced
3575,190569,2025-12-17 9:31:39,1,Refunded
3576,185263,2025-12-17 22:21:55,1,Refunded
3577,191226,2025-12-18 16:06:53,3,Refunded
3578,191262,2025-12-18 18:42:23,1,Refunded
3579,190550,2025-12-18 21:28:55,1,Refunded
3580,190968,2025-12-19 1:30:27,1,Replaced
3581,189712,2025-12-19 6:07:34,1,Replaced
3582,191267,2025-12-19 12:29:24,1,Replaced
3583,189038,2025-12-20 20:52:41,1,Replaced
3584,191116,2025-12-23 6:30:42,1,Replaced
3585,190739,2025-12-23 6:57:19,1,Approved
3586,191452,2025-12-23 17:29:24,1,Refunded
3587,191369,2025-12-24 15:23:29,1,Replaced
3588,191518,2025-12-25 2:26:12,1,Approved
3589,191879,2025-12-25 18:16:57,3,Refunded
3590,191715,2025-12-26 4:47:20,1,Refunded
3591,189615,2025-12-26 15:36:53,1,Refunded
3592,191224,2025-12-27 5:57:38,1,Refunded
3593,191237,2025-12-27 21:42:53,1,Rejected
3594,191829,2025-12-28 8:14:44,1,Refunded
3595,190130,2025-12-30 12:27:29,1,Requested
3596,191265,2026-01-01 9:52:47,1,Rejected
3597,192282,2026-01-01 16:00:37,1,Refunded
3598,191981,2026-01-01 22:11:15,1,Replaced
3599,191886,2026-01-02 2:27:44,1,Replaced
3600,192218,2026-01-02 4:43:59,3,Refunded
3601,191038,2026-01-02 6:45:27,1,Approved
3602,192303,2026-01-02 11:43:55,1,Replaced
3603,191860,2026-01-04 8:37:00,1,Refunded
3604,192025,2026-01-06 16:18:47,1,Refunded
3605,191541,2026-01-07 5:38:11,1,Replaced
3606,191840,2026-01-07 13:39:38,1,Refunded
3607,192512,2026-01-08 23:08:50,1,Refunded
3608,192622,2026-01-08 23:30:32,1,Refunded
3609,192049,2026-01-10 11:50:57,1,Refunded
3610,192616,2026-01-12 19:11:09,1,Refunded
3611,192804,2026-01-13 10:56:59,1,Refunded
3612,183016,2026-01-13 18:46:26,1,Rejected
3613,191516,2026-01-14 7:39:05,1,Rejected
3614,192369,2026-01-15 19:15:31,1,Refunded
3615,193003,2026-01-17 4:26:44,1,Replaced
3616,192555,2026-01-17 10:20:46,1,Refunded
3617,191515,2026-01-19 17:51:33,1,Refunded
3618,192036,2026-01-20 5:24:26,1,Refunded
3619,189197,2026-01-21 13:03:58,1,Refunded
3620,193195,2026-01-23 15:33:52,1,Refunded
3621,193194,2026-01-24 15:09:28,1,Requested
3622,192942,2026-01-25 1:37:34,1,Refunded
3623,192494,2026-01-25 6:45:14,1,Refunded
3624,193064,2026-01-26 9:34:58,1,Refunded
3625,192824,2026-01-26 10:46:35,1,Refunded
3626,193305,2026-01-29 11:57:58,1,Requested
3627,193342,2026-01-29 13:01:27,1,Refunded
3628,192434,2026-01-30 1:34:58,1,Refunded
3629,192954,2026-01-31 7:39:02,1,Approved
3630,193093,2026-02-01 0:08:59,1,Refunded
3631,193391,2026-02-02 6:10:58,1,Approved
3632,192840,2026-02-02 7:26:01,1,Rejected
3633,192740,2026-02-02 10:45:26,1,Refunded
3634,190532,2026-02-02 12:16:37,1,Refunded
3635,193365,2026-02-04 9:00:53,1,Replaced
3636,186607,2026-02-05 9:37:22,1,Refunded
3637,193518,2026-02-06 23:39:36,1,Refunded
3638,193624,2026-02-07 5:38:23,1,Refunded
3639,192963,2026-02-09 1:38:41,1,Refunded
3640,193429,2026-02-09 10:22:22,1,Refunded
3641,193385,2026-02-10 22:07:20,1,Refunded
3642,193400,2026-02-12 14:40:03,1,Approved
3643,193699,2026-02-13 1:35:31,1,Refunded
3644,193935,2026-02-13 5:21:30,1,Refunded
3645,193906,2026-02-13 13:52:56,1,Rejected
3646,193781,2026-02-14 13:21:34,1,Refunded
3647,193609,2026-02-16 17:01:16,1,Replaced
3648,193962,2026-02-21 18:25:41,1,Refunded
3649,193871,2026-02-22 0:13:05,1,Refunded
3650,194183,2026-02-23 3:45:47,1,Refunded
3651,194316,2026-02-25 11:56:23,1,Refunded
3652,194376,2026-02-28 18:58:59,1,Refunded
3653,194508,2026-03-03 18:16:06,1,Refunded
3654,194207,2026-03-04 15:07:48,1,Refunded
3655,193977,2026-03-04 16:44:16,1,Approved
3656,194514,2026-03-05 4:02:53,1,Refunded
3657,194465,2026-03-05 5:22:21,1,Requested
3658,194178,2026-03-10 2:49:23,1,Refunded
3659,194505,2026-03-10 15:03:20,1,Refunded
3660,194743,2026-03-11 6:42:23,1,Refunded
3661,194717,2026-03-11 9:38:15,1,Refunded
3662,194645,2026-03-14 14:20:59,1,Refunded
3663,195086,2026-03-19 15:39:23,1,Refunded
3664,193603,2026-03-21 3:40:06,1,Replaced
3665,195185,2026-03-22 0:10:28,1,Rejected
3666,195110,2026-03-22 4:34:20,1,Refunded
3667,195396,2026-03-25 12:24:04,1,Refunded
3668,194856,2026-03-25 16:24:58,1,Replaced
3669,194475,2026-03-27 1:29:09,1,Replaced
3670,195387,2026-03-28 3:51:15,1,Refunded
3671,195436,2026-03-30 10:52:33,1,Refunded
3672,195460,2026-03-30 21:09:45,1,Requested
3673,195508,2026-04-02 8:09:45,1,Rejected
3674,195282,2026-04-05 13:13:50,1,Refunded
3675,195337,2026-04-05 13:58:46,1,Refunded
3676,195844,2026-04-06 12:16:26,1,Refunded
3677,196001,2026-04-10 4:24:34,1,Replaced
3678,196002,2026-04-10 21:50:28,1,Rejected
3679,195817,2026-04-12 9:13:10,1,Refunded
3680,193657,2026-04-14 20:33:42,1,Refunded
3681,196248,2026-04-15 14:42:10,2,Approved
3682,195529,2026-04-16 6:19:05,1,Refunded
3683,196000,2026-04-16 12:25:58,2,Refunded
3684,196223,2026-04-18 20:10:42,1,Refunded
3685,195990,2026-04-18 20:26:40,1,Refunded
3686,196323,2026-04-18 22:37:54,1,Refunded
3687,196179,2026-04-19 13:53:27,1,Rejected
3688,196005,2026-04-23 8:10:24,1,Refunded
3689,196328,2026-04-29 19:13:29,1,Refunded
3690,196648,2026-04-29 22:30:07,1,Approved
3691,196734,2026-05-03 3:15:38,1,Refunded
3692,196904,2026-05-05 4:07:45,1,Replaced
3693,196926,2026-05-08 14:01:59,1,Refunded
3694,196964,2026-05-10 7:31:35,1,Refunded
3695,196880,2026-05-10 13:46:11,2,Refunded
3696,197132,2026-05-13 19:44:09,1,Requested
3697,196811,2026-05-15 18:57:09,1,Refunded
3698,197086,2026-05-16 0:30:22,1,Refunded
3699,197129,2026-05-18 12:04:28,1,Refunded
3700,197289,2026-05-19 0:13:23,1,Rejected
3701,196939,2026-05-20 21:18:24,1,Rejected
3702,197512,2026-05-22 0:48:34,1,Replaced
3703,197331,2026-05-23 5:55:31,1,Refunded
3704,197513,2026-05-24 3:45:00,1,Replaced
3705,197454,2026-05-24 18:34:15,1,Refunded
3706,197573,2026-05-24 19:40:07,1,Refunded
3707,197689,2026-05-28 19:15:05,1,Replaced
3708,197701,2026-05-29 8:24:15,1,Refunded
3709,197700,2026-06-01 10:13:36,1,Refunded
3710,197764,2026-06-02 17:47:08,1,Requested
3711,197967,2026-06-03 5:33:40,1,Approved
3712,197916,2026-06-04 15:22:29,1,Refunded
3713,198144,2026-06-10 7:35:36,1,Refunded
3714,198267,2026-06-15 7:51:27,1,Replaced
3715,198324,2026-06-15 20:47:54,1,Rejected
3716,198098,2026-06-17 6:36:50,1,Replaced
3717,198514,2026-06-18 21:41:37,1,Rejected
3718,197783,2026-06-18 23:14:50,1,Refunded
3719,198587,2026-06-20 14:04:25,1,Approved
3720,198448,2026-06-21 8:19:59,2,Rejected
3721,198712,2026-06-22 20:28:22,1,Refunded
3722,198495,2026-06-23 8:05:22,1,Refunded
3723,198638,2026-06-24 16:34:18,1,Refunded
3724,197898,2026-06-27 17:41:04,1,Rejected
3725,198766,2026-06-28 5:22:30,1,Refunded
3726,198808,2026-06-28 13:50:16,1,Refunded
3727,198530,2026-06-29 12:09:35,1,Refunded
3728,198914,2026-06-29 20:22:02,1,Refunded
3729,198933,2026-07-03 7:49:03,1,Refunded
3730,198955,2026-07-04 7:29:14,1,Refunded
3731,199071,2026-07-04 12:41:25,1,Replaced
3732,198888,2026-07-05 13:07:37,1,Approved
3733,199210,2026-07-07 16:11:02,1,Refunded
3734,199308,2026-07-10 13:12:47,1,Refunded
3735,199204,2026-07-12 1:28:32,1,Refunded
3736,199015,2026-07-12 10:26:43,1,Requested
3737,199352,2026-07-12 13:15:50,1,Replaced
3738,199110,2026-07-15 4:02:38,1,Refunded
3739,199587,2026-07-16 19:04:06,1,Refunded
3740,199006,2026-07-19 18:11:46,1,Refunded
3741,198779,2026-07-20 0:13:02,1,Refunded
3742,199541,2026-07-22 20:05:37,1,Refunded
3743,199557,2026-07-26 3:08:59,1,Refunded
3744,199906,2026-07-26 5:05:59,1,Replaced
3745,199846,2026-07-26 11:38:59,1,Replaced
3746,199930,2026-07-26 15:07:59,2,Requested
3747,199686,2026-07-26 16:52:59,1,Replaced
3748,199586,2026-07-26 18:12:59,1,Refunded
3749,199296,2026-07-26 18:24:59,1,Requested
3750,199395,2026-07-26 22:21:59,1,Refunded
