inventory_id,location_type,store_id,warehouse_id,variant_id,quantity
1,Store,32,null,1,2
2,Store,60,null,1,3
3,Store,49,null,1,2
4,Store,38,null,1,1
5,Store,24,null,1,2
6,Store,57,null,1,2
7,Store,115,null,1,3
8,Store,97,null,1,2
9,Store,80,null,1,1
10,Store,59,null,1,1
11,Warehouse,null,5,1,1
12,Warehouse,null,9,1,7
13,Warehouse,null,6,1,3
14,Warehouse,null,7,1,2
15,Store,108,null,2,3
16,Store,75,null,2,1
17,Store,110,null,2,1
18,Store,102,null,2,3
19,Store,19,null,2,2
20,Store,81,null,2,1
21,Store,73,null,2,4
22,Store,98,null,2,1
23,Store,37,null,2,2
24,Store,68,null,2,2
25,Store,90,null,2,2
26,Warehouse,null,11,2,8
27,Warehouse,null,7,2,6
28,Store,30,null,3,1
29,Store,31,null,3,1
30,Store,71,null,3,1
31,Store,88,null,3,1
32,Store,73,null,3,1
33,Store,102,null,3,1
34,Store,33,null,3,1
35,Store,110,null,3,1
36,Store,18,null,3,1
37,Store,97,null,3,1
38,Store,36,null,3,1
39,Store,17,null,3,1
40,Store,80,null,3,1
41,Store,106,null,3,1
42,Store,96,null,3,1
43,Store,40,null,3,1
44,Store,119,null,3,1
45,Store,38,null,3,1
46,Store,116,null,3,1
47,Store,7,null,3,1
48,Warehouse,null,2,3,5
49,Warehouse,null,7,3,9
50,Store,59,null,4,1
51,Store,83,null,4,1
52,Store,23,null,4,1
53,Store,50,null,4,1
54,Store,43,null,4,1
55,Store,7,null,4,1
56,Store,90,null,4,1
57,Store,86,null,4,1
58,Store,52,null,4,1
59,Store,85,null,4,1
60,Store,38,null,4,1
61,Store,46,null,4,1
62,Store,48,null,4,1
63,Store,69,null,4,1
64,Warehouse,null,10,4,3
65,Warehouse,null,11,4,7
66,Store,90,null,5,1
67,Store,40,null,5,1
68,Store,54,null,5,2
69,Store,25,null,5,3
70,Store,29,null,5,2
71,Store,23,null,5,3
72,Store,7,null,5,2
73,Store,107,null,5,1
74,Store,118,null,5,2
75,Warehouse,null,6,5,6
76,Warehouse,null,7,5,5
77,Store,82,null,6,2
78,Store,110,null,6,3
79,Store,37,null,6,2
80,Store,19,null,6,2
81,Store,72,null,6,2
82,Store,38,null,6,2
83,Store,68,null,6,2
84,Store,96,null,6,1
85,Warehouse,null,2,6,5
86,Warehouse,null,5,6,5
87,Store,78,null,7,1
88,Store,7,null,7,1
89,Store,31,null,7,1
90,Store,105,null,7,1
91,Store,85,null,7,1
92,Store,108,null,7,1
93,Store,2,null,7,1
94,Store,106,null,7,1
95,Store,94,null,7,1
96,Store,12,null,7,1
97,Store,87,null,7,1
98,Store,10,null,7,1
99,Store,33,null,7,1
100,Store,5,null,7,1
101,Store,95,null,7,1
102,Store,34,null,7,1
103,Store,60,null,7,1
104,Store,52,null,7,1
105,Store,120,null,7,1
106,Store,19,null,7,1
107,Store,26,null,7,1
108,Warehouse,null,6,7,9
109,Warehouse,null,9,7,5
110,Store,74,null,8,1
111,Store,64,null,8,3
112,Store,58,null,8,3
113,Store,21,null,8,1
114,Store,110,null,8,2
115,Store,115,null,8,2
116,Store,14,null,8,3
117,Store,4,null,8,1
118,Warehouse,null,10,8,3
119,Warehouse,null,12,8,2
120,Warehouse,null,4,8,6
121,Store,41,null,9,2
122,Store,70,null,9,1
123,Store,46,null,9,2
124,Store,66,null,9,1
125,Store,33,null,9,1
126,Store,120,null,9,3
127,Store,105,null,9,4
128,Store,68,null,9,2
129,Warehouse,null,10,9,6
130,Warehouse,null,1,9,5
131,Store,28,null,10,4
132,Store,12,null,10,3
133,Store,38,null,10,3
134,Store,54,null,10,1
135,Store,78,null,10,1
136,Store,115,null,10,3
137,Store,70,null,10,1
138,Store,98,null,10,1
139,Store,114,null,10,3
140,Store,50,null,10,1
141,Store,39,null,10,1
142,Warehouse,null,11,10,7
143,Warehouse,null,6,10,8
144,Store,109,null,11,2
145,Store,76,null,11,1
146,Store,82,null,11,2
147,Store,70,null,11,3
148,Store,67,null,11,2
149,Store,96,null,11,3
150,Store,98,null,11,1
151,Store,45,null,11,2
152,Store,101,null,11,2
153,Store,56,null,11,1
154,Warehouse,null,12,11,4
155,Warehouse,null,2,11,4
156,Warehouse,null,9,11,4
157,Store,11,null,12,5
158,Store,119,null,12,1
159,Store,115,null,12,4
160,Store,70,null,12,3
161,Store,78,null,12,2
162,Warehouse,null,5,12,3
163,Warehouse,null,8,12,3
164,Warehouse,null,7,12,4
165,Store,1,null,13,2
166,Store,71,null,13,1
167,Store,91,null,13,3
168,Store,62,null,13,3
169,Store,42,null,13,1
170,Store,93,null,13,1
171,Store,20,null,13,2
172,Store,88,null,13,2
173,Store,89,null,13,1
174,Store,97,null,13,2
175,Store,57,null,13,3
176,Warehouse,null,7,13,6
177,Warehouse,null,9,13,8
178,Store,4,null,14,1
179,Store,19,null,14,1
180,Store,5,null,14,1
181,Store,72,null,14,1
182,Store,115,null,14,1
183,Store,44,null,14,1
184,Store,112,null,14,1
185,Store,30,null,14,1
186,Store,11,null,14,1
187,Store,109,null,14,1
188,Store,116,null,14,1
189,Store,69,null,14,1
190,Store,94,null,14,1
191,Store,65,null,14,1
192,Store,66,null,14,1
193,Store,12,null,14,1
194,Store,29,null,14,1
195,Store,110,null,14,1
196,Store,92,null,14,1
197,Store,114,null,14,1
198,Store,81,null,14,1
199,Warehouse,null,3,14,5
200,Warehouse,null,6,14,2
201,Warehouse,null,4,14,7
202,Store,70,null,15,1
203,Store,41,null,15,3
204,Store,15,null,15,2
205,Store,112,null,15,4
206,Store,48,null,15,2
207,Store,118,null,15,1
208,Store,6,null,15,1
209,Store,24,null,15,2
210,Store,99,null,15,2
211,Warehouse,null,9,15,7
212,Warehouse,null,11,15,5
213,Store,88,null,16,1
214,Store,117,null,16,1
215,Store,57,null,16,2
216,Store,85,null,16,1
217,Store,119,null,16,2
218,Store,90,null,16,3
219,Store,74,null,16,1
220,Store,104,null,16,2
221,Store,8,null,16,2
222,Store,4,null,16,3
223,Store,101,null,16,2
224,Store,71,null,16,3
225,Warehouse,null,3,16,5
226,Warehouse,null,12,16,5
227,Warehouse,null,1,16,6
228,Store,109,null,17,2
229,Store,115,null,17,3
230,Store,120,null,17,1
231,Store,49,null,17,4
232,Store,14,null,17,1
233,Store,119,null,17,2
234,Store,52,null,17,1
235,Store,53,null,17,1
236,Warehouse,null,1,17,4
237,Warehouse,null,4,17,2
238,Warehouse,null,5,17,4
239,Store,71,null,18,3
240,Store,102,null,18,2
241,Store,73,null,18,2
242,Store,45,null,18,2
243,Store,116,null,18,1
244,Store,57,null,18,2
245,Store,49,null,18,2
246,Store,52,null,18,3
247,Store,2,null,18,1
248,Store,41,null,18,2
249,Store,36,null,18,2
250,Warehouse,null,2,18,6
251,Warehouse,null,7,18,3
252,Warehouse,null,8,18,5
253,Store,77,null,19,1
254,Store,35,null,19,1
255,Store,107,null,19,1
256,Store,103,null,19,1
257,Store,100,null,19,1
258,Store,41,null,19,1
259,Store,20,null,19,1
260,Store,2,null,19,1
261,Store,39,null,19,1
262,Store,97,null,19,1
263,Store,119,null,19,1
264,Store,105,null,19,1
265,Store,78,null,19,1
266,Store,74,null,19,1
267,Store,37,null,19,1
268,Store,73,null,19,1
269,Warehouse,null,5,19,10
270,Warehouse,null,1,19,1
271,Store,119,null,20,1
272,Store,34,null,20,1
273,Store,94,null,20,1
274,Store,75,null,20,1
275,Store,115,null,20,1
276,Store,61,null,20,1
277,Store,91,null,20,1
278,Store,18,null,20,1
279,Store,103,null,20,1
280,Store,70,null,20,1
281,Store,42,null,20,1
282,Store,48,null,20,1
283,Store,118,null,20,1
284,Store,92,null,20,1
285,Store,38,null,20,1
286,Store,76,null,20,1
287,Store,97,null,20,1
288,Store,27,null,20,1
289,Store,20,null,20,1
290,Store,88,null,20,1
291,Store,114,null,20,1
292,Store,14,null,20,1
293,Warehouse,null,12,20,7
294,Warehouse,null,2,20,7
295,Store,55,null,21,3
296,Store,63,null,21,3
297,Store,77,null,21,2
298,Store,112,null,21,2
299,Store,19,null,21,2
300,Store,66,null,21,2
301,Store,68,null,21,6
302,Warehouse,null,1,21,3
303,Warehouse,null,9,21,5
304,Warehouse,null,4,21,6
305,Store,52,null,22,1
306,Store,47,null,22,2
307,Store,80,null,22,2
308,Store,78,null,22,5
309,Store,92,null,22,1
310,Store,12,null,22,2
311,Store,102,null,22,1
312,Store,18,null,22,3
313,Store,62,null,22,1
314,Warehouse,null,1,22,5
315,Warehouse,null,8,22,4
316,Warehouse,null,7,22,3
317,Store,113,null,23,2
318,Store,86,null,23,1
319,Store,3,null,23,6
320,Store,77,null,23,4
321,Store,10,null,23,3
322,Store,26,null,23,1
323,Warehouse,null,3,23,4
324,Warehouse,null,8,23,3
325,Warehouse,null,5,23,4
326,Store,80,null,24,1
327,Store,6,null,24,1
328,Store,119,null,24,1
329,Store,15,null,24,1
330,Store,51,null,24,1
331,Store,89,null,24,1
332,Store,34,null,24,1
333,Store,58,null,24,1
334,Store,28,null,24,1
335,Store,81,null,24,1
336,Store,87,null,24,1
337,Store,4,null,24,1
338,Store,65,null,24,1
339,Store,117,null,24,1
340,Store,47,null,24,1
341,Store,95,null,24,1
342,Warehouse,null,12,24,8
343,Warehouse,null,8,24,3
344,Store,19,null,25,3
345,Store,94,null,25,2
346,Store,93,null,25,2
347,Store,53,null,25,3
348,Store,108,null,25,3
349,Warehouse,null,2,25,3
350,Warehouse,null,6,25,5
351,Store,25,null,26,2
352,Store,34,null,26,2
353,Store,29,null,26,2
354,Store,74,null,26,2
355,Store,90,null,26,2
356,Store,48,null,26,2
357,Store,1,null,26,1
358,Warehouse,null,6,26,6
359,Warehouse,null,9,26,3
360,Store,81,null,27,1
361,Store,108,null,27,4
362,Store,106,null,27,3
363,Store,46,null,27,2
364,Store,77,null,27,3
365,Store,45,null,27,3
366,Warehouse,null,7,27,4
367,Warehouse,null,5,27,4
368,Warehouse,null,6,27,3
369,Store,62,null,28,3
370,Store,63,null,28,3
371,Store,54,null,28,2
372,Store,60,null,28,1
373,Store,85,null,28,1
374,Store,23,null,28,2
375,Store,95,null,28,1
376,Warehouse,null,3,28,4
377,Warehouse,null,7,28,2
378,Warehouse,null,1,28,3
379,Store,110,null,29,1
380,Store,54,null,29,1
381,Store,8,null,29,1
382,Store,62,null,29,1
383,Store,50,null,29,1
384,Store,13,null,29,1
385,Store,75,null,29,1
386,Store,108,null,29,1
387,Store,19,null,29,1
388,Store,38,null,29,1
389,Store,63,null,29,1
390,Store,98,null,29,1
391,Store,100,null,29,1
392,Store,102,null,29,1
393,Store,46,null,29,1
394,Store,49,null,29,1
395,Store,55,null,29,1
396,Store,84,null,29,1
397,Store,23,null,29,1
398,Store,25,null,29,1
399,Store,26,null,29,1
400,Warehouse,null,7,29,7
401,Warehouse,null,5,29,7
402,Store,28,null,30,2
403,Store,96,null,30,2
404,Store,61,null,30,2
405,Store,110,null,30,4
406,Store,25,null,30,1
407,Store,119,null,30,1
408,Store,36,null,30,2
409,Store,17,null,30,3
410,Store,112,null,30,1
411,Warehouse,null,2,30,6
412,Warehouse,null,10,30,6
413,Store,111,null,31,2
414,Store,57,null,31,3
415,Store,22,null,31,2
416,Store,103,null,31,1
417,Store,43,null,31,2
418,Store,87,null,31,3
419,Store,32,null,31,1
420,Store,31,null,31,1
421,Store,63,null,31,3
422,Store,99,null,31,1
423,Warehouse,null,5,31,3
424,Warehouse,null,6,31,4
425,Warehouse,null,2,31,5
426,Store,82,null,32,2
427,Store,61,null,32,2
428,Store,33,null,32,1
429,Store,21,null,32,3
430,Store,105,null,32,1
431,Store,28,null,32,1
432,Store,94,null,32,1
433,Store,43,null,32,5
434,Warehouse,null,5,32,5
435,Warehouse,null,7,32,6
436,Store,28,null,33,1
437,Store,17,null,33,1
438,Store,53,null,33,1
439,Store,101,null,33,1
440,Store,11,null,33,1
441,Store,70,null,33,1
442,Store,37,null,33,1
443,Store,106,null,33,1
444,Store,68,null,33,1
445,Store,33,null,33,1
446,Store,98,null,33,1
447,Store,10,null,33,1
448,Store,1,null,33,1
449,Store,115,null,33,1
450,Store,14,null,33,1
451,Store,90,null,33,1
452,Store,3,null,33,1
453,Store,61,null,33,1
454,Store,44,null,33,1
455,Warehouse,null,5,33,5
456,Warehouse,null,8,33,7
457,Store,36,null,34,2
458,Store,62,null,34,3
459,Store,109,null,34,1
460,Store,98,null,34,1
461,Store,5,null,34,2
462,Store,8,null,34,3
463,Store,35,null,34,2
464,Store,88,null,34,2
465,Store,94,null,34,1
466,Store,61,null,34,2
467,Store,101,null,34,2
468,Warehouse,null,8,34,4
469,Warehouse,null,6,34,4
470,Warehouse,null,9,34,6
471,Store,60,null,35,1
472,Store,43,null,35,1
473,Store,111,null,35,2
474,Store,84,null,35,1
475,Store,47,null,35,2
476,Store,68,null,35,3
477,Store,80,null,35,3
478,Store,20,null,35,3
479,Store,119,null,35,1
480,Store,12,null,35,3
481,Store,118,null,35,2
482,Store,107,null,35,1
483,Warehouse,null,1,35,5
484,Warehouse,null,9,35,6
485,Warehouse,null,10,35,4
486,Store,9,null,36,2
487,Store,10,null,36,4
488,Store,54,null,36,1
489,Store,29,null,36,1
490,Store,8,null,36,1
491,Store,20,null,36,2
492,Store,52,null,36,2
493,Store,106,null,36,2
494,Store,41,null,36,1
495,Store,112,null,36,3
496,Warehouse,null,1,36,6
497,Warehouse,null,9,36,6
498,Store,51,null,37,2
499,Store,10,null,37,1
500,Store,1,null,37,3
501,Store,64,null,37,3
502,Store,56,null,37,1
503,Store,83,null,37,1
504,Store,28,null,37,2
505,Warehouse,null,4,37,2
506,Warehouse,null,7,37,6
507,Store,90,null,38,2
508,Store,52,null,38,2
509,Store,17,null,38,2
510,Store,61,null,38,3
511,Store,73,null,38,3
512,Store,97,null,38,4
513,Warehouse,null,7,38,5
514,Warehouse,null,1,38,5
515,Store,115,null,39,1
516,Store,42,null,39,1
517,Store,58,null,39,1
518,Store,114,null,39,1
519,Store,31,null,39,1
520,Store,24,null,39,1
521,Store,40,null,39,1
522,Store,66,null,39,1
523,Store,25,null,39,1
524,Store,71,null,39,1
525,Store,73,null,39,1
526,Store,78,null,39,1
527,Store,60,null,39,1
528,Store,86,null,39,1
529,Store,26,null,39,1
530,Store,8,null,39,1
531,Store,55,null,39,1
532,Store,65,null,39,1
533,Warehouse,null,6,39,7
534,Warehouse,null,10,39,5
535,Store,70,null,40,1
536,Store,98,null,40,3
537,Store,15,null,40,2
538,Store,32,null,40,3
539,Store,42,null,40,1
540,Store,61,null,40,1
541,Store,13,null,40,3
542,Store,80,null,40,2
543,Warehouse,null,11,40,2
544,Warehouse,null,8,40,4
545,Warehouse,null,7,40,4
546,Store,63,null,41,3
547,Store,19,null,41,2
548,Store,116,null,41,2
549,Store,61,null,41,2
550,Store,109,null,41,2
551,Store,36,null,41,1
552,Store,117,null,41,2
553,Store,40,null,41,2
554,Store,78,null,41,2
555,Warehouse,null,7,41,6
556,Warehouse,null,1,41,6
557,Store,80,null,42,1
558,Store,4,null,42,1
559,Store,26,null,42,1
560,Store,120,null,42,1
561,Store,1,null,42,1
562,Store,106,null,42,1
563,Store,11,null,42,1
564,Store,99,null,42,1
565,Store,30,null,42,1
566,Store,60,null,42,1
567,Store,95,null,42,1
568,Store,44,null,42,1
569,Store,70,null,42,1
570,Store,109,null,42,1
571,Warehouse,null,5,42,4
572,Warehouse,null,7,42,2
573,Warehouse,null,2,42,4
574,Store,31,null,43,1
575,Store,13,null,43,1
576,Store,27,null,43,1
577,Store,97,null,43,1
578,Store,109,null,43,1
579,Store,105,null,43,1
580,Store,42,null,43,1
581,Store,96,null,43,1
582,Store,32,null,43,1
583,Warehouse,null,9,43,6
584,Store,70,null,44,3
585,Store,7,null,44,2
586,Store,14,null,44,2
587,Store,112,null,44,3
588,Store,66,null,44,4
589,Store,34,null,44,3
590,Warehouse,null,4,44,3
591,Warehouse,null,9,44,4
592,Warehouse,null,7,44,4
593,Store,44,null,45,1
594,Store,106,null,45,1
595,Store,83,null,45,1
596,Store,55,null,45,1
597,Store,71,null,45,1
598,Store,77,null,45,1
599,Store,64,null,45,1
600,Store,59,null,45,1
601,Store,45,null,45,1
602,Store,73,null,45,1
603,Store,76,null,45,1
604,Store,30,null,45,1
605,Store,56,null,45,1
606,Store,29,null,45,1
607,Store,26,null,45,1
608,Store,34,null,45,1
609,Store,22,null,45,1
610,Warehouse,null,11,45,4
611,Warehouse,null,5,45,7
612,Store,110,null,46,3
613,Store,20,null,46,1
614,Store,92,null,46,6
615,Store,82,null,46,2
616,Store,103,null,46,2
617,Store,71,null,46,4
618,Warehouse,null,4,46,7
619,Warehouse,null,5,46,5
620,Store,46,null,47,1
621,Store,2,null,47,3
622,Store,97,null,47,1
623,Store,58,null,47,1
624,Store,106,null,47,3
625,Store,118,null,47,4
626,Store,6,null,47,2
627,Store,66,null,47,1
628,Store,42,null,47,1
629,Warehouse,null,4,47,4
630,Warehouse,null,11,47,7
631,Store,75,null,48,1
632,Store,31,null,48,1
633,Store,68,null,48,1
634,Store,9,null,48,1
635,Store,79,null,48,1
636,Store,3,null,48,1
637,Store,59,null,48,1
638,Store,55,null,48,1
639,Store,46,null,48,1
640,Store,108,null,48,1
641,Store,1,null,48,1
642,Store,120,null,48,1
643,Store,63,null,48,1
644,Store,91,null,48,1
645,Store,70,null,48,1
646,Store,101,null,48,1
647,Store,27,null,48,1
648,Store,89,null,48,1
649,Store,100,null,48,1
650,Warehouse,null,1,48,5
651,Warehouse,null,9,48,3
652,Warehouse,null,2,48,4
653,Store,4,null,49,3
654,Store,105,null,49,1
655,Store,6,null,49,1
656,Store,54,null,49,1
657,Store,32,null,49,1
658,Store,107,null,49,2
659,Store,77,null,49,2
660,Store,103,null,49,5
661,Store,96,null,49,3
662,Store,11,null,49,1
663,Warehouse,null,11,49,4
664,Warehouse,null,8,49,3
665,Warehouse,null,5,49,6
666,Store,114,null,50,1
667,Store,74,null,50,1
668,Store,73,null,50,1
669,Store,116,null,50,1
670,Store,63,null,50,1
671,Store,57,null,50,1
672,Store,30,null,50,1
673,Store,105,null,50,1
674,Store,44,null,50,1
675,Store,6,null,50,1
676,Store,82,null,50,1
677,Store,68,null,50,1
678,Store,17,null,50,1
679,Store,110,null,50,1
680,Store,33,null,50,1
681,Store,22,null,50,1
682,Warehouse,null,6,50,5
683,Warehouse,null,12,50,2
684,Warehouse,null,3,50,4
685,Store,15,null,51,1
686,Store,24,null,51,1
687,Store,100,null,51,1
688,Store,12,null,51,1
689,Store,68,null,51,1
690,Store,63,null,51,1
691,Store,109,null,51,1
692,Store,22,null,51,1
693,Store,56,null,51,1
694,Store,54,null,51,1
695,Store,76,null,51,1
696,Store,57,null,51,1
697,Store,14,null,51,1
698,Store,73,null,51,1
699,Store,86,null,51,1
700,Store,42,null,51,1
701,Store,27,null,51,1
702,Store,101,null,51,1
703,Store,40,null,51,1
704,Warehouse,null,9,51,2
705,Warehouse,null,8,51,1
706,Warehouse,null,6,51,5
707,Warehouse,null,1,51,5
708,Store,107,null,52,4
709,Store,56,null,52,5
710,Store,104,null,52,1
711,Store,72,null,52,2
712,Store,106,null,52,2
713,Warehouse,null,8,52,4
714,Warehouse,null,6,52,6
715,Store,45,null,53,1
716,Store,104,null,53,1
717,Store,10,null,53,1
718,Store,113,null,53,1
719,Store,118,null,53,1
720,Store,76,null,53,1
721,Store,86,null,53,1
722,Store,93,null,53,1
723,Store,25,null,53,1
724,Store,38,null,53,1
725,Store,61,null,53,1
726,Store,51,null,53,1
727,Store,21,null,53,1
728,Store,41,null,53,1
729,Store,85,null,53,1
730,Store,48,null,53,1
731,Warehouse,null,8,53,6
732,Warehouse,null,3,53,4
733,Store,19,null,54,2
734,Store,67,null,54,3
735,Store,38,null,54,3
736,Store,75,null,54,4
737,Store,84,null,54,2
738,Warehouse,null,9,54,2
739,Warehouse,null,1,54,6
740,Warehouse,null,12,54,2
741,Store,81,null,55,3
742,Store,5,null,55,3
743,Store,18,null,55,1
744,Store,32,null,55,4
745,Store,44,null,55,1
746,Store,71,null,55,3
747,Store,4,null,55,1
748,Store,68,null,55,1
749,Store,103,null,55,1
750,Store,100,null,55,1
751,Warehouse,null,2,55,3
752,Warehouse,null,10,55,3
753,Warehouse,null,5,55,3
754,Warehouse,null,6,55,4
755,Store,19,null,56,3
756,Store,97,null,56,1
757,Store,60,null,56,1
758,Store,108,null,56,1
759,Store,85,null,56,2
760,Store,58,null,56,1
761,Store,49,null,56,1
762,Store,92,null,56,5
763,Store,12,null,56,3
764,Warehouse,null,10,56,6
765,Warehouse,null,3,56,6
766,Store,31,null,57,3
767,Store,40,null,57,1
768,Store,19,null,57,4
769,Store,100,null,57,1
770,Store,120,null,57,2
771,Store,56,null,57,1
772,Store,55,null,57,2
773,Warehouse,null,6,57,4
774,Warehouse,null,4,57,6
775,Store,120,null,58,1
776,Store,28,null,58,3
777,Store,10,null,58,1
778,Store,37,null,58,2
779,Store,14,null,58,3
780,Store,65,null,58,1
781,Store,79,null,58,1
782,Store,33,null,58,2
783,Store,74,null,58,3
784,Warehouse,null,12,58,3
785,Warehouse,null,1,58,9
786,Store,87,null,59,2
787,Store,104,null,59,2
788,Store,76,null,59,2
789,Store,86,null,59,2
790,Store,10,null,59,3
791,Store,73,null,59,1
792,Store,116,null,59,3
793,Store,111,null,59,1
794,Warehouse,null,7,59,3
795,Warehouse,null,11,59,8
796,Store,68,null,60,2
797,Store,87,null,60,3
798,Store,72,null,60,3
799,Store,67,null,60,2
800,Store,50,null,60,2
801,Store,55,null,60,1
802,Store,102,null,60,2
803,Store,93,null,60,1
804,Warehouse,null,7,60,6
805,Warehouse,null,9,60,1
806,Warehouse,null,1,60,4
807,Store,52,null,61,4
808,Store,27,null,61,1
809,Store,88,null,61,3
810,Store,67,null,61,2
811,Store,16,null,61,4
812,Store,86,null,61,3
813,Warehouse,null,7,61,4
814,Warehouse,null,11,61,3
815,Warehouse,null,3,61,4
816,Store,50,null,62,1
817,Store,16,null,62,1
818,Store,7,null,62,1
819,Store,100,null,62,1
820,Store,36,null,62,1
821,Store,37,null,62,1
822,Store,70,null,62,1
823,Store,109,null,62,1
824,Store,56,null,62,1
825,Store,81,null,62,1
826,Store,61,null,62,1
827,Store,27,null,62,1
828,Store,78,null,62,1
829,Warehouse,null,12,62,5
830,Warehouse,null,7,62,3
831,Store,35,null,63,1
832,Store,6,null,63,1
833,Store,21,null,63,1
834,Store,5,null,63,1
835,Store,3,null,63,1
836,Store,94,null,63,1
837,Store,101,null,63,1
838,Store,28,null,63,1
839,Store,43,null,63,1
840,Store,15,null,63,1
841,Store,57,null,63,1
842,Store,98,null,63,1
843,Store,96,null,63,1
844,Store,64,null,63,1
845,Warehouse,null,8,63,4
846,Warehouse,null,12,63,5
847,Store,98,null,64,1
848,Store,24,null,64,1
849,Store,41,null,64,1
850,Store,105,null,64,1
851,Store,80,null,64,1
852,Store,104,null,64,1
853,Store,27,null,64,1
854,Store,103,null,64,1
855,Store,59,null,64,1
856,Store,2,null,64,1
857,Store,32,null,64,1
858,Store,85,null,64,1
859,Store,53,null,64,1
860,Store,56,null,64,1
861,Store,94,null,64,1
862,Store,62,null,64,1
863,Store,72,null,64,1
864,Warehouse,null,8,64,6
865,Warehouse,null,11,64,5
866,Store,46,null,65,1
867,Store,9,null,65,1
868,Store,63,null,65,1
869,Store,15,null,65,1
870,Store,118,null,65,1
871,Store,108,null,65,1
872,Store,90,null,65,1
873,Store,40,null,65,1
874,Store,14,null,65,1
875,Store,58,null,65,1
876,Store,23,null,65,1
877,Store,71,null,65,1
878,Store,13,null,65,1
879,Store,99,null,65,1
880,Store,19,null,65,1
881,Store,67,null,65,1
882,Store,33,null,65,1
883,Warehouse,null,8,65,9
884,Warehouse,null,2,65,2
885,Store,14,null,66,2
886,Store,46,null,66,2
887,Store,101,null,66,3
888,Store,29,null,66,2
889,Store,72,null,66,2
890,Store,103,null,66,2
891,Store,40,null,66,1
892,Store,13,null,66,2
893,Warehouse,null,2,66,4
894,Warehouse,null,8,66,7
895,Store,110,null,67,1
896,Store,64,null,67,1
897,Store,12,null,67,1
898,Store,70,null,67,1
899,Store,72,null,67,1
900,Store,95,null,67,1
901,Store,87,null,67,1
902,Store,76,null,67,1
903,Store,5,null,67,1
904,Store,7,null,67,1
905,Store,50,null,67,1
906,Store,77,null,67,1
907,Store,24,null,67,1
908,Store,59,null,67,1
909,Store,73,null,67,1
910,Warehouse,null,12,67,4
911,Warehouse,null,9,67,6
912,Store,74,null,68,2
913,Store,70,null,68,7
914,Store,93,null,68,1
915,Store,30,null,68,2
916,Store,99,null,68,2
917,Store,82,null,68,2
918,Store,37,null,68,3
919,Warehouse,null,6,68,6
920,Warehouse,null,8,68,6
921,Store,119,null,69,2
922,Store,113,null,69,2
923,Store,51,null,69,2
924,Store,14,null,69,1
925,Store,110,null,69,2
926,Store,95,null,69,1
927,Store,71,null,69,3
928,Store,16,null,69,2
929,Store,66,null,69,1
930,Store,90,null,69,3
931,Warehouse,null,7,69,6
932,Warehouse,null,9,69,7
933,Store,39,null,70,4
934,Store,7,null,70,8
935,Store,42,null,70,1
936,Store,119,null,70,1
937,Store,59,null,70,2
938,Store,90,null,70,3
939,Store,108,null,70,3
940,Store,84,null,70,2
941,Warehouse,null,12,70,6
942,Warehouse,null,11,70,4
943,Warehouse,null,2,70,2
944,Warehouse,null,4,70,4
945,Store,112,null,71,1
946,Store,3,null,71,1
947,Store,35,null,71,1
948,Store,13,null,71,1
949,Store,100,null,71,1
950,Store,97,null,71,1
951,Store,61,null,71,1
952,Store,107,null,71,1
953,Store,28,null,71,1
954,Store,62,null,71,1
955,Store,103,null,71,1
956,Store,59,null,71,1
957,Store,75,null,71,1
958,Store,7,null,71,1
959,Store,34,null,71,1
960,Store,101,null,71,1
961,Store,96,null,71,1
962,Store,118,null,71,1
963,Store,36,null,71,1
964,Store,41,null,71,1
965,Store,5,null,71,1
966,Store,119,null,71,1
967,Warehouse,null,12,71,6
968,Warehouse,null,7,71,8
969,Store,15,null,72,1
970,Store,55,null,72,2
971,Store,44,null,72,2
972,Store,13,null,72,1
973,Store,63,null,72,1
974,Store,32,null,72,3
975,Store,79,null,72,4
976,Store,116,null,72,1
977,Store,56,null,72,2
978,Warehouse,null,10,72,4
979,Warehouse,null,5,72,7
980,Store,82,null,73,2
981,Store,87,null,73,2
982,Store,74,null,73,1
983,Store,64,null,73,1
984,Store,3,null,73,1
985,Store,38,null,73,1
986,Store,19,null,73,2
987,Store,10,null,73,2
988,Store,118,null,73,1
989,Store,36,null,73,3
990,Store,113,null,73,4
991,Store,15,null,73,3
992,Warehouse,null,6,73,3
993,Warehouse,null,9,73,6
994,Warehouse,null,3,73,6
995,Store,33,null,74,2
996,Store,84,null,74,6
997,Store,24,null,74,1
998,Store,49,null,74,3
999,Store,21,null,74,3
1000,Store,72,null,74,2
1001,Store,95,null,74,3
1002,Warehouse,null,2,74,4
1003,Warehouse,null,1,74,3
1004,Warehouse,null,3,74,6
1005,Store,116,null,75,1
1006,Store,31,null,75,1
1007,Store,21,null,75,1
1008,Store,29,null,75,1
1009,Store,20,null,75,1
1010,Store,75,null,75,1
1011,Store,24,null,75,1
1012,Store,83,null,75,1
1013,Store,32,null,75,1
1014,Store,8,null,75,1
1015,Store,90,null,75,1
1016,Store,16,null,75,1
1017,Store,92,null,75,1
1018,Store,30,null,75,1
1019,Store,44,null,75,1
1020,Store,47,null,75,1
1021,Warehouse,null,3,75,1
1022,Warehouse,null,4,75,4
1023,Warehouse,null,11,75,6
1024,Store,58,null,76,2
1025,Store,93,null,76,1
1026,Store,112,null,76,1
1027,Store,18,null,76,1
1028,Store,65,null,76,3
1029,Store,16,null,76,4
1030,Store,111,null,76,1
1031,Store,63,null,76,2
1032,Store,109,null,76,1
1033,Store,90,null,76,4
1034,Store,96,null,76,2
1035,Warehouse,null,11,76,6
1036,Warehouse,null,6,76,9
1037,Store,17,null,77,1
1038,Store,6,null,77,4
1039,Store,101,null,77,4
1040,Store,83,null,77,1
1041,Store,67,null,77,1
1042,Store,76,null,77,2
1043,Store,80,null,77,1
1044,Store,48,null,77,3
1045,Store,23,null,77,1
1046,Warehouse,null,11,77,7
1047,Warehouse,null,7,77,2
1048,Warehouse,null,2,77,3
1049,Store,7,null,78,2
1050,Store,6,null,78,2
1051,Store,79,null,78,2
1052,Store,40,null,78,2
1053,Store,10,null,78,2
1054,Store,49,null,78,1
1055,Store,24,null,78,4
1056,Store,37,null,78,1
1057,Store,51,null,78,1
1058,Warehouse,null,11,78,5
1059,Warehouse,null,7,78,6
1060,Store,27,null,79,3
1061,Store,97,null,79,3
1062,Store,11,null,79,2
1063,Store,35,null,79,4
1064,Store,39,null,79,1
1065,Store,115,null,79,3
1066,Store,41,null,79,4
1067,Warehouse,null,3,79,3
1068,Warehouse,null,9,79,2
1069,Warehouse,null,2,79,3
1070,Warehouse,null,11,79,6
1071,Store,9,null,80,2
1072,Store,70,null,80,2
1073,Store,50,null,80,2
1074,Store,26,null,80,1
1075,Store,90,null,80,3
1076,Store,22,null,80,1
1077,Store,64,null,80,3
1078,Warehouse,null,1,80,3
1079,Warehouse,null,10,80,7
1080,Store,33,null,81,2
1081,Store,37,null,81,4
1082,Store,28,null,81,2
1083,Store,117,null,81,2
1084,Store,84,null,81,4
1085,Store,54,null,81,2
1086,Store,40,null,81,4
1087,Warehouse,null,2,81,5
1088,Warehouse,null,3,81,5
1089,Warehouse,null,6,81,4
1090,Store,53,null,82,3
1091,Store,57,null,82,1
1092,Store,99,null,82,1
1093,Store,44,null,82,1
1094,Store,10,null,82,1
1095,Store,29,null,82,3
1096,Store,109,null,82,3
1097,Store,86,null,82,2
1098,Store,4,null,82,2
1099,Store,95,null,82,1
1100,Store,51,null,82,3
1101,Warehouse,null,1,82,5
1102,Warehouse,null,9,82,3
1103,Warehouse,null,8,82,6
1104,Store,15,null,83,1
1105,Store,106,null,83,1
1106,Store,12,null,83,1
1107,Store,72,null,83,1
1108,Store,34,null,83,1
1109,Store,96,null,83,1
1110,Store,52,null,83,1
1111,Store,29,null,83,1
1112,Store,10,null,83,1
1113,Store,109,null,83,1
1114,Store,83,null,83,1
1115,Store,61,null,83,1
1116,Store,20,null,83,1
1117,Store,44,null,83,1
1118,Store,116,null,83,1
1119,Store,119,null,83,1
1120,Store,85,null,83,1
1121,Store,38,null,83,1
1122,Store,46,null,83,1
1123,Warehouse,null,6,83,6
1124,Warehouse,null,4,83,3
1125,Warehouse,null,2,83,4
1126,Store,70,null,84,1
1127,Store,79,null,84,1
1128,Store,31,null,84,1
1129,Store,116,null,84,1
1130,Store,99,null,84,1
1131,Store,64,null,84,1
1132,Store,2,null,84,1
1133,Store,81,null,84,1
1134,Store,20,null,84,1
1135,Store,87,null,84,1
1136,Store,117,null,84,1
1137,Store,57,null,84,1
1138,Store,3,null,84,1
1139,Store,74,null,84,1
1140,Store,71,null,84,1
1141,Store,101,null,84,1
1142,Store,66,null,84,1
1143,Store,111,null,84,1
1144,Warehouse,null,10,84,3
1145,Warehouse,null,12,84,9
1146,Store,94,null,85,1
1147,Store,34,null,85,1
1148,Store,112,null,85,1
1149,Store,12,null,85,1
1150,Store,78,null,85,1
1151,Store,71,null,85,1
1152,Store,118,null,85,1
1153,Store,102,null,85,1
1154,Store,19,null,85,1
1155,Store,50,null,85,1
1156,Store,25,null,85,1
1157,Store,91,null,85,1
1158,Store,53,null,85,1
1159,Store,38,null,85,1
1160,Store,84,null,85,1
1161,Store,32,null,85,1
1162,Store,54,null,85,1
1163,Store,55,null,85,1
1164,Store,111,null,85,1
1165,Store,63,null,85,1
1166,Warehouse,null,12,85,4
1167,Warehouse,null,1,85,3
1168,Warehouse,null,11,85,4
1169,Warehouse,null,8,85,3
1170,Store,9,null,86,1
1171,Store,98,null,86,1
1172,Store,12,null,86,1
1173,Store,72,null,86,1
1174,Store,99,null,86,1
1175,Store,117,null,86,1
1176,Store,105,null,86,1
1177,Store,94,null,86,1
1178,Store,10,null,86,1
1179,Store,108,null,86,1
1180,Store,61,null,86,1
1181,Store,58,null,86,1
1182,Store,69,null,86,1
1183,Store,91,null,86,1
1184,Store,11,null,86,1
1185,Store,51,null,86,1
1186,Store,38,null,86,1
1187,Store,97,null,86,1
1188,Store,48,null,86,1
1189,Warehouse,null,1,86,5
1190,Warehouse,null,9,86,1
1191,Warehouse,null,2,86,2
1192,Warehouse,null,4,86,5
1193,Store,78,null,87,2
1194,Store,21,null,87,3
1195,Store,6,null,87,1
1196,Store,38,null,87,1
1197,Store,114,null,87,3
1198,Store,82,null,87,1
1199,Store,30,null,87,1
1200,Store,17,null,87,4
1201,Warehouse,null,3,87,3
1202,Warehouse,null,6,87,8
1203,Store,75,null,88,1
1204,Store,58,null,88,1
1205,Store,40,null,88,1
1206,Store,105,null,88,1
1207,Store,69,null,88,1
1208,Store,73,null,88,1
1209,Store,20,null,88,1
1210,Store,54,null,88,1
1211,Store,93,null,88,1
1212,Store,109,null,88,1
1213,Store,23,null,88,1
1214,Store,7,null,88,1
1215,Store,78,null,88,1
1216,Store,67,null,88,1
1217,Store,116,null,88,1
1218,Store,59,null,88,1
1219,Store,108,null,88,1
1220,Store,117,null,88,1
1221,Store,80,null,88,1
1222,Warehouse,null,11,88,2
1223,Warehouse,null,3,88,3
1224,Warehouse,null,12,88,8
1225,Store,35,null,89,1
1226,Store,69,null,89,3
1227,Store,41,null,89,1
1228,Store,110,null,89,2
1229,Store,48,null,89,2
1230,Store,119,null,89,2
1231,Store,13,null,89,1
1232,Store,91,null,89,3
1233,Store,116,null,89,2
1234,Warehouse,null,1,89,4
1235,Warehouse,null,8,89,7
1236,Store,80,null,90,3
1237,Store,85,null,90,3
1238,Store,72,null,90,3
1239,Store,20,null,90,3
1240,Store,111,null,90,2
1241,Store,18,null,90,3
1242,Store,13,null,90,3
1243,Warehouse,null,2,90,7
1244,Warehouse,null,7,90,2
1245,Warehouse,null,3,90,4
1246,Store,98,null,91,1
1247,Store,94,null,91,1
1248,Store,22,null,91,1
1249,Store,29,null,91,1
1250,Store,30,null,91,1
1251,Store,25,null,91,1
1252,Store,14,null,91,1
1253,Store,62,null,91,1
1254,Store,72,null,91,1
1255,Store,19,null,91,1
1256,Store,117,null,91,1
1257,Store,90,null,91,1
1258,Store,113,null,91,1
1259,Store,34,null,91,1
1260,Warehouse,null,6,91,7
1261,Warehouse,null,10,91,3
1262,Store,11,null,92,1
1263,Store,88,null,92,1
1264,Store,41,null,92,1
1265,Store,82,null,92,1
1266,Store,54,null,92,1
1267,Store,28,null,92,1
1268,Store,118,null,92,1
1269,Store,97,null,92,1
1270,Store,85,null,92,1
1271,Store,10,null,92,1
1272,Store,99,null,92,1
1273,Store,114,null,92,1
1274,Store,3,null,92,1
1275,Store,47,null,92,1
1276,Store,38,null,92,1
1277,Store,63,null,92,1
1278,Store,27,null,92,1
1279,Warehouse,null,1,92,4
1280,Warehouse,null,3,92,4
1281,Warehouse,null,11,92,3
1282,Store,110,null,93,1
1283,Store,113,null,93,1
1284,Store,42,null,93,1
1285,Store,26,null,93,1
1286,Store,107,null,93,1
1287,Store,88,null,93,1
1288,Store,116,null,93,1
1289,Store,106,null,93,1
1290,Store,65,null,93,1
1291,Store,21,null,93,1
1292,Store,39,null,93,1
1293,Store,97,null,93,1
1294,Store,68,null,93,1
1295,Store,13,null,93,1
1296,Store,78,null,93,1
1297,Store,108,null,93,1
1298,Warehouse,null,7,93,4
1299,Warehouse,null,6,93,7
1300,Store,19,null,94,1
1301,Store,61,null,94,1
1302,Store,116,null,94,1
1303,Store,120,null,94,1
1304,Store,104,null,94,1
1305,Store,52,null,94,1
1306,Store,43,null,94,1
1307,Store,76,null,94,1
1308,Store,115,null,94,1
1309,Store,40,null,94,1
1310,Store,51,null,94,1
1311,Store,96,null,94,1
1312,Store,46,null,94,1
1313,Store,55,null,94,1
1314,Store,9,null,94,1
1315,Store,25,null,94,1
1316,Store,13,null,94,1
1317,Store,85,null,94,1
1318,Store,12,null,94,1
1319,Store,48,null,94,1
1320,Warehouse,null,8,94,3
1321,Warehouse,null,2,94,9
1322,Warehouse,null,9,94,2
1323,Store,68,null,95,1
1324,Store,11,null,95,1
1325,Store,97,null,95,1
1326,Store,49,null,95,1
1327,Store,41,null,95,1
1328,Store,52,null,95,1
1329,Store,7,null,95,1
1330,Store,38,null,95,1
1331,Store,20,null,95,1
1332,Store,70,null,95,1
1333,Store,91,null,95,1
1334,Store,42,null,95,1
1335,Store,103,null,95,1
1336,Store,99,null,95,1
1337,Store,89,null,95,1
1338,Store,1,null,95,1
1339,Store,15,null,95,1
1340,Store,94,null,95,1
1341,Warehouse,null,9,95,5
1342,Warehouse,null,8,95,7
1343,Store,66,null,96,1
1344,Store,106,null,96,1
1345,Store,87,null,96,1
1346,Store,74,null,96,1
1347,Store,54,null,96,1
1348,Store,30,null,96,1
1349,Store,83,null,96,1
1350,Store,41,null,96,1
1351,Store,75,null,96,1
1352,Store,119,null,96,1
1353,Store,95,null,96,1
1354,Store,28,null,96,1
1355,Store,42,null,96,1
1356,Store,81,null,96,1
1357,Store,99,null,96,1
1358,Store,62,null,96,1
1359,Store,77,null,96,1
1360,Store,118,null,96,1
1361,Warehouse,null,10,96,4
1362,Warehouse,null,6,96,5
1363,Warehouse,null,9,96,3
1364,Store,8,null,97,2
1365,Store,7,null,97,2
1366,Store,18,null,97,1
1367,Store,114,null,97,1
1368,Store,113,null,97,1
1369,Store,99,null,97,2
1370,Store,50,null,97,2
1371,Store,58,null,97,2
1372,Store,75,null,97,5
1373,Warehouse,null,5,97,4
1374,Warehouse,null,8,97,8
1375,Store,41,null,98,1
1376,Store,98,null,98,3
1377,Store,23,null,98,1
1378,Store,59,null,98,5
1379,Store,68,null,98,2
1380,Store,16,null,98,1
1381,Store,11,null,98,2
1382,Store,97,null,98,1
1383,Store,6,null,98,1
1384,Warehouse,null,12,98,6
1385,Warehouse,null,7,98,5
1386,Store,42,null,99,1
1387,Store,76,null,99,3
1388,Store,66,null,99,2
1389,Store,17,null,99,2
1390,Store,77,null,99,3
1391,Store,1,null,99,1
1392,Store,94,null,99,3
1393,Store,28,null,99,2
1394,Store,87,null,99,1
1395,Warehouse,null,8,99,5
1396,Warehouse,null,7,99,7
1397,Store,44,null,100,1
1398,Store,41,null,100,1
1399,Store,50,null,100,1
1400,Store,16,null,100,1
1401,Store,94,null,100,2
1402,Store,14,null,100,1
1403,Store,84,null,100,4
1404,Store,33,null,100,4
1405,Store,103,null,100,2
1406,Warehouse,null,10,100,3
1407,Warehouse,null,7,100,9
1408,Store,74,null,101,1
1409,Store,2,null,101,1
1410,Store,34,null,101,1
1411,Store,113,null,101,1
1412,Store,67,null,101,1
1413,Store,108,null,101,1
1414,Store,92,null,101,1
1415,Store,8,null,101,1
1416,Store,5,null,101,1
1417,Store,80,null,101,1
1418,Store,31,null,101,1
1419,Store,64,null,101,1
1420,Store,20,null,101,1
1421,Store,84,null,101,1
1422,Store,27,null,101,1
1423,Store,1,null,101,1
1424,Store,97,null,101,1
1425,Store,7,null,101,1
1426,Warehouse,null,8,101,4
1427,Warehouse,null,7,101,3
1428,Warehouse,null,6,101,5
1429,Store,46,null,102,3
1430,Store,23,null,102,1
1431,Store,44,null,102,3
1432,Store,99,null,102,2
1433,Store,120,null,102,2
1434,Store,113,null,102,1
1435,Store,59,null,102,2
1436,Warehouse,null,12,102,7
1437,Warehouse,null,7,102,3
1438,Store,97,null,103,1
1439,Store,54,null,103,1
1440,Store,66,null,103,3
1441,Store,29,null,103,3
1442,Store,65,null,103,1
1443,Store,120,null,103,2
1444,Store,7,null,103,3
1445,Store,69,null,103,1
1446,Warehouse,null,7,103,4
1447,Warehouse,null,11,103,6
1448,Store,50,null,104,1
1449,Store,101,null,104,1
1450,Store,83,null,104,1
1451,Store,9,null,104,1
1452,Store,55,null,104,1
1453,Store,42,null,104,1
1454,Store,99,null,104,1
1455,Store,38,null,104,1
1456,Store,31,null,104,1
1457,Store,113,null,104,1
1458,Store,29,null,104,1
1459,Store,116,null,104,1
1460,Store,92,null,104,1
1461,Store,74,null,104,1
1462,Store,6,null,104,1
1463,Warehouse,null,1,104,5
1464,Warehouse,null,3,104,5
1465,Store,37,null,105,3
1466,Store,49,null,105,1
1467,Store,33,null,105,1
1468,Store,113,null,105,2
1469,Store,81,null,105,2
1470,Store,43,null,105,2
1471,Store,118,null,105,2
1472,Warehouse,null,9,105,5
1473,Warehouse,null,11,105,4
1474,Store,83,null,106,1
1475,Store,75,null,106,1
1476,Store,91,null,106,1
1477,Store,46,null,106,1
1478,Store,10,null,106,1
1479,Store,66,null,106,1
1480,Store,106,null,106,1
1481,Store,13,null,106,1
1482,Store,71,null,106,1
1483,Store,92,null,106,1
1484,Store,21,null,106,1
1485,Store,73,null,106,1
1486,Store,57,null,106,1
1487,Store,107,null,106,1
1488,Warehouse,null,1,106,3
1489,Warehouse,null,3,106,6
1490,Store,43,null,107,6
1491,Store,106,null,107,2
1492,Store,12,null,107,2
1493,Store,93,null,107,4
1494,Store,104,null,107,1
1495,Store,74,null,107,1
1496,Store,51,null,107,3
1497,Warehouse,null,2,107,2
1498,Warehouse,null,4,107,3
1499,Warehouse,null,5,107,5
1500,Warehouse,null,10,107,3
1501,Store,106,null,108,1
1502,Store,29,null,108,1
1503,Store,9,null,108,1
1504,Store,57,null,108,1
1505,Store,49,null,108,1
1506,Store,10,null,108,1
1507,Store,44,null,108,1
1508,Store,23,null,108,1
1509,Store,120,null,108,1
1510,Store,101,null,108,1
1511,Store,39,null,108,1
1512,Store,113,null,108,1
1513,Store,1,null,108,1
1514,Store,2,null,108,1
1515,Store,5,null,108,1
1516,Store,76,null,108,1
1517,Store,18,null,108,1
1518,Store,73,null,108,1
1519,Store,41,null,108,1
1520,Store,59,null,108,1
1521,Warehouse,null,6,108,4
1522,Warehouse,null,3,108,3
1523,Warehouse,null,7,108,6
1524,Store,109,null,109,1
1525,Store,18,null,109,1
1526,Store,108,null,109,3
1527,Store,35,null,109,4
1528,Store,89,null,109,1
1529,Store,120,null,109,2
1530,Store,21,null,109,3
1531,Store,92,null,109,1
1532,Store,16,null,109,2
1533,Warehouse,null,3,109,6
1534,Warehouse,null,12,109,6
1535,Store,110,null,110,1
1536,Store,109,null,110,3
1537,Store,81,null,110,2
1538,Store,34,null,110,3
1539,Store,5,null,110,4
1540,Store,113,null,110,3
1541,Warehouse,null,7,110,6
1542,Warehouse,null,1,110,4
1543,Store,113,null,111,1
1544,Store,7,null,111,1
1545,Store,36,null,111,1
1546,Store,51,null,111,1
1547,Store,60,null,111,1
1548,Store,85,null,111,1
1549,Store,70,null,111,1
1550,Store,38,null,111,1
1551,Store,20,null,111,1
1552,Store,109,null,111,1
1553,Store,45,null,111,1
1554,Store,86,null,111,1
1555,Store,103,null,111,1
1556,Store,79,null,111,1
1557,Store,34,null,111,1
1558,Store,55,null,111,1
1559,Warehouse,null,9,111,5
1560,Warehouse,null,11,111,5
1561,Store,109,null,112,2
1562,Store,1,null,112,1
1563,Store,16,null,112,2
1564,Store,5,null,112,1
1565,Store,113,null,112,1
1566,Store,24,null,112,4
1567,Store,27,null,112,2
1568,Store,101,null,112,3
1569,Warehouse,null,4,112,3
1570,Warehouse,null,5,112,8
1571,Store,99,null,113,2
1572,Store,74,null,113,1
1573,Store,114,null,113,3
1574,Store,98,null,113,3
1575,Store,48,null,113,2
1576,Store,37,null,113,2
1577,Store,68,null,113,1
1578,Store,2,null,113,2
1579,Warehouse,null,10,113,4
1580,Warehouse,null,8,113,7
1581,Store,25,null,114,1
1582,Store,53,null,114,1
1583,Store,101,null,114,1
1584,Store,78,null,114,1
1585,Store,41,null,114,1
1586,Store,84,null,114,1
1587,Store,11,null,114,1
1588,Store,33,null,114,1
1589,Store,119,null,114,1
1590,Store,26,null,114,1
1591,Store,38,null,114,1
1592,Store,36,null,114,1
1593,Store,105,null,114,1
1594,Store,79,null,114,1
1595,Store,32,null,114,1
1596,Store,58,null,114,1
1597,Store,14,null,114,1
1598,Store,49,null,114,1
1599,Warehouse,null,8,114,8
1600,Warehouse,null,6,114,4
1601,Store,54,null,115,1
1602,Store,68,null,115,2
1603,Store,74,null,115,1
1604,Store,100,null,115,2
1605,Store,18,null,115,3
1606,Store,109,null,115,2
1607,Store,91,null,115,2
1608,Store,89,null,115,3
1609,Store,22,null,115,1
1610,Store,35,null,115,2
1611,Warehouse,null,1,115,6
1612,Warehouse,null,9,115,6
1613,Store,87,null,116,1
1614,Store,35,null,116,1
1615,Store,46,null,116,1
1616,Store,58,null,116,1
1617,Store,64,null,116,1
1618,Store,108,null,116,1
1619,Store,92,null,116,1
1620,Store,96,null,116,1
1621,Store,105,null,116,1
1622,Store,112,null,116,1
1623,Store,99,null,116,1
1624,Store,91,null,116,1
1625,Store,63,null,116,1
1626,Store,40,null,116,1
1627,Store,82,null,116,1
1628,Warehouse,null,9,116,5
1629,Warehouse,null,11,116,5
1630,Store,72,null,117,1
1631,Store,19,null,117,1
1632,Store,98,null,117,1
1633,Store,35,null,117,1
1634,Store,90,null,117,1
1635,Store,65,null,117,1
1636,Store,63,null,117,1
1637,Store,99,null,117,1
1638,Store,81,null,117,1
1639,Store,12,null,117,1
1640,Store,97,null,117,1
1641,Store,76,null,117,1
1642,Store,61,null,117,1
1643,Store,44,null,117,1
1644,Store,111,null,117,1
1645,Store,95,null,117,1
1646,Store,34,null,117,1
1647,Store,47,null,117,1
1648,Warehouse,null,9,117,4
1649,Warehouse,null,4,117,8
1650,Store,16,null,118,1
1651,Store,26,null,118,3
1652,Store,93,null,118,1
1653,Store,71,null,118,3
1654,Store,81,null,118,1
1655,Store,54,null,118,2
1656,Store,88,null,118,1
1657,Store,10,null,118,3
1658,Store,33,null,118,2
1659,Warehouse,null,4,118,3
1660,Warehouse,null,2,118,1
1661,Warehouse,null,6,118,7
1662,Store,54,null,119,5
1663,Store,89,null,119,2
1664,Store,6,null,119,3
1665,Store,80,null,119,1
1666,Store,63,null,119,3
1667,Warehouse,null,2,119,3
1668,Warehouse,null,11,119,6
1669,Store,80,null,120,1
1670,Store,10,null,120,1
1671,Store,38,null,120,1
1672,Store,56,null,120,1
1673,Store,73,null,120,1
1674,Store,52,null,120,1
1675,Store,103,null,120,1
1676,Store,94,null,120,1
1677,Store,110,null,120,1
1678,Store,40,null,120,1
1679,Store,60,null,120,1
1680,Store,3,null,120,1
1681,Store,101,null,120,1
1682,Store,84,null,120,1
1683,Store,14,null,120,1
1684,Store,6,null,120,1
1685,Store,88,null,120,1
1686,Store,97,null,120,1
1687,Warehouse,null,12,120,3
1688,Warehouse,null,4,120,5
1689,Warehouse,null,11,120,4
1690,Store,42,null,121,1
1691,Store,66,null,121,1
1692,Store,114,null,121,1
1693,Store,79,null,121,1
1694,Store,77,null,121,1
1695,Store,111,null,121,1
1696,Store,12,null,121,1
1697,Store,103,null,121,1
1698,Store,22,null,121,1
1699,Store,84,null,121,1
1700,Store,53,null,121,1
1701,Store,59,null,121,1
1702,Store,120,null,121,1
1703,Store,93,null,121,1
1704,Store,97,null,121,1
1705,Store,49,null,121,1
1706,Store,28,null,121,1
1707,Store,2,null,121,1
1708,Warehouse,null,10,121,6
1709,Warehouse,null,7,121,6
1710,Store,45,null,122,3
1711,Store,37,null,122,2
1712,Store,39,null,122,3
1713,Store,78,null,122,2
1714,Store,57,null,122,1
1715,Store,13,null,122,1
1716,Store,93,null,122,2
1717,Store,16,null,122,2
1718,Store,64,null,122,1
1719,Store,114,null,122,2
1720,Store,23,null,122,2
1721,Warehouse,null,11,122,6
1722,Warehouse,null,2,122,6
1723,Warehouse,null,1,122,1
1724,Warehouse,null,3,122,1
1725,Store,46,null,123,1
1726,Store,20,null,123,1
1727,Store,14,null,123,1
1728,Store,42,null,123,1
1729,Store,31,null,123,1
1730,Store,74,null,123,1
1731,Store,105,null,123,1
1732,Store,120,null,123,1
1733,Store,62,null,123,1
1734,Store,18,null,123,1
1735,Store,50,null,123,1
1736,Store,76,null,123,1
1737,Store,72,null,123,1
1738,Store,66,null,123,1
1739,Store,55,null,123,1
1740,Store,61,null,123,1
1741,Store,16,null,123,1
1742,Store,95,null,123,1
1743,Store,116,null,123,1
1744,Warehouse,null,3,123,8
1745,Warehouse,null,7,123,4
1746,Store,56,null,124,1
1747,Store,37,null,124,1
1748,Store,102,null,124,1
1749,Store,120,null,124,1
1750,Store,25,null,124,1
1751,Store,67,null,124,1
1752,Store,9,null,124,1
1753,Store,4,null,124,1
1754,Store,6,null,124,1
1755,Store,27,null,124,1
1756,Store,44,null,124,1
1757,Store,26,null,124,1
1758,Store,92,null,124,1
1759,Store,46,null,124,1
1760,Warehouse,null,6,124,4
1761,Warehouse,null,7,124,6
1762,Store,33,null,125,1
1763,Store,104,null,125,1
1764,Store,72,null,125,1
1765,Store,94,null,125,1
1766,Store,108,null,125,1
1767,Store,44,null,125,1
1768,Store,52,null,125,1
1769,Store,46,null,125,1
1770,Store,6,null,125,1
1771,Store,40,null,125,1
1772,Store,58,null,125,1
1773,Store,79,null,125,1
1774,Store,74,null,125,1
1775,Store,112,null,125,1
1776,Store,80,null,125,1
1777,Store,43,null,125,1
1778,Warehouse,null,11,125,8
1779,Warehouse,null,12,125,2
1780,Store,64,null,126,1
1781,Store,15,null,126,1
1782,Store,66,null,126,1
1783,Store,25,null,126,1
1784,Store,10,null,126,1
1785,Store,106,null,126,1
1786,Store,85,null,126,1
1787,Store,48,null,126,1
1788,Store,118,null,126,1
1789,Store,54,null,126,1
1790,Store,43,null,126,1
1791,Store,26,null,126,1
1792,Store,13,null,126,1
1793,Store,83,null,126,1
1794,Store,41,null,126,1
1795,Store,73,null,126,1
1796,Store,35,null,126,1
1797,Store,90,null,126,1
1798,Warehouse,null,12,126,4
1799,Warehouse,null,11,126,8
1800,Store,70,null,127,1
1801,Store,106,null,127,1
1802,Store,107,null,127,1
1803,Store,113,null,127,1
1804,Store,3,null,127,1
1805,Store,71,null,127,1
1806,Store,73,null,127,1
1807,Store,51,null,127,1
1808,Store,117,null,127,1
1809,Store,30,null,127,1
1810,Store,104,null,127,1
1811,Store,87,null,127,1
1812,Store,89,null,127,1
1813,Store,85,null,127,1
1814,Store,54,null,127,1
1815,Store,52,null,127,1
1816,Store,43,null,127,1
1817,Store,33,null,127,1
1818,Store,90,null,127,1
1819,Warehouse,null,2,127,8
1820,Warehouse,null,3,127,4
1821,Store,81,null,128,2
1822,Store,116,null,128,3
1823,Store,10,null,128,2
1824,Store,94,null,128,3
1825,Store,85,null,128,2
1826,Store,58,null,128,1
1827,Store,93,null,128,2
1828,Store,84,null,128,1
1829,Warehouse,null,9,128,4
1830,Warehouse,null,3,128,7
1831,Store,102,null,129,2
1832,Store,6,null,129,1
1833,Store,9,null,129,1
1834,Store,117,null,129,2
1835,Store,36,null,129,1
1836,Store,109,null,129,2
1837,Store,14,null,129,2
1838,Store,115,null,129,4
1839,Store,68,null,129,3
1840,Warehouse,null,12,129,5
1841,Warehouse,null,9,129,7
1842,Store,34,null,130,2
1843,Store,104,null,130,3
1844,Store,74,null,130,1
1845,Store,70,null,130,2
1846,Store,45,null,130,2
1847,Store,17,null,130,1
1848,Store,61,null,130,2
1849,Store,107,null,130,3
1850,Store,83,null,130,2
1851,Store,15,null,130,1
1852,Warehouse,null,6,130,7
1853,Warehouse,null,3,130,5
1854,Store,84,null,131,1
1855,Store,14,null,131,2
1856,Store,106,null,131,3
1857,Store,91,null,131,2
1858,Store,75,null,131,2
1859,Store,8,null,131,2
1860,Store,51,null,131,1
1861,Store,117,null,131,2
1862,Store,10,null,131,3
1863,Warehouse,null,4,131,7
1864,Warehouse,null,6,131,5
1865,Store,55,null,132,1
1866,Store,54,null,132,1
1867,Store,13,null,132,1
1868,Store,100,null,132,1
1869,Store,82,null,132,1
1870,Store,9,null,132,1
1871,Store,78,null,132,1
1872,Store,85,null,132,1
1873,Store,109,null,132,1
1874,Store,92,null,132,1
1875,Store,45,null,132,1
1876,Store,73,null,132,1
1877,Store,70,null,132,1
1878,Store,63,null,132,1
1879,Store,57,null,132,1
1880,Store,14,null,132,1
1881,Store,50,null,132,1
1882,Warehouse,null,7,132,5
1883,Warehouse,null,12,132,6
1884,Store,18,null,133,2
1885,Store,35,null,133,1
1886,Store,31,null,133,4
1887,Store,100,null,133,1
1888,Store,9,null,133,2
1889,Store,120,null,133,8
1890,Warehouse,null,11,133,5
1891,Warehouse,null,3,133,2
1892,Warehouse,null,7,133,5
1893,Store,95,null,134,1
1894,Store,105,null,134,2
1895,Store,27,null,134,1
1896,Store,46,null,134,2
1897,Store,81,null,134,1
1898,Store,114,null,134,4
1899,Store,110,null,134,1
1900,Store,80,null,134,3
1901,Store,101,null,134,2
1902,Store,31,null,134,2
1903,Warehouse,null,12,134,3
1904,Warehouse,null,7,134,5
1905,Warehouse,null,1,134,4
1906,Store,103,null,135,2
1907,Store,104,null,135,4
1908,Store,88,null,135,1
1909,Store,102,null,135,1
1910,Store,5,null,135,2
1911,Store,120,null,135,2
1912,Store,69,null,135,2
1913,Store,106,null,135,1
1914,Store,49,null,135,2
1915,Warehouse,null,1,135,3
1916,Warehouse,null,9,135,5
1917,Warehouse,null,11,135,3
1918,Store,50,null,136,3
1919,Store,105,null,136,1
1920,Store,103,null,136,1
1921,Store,115,null,136,2
1922,Store,6,null,136,4
1923,Store,97,null,136,2
1924,Store,11,null,136,1
1925,Warehouse,null,11,136,5
1926,Warehouse,null,4,136,5
1927,Store,63,null,137,2
1928,Store,27,null,137,2
1929,Store,120,null,137,2
1930,Store,103,null,137,2
1931,Store,77,null,137,1
1932,Store,85,null,137,1
1933,Store,75,null,137,3
1934,Warehouse,null,10,137,2
1935,Warehouse,null,12,137,6
1936,Store,82,null,138,1
1937,Store,118,null,138,1
1938,Store,86,null,138,4
1939,Store,62,null,138,3
1940,Store,36,null,138,1
1941,Store,80,null,138,1
1942,Warehouse,null,6,138,4
1943,Warehouse,null,3,138,3
1944,Store,44,null,139,3
1945,Store,119,null,139,2
1946,Store,49,null,139,1
1947,Store,59,null,139,1
1948,Store,90,null,139,2
1949,Warehouse,null,3,139,6
1950,Store,18,null,140,2
1951,Store,20,null,140,1
1952,Store,42,null,140,2
1953,Store,29,null,140,2
1954,Store,15,null,140,3
1955,Store,62,null,140,1
1956,Store,35,null,140,2
1957,Warehouse,null,11,140,5
1958,Warehouse,null,5,140,3
1959,Store,114,null,141,4
1960,Store,67,null,141,2
1961,Store,73,null,141,2
1962,Store,104,null,141,2
1963,Store,61,null,141,2
1964,Store,116,null,141,2
1965,Store,69,null,141,1
1966,Store,45,null,141,2
1967,Store,26,null,141,1
1968,Warehouse,null,5,141,6
1969,Warehouse,null,8,141,6
1970,Store,66,null,142,1
1971,Store,32,null,142,1
1972,Store,35,null,142,1
1973,Store,55,null,142,1
1974,Store,110,null,142,1
1975,Store,5,null,142,1
1976,Store,72,null,142,1
1977,Store,118,null,142,1
1978,Store,20,null,142,1
1979,Store,88,null,142,1
1980,Store,100,null,142,1
1981,Warehouse,null,6,142,3
1982,Warehouse,null,2,142,4
1983,Store,45,null,143,1
1984,Store,21,null,143,1
1985,Store,12,null,143,1
1986,Store,117,null,143,1
1987,Store,10,null,143,1
1988,Store,70,null,143,1
1989,Store,101,null,143,1
1990,Store,110,null,143,1
1991,Store,27,null,143,1
1992,Store,5,null,143,1
1993,Store,68,null,143,1
1994,Store,17,null,143,1
1995,Store,58,null,143,1
1996,Warehouse,null,7,143,3
1997,Warehouse,null,12,143,5
1998,Store,39,null,144,4
1999,Store,102,null,144,3
2000,Store,104,null,144,2
2001,Warehouse,null,9,144,6
2002,Store,58,null,145,1
2003,Store,1,null,145,1
2004,Store,37,null,145,1
2005,Store,104,null,145,1
2006,Store,77,null,145,1
2007,Store,108,null,145,1
2008,Store,101,null,145,1
2009,Store,39,null,145,1
2010,Store,36,null,145,1
2011,Store,107,null,145,1
2012,Store,114,null,145,1
2013,Store,13,null,145,1
2014,Store,106,null,145,1
2015,Store,56,null,145,1
2016,Store,28,null,145,1
2017,Store,4,null,145,1
2018,Store,27,null,145,1
2019,Warehouse,null,6,145,2
2020,Warehouse,null,7,145,3
2021,Warehouse,null,1,145,6
2022,Store,29,null,146,3
2023,Store,87,null,146,3
2024,Store,45,null,146,1
2025,Store,97,null,146,2
2026,Store,112,null,146,1
2027,Store,19,null,146,1
2028,Store,20,null,146,2
2029,Warehouse,null,1,146,4
2030,Warehouse,null,9,146,4
2031,Store,57,null,147,1
2032,Store,64,null,147,1
2033,Store,77,null,147,1
2034,Store,63,null,147,1
2035,Store,28,null,147,1
2036,Store,33,null,147,1
2037,Store,72,null,147,1
2038,Store,116,null,147,1
2039,Store,21,null,147,1
2040,Store,27,null,147,1
2041,Store,85,null,147,1
2042,Store,117,null,147,1
2043,Store,34,null,147,1
2044,Warehouse,null,8,147,5
2045,Warehouse,null,11,147,4
2046,Store,113,null,148,2
2047,Store,63,null,148,1
2048,Store,26,null,148,4
2049,Store,76,null,148,1
2050,Store,86,null,148,1
2051,Store,18,null,148,2
2052,Store,104,null,148,3
2053,Warehouse,null,11,148,6
2054,Warehouse,null,7,148,4
2055,Store,107,null,149,1
2056,Store,84,null,149,1
2057,Store,27,null,149,1
2058,Store,87,null,149,1
2059,Store,48,null,149,1
2060,Store,46,null,149,1
2061,Store,13,null,149,1
2062,Store,105,null,149,1
2063,Store,26,null,149,1
2064,Store,78,null,149,1
2065,Store,114,null,149,1
2066,Warehouse,null,2,149,4
2067,Warehouse,null,9,149,3
2068,Store,120,null,150,3
2069,Store,111,null,150,3
2070,Store,42,null,150,4
2071,Store,18,null,150,1
2072,Warehouse,null,2,150,3
2073,Warehouse,null,10,150,4
2074,Store,85,null,151,1
2075,Store,3,null,151,2
2076,Store,81,null,151,2
2077,Store,17,null,151,1
2078,Store,51,null,151,2
2079,Store,77,null,151,2
2080,Store,44,null,151,3
2081,Warehouse,null,7,151,6
2082,Warehouse,null,5,151,2
2083,Store,55,null,152,1
2084,Store,39,null,152,1
2085,Store,115,null,152,1
2086,Store,90,null,152,1
2087,Store,6,null,152,1
2088,Store,114,null,152,1
2089,Store,78,null,152,1
2090,Store,76,null,152,1
2091,Store,57,null,152,1
2092,Store,66,null,152,1
2093,Store,58,null,152,1
2094,Store,84,null,152,1
2095,Store,7,null,152,1
2096,Warehouse,null,2,152,4
2097,Warehouse,null,6,152,4
2098,Store,110,null,153,1
2099,Store,32,null,153,1
2100,Store,28,null,153,1
2101,Store,46,null,153,1
2102,Store,48,null,153,1
2103,Store,4,null,153,1
2104,Store,80,null,153,1
2105,Store,17,null,153,1
2106,Store,42,null,153,1
2107,Store,105,null,153,1
2108,Store,57,null,153,1
2109,Store,23,null,153,1
2110,Store,83,null,153,1
2111,Warehouse,null,5,153,4
2112,Warehouse,null,7,153,4
2113,Store,61,null,154,1
2114,Store,8,null,154,3
2115,Store,120,null,154,1
2116,Store,60,null,154,3
2117,Store,83,null,154,1
2118,Store,29,null,154,1
2119,Store,30,null,154,1
2120,Store,36,null,154,4
2121,Warehouse,null,9,154,3
2122,Warehouse,null,12,154,3
2123,Warehouse,null,10,154,4
2124,Store,13,null,155,2
2125,Store,71,null,155,4
2126,Store,119,null,155,1
2127,Store,3,null,155,2
2128,Store,76,null,155,4
2129,Warehouse,null,7,155,8
2130,Store,34,null,156,1
2131,Store,39,null,156,1
2132,Store,49,null,156,1
2133,Store,11,null,156,1
2134,Store,120,null,156,1
2135,Store,53,null,156,1
2136,Store,41,null,156,1
2137,Store,67,null,156,1
2138,Store,26,null,156,1
2139,Store,68,null,156,1
2140,Store,91,null,156,1
2141,Store,115,null,156,1
2142,Store,60,null,156,1
2143,Store,104,null,156,1
2144,Store,42,null,156,1
2145,Warehouse,null,3,156,5
2146,Warehouse,null,1,156,5
2147,Store,39,null,157,2
2148,Store,99,null,157,1
2149,Store,60,null,157,1
2150,Store,35,null,157,5
2151,Store,109,null,157,2
2152,Store,15,null,157,1
2153,Store,23,null,157,1
2154,Warehouse,null,3,157,3
2155,Warehouse,null,8,157,6
2156,Store,111,null,158,4
2157,Store,39,null,158,1
2158,Store,25,null,158,2
2159,Store,12,null,158,1
2160,Store,16,null,158,3
2161,Store,112,null,158,1
2162,Store,113,null,158,1
2163,Store,86,null,158,2
2164,Warehouse,null,8,158,6
2165,Warehouse,null,6,158,4
2166,Store,77,null,159,1
2167,Store,30,null,159,1
2168,Store,55,null,159,1
2169,Store,90,null,159,1
2170,Store,49,null,159,1
2171,Store,104,null,159,1
2172,Store,70,null,159,1
2173,Store,2,null,159,1
2174,Store,39,null,159,1
2175,Store,69,null,159,1
2176,Store,28,null,159,1
2177,Store,87,null,159,1
2178,Store,68,null,159,1
2179,Store,59,null,159,1
2180,Store,102,null,159,1
2181,Store,11,null,159,1
2182,Warehouse,null,3,159,5
2183,Warehouse,null,6,159,5
2184,Store,5,null,160,3
2185,Store,106,null,160,3
2186,Store,28,null,160,1
2187,Store,25,null,160,3
2188,Store,97,null,160,3
2189,Warehouse,null,5,160,3
2190,Warehouse,null,9,160,6
2191,Store,118,null,161,1
2192,Store,49,null,161,1
2193,Store,75,null,161,1
2194,Store,28,null,161,1
2195,Store,84,null,161,1
2196,Store,70,null,161,1
2197,Store,106,null,161,1
2198,Store,117,null,161,1
2199,Store,104,null,161,1
2200,Store,67,null,161,1
2201,Store,111,null,161,1
2202,Store,36,null,161,1
2203,Store,59,null,161,1
2204,Store,58,null,161,1
2205,Store,48,null,161,1
2206,Store,114,null,161,1
2207,Warehouse,null,7,161,3
2208,Warehouse,null,10,161,7
2209,Store,32,null,162,4
2210,Store,74,null,162,2
2211,Store,64,null,162,1
2212,Store,26,null,162,2
2213,Store,77,null,162,1
2214,Store,103,null,162,1
2215,Store,108,null,162,2
2216,Store,91,null,162,2
2217,Store,111,null,162,2
2218,Warehouse,null,12,162,7
2219,Warehouse,null,8,162,5
2220,Store,86,null,163,2
2221,Store,84,null,163,2
2222,Store,7,null,163,3
2223,Store,118,null,163,1
2224,Store,56,null,163,1
2225,Store,66,null,163,3
2226,Store,8,null,163,2
2227,Store,10,null,163,1
2228,Store,18,null,163,2
2229,Warehouse,null,5,163,4
2230,Warehouse,null,10,163,4
2231,Warehouse,null,2,163,3
2232,Store,8,null,164,2
2233,Store,5,null,164,2
2234,Store,90,null,164,2
2235,Store,112,null,164,1
2236,Store,16,null,164,2
2237,Store,29,null,164,4
2238,Store,117,null,164,1
2239,Store,91,null,164,2
2240,Store,15,null,164,2
2241,Warehouse,null,5,164,4
2242,Warehouse,null,1,164,8
2243,Store,52,null,165,1
2244,Store,90,null,165,1
2245,Store,55,null,165,1
2246,Store,69,null,165,1
2247,Store,12,null,165,1
2248,Store,31,null,165,1
2249,Store,36,null,165,1
2250,Store,111,null,165,1
2251,Store,39,null,165,1
2252,Store,49,null,165,1
2253,Store,15,null,165,1
2254,Store,63,null,165,1
2255,Store,91,null,165,1
2256,Warehouse,null,11,165,4
2257,Warehouse,null,10,165,5
2258,Store,91,null,166,2
2259,Store,58,null,166,1
2260,Store,111,null,166,2
2261,Store,9,null,166,1
2262,Store,18,null,166,1
2263,Store,65,null,166,3
2264,Store,37,null,166,2
2265,Store,1,null,166,4
2266,Warehouse,null,4,166,6
2267,Warehouse,null,1,166,4
2268,Store,5,null,167,1
2269,Store,111,null,167,1
2270,Store,18,null,167,1
2271,Store,64,null,167,1
2272,Store,72,null,167,1
2273,Store,100,null,167,1
2274,Store,114,null,167,1
2275,Store,65,null,167,1
2276,Store,67,null,167,1
2277,Store,90,null,167,1
2278,Store,44,null,167,1
2279,Store,80,null,167,1
2280,Store,40,null,167,1
2281,Store,79,null,167,1
2282,Store,86,null,167,1
2283,Store,19,null,167,1
2284,Store,25,null,167,1
2285,Warehouse,null,4,167,4
2286,Warehouse,null,3,167,7
2287,Store,58,null,168,2
2288,Store,57,null,168,1
2289,Store,16,null,168,2
2290,Store,21,null,168,3
2291,Store,91,null,168,2
2292,Store,13,null,168,1
2293,Store,81,null,168,3
2294,Store,48,null,168,1
2295,Store,102,null,168,2
2296,Warehouse,null,8,168,3
2297,Warehouse,null,2,168,4
2298,Warehouse,null,3,168,5
2299,Store,3,null,169,1
2300,Store,89,null,169,1
2301,Store,32,null,169,1
2302,Store,67,null,169,1
2303,Store,90,null,169,1
2304,Store,40,null,169,1
2305,Store,31,null,169,1
2306,Store,70,null,169,1
2307,Store,65,null,169,1
2308,Store,45,null,169,1
2309,Store,38,null,169,1
2310,Store,68,null,169,1
2311,Store,112,null,169,1
2312,Store,104,null,169,1
2313,Store,4,null,169,1
2314,Store,15,null,169,1
2315,Warehouse,null,2,169,5
2316,Warehouse,null,10,169,6
2317,Store,114,null,170,1
2318,Store,105,null,170,3
2319,Store,52,null,170,3
2320,Store,44,null,170,4
2321,Store,27,null,170,1
2322,Store,47,null,170,2
2323,Store,99,null,170,1
2324,Store,82,null,170,1
2325,Warehouse,null,6,170,6
2326,Warehouse,null,12,170,3
2327,Warehouse,null,4,170,1
2328,Store,107,null,171,3
2329,Store,25,null,171,2
2330,Store,117,null,171,2
2331,Store,84,null,171,4
2332,Warehouse,null,1,171,7
2333,Store,83,null,172,1
2334,Store,104,null,172,1
2335,Store,118,null,172,1
2336,Store,85,null,172,1
2337,Store,34,null,172,1
2338,Store,106,null,172,1
2339,Store,47,null,172,1
2340,Store,75,null,172,1
2341,Store,3,null,172,1
2342,Store,46,null,172,1
2343,Store,30,null,172,1
2344,Store,98,null,172,1
2345,Store,4,null,172,1
2346,Store,105,null,172,1
2347,Store,52,null,172,1
2348,Warehouse,null,10,172,5
2349,Warehouse,null,9,172,5
2350,Store,74,null,173,1
2351,Store,24,null,173,1
2352,Store,71,null,173,1
2353,Store,18,null,173,1
2354,Store,48,null,173,1
2355,Store,90,null,173,1
2356,Store,33,null,173,1
2357,Store,61,null,173,1
2358,Store,31,null,173,1
2359,Store,27,null,173,1
2360,Store,4,null,173,1
2361,Store,38,null,173,1
2362,Store,65,null,173,1
2363,Warehouse,null,11,173,4
2364,Warehouse,null,6,173,5
2365,Store,99,null,174,1
2366,Store,85,null,174,1
2367,Store,39,null,174,1
2368,Store,77,null,174,1
2369,Store,86,null,174,1
2370,Store,41,null,174,1
2371,Store,43,null,174,1
2372,Store,20,null,174,1
2373,Store,21,null,174,1
2374,Store,6,null,174,1
2375,Store,7,null,174,1
2376,Store,98,null,174,1
2377,Store,3,null,174,1
2378,Store,74,null,174,1
2379,Warehouse,null,9,174,3
2380,Warehouse,null,2,174,3
2381,Warehouse,null,3,174,4
2382,Store,43,null,175,2
2383,Store,108,null,175,2
2384,Store,60,null,175,2
2385,Store,111,null,175,1
2386,Store,76,null,175,3
2387,Store,49,null,175,2
2388,Store,4,null,175,2
2389,Store,58,null,175,2
2390,Warehouse,null,1,175,5
2391,Warehouse,null,9,175,5
2392,Store,65,null,176,2
2393,Store,63,null,176,2
2394,Store,54,null,176,2
2395,Store,48,null,176,3
2396,Store,10,null,176,6
2397,Warehouse,null,2,176,6
2398,Warehouse,null,11,176,4
2399,Store,68,null,177,3
2400,Store,26,null,177,2
2401,Store,61,null,177,2
2402,Store,105,null,177,4
2403,Store,96,null,177,2
2404,Store,66,null,177,1
2405,Store,109,null,177,1
2406,Store,56,null,177,1
2407,Store,82,null,177,2
2408,Store,21,null,177,1
2409,Warehouse,null,5,177,4
2410,Warehouse,null,3,177,1
2411,Warehouse,null,1,177,5
2412,Warehouse,null,4,177,3
2413,Store,4,null,178,1
2414,Store,111,null,178,2
2415,Store,18,null,178,3
2416,Store,26,null,178,2
2417,Store,14,null,178,2
2418,Store,37,null,178,2
2419,Store,69,null,178,4
2420,Store,16,null,178,1
2421,Store,50,null,178,1
2422,Store,86,null,178,2
2423,Store,99,null,178,2
2424,Warehouse,null,6,178,2
2425,Warehouse,null,2,178,3
2426,Warehouse,null,4,178,5
2427,Warehouse,null,7,178,5
2428,Store,64,null,179,5
2429,Store,80,null,179,1
2430,Store,66,null,179,4
2431,Store,92,null,179,2
2432,Store,57,null,179,2
2433,Store,75,null,179,5
2434,Store,84,null,179,1
2435,Warehouse,null,4,179,5
2436,Warehouse,null,6,179,6
2437,Warehouse,null,3,179,3
2438,Store,78,null,180,1
2439,Store,22,null,180,1
2440,Store,55,null,180,1
2441,Store,106,null,180,1
2442,Store,66,null,180,1
2443,Store,36,null,180,1
2444,Store,37,null,180,1
2445,Store,38,null,180,1
2446,Store,120,null,180,1
2447,Store,34,null,180,1
2448,Store,68,null,180,1
2449,Store,71,null,180,1
2450,Store,4,null,180,1
2451,Store,93,null,180,1
2452,Store,29,null,180,1
2453,Store,41,null,180,1
2454,Store,72,null,180,1
2455,Store,58,null,180,1
2456,Store,25,null,180,1
2457,Store,45,null,180,1
2458,Store,43,null,180,1
2459,Warehouse,null,11,180,3
2460,Warehouse,null,12,180,7
2461,Warehouse,null,4,180,4
2462,Store,43,null,181,2
2463,Store,106,null,181,2
2464,Store,120,null,181,3
2465,Store,68,null,181,2
2466,Store,79,null,181,2
2467,Store,89,null,181,2
2468,Store,58,null,181,1
2469,Store,40,null,181,2
2470,Store,45,null,181,2
2471,Warehouse,null,7,181,4
2472,Warehouse,null,1,181,8
2473,Store,4,null,182,3
2474,Store,82,null,182,1
2475,Store,58,null,182,3
2476,Store,38,null,182,1
2477,Store,96,null,182,2
2478,Store,81,null,182,2
2479,Store,73,null,182,3
2480,Store,37,null,182,1
2481,Store,57,null,182,1
2482,Store,107,null,182,2
2483,Warehouse,null,2,182,5
2484,Warehouse,null,12,182,7
2485,Store,8,null,183,2
2486,Store,1,null,183,3
2487,Store,116,null,183,2
2488,Store,107,null,183,1
2489,Store,58,null,183,2
2490,Store,50,null,183,3
2491,Store,71,null,183,2
2492,Store,83,null,183,2
2493,Store,113,null,183,1
2494,Store,89,null,183,2
2495,Warehouse,null,4,183,5
2496,Warehouse,null,9,183,9
2497,Store,8,null,184,1
2498,Store,77,null,184,1
2499,Store,68,null,184,1
2500,Store,120,null,184,1
2501,Store,55,null,184,1
2502,Store,107,null,184,1
2503,Store,106,null,184,1
2504,Store,10,null,184,1
2505,Store,89,null,184,1
2506,Store,19,null,184,1
2507,Store,98,null,184,1
2508,Store,35,null,184,1
2509,Store,50,null,184,1
2510,Store,18,null,184,1
2511,Store,53,null,184,1
2512,Store,115,null,184,1
2513,Store,101,null,184,1
2514,Store,73,null,184,1
2515,Store,74,null,184,1
2516,Store,94,null,184,1
2517,Warehouse,null,4,184,6
2518,Warehouse,null,6,184,7
2519,Store,67,null,185,3
2520,Store,41,null,185,2
2521,Store,116,null,185,1
2522,Store,106,null,185,2
2523,Store,71,null,185,1
2524,Store,28,null,185,1
2525,Store,43,null,185,3
2526,Store,19,null,185,3
2527,Store,110,null,185,2
2528,Store,91,null,185,1
2529,Store,88,null,185,2
2530,Warehouse,null,11,185,5
2531,Warehouse,null,1,185,7
2532,Warehouse,null,12,185,2
2533,Store,93,null,186,4
2534,Store,108,null,186,3
2535,Store,118,null,186,3
2536,Store,49,null,186,3
2537,Store,7,null,186,1
2538,Warehouse,null,9,186,5
2539,Warehouse,null,12,186,5
2540,Store,104,null,187,1
2541,Store,25,null,187,3
2542,Store,61,null,187,4
2543,Store,38,null,187,3
2544,Store,44,null,187,2
2545,Store,5,null,187,1
2546,Store,55,null,187,1
2547,Store,91,null,187,1
2548,Store,69,null,187,2
2549,Store,73,null,187,1
2550,Store,13,null,187,3
2551,Warehouse,null,6,187,9
2552,Warehouse,null,1,187,5
2553,Store,35,null,188,1
2554,Store,1,null,188,1
2555,Store,74,null,188,1
2556,Store,32,null,188,1
2557,Store,40,null,188,1
2558,Store,22,null,188,1
2559,Store,14,null,188,1
2560,Store,36,null,188,1
2561,Store,13,null,188,1
2562,Store,56,null,188,1
2563,Store,25,null,188,1
2564,Store,71,null,188,1
2565,Store,28,null,188,1
2566,Store,108,null,188,1
2567,Store,78,null,188,1
2568,Store,4,null,188,1
2569,Store,76,null,188,1
2570,Store,15,null,188,1
2571,Store,83,null,188,1
2572,Store,62,null,188,1
2573,Store,59,null,188,1
2574,Store,120,null,188,1
2575,Warehouse,null,6,188,6
2576,Warehouse,null,1,188,6
2577,Warehouse,null,7,188,2
2578,Store,22,null,189,4
2579,Store,43,null,189,2
2580,Store,83,null,189,2
2581,Store,10,null,189,1
2582,Store,115,null,189,2
2583,Store,109,null,189,1
2584,Store,9,null,189,3
2585,Store,73,null,189,1
2586,Warehouse,null,7,189,7
2587,Warehouse,null,5,189,4
2588,Store,80,null,190,2
2589,Store,88,null,190,3
2590,Store,18,null,190,1
2591,Store,106,null,190,2
2592,Store,39,null,190,2
2593,Store,8,null,190,1
2594,Store,115,null,190,3
2595,Warehouse,null,7,190,3
2596,Warehouse,null,6,190,7
2597,Store,32,null,191,1
2598,Store,85,null,191,1
2599,Store,36,null,191,1
2600,Store,103,null,191,1
2601,Store,33,null,191,1
2602,Store,31,null,191,1
2603,Store,76,null,191,1
2604,Store,95,null,191,1
2605,Store,64,null,191,1
2606,Store,66,null,191,1
2607,Store,23,null,191,1
2608,Store,48,null,191,1
2609,Store,5,null,191,1
2610,Store,11,null,191,1
2611,Store,35,null,191,1
2612,Store,74,null,191,1
2613,Store,70,null,191,1
2614,Store,61,null,191,1
2615,Warehouse,null,2,191,9
2616,Warehouse,null,7,191,3
2617,Store,105,null,192,1
2618,Store,88,null,192,1
2619,Store,74,null,192,4
2620,Store,72,null,192,2
2621,Store,94,null,192,3
2622,Store,82,null,192,2
2623,Store,85,null,192,1
2624,Store,106,null,192,2
2625,Store,1,null,192,2
2626,Warehouse,null,2,192,6
2627,Warehouse,null,7,192,6
2628,Store,108,null,193,2
2629,Store,84,null,193,2
2630,Store,79,null,193,2
2631,Store,58,null,193,2
2632,Store,32,null,193,1
2633,Store,35,null,193,4
2634,Store,59,null,193,2
2635,Store,70,null,193,2
2636,Store,6,null,193,1
2637,Warehouse,null,6,193,3
2638,Warehouse,null,7,193,6
2639,Warehouse,null,9,193,3
2640,Store,103,null,194,1
2641,Store,14,null,194,1
2642,Store,90,null,194,1
2643,Store,104,null,194,1
2644,Store,16,null,194,1
2645,Store,36,null,194,1
2646,Store,84,null,194,1
2647,Store,12,null,194,1
2648,Store,7,null,194,1
2649,Store,99,null,194,1
2650,Store,96,null,194,1
2651,Store,71,null,194,1
2652,Store,22,null,194,1
2653,Store,13,null,194,1
2654,Store,58,null,194,1
2655,Store,120,null,194,1
2656,Store,52,null,194,1
2657,Store,19,null,194,1
2658,Store,59,null,194,1
2659,Store,39,null,194,1
2660,Warehouse,null,5,194,3
2661,Warehouse,null,8,194,7
2662,Warehouse,null,7,194,3
2663,Store,110,null,195,1
2664,Store,44,null,195,1
2665,Store,116,null,195,1
2666,Store,59,null,195,1
2667,Store,42,null,195,1
2668,Store,11,null,195,1
2669,Store,103,null,195,1
2670,Store,43,null,195,1
2671,Store,33,null,195,1
2672,Store,60,null,195,1
2673,Store,105,null,195,1
2674,Store,25,null,195,1
2675,Store,17,null,195,1
2676,Store,41,null,195,1
2677,Store,111,null,195,1
2678,Store,2,null,195,1
2679,Warehouse,null,6,195,6
2680,Warehouse,null,9,195,5
2681,Store,106,null,196,1
2682,Store,9,null,196,1
2683,Store,37,null,196,1
2684,Store,3,null,196,1
2685,Store,22,null,196,1
2686,Store,110,null,196,1
2687,Store,13,null,196,1
2688,Store,50,null,196,1
2689,Store,75,null,196,1
2690,Store,94,null,196,1
2691,Store,91,null,196,1
2692,Store,46,null,196,1
2693,Store,77,null,196,1
2694,Store,99,null,196,1
2695,Store,119,null,196,1
2696,Store,30,null,196,1
2697,Store,45,null,196,1
2698,Warehouse,null,2,196,7
2699,Warehouse,null,1,196,4
2700,Store,118,null,197,3
2701,Store,67,null,197,7
2702,Store,107,null,197,2
2703,Store,34,null,197,1
2704,Store,30,null,197,1
2705,Store,50,null,197,1
2706,Store,101,null,197,4
2707,Warehouse,null,1,197,2
2708,Warehouse,null,5,197,4
2709,Warehouse,null,8,197,6
2710,Store,23,null,198,1
2711,Store,85,null,198,3
2712,Store,34,null,198,3
2713,Store,57,null,198,2
2714,Store,8,null,198,1
2715,Store,93,null,198,2
2716,Store,69,null,198,3
2717,Store,41,null,198,1
2718,Store,9,null,198,2
2719,Warehouse,null,8,198,4
2720,Warehouse,null,10,198,3
2721,Warehouse,null,3,198,5
2722,Store,93,null,199,2
2723,Store,70,null,199,1
2724,Store,78,null,199,3
2725,Store,107,null,199,1
2726,Store,112,null,199,1
2727,Store,6,null,199,2
2728,Store,50,null,199,3
2729,Store,87,null,199,2
2730,Store,37,null,199,2
2731,Warehouse,null,2,199,9
2732,Warehouse,null,11,199,2
2733,Store,86,null,200,1
2734,Store,2,null,200,1
2735,Store,24,null,200,1
2736,Store,76,null,200,1
2737,Store,3,null,200,1
2738,Store,22,null,200,1
2739,Store,30,null,200,1
2740,Store,46,null,200,1
2741,Store,103,null,200,1
2742,Store,42,null,200,1
2743,Store,45,null,200,1
2744,Store,92,null,200,1
2745,Store,85,null,200,1
2746,Store,1,null,200,1
2747,Store,37,null,200,1
2748,Store,13,null,200,1
2749,Store,34,null,200,1
2750,Store,19,null,200,1
2751,Warehouse,null,4,200,6
2752,Warehouse,null,11,200,6
2753,Store,1,null,201,1
2754,Store,110,null,201,3
2755,Store,34,null,201,3
2756,Store,5,null,201,2
2757,Store,98,null,201,2
2758,Store,22,null,201,2
2759,Store,68,null,201,1
2760,Warehouse,null,12,201,5
2761,Warehouse,null,11,201,5
2762,Store,74,null,202,2
2763,Store,44,null,202,2
2764,Store,41,null,202,2
2765,Store,46,null,202,2
2766,Store,52,null,202,3
2767,Store,24,null,202,1
2768,Store,1,null,202,2
2769,Warehouse,null,10,202,5
2770,Warehouse,null,12,202,5
2771,Store,34,null,203,1
2772,Store,25,null,203,1
2773,Store,74,null,203,1
2774,Store,58,null,203,1
2775,Store,60,null,203,1
2776,Store,106,null,203,1
2777,Store,103,null,203,1
2778,Store,83,null,203,1
2779,Store,17,null,203,1
2780,Store,105,null,203,1
2781,Store,4,null,203,1
2782,Store,116,null,203,1
2783,Store,19,null,203,1
2784,Store,53,null,203,1
2785,Store,73,null,203,1
2786,Store,44,null,203,1
2787,Store,117,null,203,1
2788,Warehouse,null,12,203,7
2789,Warehouse,null,7,203,4
2790,Store,47,null,204,1
2791,Store,75,null,204,1
2792,Store,57,null,204,1
2793,Store,28,null,204,1
2794,Store,70,null,204,1
2795,Store,59,null,204,1
2796,Store,84,null,204,1
2797,Store,23,null,204,1
2798,Store,37,null,204,1
2799,Store,97,null,204,1
2800,Store,21,null,204,1
2801,Store,68,null,204,1
2802,Store,58,null,204,1
2803,Store,44,null,204,1
2804,Store,6,null,204,1
2805,Store,62,null,204,1
2806,Store,78,null,204,1
2807,Warehouse,null,3,204,4
2808,Warehouse,null,1,204,4
2809,Warehouse,null,6,204,3
2810,Store,42,null,205,2
2811,Store,59,null,205,1
2812,Store,32,null,205,2
2813,Store,54,null,205,2
2814,Store,76,null,205,3
2815,Store,85,null,205,2
2816,Store,67,null,205,2
2817,Store,102,null,205,2
2818,Warehouse,null,3,205,5
2819,Warehouse,null,8,205,2
2820,Warehouse,null,10,205,4
2821,Store,68,null,206,1
2822,Store,47,null,206,1
2823,Store,53,null,206,1
2824,Store,9,null,206,1
2825,Store,109,null,206,1
2826,Store,96,null,206,1
2827,Store,78,null,206,1
2828,Store,24,null,206,1
2829,Store,64,null,206,1
2830,Store,2,null,206,1
2831,Store,99,null,206,1
2832,Store,44,null,206,1
2833,Store,70,null,206,1
2834,Store,97,null,206,1
2835,Store,50,null,206,1
2836,Store,19,null,206,1
2837,Store,90,null,206,1
2838,Warehouse,null,9,206,4
2839,Warehouse,null,8,206,4
2840,Warehouse,null,3,206,3
2841,Store,101,null,207,2
2842,Store,88,null,207,3
2843,Store,67,null,207,2
2844,Store,91,null,207,5
2845,Store,81,null,207,2
2846,Warehouse,null,10,207,5
2847,Warehouse,null,3,207,2
2848,Warehouse,null,8,207,3
2849,Store,35,null,208,2
2850,Store,16,null,208,1
2851,Store,104,null,208,2
2852,Store,107,null,208,2
2853,Store,64,null,208,3
2854,Store,111,null,208,2
2855,Store,60,null,208,1
2856,Store,38,null,208,1
2857,Store,117,null,208,3
2858,Warehouse,null,3,208,2
2859,Warehouse,null,2,208,2
2860,Warehouse,null,12,208,7
2861,Store,73,null,209,4
2862,Store,39,null,209,1
2863,Store,55,null,209,2
2864,Store,89,null,209,4
2865,Store,66,null,209,4
2866,Warehouse,null,12,209,5
2867,Warehouse,null,10,209,5
2868,Store,46,null,210,1
2869,Store,78,null,210,1
2870,Store,14,null,210,1
2871,Store,114,null,210,1
2872,Store,118,null,210,1
2873,Store,23,null,210,1
2874,Store,67,null,210,1
2875,Store,5,null,210,1
2876,Store,82,null,210,1
2877,Store,113,null,210,1
2878,Store,38,null,210,1
2879,Store,80,null,210,1
2880,Store,120,null,210,1
2881,Store,61,null,210,1
2882,Store,105,null,210,1
2883,Store,56,null,210,1
2884,Warehouse,null,11,210,6
2885,Warehouse,null,3,210,5
2886,Store,6,null,211,2
2887,Store,69,null,211,5
2888,Store,76,null,211,3
2889,Store,120,null,211,1
2890,Store,78,null,211,2
2891,Warehouse,null,10,211,6
2892,Warehouse,null,5,211,2
2893,Store,72,null,212,4
2894,Store,70,null,212,2
2895,Store,73,null,212,2
2896,Store,27,null,212,4
2897,Store,9,null,212,1
2898,Store,74,null,212,3
2899,Warehouse,null,3,212,4
2900,Warehouse,null,10,212,6
2901,Store,120,null,213,4
2902,Store,27,null,213,5
2903,Store,4,null,213,4
2904,Store,77,null,213,1
2905,Store,45,null,213,2
2906,Store,117,null,213,1
2907,Warehouse,null,2,213,1
2908,Warehouse,null,11,213,5
2909,Warehouse,null,5,213,6
2910,Store,58,null,214,2
2911,Store,59,null,214,4
2912,Store,83,null,214,3
2913,Store,98,null,214,2
2914,Store,43,null,214,1
2915,Store,111,null,214,2
2916,Store,31,null,214,1
2917,Store,45,null,214,1
2918,Store,50,null,214,1
2919,Store,79,null,214,2
2920,Warehouse,null,1,214,8
2921,Warehouse,null,7,214,4
2922,Store,92,null,215,1
2923,Store,114,null,215,1
2924,Store,6,null,215,1
2925,Store,113,null,215,1
2926,Store,64,null,215,1
2927,Store,91,null,215,1
2928,Store,67,null,215,1
2929,Store,24,null,215,1
2930,Store,81,null,215,1
2931,Store,9,null,215,1
2932,Store,54,null,215,1
2933,Store,74,null,215,1
2934,Store,89,null,215,1
2935,Store,85,null,215,1
2936,Store,19,null,215,1
2937,Store,10,null,215,1
2938,Store,13,null,215,1
2939,Store,12,null,215,1
2940,Warehouse,null,10,215,8
2941,Warehouse,null,6,215,4
2942,Store,37,null,216,2
2943,Store,68,null,216,1
2944,Store,87,null,216,2
2945,Store,73,null,216,2
2946,Store,15,null,216,1
2947,Store,18,null,216,2
2948,Store,103,null,216,3
2949,Store,59,null,216,2
2950,Store,99,null,216,3
2951,Store,8,null,216,2
2952,Warehouse,null,4,216,6
2953,Warehouse,null,9,216,4
2954,Warehouse,null,3,216,3
2955,Store,47,null,217,2
2956,Store,2,null,217,1
2957,Store,26,null,217,2
2958,Store,80,null,217,2
2959,Store,113,null,217,1
2960,Store,65,null,217,2
2961,Store,101,null,217,1
2962,Store,95,null,217,3
2963,Store,15,null,217,3
2964,Store,21,null,217,2
2965,Warehouse,null,10,217,6
2966,Warehouse,null,11,217,6
2967,Store,35,null,218,1
2968,Store,50,null,218,4
2969,Store,31,null,218,2
2970,Store,29,null,218,4
2971,Store,32,null,218,3
2972,Warehouse,null,10,218,3
2973,Warehouse,null,9,218,6
2974,Store,29,null,219,3
2975,Store,2,null,219,3
2976,Store,66,null,219,2
2977,Store,76,null,219,4
2978,Store,24,null,219,4
2979,Store,6,null,219,2
2980,Warehouse,null,1,219,5
2981,Warehouse,null,12,219,7
2982,Store,23,null,220,1
2983,Store,56,null,220,1
2984,Store,90,null,220,1
2985,Store,14,null,220,1
2986,Store,83,null,220,1
2987,Store,117,null,220,1
2988,Store,26,null,220,1
2989,Store,11,null,220,1
2990,Store,40,null,220,1
2991,Store,45,null,220,1
2992,Store,2,null,220,1
2993,Store,29,null,220,1
2994,Store,73,null,220,1
2995,Store,1,null,220,1
2996,Store,106,null,220,1
2997,Warehouse,null,9,220,4
2998,Warehouse,null,8,220,6
2999,Store,26,null,221,1
3000,Store,9,null,221,1
3001,Store,74,null,221,1
3002,Store,94,null,221,1
3003,Store,21,null,221,1
3004,Store,61,null,221,1
3005,Store,4,null,221,1
3006,Store,81,null,221,1
3007,Store,13,null,221,1
3008,Store,30,null,221,1
3009,Store,8,null,221,1
3010,Store,56,null,221,1
3011,Store,33,null,221,1
3012,Store,109,null,221,1
3013,Warehouse,null,5,221,6
3014,Warehouse,null,12,221,4
3015,Store,54,null,222,2
3016,Store,28,null,222,3
3017,Store,108,null,222,3
3018,Store,120,null,222,1
3019,Store,67,null,222,1
3020,Store,48,null,222,2
3021,Store,35,null,222,1
3022,Store,42,null,222,3
3023,Store,11,null,222,1
3024,Warehouse,null,7,222,5
3025,Warehouse,null,12,222,7
3026,Store,119,null,223,3
3027,Store,85,null,223,4
3028,Store,33,null,223,2
3029,Store,61,null,223,2
3030,Store,2,null,223,4
3031,Store,118,null,223,2
3032,Warehouse,null,6,223,7
3033,Warehouse,null,11,223,5
3034,Store,44,null,224,2
3035,Store,1,null,224,4
3036,Store,52,null,224,5
3037,Store,105,null,224,3
3038,Store,86,null,224,1
3039,Warehouse,null,3,224,6
3040,Warehouse,null,9,224,4
3041,Store,8,null,225,1
3042,Store,80,null,225,1
3043,Store,81,null,225,1
3044,Store,14,null,225,1
3045,Store,114,null,225,1
3046,Store,106,null,225,1
3047,Store,47,null,225,1
3048,Store,63,null,225,1
3049,Store,110,null,225,1
3050,Store,43,null,225,1
3051,Store,39,null,225,1
3052,Store,74,null,225,1
3053,Store,37,null,225,1
3054,Store,24,null,225,1
3055,Store,3,null,225,1
3056,Store,93,null,225,1
3057,Warehouse,null,10,225,5
3058,Warehouse,null,1,225,5
3059,Store,115,null,226,2
3060,Store,28,null,226,1
3061,Store,43,null,226,4
3062,Store,84,null,226,4
3063,Store,119,null,226,2
3064,Store,66,null,226,3
3065,Warehouse,null,8,226,5
3066,Warehouse,null,3,226,6
3067,Store,108,null,227,2
3068,Store,10,null,227,4
3069,Store,116,null,227,3
3070,Store,24,null,227,2
3071,Store,63,null,227,4
3072,Warehouse,null,2,227,1
3073,Warehouse,null,4,227,4
3074,Warehouse,null,7,227,5
3075,Store,90,null,228,5
3076,Store,108,null,228,3
3077,Store,69,null,228,2
3078,Store,53,null,228,2
3079,Store,31,null,228,1
3080,Store,64,null,228,1
3081,Store,57,null,228,1
3082,Store,25,null,228,2
3083,Store,33,null,228,1
3084,Warehouse,null,10,228,5
3085,Warehouse,null,4,228,5
3086,Warehouse,null,3,228,2
3087,Store,3,null,229,1
3088,Store,17,null,229,3
3089,Store,2,null,229,4
3090,Store,56,null,229,1
3091,Store,30,null,229,2
3092,Store,67,null,229,2
3093,Store,73,null,229,1
3094,Store,51,null,229,1
3095,Store,39,null,229,3
3096,Warehouse,null,4,229,4
3097,Warehouse,null,6,229,4
3098,Warehouse,null,11,229,4
3099,Store,70,null,230,3
3100,Store,46,null,230,1
3101,Store,105,null,230,1
3102,Store,39,null,230,1
3103,Store,36,null,230,2
3104,Store,38,null,230,1
3105,Store,89,null,230,2
3106,Store,4,null,230,1
3107,Store,85,null,230,5
3108,Warehouse,null,5,230,4
3109,Warehouse,null,4,230,2
3110,Warehouse,null,9,230,6
3111,Store,22,null,231,2
3112,Store,5,null,231,1
3113,Store,38,null,231,2
3114,Store,24,null,231,2
3115,Store,20,null,231,3
3116,Store,81,null,231,3
3117,Store,57,null,231,1
3118,Store,67,null,231,2
3119,Warehouse,null,12,231,3
3120,Warehouse,null,10,231,4
3121,Warehouse,null,8,231,4
3122,Store,45,null,232,1
3123,Store,43,null,232,2
3124,Store,5,null,232,2
3125,Store,9,null,232,2
3126,Store,59,null,232,3
3127,Store,54,null,232,1
3128,Store,118,null,232,2
3129,Store,99,null,232,2
3130,Store,27,null,232,2
3131,Warehouse,null,7,232,3
3132,Warehouse,null,9,232,3
3133,Warehouse,null,4,232,6
3134,Store,20,null,233,1
3135,Store,25,null,233,1
3136,Store,5,null,233,1
3137,Store,114,null,233,1
3138,Store,103,null,233,1
3139,Store,40,null,233,1
3140,Store,107,null,233,1
3141,Store,79,null,233,1
3142,Store,52,null,233,1
3143,Store,83,null,233,1
3144,Store,48,null,233,1
3145,Store,76,null,233,1
3146,Store,85,null,233,1
3147,Store,58,null,233,1
3148,Store,61,null,233,1
3149,Store,110,null,233,1
3150,Store,78,null,233,1
3151,Store,28,null,233,1
3152,Store,109,null,233,1
3153,Store,59,null,233,1
3154,Warehouse,null,11,233,4
3155,Warehouse,null,10,233,2
3156,Warehouse,null,12,233,7
3157,Store,56,null,234,1
3158,Store,60,null,234,1
3159,Store,12,null,234,1
3160,Store,69,null,234,1
3161,Store,6,null,234,1
3162,Store,76,null,234,1
3163,Store,107,null,234,1
3164,Store,119,null,234,1
3165,Store,32,null,234,1
3166,Store,98,null,234,1
3167,Store,71,null,234,1
3168,Store,59,null,234,1
3169,Store,108,null,234,1
3170,Store,3,null,234,1
3171,Store,9,null,234,1
3172,Store,1,null,234,1
3173,Store,20,null,234,1
3174,Store,55,null,234,1
3175,Store,105,null,234,1
3176,Store,75,null,234,1
3177,Store,11,null,234,1
3178,Store,45,null,234,1
3179,Store,41,null,234,1
3180,Warehouse,null,12,234,8
3181,Warehouse,null,8,234,3
3182,Warehouse,null,9,234,4
3183,Store,110,null,235,1
3184,Store,33,null,235,3
3185,Store,53,null,235,2
3186,Store,21,null,235,4
3187,Store,95,null,235,1
3188,Store,47,null,235,2
3189,Store,113,null,235,3
3190,Store,83,null,235,1
3191,Store,46,null,235,2
3192,Store,111,null,235,1
3193,Store,30,null,235,2
3194,Warehouse,null,10,235,4
3195,Warehouse,null,12,235,4
3196,Warehouse,null,6,235,7
3197,Store,82,null,236,1
3198,Store,12,null,236,2
3199,Store,80,null,236,2
3200,Store,60,null,236,2
3201,Store,110,null,236,1
3202,Store,40,null,236,3
3203,Store,14,null,236,3
3204,Store,119,null,236,4
3205,Store,73,null,236,1
3206,Store,64,null,236,1
3207,Store,7,null,236,3
3208,Store,91,null,236,1
3209,Warehouse,null,5,236,5
3210,Warehouse,null,4,236,7
3211,Warehouse,null,6,236,4
3212,Store,119,null,237,4
3213,Store,61,null,237,3
3214,Store,32,null,237,3
3215,Store,97,null,237,2
3216,Store,21,null,237,2
3217,Store,71,null,237,2
3218,Store,72,null,237,3
3219,Store,57,null,237,4
3220,Warehouse,null,6,237,5
3221,Warehouse,null,1,237,7
3222,Warehouse,null,5,237,4
3223,Store,2,null,238,1
3224,Store,51,null,238,1
3225,Store,43,null,238,1
3226,Store,112,null,238,2
3227,Store,67,null,238,3
3228,Store,21,null,238,3
3229,Store,33,null,238,2
3230,Store,30,null,238,3
3231,Store,48,null,238,2
3232,Warehouse,null,9,238,3
3233,Warehouse,null,5,238,6
3234,Warehouse,null,3,238,3
3235,Store,67,null,239,4
3236,Store,86,null,239,1
3237,Store,117,null,239,3
3238,Store,41,null,239,1
3239,Store,95,null,239,2
3240,Store,61,null,239,2
3241,Store,92,null,239,1
3242,Store,11,null,239,2
3243,Store,82,null,239,3
3244,Store,93,null,239,1
3245,Store,21,null,239,2
3246,Store,45,null,239,1
3247,Warehouse,null,2,239,4
3248,Warehouse,null,6,239,4
3249,Warehouse,null,7,239,4
3250,Warehouse,null,3,239,4
3251,Store,112,null,240,1
3252,Store,36,null,240,1
3253,Store,107,null,240,1
3254,Store,26,null,240,1
3255,Store,100,null,240,1
3256,Store,15,null,240,1
3257,Store,80,null,240,1
3258,Store,44,null,240,1
3259,Store,14,null,240,1
3260,Store,48,null,240,1
3261,Store,20,null,240,1
3262,Store,35,null,240,1
3263,Store,114,null,240,1
3264,Store,103,null,240,1
3265,Store,10,null,240,1
3266,Store,88,null,240,1
3267,Store,37,null,240,1
3268,Store,82,null,240,1
3269,Store,74,null,240,1
3270,Store,105,null,240,1
3271,Store,27,null,240,1
3272,Store,50,null,240,1
3273,Warehouse,null,7,240,3
3274,Warehouse,null,10,240,9
3275,Warehouse,null,6,240,2
3276,Store,105,null,241,1
3277,Store,57,null,241,1
3278,Store,55,null,241,1
3279,Store,88,null,241,1
3280,Store,92,null,241,1
3281,Store,44,null,241,1
3282,Store,4,null,241,1
3283,Store,23,null,241,1
3284,Store,65,null,241,1
3285,Store,51,null,241,1
3286,Store,111,null,241,1
3287,Store,87,null,241,1
3288,Store,31,null,241,1
3289,Store,47,null,241,1
3290,Store,26,null,241,1
3291,Store,20,null,241,1
3292,Store,90,null,241,1
3293,Store,45,null,241,1
3294,Store,39,null,241,1
3295,Store,17,null,241,1
3296,Warehouse,null,4,241,3
3297,Warehouse,null,10,241,2
3298,Warehouse,null,11,241,8
3299,Store,57,null,242,3
3300,Store,84,null,242,2
3301,Store,115,null,242,1
3302,Store,103,null,242,2
3303,Store,118,null,242,1
3304,Store,111,null,242,2
3305,Store,56,null,242,1
3306,Store,11,null,242,3
3307,Store,105,null,242,3
3308,Store,104,null,242,2
3309,Warehouse,null,11,242,4
3310,Warehouse,null,4,242,3
3311,Warehouse,null,12,242,2
3312,Warehouse,null,2,242,5
3313,Store,35,null,243,1
3314,Store,24,null,243,2
3315,Store,93,null,243,1
3316,Store,4,null,243,1
3317,Store,21,null,243,1
3318,Store,28,null,243,2
3319,Store,14,null,243,3
3320,Store,17,null,243,2
3321,Store,94,null,243,1
3322,Store,40,null,243,6
3323,Store,32,null,243,1
3324,Store,34,null,243,2
3325,Warehouse,null,4,243,4
3326,Warehouse,null,10,243,7
3327,Warehouse,null,11,243,4
3328,Store,31,null,244,1
3329,Store,65,null,244,1
3330,Store,64,null,244,1
3331,Store,16,null,244,1
3332,Store,83,null,244,1
3333,Store,101,null,244,1
3334,Store,12,null,244,1
3335,Store,18,null,244,1
3336,Store,90,null,244,1
3337,Store,77,null,244,1
3338,Store,66,null,244,1
3339,Store,105,null,244,1
3340,Store,29,null,244,1
3341,Store,51,null,244,1
3342,Warehouse,null,3,244,6
3343,Warehouse,null,10,244,4
3344,Store,14,null,245,1
3345,Store,21,null,245,1
3346,Store,50,null,245,1
3347,Store,29,null,245,1
3348,Store,73,null,245,1
3349,Store,59,null,245,1
3350,Store,57,null,245,1
3351,Store,37,null,245,1
3352,Store,85,null,245,1
3353,Store,68,null,245,1
3354,Store,26,null,245,1
3355,Store,107,null,245,1
3356,Store,49,null,245,1
3357,Store,97,null,245,1
3358,Store,13,null,245,1
3359,Store,51,null,245,1
3360,Store,80,null,245,1
3361,Store,45,null,245,1
3362,Store,65,null,245,1
3363,Store,86,null,245,1
3364,Store,46,null,245,1
3365,Warehouse,null,10,245,4
3366,Warehouse,null,7,245,3
3367,Warehouse,null,4,245,3
3368,Warehouse,null,2,245,4
3369,Store,88,null,246,1
3370,Store,45,null,246,1
3371,Store,86,null,246,1
3372,Store,63,null,246,1
3373,Store,83,null,246,1
3374,Store,112,null,246,1
3375,Store,36,null,246,1
3376,Store,113,null,246,1
3377,Store,48,null,246,1
3378,Store,99,null,246,1
3379,Store,49,null,246,1
3380,Store,14,null,246,1
3381,Store,57,null,246,1
3382,Store,18,null,246,1
3383,Store,97,null,246,1
3384,Store,58,null,246,1
3385,Store,59,null,246,1
3386,Store,95,null,246,1
3387,Store,84,null,246,1
3388,Store,77,null,246,1
3389,Store,110,null,246,1
3390,Warehouse,null,5,246,5
3391,Warehouse,null,4,246,3
3392,Warehouse,null,7,246,6
3393,Store,77,null,247,1
3394,Store,117,null,247,1
3395,Store,92,null,247,1
3396,Store,114,null,247,1
3397,Store,14,null,247,1
3398,Store,78,null,247,1
3399,Store,112,null,247,1
3400,Store,52,null,247,1
3401,Store,16,null,247,1
3402,Store,116,null,247,1
3403,Store,85,null,247,1
3404,Store,81,null,247,1
3405,Store,57,null,247,1
3406,Store,17,null,247,1
3407,Store,5,null,247,1
3408,Store,80,null,247,1
3409,Store,21,null,247,1
3410,Store,111,null,247,1
3411,Store,7,null,247,1
3412,Store,13,null,247,1
3413,Store,69,null,247,1
3414,Store,9,null,247,1
3415,Warehouse,null,8,247,5
3416,Warehouse,null,11,247,10
3417,Store,109,null,248,2
3418,Store,84,null,248,3
3419,Store,37,null,248,1
3420,Store,4,null,248,2
3421,Store,9,null,248,2
3422,Store,6,null,248,4
3423,Store,52,null,248,1
3424,Store,64,null,248,2
3425,Store,82,null,248,1
3426,Warehouse,null,3,248,5
3427,Warehouse,null,8,248,3
3428,Warehouse,null,6,248,4
3429,Store,4,null,249,4
3430,Store,112,null,249,1
3431,Store,80,null,249,1
3432,Store,72,null,249,3
3433,Store,69,null,249,1
3434,Store,21,null,249,2
3435,Store,3,null,249,1
3436,Store,34,null,249,3
3437,Warehouse,null,12,249,4
3438,Warehouse,null,6,249,7
3439,Store,106,null,250,1
3440,Store,110,null,250,1
3441,Store,111,null,250,1
3442,Store,24,null,250,1
3443,Store,116,null,250,1
3444,Store,48,null,250,1
3445,Store,39,null,250,1
3446,Store,115,null,250,1
3447,Store,31,null,250,1
3448,Store,25,null,250,1
3449,Store,76,null,250,1
3450,Store,26,null,250,1
3451,Store,93,null,250,1
3452,Store,74,null,250,1
3453,Store,69,null,250,1
3454,Store,119,null,250,1
3455,Store,55,null,250,1
3456,Store,40,null,250,1
3457,Warehouse,null,3,250,5
3458,Warehouse,null,4,250,4
3459,Warehouse,null,1,250,3
3460,Store,7,null,251,3
3461,Store,51,null,251,2
3462,Store,19,null,251,2
3463,Store,105,null,251,2
3464,Store,84,null,251,2
3465,Store,106,null,251,1
3466,Store,64,null,251,1
3467,Store,109,null,251,2
3468,Store,63,null,251,2
3469,Warehouse,null,1,251,6
3470,Warehouse,null,7,251,6
3471,Store,112,null,252,1
3472,Store,56,null,252,1
3473,Store,84,null,252,1
3474,Store,46,null,252,1
3475,Store,108,null,252,1
3476,Store,89,null,252,1
3477,Store,8,null,252,1
3478,Store,9,null,252,1
3479,Store,13,null,252,1
3480,Store,39,null,252,1
3481,Store,80,null,252,1
3482,Store,44,null,252,1
3483,Store,49,null,252,1
3484,Store,3,null,252,1
3485,Store,62,null,252,1
3486,Store,1,null,252,1
3487,Store,119,null,252,1
3488,Store,7,null,252,1
3489,Store,59,null,252,1
3490,Warehouse,null,11,252,6
3491,Warehouse,null,6,252,6
3492,Store,3,null,253,1
3493,Store,65,null,253,1
3494,Store,34,null,253,1
3495,Store,77,null,253,1
3496,Store,92,null,253,1
3497,Store,81,null,253,1
3498,Store,56,null,253,1
3499,Store,68,null,253,1
3500,Store,29,null,253,1
3501,Store,58,null,253,1
3502,Store,91,null,253,1
3503,Store,89,null,253,1
3504,Store,36,null,253,1
3505,Store,47,null,253,1
3506,Store,82,null,253,1
3507,Store,88,null,253,1
3508,Warehouse,null,10,253,5
3509,Warehouse,null,6,253,6
3510,Store,29,null,254,2
3511,Store,8,null,254,2
3512,Store,22,null,254,1
3513,Store,110,null,254,1
3514,Store,111,null,254,2
3515,Store,33,null,254,1
3516,Store,73,null,254,4
3517,Warehouse,null,2,254,4
3518,Warehouse,null,9,254,5
3519,Store,77,null,255,1
3520,Store,4,null,255,1
3521,Store,42,null,255,1
3522,Store,74,null,255,1
3523,Store,27,null,255,1
3524,Store,101,null,255,1
3525,Store,48,null,255,1
3526,Store,90,null,255,1
3527,Store,11,null,255,1
3528,Store,33,null,255,1
3529,Store,108,null,255,1
3530,Store,40,null,255,1
3531,Store,20,null,255,1
3532,Store,71,null,255,1
3533,Store,60,null,255,1
3534,Store,53,null,255,1
3535,Store,66,null,255,1
3536,Store,41,null,255,1
3537,Warehouse,null,10,255,3
3538,Warehouse,null,7,255,6
3539,Warehouse,null,5,255,3
3540,Store,41,null,256,3
3541,Store,55,null,256,2
3542,Store,39,null,256,1
3543,Store,84,null,256,2
3544,Store,6,null,256,2
3545,Store,3,null,256,2
3546,Store,45,null,256,1
3547,Store,10,null,256,2
3548,Store,32,null,256,2
3549,Warehouse,null,11,256,4
3550,Warehouse,null,1,256,4
3551,Warehouse,null,8,256,3
3552,Store,30,null,257,4
3553,Store,91,null,257,2
3554,Store,8,null,257,2
3555,Store,20,null,257,2
3556,Store,55,null,257,1
3557,Store,35,null,257,1
3558,Store,71,null,257,1
3559,Store,101,null,257,2
3560,Warehouse,null,9,257,4
3561,Warehouse,null,1,257,6
3562,Store,108,null,258,1
3563,Store,2,null,258,1
3564,Store,42,null,258,1
3565,Store,62,null,258,1
3566,Store,105,null,258,1
3567,Store,17,null,258,1
3568,Store,77,null,258,1
3569,Store,119,null,258,1
3570,Store,13,null,258,1
3571,Store,97,null,258,1
3572,Store,63,null,258,1
3573,Store,95,null,258,1
3574,Store,102,null,258,1
3575,Store,43,null,258,1
3576,Store,94,null,258,1
3577,Warehouse,null,5,258,7
3578,Warehouse,null,3,258,3
3579,Store,22,null,259,4
3580,Store,107,null,259,4
3581,Store,101,null,259,1
3582,Store,14,null,259,2
3583,Store,11,null,259,1
3584,Store,29,null,259,1
3585,Store,73,null,259,2
3586,Store,65,null,259,1
3587,Warehouse,null,6,259,4
3588,Warehouse,null,3,259,4
3589,Warehouse,null,8,259,3
3590,Store,77,null,260,1
3591,Store,21,null,260,1
3592,Store,40,null,260,1
3593,Store,6,null,260,1
3594,Store,82,null,260,1
3595,Store,105,null,260,1
3596,Store,78,null,260,1
3597,Store,107,null,260,1
3598,Store,52,null,260,1
3599,Store,92,null,260,1
3600,Store,14,null,260,1
3601,Store,65,null,260,1
3602,Store,75,null,260,1
3603,Store,9,null,260,1
3604,Store,49,null,260,1
3605,Store,108,null,260,1
3606,Store,102,null,260,1
3607,Warehouse,null,2,260,5
3608,Warehouse,null,11,260,6
3609,Store,93,null,261,4
3610,Store,39,null,261,1
3611,Store,50,null,261,2
3612,Store,118,null,261,1
3613,Store,58,null,261,3
3614,Store,77,null,261,2
3615,Store,107,null,261,1
3616,Store,52,null,261,1
3617,Warehouse,null,1,261,3
3618,Warehouse,null,12,261,7
3619,Store,89,null,262,2
3620,Store,114,null,262,1
3621,Store,87,null,262,2
3622,Store,77,null,262,1
3623,Store,40,null,262,2
3624,Store,71,null,262,1
3625,Store,112,null,262,2
3626,Store,82,null,262,5
3627,Warehouse,null,11,262,3
3628,Warehouse,null,7,262,7
3629,Store,5,null,263,2
3630,Store,52,null,263,1
3631,Store,21,null,263,2
3632,Store,117,null,263,2
3633,Store,41,null,263,4
3634,Store,102,null,263,1
3635,Store,51,null,263,2
3636,Warehouse,null,5,263,4
3637,Warehouse,null,12,263,5
3638,Store,64,null,264,1
3639,Store,28,null,264,1
3640,Store,48,null,264,1
3641,Store,62,null,264,1
3642,Store,3,null,264,1
3643,Store,111,null,264,1
3644,Store,23,null,264,1
3645,Store,56,null,264,1
3646,Store,119,null,264,1
3647,Store,5,null,264,1
3648,Store,100,null,264,1
3649,Store,7,null,264,1
3650,Store,46,null,264,1
3651,Store,19,null,264,1
3652,Store,83,null,264,1
3653,Store,53,null,264,1
3654,Warehouse,null,8,264,4
3655,Warehouse,null,3,264,3
3656,Warehouse,null,5,264,3
3657,Store,5,null,265,3
3658,Store,109,null,265,2
3659,Store,120,null,265,1
3660,Store,97,null,265,1
3661,Store,84,null,265,3
3662,Store,96,null,265,3
3663,Store,69,null,265,1
3664,Store,4,null,265,1
3665,Warehouse,null,1,265,7
3666,Warehouse,null,10,265,3
3667,Store,67,null,266,1
3668,Store,72,null,266,1
3669,Store,76,null,266,1
3670,Store,107,null,266,1
3671,Store,5,null,266,1
3672,Store,26,null,266,1
3673,Store,12,null,266,1
3674,Store,34,null,266,1
3675,Store,81,null,266,1
3676,Store,80,null,266,1
3677,Store,84,null,266,1
3678,Store,91,null,266,1
3679,Store,119,null,266,1
3680,Store,27,null,266,1
3681,Store,111,null,266,1
3682,Store,90,null,266,1
3683,Warehouse,null,7,266,6
3684,Warehouse,null,5,266,5
3685,Store,49,null,267,1
3686,Store,46,null,267,1
3687,Store,95,null,267,1
3688,Store,100,null,267,1
3689,Store,53,null,267,1
3690,Store,76,null,267,1
3691,Store,13,null,267,1
3692,Store,78,null,267,1
3693,Store,25,null,267,1
3694,Store,92,null,267,1
3695,Store,67,null,267,1
3696,Store,56,null,267,1
3697,Store,2,null,267,1
3698,Store,28,null,267,1
3699,Store,37,null,267,1
3700,Store,47,null,267,1
3701,Warehouse,null,12,267,5
3702,Warehouse,null,10,267,5
3703,Store,25,null,268,4
3704,Store,70,null,268,1
3705,Store,12,null,268,4
3706,Store,65,null,268,3
3707,Store,109,null,268,3
3708,Store,44,null,268,1
3709,Warehouse,null,4,268,9
3710,Warehouse,null,5,268,2
3711,Store,68,null,269,1
3712,Store,44,null,269,5
3713,Store,60,null,269,3
3714,Store,55,null,269,2
3715,Store,112,null,269,2
3716,Store,48,null,269,3
3717,Store,110,null,269,4
3718,Warehouse,null,12,269,5
3719,Warehouse,null,10,269,8
3720,Store,29,null,270,1
3721,Store,32,null,270,1
3722,Store,25,null,270,1
3723,Store,44,null,270,1
3724,Store,55,null,270,1
3725,Store,38,null,270,1
3726,Store,52,null,270,1
3727,Store,10,null,270,1
3728,Store,108,null,270,1
3729,Store,120,null,270,1
3730,Store,56,null,270,1
3731,Store,72,null,270,1
3732,Store,80,null,270,1
3733,Store,102,null,270,1
3734,Store,85,null,270,1
3735,Store,60,null,270,1
3736,Store,81,null,270,1
3737,Warehouse,null,4,270,3
3738,Warehouse,null,10,270,2
3739,Warehouse,null,8,270,6
3740,Store,53,null,271,1
3741,Store,3,null,271,2
3742,Store,120,null,271,1
3743,Store,73,null,271,2
3744,Store,7,null,271,1
3745,Store,96,null,271,3
3746,Store,40,null,271,2
3747,Store,77,null,271,3
3748,Store,84,null,271,2
3749,Store,13,null,271,3
3750,Warehouse,null,12,271,7
3751,Warehouse,null,9,271,6
3752,Store,87,null,272,2
3753,Store,81,null,272,1
3754,Store,39,null,272,2
3755,Store,99,null,272,1
3756,Store,91,null,272,3
3757,Store,37,null,272,1
3758,Store,106,null,272,3
3759,Store,3,null,272,2
3760,Store,40,null,272,2
3761,Warehouse,null,7,272,6
3762,Warehouse,null,1,272,6
3763,Store,38,null,273,4
3764,Store,65,null,273,1
3765,Store,25,null,273,3
3766,Store,115,null,273,1
3767,Store,28,null,273,2
3768,Store,94,null,273,1
3769,Store,116,null,273,1
3770,Store,60,null,273,3
3771,Warehouse,null,7,273,6
3772,Warehouse,null,1,273,5
3773,Store,77,null,274,1
3774,Store,63,null,274,1
3775,Store,81,null,274,1
3776,Store,117,null,274,1
3777,Store,89,null,274,2
3778,Store,102,null,274,6
3779,Store,92,null,274,2
3780,Store,111,null,274,3
3781,Store,68,null,274,1
3782,Warehouse,null,4,274,5
3783,Warehouse,null,12,274,7
3784,Store,28,null,275,1
3785,Store,54,null,275,1
3786,Store,116,null,275,1
3787,Store,86,null,275,1
3788,Store,84,null,275,1
3789,Store,92,null,275,1
3790,Store,40,null,275,1
3791,Store,61,null,275,1
3792,Store,100,null,275,1
3793,Store,95,null,275,1
3794,Store,52,null,275,1
3795,Store,55,null,275,1
3796,Store,29,null,275,1
3797,Store,37,null,275,1
3798,Store,17,null,275,1
3799,Store,36,null,275,1
3800,Store,120,null,275,1
3801,Store,12,null,275,1
3802,Store,34,null,275,1
3803,Warehouse,null,9,275,3
3804,Warehouse,null,3,275,3
3805,Warehouse,null,5,275,3
3806,Warehouse,null,1,275,4
3807,Store,32,null,276,1
3808,Store,38,null,276,1
3809,Store,86,null,276,1
3810,Store,30,null,276,1
3811,Store,119,null,276,1
3812,Store,14,null,276,1
3813,Store,106,null,276,1
3814,Store,67,null,276,1
3815,Store,7,null,276,1
3816,Store,28,null,276,1
3817,Store,39,null,276,1
3818,Store,31,null,276,1
3819,Store,87,null,276,1
3820,Store,33,null,276,1
3821,Store,89,null,276,1
3822,Store,47,null,276,1
3823,Store,68,null,276,1
3824,Store,22,null,276,1
3825,Store,113,null,276,1
3826,Warehouse,null,2,276,3
3827,Warehouse,null,1,276,4
3828,Warehouse,null,3,276,2
3829,Warehouse,null,4,276,4
3830,Store,31,null,277,1
3831,Store,3,null,277,1
3832,Store,103,null,277,1
3833,Store,83,null,277,1
3834,Store,25,null,277,1
3835,Store,10,null,277,1
3836,Store,26,null,277,1
3837,Store,65,null,277,1
3838,Store,97,null,277,1
3839,Warehouse,null,1,277,6
3840,Store,79,null,278,1
3841,Store,50,null,278,1
3842,Store,67,null,278,1
3843,Store,95,null,278,1
3844,Store,71,null,278,1
3845,Store,6,null,278,1
3846,Store,7,null,278,1
3847,Store,31,null,278,1
3848,Store,62,null,278,1
3849,Store,85,null,278,1
3850,Store,59,null,278,1
3851,Store,74,null,278,1
3852,Store,58,null,278,1
3853,Store,8,null,278,1
3854,Store,101,null,278,1
3855,Store,97,null,278,1
3856,Store,84,null,278,1
3857,Store,49,null,278,1
3858,Store,57,null,278,1
3859,Store,47,null,278,1
3860,Store,93,null,278,1
3861,Store,22,null,278,1
3862,Store,89,null,278,1
3863,Warehouse,null,10,278,6
3864,Warehouse,null,5,278,3
3865,Warehouse,null,9,278,6
3866,Store,17,null,279,1
3867,Store,90,null,279,2
3868,Store,21,null,279,2
3869,Store,26,null,279,3
3870,Store,11,null,279,3
3871,Store,76,null,279,1
3872,Store,4,null,279,1
3873,Store,91,null,279,3
3874,Store,87,null,279,2
3875,Warehouse,null,1,279,6
3876,Warehouse,null,5,279,4
3877,Warehouse,null,10,279,2
3878,Store,5,null,280,1
3879,Store,108,null,280,3
3880,Store,106,null,280,3
3881,Store,89,null,280,3
3882,Store,86,null,280,2
3883,Store,69,null,280,1
3884,Store,95,null,280,2
3885,Store,26,null,280,3
3886,Store,84,null,280,1
3887,Store,102,null,280,2
3888,Store,76,null,280,1
3889,Store,66,null,280,2
3890,Warehouse,null,6,280,4
3891,Warehouse,null,5,280,4
3892,Warehouse,null,9,280,4
3893,Warehouse,null,3,280,4
3894,Store,26,null,281,2
3895,Store,98,null,281,1
3896,Store,76,null,281,1
3897,Store,58,null,281,1
3898,Store,25,null,281,3
3899,Store,53,null,281,1
3900,Store,115,null,281,2
3901,Store,27,null,281,4
3902,Store,106,null,281,1
3903,Store,62,null,281,2
3904,Store,34,null,281,3
3905,Warehouse,null,4,281,3
3906,Warehouse,null,6,281,2
3907,Warehouse,null,7,281,9
3908,Store,18,null,282,2
3909,Store,107,null,282,2
3910,Store,36,null,282,2
3911,Store,44,null,282,2
3912,Store,94,null,282,1
3913,Store,59,null,282,2
3914,Store,103,null,282,2
3915,Store,79,null,282,3
3916,Store,114,null,282,1
3917,Store,115,null,282,2
3918,Warehouse,null,1,282,6
3919,Warehouse,null,6,282,2
3920,Warehouse,null,7,282,4
3921,Store,64,null,283,1
3922,Store,95,null,283,1
3923,Store,37,null,283,1
3924,Store,17,null,283,1
3925,Store,104,null,283,1
3926,Store,42,null,283,1
3927,Store,96,null,283,1
3928,Store,115,null,283,1
3929,Store,58,null,283,1
3930,Store,108,null,283,1
3931,Store,99,null,283,1
3932,Store,11,null,283,1
3933,Store,6,null,283,1
3934,Store,113,null,283,1
3935,Store,80,null,283,1
3936,Store,8,null,283,1
3937,Store,93,null,283,1
3938,Store,12,null,283,1
3939,Store,52,null,283,1
3940,Warehouse,null,8,283,7
3941,Warehouse,null,10,283,6
3942,Store,37,null,284,3
3943,Store,39,null,284,4
3944,Store,114,null,284,2
3945,Store,75,null,284,2
3946,Store,96,null,284,3
3947,Warehouse,null,2,284,5
3948,Warehouse,null,7,284,4
3949,Store,87,null,285,3
3950,Store,73,null,285,3
3951,Store,34,null,285,3
3952,Store,16,null,285,1
3953,Store,2,null,285,4
3954,Store,90,null,285,3
3955,Store,71,null,285,3
3956,Warehouse,null,4,285,4
3957,Warehouse,null,8,285,4
3958,Warehouse,null,11,285,5
3959,Store,10,null,286,1
3960,Store,56,null,286,2
3961,Store,11,null,286,2
3962,Store,109,null,286,1
3963,Store,88,null,286,2
3964,Store,89,null,286,3
3965,Store,97,null,286,3
3966,Store,77,null,286,2
3967,Store,12,null,286,1
3968,Store,111,null,286,3
3969,Store,42,null,286,2
3970,Warehouse,null,10,286,7
3971,Warehouse,null,12,286,7
3972,Store,11,null,287,2
3973,Store,86,null,287,1
3974,Store,27,null,287,1
3975,Store,53,null,287,3
3976,Store,105,null,287,5
3977,Store,118,null,287,1
3978,Store,77,null,287,2
3979,Store,14,null,287,1
3980,Store,58,null,287,1
3981,Warehouse,null,12,287,7
3982,Warehouse,null,9,287,4
3983,Store,46,null,288,2
3984,Store,85,null,288,6
3985,Store,2,null,288,1
3986,Store,40,null,288,1
3987,Store,55,null,288,2
3988,Store,23,null,288,1
3989,Store,11,null,288,3
3990,Store,65,null,288,1
3991,Store,87,null,288,2
3992,Store,12,null,288,1
3993,Warehouse,null,7,288,5
3994,Warehouse,null,9,288,4
3995,Warehouse,null,12,288,4
3996,Store,36,null,289,2
3997,Store,6,null,289,3
3998,Store,43,null,289,2
3999,Store,82,null,289,1
4000,Store,106,null,289,2
4001,Store,69,null,289,2
4002,Store,60,null,289,3
4003,Store,100,null,289,1
4004,Store,95,null,289,3
4005,Store,19,null,289,2
4006,Store,27,null,289,1
4007,Warehouse,null,5,289,8
4008,Warehouse,null,9,289,6
4009,Store,26,null,290,2
4010,Store,24,null,290,1
4011,Store,81,null,290,2
4012,Store,63,null,290,1
4013,Store,58,null,290,3
4014,Store,52,null,290,3
4015,Store,50,null,290,2
4016,Store,21,null,290,2
4017,Store,39,null,290,2
4018,Store,90,null,290,2
4019,Warehouse,null,2,290,7
4020,Warehouse,null,6,290,3
4021,Warehouse,null,9,290,4
4022,Store,119,null,291,1
4023,Store,106,null,291,1
4024,Store,76,null,291,1
4025,Store,17,null,291,1
4026,Store,100,null,291,1
4027,Store,34,null,291,1
4028,Store,59,null,291,1
4029,Store,107,null,291,1
4030,Store,31,null,291,1
4031,Store,30,null,291,1
4032,Store,73,null,291,1
4033,Store,24,null,291,1
4034,Store,8,null,291,1
4035,Store,99,null,291,1
4036,Store,38,null,291,1
4037,Store,93,null,291,1
4038,Store,85,null,291,1
4039,Store,6,null,291,1
4040,Store,108,null,291,1
4041,Store,47,null,291,1
4042,Warehouse,null,10,291,6
4043,Warehouse,null,1,291,6
4044,Warehouse,null,7,291,2
4045,Store,68,null,292,2
4046,Store,16,null,292,4
4047,Store,110,null,292,3
4048,Store,83,null,292,4
4049,Store,61,null,292,2
4050,Store,96,null,292,2
4051,Store,114,null,292,2
4052,Warehouse,null,11,292,4
4053,Warehouse,null,4,292,5
4054,Warehouse,null,3,292,2
4055,Warehouse,null,5,292,2
4056,Store,44,null,293,2
4057,Store,56,null,293,1
4058,Store,46,null,293,1
4059,Store,31,null,293,2
4060,Store,106,null,293,2
4061,Store,16,null,293,1
4062,Store,86,null,293,2
4063,Store,94,null,293,2
4064,Store,111,null,293,2
4065,Store,68,null,293,4
4066,Store,119,null,293,3
4067,Warehouse,null,3,293,7
4068,Warehouse,null,8,293,8
4069,Store,57,null,294,1
4070,Store,10,null,294,2
4071,Store,105,null,294,2
4072,Store,100,null,294,2
4073,Store,104,null,294,2
4074,Store,11,null,294,1
4075,Store,5,null,294,2
4076,Store,107,null,294,2
4077,Store,19,null,294,2
4078,Store,16,null,294,3
4079,Warehouse,null,10,294,5
4080,Warehouse,null,2,294,4
4081,Warehouse,null,1,294,3
4082,Store,39,null,295,2
4083,Store,115,null,295,2
4084,Store,26,null,295,1
4085,Store,30,null,295,1
4086,Store,82,null,295,2
4087,Store,103,null,295,3
4088,Store,7,null,295,4
4089,Store,87,null,295,1
4090,Store,45,null,295,2
4091,Warehouse,null,7,295,5
4092,Warehouse,null,9,295,7
4093,Store,38,null,296,4
4094,Store,30,null,296,1
4095,Store,3,null,296,2
4096,Store,51,null,296,2
4097,Store,23,null,296,5
4098,Store,4,null,296,3
4099,Warehouse,null,1,296,5
4100,Warehouse,null,6,296,5
4101,Warehouse,null,7,296,2
4102,Store,10,null,297,1
4103,Store,72,null,297,1
4104,Store,89,null,297,1
4105,Store,12,null,297,1
4106,Store,83,null,297,1
4107,Store,41,null,297,1
4108,Store,77,null,297,1
4109,Store,99,null,297,1
4110,Store,114,null,297,1
4111,Store,8,null,297,1
4112,Store,119,null,297,1
4113,Store,90,null,297,1
4114,Store,29,null,297,1
4115,Store,78,null,297,1
4116,Store,102,null,297,1
4117,Store,113,null,297,1
4118,Store,80,null,297,1
4119,Store,1,null,297,1
4120,Store,21,null,297,1
4121,Warehouse,null,12,297,8
4122,Warehouse,null,1,297,4
4123,Store,109,null,298,2
4124,Store,52,null,298,1
4125,Store,87,null,298,4
4126,Store,75,null,298,1
4127,Store,105,null,298,2
4128,Store,92,null,298,2
4129,Store,60,null,298,2
4130,Store,25,null,298,1
4131,Store,69,null,298,2
4132,Store,50,null,298,2
4133,Warehouse,null,9,298,5
4134,Warehouse,null,6,298,7
4135,Store,23,null,299,4
4136,Store,119,null,299,2
4137,Store,110,null,299,2
4138,Store,108,null,299,4
4139,Store,109,null,299,2
4140,Store,32,null,299,2
4141,Store,115,null,299,4
4142,Warehouse,null,4,299,7
4143,Warehouse,null,10,299,7
4144,Store,80,null,300,1
4145,Store,52,null,300,2
4146,Store,64,null,300,2
4147,Store,33,null,300,3
4148,Store,41,null,300,1
4149,Store,81,null,300,1
4150,Store,47,null,300,2
4151,Store,9,null,300,3
4152,Store,68,null,300,2
4153,Warehouse,null,2,300,8
4154,Warehouse,null,11,300,3
4155,Store,68,null,301,4
4156,Store,71,null,301,3
4157,Store,49,null,301,1
4158,Store,111,null,301,2
4159,Store,45,null,301,4
4160,Store,81,null,301,2
4161,Store,11,null,301,4
4162,Warehouse,null,9,301,6
4163,Warehouse,null,4,301,2
4164,Warehouse,null,6,301,6
4165,Store,99,null,302,1
4166,Store,12,null,302,2
4167,Store,29,null,302,2
4168,Store,18,null,302,2
4169,Store,34,null,302,3
4170,Store,7,null,302,2
4171,Store,49,null,302,3
4172,Store,65,null,302,1
4173,Store,22,null,302,2
4174,Store,64,null,302,1
4175,Warehouse,null,11,302,5
4176,Warehouse,null,3,302,5
4177,Warehouse,null,8,302,2
4178,Store,12,null,303,3
4179,Store,107,null,303,3
4180,Store,38,null,303,3
4181,Store,120,null,303,3
4182,Store,97,null,303,3
4183,Store,109,null,303,3
4184,Warehouse,null,3,303,6
4185,Warehouse,null,9,303,6
4186,Store,74,null,304,3
4187,Store,64,null,304,1
4188,Store,3,null,304,1
4189,Store,93,null,304,2
4190,Store,85,null,304,2
4191,Store,111,null,304,1
4192,Store,92,null,304,2
4193,Store,60,null,304,2
4194,Store,58,null,304,3
4195,Warehouse,null,1,304,2
4196,Warehouse,null,3,304,6
4197,Warehouse,null,12,304,4
4198,Store,57,null,305,2
4199,Store,106,null,305,1
4200,Store,83,null,305,3
4201,Store,70,null,305,2
4202,Store,49,null,305,1
4203,Store,114,null,305,1
4204,Store,18,null,305,2
4205,Store,118,null,305,2
4206,Store,9,null,305,3
4207,Store,23,null,305,2
4208,Store,77,null,305,2
4209,Warehouse,null,3,305,5
4210,Warehouse,null,10,305,3
4211,Warehouse,null,8,305,6
4212,Store,41,null,306,2
4213,Store,83,null,306,2
4214,Store,107,null,306,2
4215,Store,31,null,306,2
4216,Store,104,null,306,3
4217,Store,51,null,306,2
4218,Store,33,null,306,2
4219,Store,101,null,306,1
4220,Warehouse,null,3,306,5
4221,Warehouse,null,5,306,6
4222,Store,11,null,307,1
4223,Store,115,null,307,5
4224,Store,12,null,307,2
4225,Store,70,null,307,3
4226,Store,38,null,307,1
4227,Store,25,null,307,1
4228,Store,116,null,307,1
4229,Warehouse,null,7,307,3
4230,Warehouse,null,9,307,4
4231,Warehouse,null,1,307,3
4232,Store,84,null,308,3
4233,Store,107,null,308,2
4234,Store,38,null,308,4
4235,Store,31,null,308,1
4236,Store,44,null,308,2
4237,Store,42,null,308,2
4238,Store,101,null,308,1
4239,Store,96,null,308,1
4240,Store,65,null,308,1
4241,Warehouse,null,9,308,3
4242,Warehouse,null,1,308,2
4243,Warehouse,null,11,308,6
4244,Store,96,null,309,1
4245,Store,13,null,309,1
4246,Store,119,null,309,1
4247,Store,53,null,309,1
4248,Store,70,null,309,1
4249,Store,75,null,309,1
4250,Store,68,null,309,1
4251,Store,9,null,309,1
4252,Store,59,null,309,1
4253,Store,65,null,309,1
4254,Store,84,null,309,1
4255,Store,14,null,309,1
4256,Store,94,null,309,1
4257,Store,1,null,309,1
4258,Store,113,null,309,1
4259,Warehouse,null,12,309,2
4260,Warehouse,null,4,309,8
4261,Store,37,null,310,1
4262,Store,103,null,310,1
4263,Store,56,null,310,1
4264,Store,84,null,310,1
4265,Store,115,null,310,1
4266,Store,6,null,310,1
4267,Store,104,null,310,1
4268,Store,64,null,310,1
4269,Store,107,null,310,1
4270,Store,79,null,310,1
4271,Store,36,null,310,1
4272,Store,94,null,310,1
4273,Store,65,null,310,1
4274,Warehouse,null,6,310,5
4275,Warehouse,null,10,310,4
4276,Store,18,null,311,3
4277,Store,59,null,311,4
4278,Store,29,null,311,2
4279,Store,77,null,311,4
4280,Store,38,null,311,2
4281,Store,89,null,311,2
4282,Warehouse,null,12,311,8
4283,Warehouse,null,2,311,4
4284,Store,22,null,312,6
4285,Store,92,null,312,2
4286,Store,86,null,312,1
4287,Store,55,null,312,1
4288,Store,32,null,312,2
4289,Store,40,null,312,1
4290,Store,81,null,312,1
4291,Warehouse,null,2,312,4
4292,Warehouse,null,4,312,6
4293,Store,79,null,313,1
4294,Store,67,null,313,2
4295,Store,113,null,313,1
4296,Store,27,null,313,2
4297,Store,86,null,313,1
4298,Store,33,null,313,3
4299,Store,35,null,313,3
4300,Store,44,null,313,1
4301,Store,36,null,313,3
4302,Warehouse,null,3,313,3
4303,Warehouse,null,1,313,4
4304,Warehouse,null,2,313,4
4305,Store,33,null,314,1
4306,Store,113,null,314,1
4307,Store,1,null,314,1
4308,Store,79,null,314,1
4309,Store,23,null,314,1
4310,Store,66,null,314,1
4311,Store,112,null,314,1
4312,Store,17,null,314,1
4313,Store,61,null,314,1
4314,Store,19,null,314,1
4315,Store,68,null,314,1
4316,Store,82,null,314,1
4317,Store,116,null,314,1
4318,Store,5,null,314,1
4319,Store,70,null,314,1
4320,Warehouse,null,2,314,5
4321,Warehouse,null,6,314,5
4322,Store,92,null,315,2
4323,Store,24,null,315,2
4324,Store,72,null,315,4
4325,Store,112,null,315,3
4326,Store,23,null,315,1
4327,Store,108,null,315,5
4328,Store,99,null,315,2
4329,Warehouse,null,1,315,6
4330,Warehouse,null,8,315,6
4331,Store,37,null,316,2
4332,Store,19,null,316,4
4333,Store,105,null,316,2
4334,Store,10,null,316,1
4335,Store,13,null,316,1
4336,Store,92,null,316,1
4337,Store,91,null,316,1
4338,Store,108,null,316,3
4339,Store,69,null,316,3
4340,Warehouse,null,5,316,4
4341,Warehouse,null,6,316,8
4342,Store,108,null,317,4
4343,Store,77,null,317,2
4344,Store,85,null,317,1
4345,Store,93,null,317,1
4346,Store,23,null,317,2
4347,Store,6,null,317,1
4348,Store,24,null,317,2
4349,Store,15,null,317,2
4350,Store,14,null,317,2
4351,Store,1,null,317,3
4352,Warehouse,null,5,317,6
4353,Warehouse,null,3,317,8
4354,Store,60,null,318,1
4355,Store,87,null,318,1
4356,Store,58,null,318,1
4357,Store,47,null,318,1
4358,Store,102,null,318,1
4359,Store,75,null,318,1
4360,Store,118,null,318,1
4361,Store,77,null,318,1
4362,Store,6,null,318,1
4363,Store,115,null,318,1
4364,Store,92,null,318,1
4365,Store,30,null,318,1
4366,Store,70,null,318,1
4367,Store,46,null,318,1
4368,Store,28,null,318,1
4369,Store,2,null,318,1
4370,Store,61,null,318,1
4371,Store,25,null,318,1
4372,Store,43,null,318,1
4373,Store,35,null,318,1
4374,Store,101,null,318,1
4375,Store,31,null,318,1
4376,Store,18,null,318,1
4377,Store,44,null,318,1
4378,Store,33,null,318,1
4379,Warehouse,null,1,318,3
4380,Warehouse,null,6,318,6
4381,Warehouse,null,8,318,3
4382,Warehouse,null,3,318,3
4383,Warehouse,null,10,318,2
4384,Store,117,null,319,1
4385,Store,72,null,319,1
4386,Store,85,null,319,1
4387,Store,63,null,319,1
4388,Store,115,null,319,1
4389,Store,60,null,319,1
4390,Store,81,null,319,1
4391,Store,73,null,319,1
4392,Store,114,null,319,1
4393,Store,111,null,319,1
4394,Store,40,null,319,1
4395,Store,106,null,319,1
4396,Store,71,null,319,1
4397,Store,10,null,319,1
4398,Store,14,null,319,1
4399,Store,79,null,319,1
4400,Store,34,null,319,1
4401,Store,91,null,319,1
4402,Warehouse,null,5,319,8
4403,Warehouse,null,2,319,4
4404,Store,110,null,320,4
4405,Store,51,null,320,3
4406,Store,79,null,320,1
4407,Store,89,null,320,2
4408,Store,2,null,320,2
4409,Store,120,null,320,2
4410,Store,16,null,320,1
4411,Store,46,null,320,1
4412,Store,19,null,320,2
4413,Store,39,null,320,1
4414,Warehouse,null,9,320,5
4415,Warehouse,null,1,320,7
4416,Store,53,null,321,1
4417,Store,83,null,321,1
4418,Store,45,null,321,1
4419,Store,7,null,321,1
4420,Store,88,null,321,1
4421,Store,68,null,321,1
4422,Store,23,null,321,1
4423,Store,81,null,321,1
4424,Store,8,null,321,1
4425,Store,114,null,321,1
4426,Store,66,null,321,1
4427,Store,110,null,321,1
4428,Store,31,null,321,1
4429,Store,32,null,321,1
4430,Store,59,null,321,1
4431,Store,77,null,321,1
4432,Warehouse,null,6,321,6
4433,Warehouse,null,2,321,5
4434,Store,36,null,322,1
4435,Store,46,null,322,1
4436,Store,34,null,322,2
4437,Store,69,null,322,3
4438,Store,30,null,322,1
4439,Store,73,null,322,3
4440,Store,18,null,322,2
4441,Warehouse,null,10,322,3
4442,Warehouse,null,8,322,5
4443,Store,1,null,323,2
4444,Store,26,null,323,4
4445,Store,112,null,323,1
4446,Store,74,null,323,4
4447,Store,44,null,323,3
4448,Store,37,null,323,3
4449,Warehouse,null,2,323,6
4450,Warehouse,null,5,323,5
4451,Store,32,null,324,1
4452,Store,71,null,324,2
4453,Store,22,null,324,2
4454,Store,110,null,324,1
4455,Store,67,null,324,1
4456,Store,38,null,324,3
4457,Store,25,null,324,2
4458,Store,10,null,324,3
4459,Warehouse,null,3,324,5
4460,Warehouse,null,8,324,5
4461,Store,97,null,325,1
4462,Store,90,null,325,1
4463,Store,7,null,325,1
4464,Store,119,null,325,1
4465,Store,28,null,325,1
4466,Store,100,null,325,1
4467,Store,113,null,325,1
4468,Store,55,null,325,1
4469,Store,30,null,325,1
4470,Store,68,null,325,1
4471,Store,13,null,325,1
4472,Store,23,null,325,1
4473,Store,33,null,325,1
4474,Store,56,null,325,1
4475,Store,43,null,325,1
4476,Store,75,null,325,1
4477,Store,62,null,325,1
4478,Warehouse,null,9,325,6
4479,Warehouse,null,1,325,5
4480,Store,93,null,326,1
4481,Store,10,null,326,1
4482,Store,117,null,326,1
4483,Store,104,null,326,1
4484,Store,115,null,326,1
4485,Store,1,null,326,1
4486,Store,57,null,326,1
4487,Store,24,null,326,1
4488,Store,85,null,326,1
4489,Store,51,null,326,1
4490,Store,92,null,326,1
4491,Store,120,null,326,1
4492,Store,59,null,326,1
4493,Store,64,null,326,1
4494,Store,7,null,326,1
4495,Store,17,null,326,1
4496,Store,29,null,326,1
4497,Store,91,null,326,1
4498,Warehouse,null,11,326,8
4499,Warehouse,null,9,326,4
4500,Store,42,null,327,1
4501,Store,80,null,327,1
4502,Store,13,null,327,1
4503,Store,19,null,327,1
4504,Store,116,null,327,1
4505,Store,48,null,327,1
4506,Store,17,null,327,1
4507,Store,45,null,327,1
4508,Store,67,null,327,1
4509,Store,112,null,327,1
4510,Store,52,null,327,1
4511,Store,118,null,327,1
4512,Store,84,null,327,1
4513,Store,26,null,327,1
4514,Store,101,null,327,1
4515,Store,29,null,327,1
4516,Warehouse,null,9,327,8
4517,Warehouse,null,6,327,3
4518,Store,40,null,328,4
4519,Store,39,null,328,1
4520,Store,46,null,328,2
4521,Store,4,null,328,1
4522,Store,8,null,328,2
4523,Store,95,null,328,1
4524,Store,22,null,328,1
4525,Store,89,null,328,4
4526,Warehouse,null,1,328,1
4527,Warehouse,null,12,328,3
4528,Warehouse,null,3,328,7
4529,Store,96,null,329,1
4530,Store,34,null,329,1
4531,Store,59,null,329,1
4532,Store,41,null,329,1
4533,Store,38,null,329,1
4534,Store,100,null,329,1
4535,Store,15,null,329,1
4536,Store,99,null,329,1
4537,Store,81,null,329,1
4538,Store,88,null,329,1
4539,Store,82,null,329,1
4540,Store,26,null,329,1
4541,Store,90,null,329,1
4542,Store,68,null,329,1
4543,Store,25,null,329,1
4544,Store,40,null,329,1
4545,Warehouse,null,12,329,6
4546,Warehouse,null,6,329,5
4547,Store,24,null,330,1
4548,Store,95,null,330,3
4549,Store,57,null,330,2
4550,Store,84,null,330,2
4551,Store,83,null,330,1
4552,Store,28,null,330,1
4553,Store,29,null,330,5
4554,Store,81,null,330,1
4555,Warehouse,null,11,330,4
4556,Warehouse,null,10,330,4
4557,Warehouse,null,7,330,3
4558,Store,32,null,331,1
4559,Store,116,null,331,1
4560,Store,5,null,331,1
4561,Store,47,null,331,1
4562,Store,41,null,331,1
4563,Store,2,null,331,1
4564,Store,39,null,331,1
4565,Store,62,null,331,1
4566,Store,10,null,331,1
4567,Store,118,null,331,1
4568,Store,3,null,331,1
4569,Store,114,null,331,1
4570,Store,109,null,331,1
4571,Store,113,null,331,1
4572,Store,103,null,331,1
4573,Store,72,null,331,1
4574,Warehouse,null,10,331,3
4575,Warehouse,null,7,331,3
4576,Warehouse,null,12,331,5
4577,Store,64,null,332,1
4578,Store,49,null,332,3
4579,Store,82,null,332,2
4580,Store,35,null,332,4
4581,Store,47,null,332,3
4582,Store,45,null,332,3
4583,Warehouse,null,5,332,5
4584,Warehouse,null,4,332,2
4585,Warehouse,null,9,332,4
4586,Store,83,null,333,3
4587,Store,105,null,333,2
4588,Store,72,null,333,2
4589,Store,73,null,333,4
4590,Store,39,null,333,2
4591,Warehouse,null,1,333,6
4592,Warehouse,null,2,333,2
4593,Store,80,null,334,1
4594,Store,114,null,334,3
4595,Store,1,null,334,3
4596,Store,37,null,334,2
4597,Store,96,null,334,1
4598,Store,8,null,334,2
4599,Store,70,null,334,2
4600,Store,75,null,334,2
4601,Warehouse,null,6,334,4
4602,Warehouse,null,1,334,7
4603,Store,48,null,335,2
4604,Store,83,null,335,5
4605,Store,84,null,335,1
4606,Store,3,null,335,2
4607,Store,109,null,335,1
4608,Store,14,null,335,1
4609,Store,52,null,335,1
4610,Store,85,null,335,2
4611,Warehouse,null,4,335,7
4612,Warehouse,null,7,335,3
4613,Store,96,null,336,1
4614,Store,8,null,336,1
4615,Store,15,null,336,1
4616,Store,43,null,336,2
4617,Store,107,null,336,3
4618,Store,91,null,336,4
4619,Store,26,null,336,2
4620,Store,82,null,336,2
4621,Warehouse,null,6,336,6
4622,Warehouse,null,4,336,5
4623,Store,70,null,337,3
4624,Store,17,null,337,2
4625,Store,62,null,337,2
4626,Store,73,null,337,1
4627,Store,106,null,337,2
4628,Store,34,null,337,4
4629,Store,7,null,337,1
4630,Store,102,null,337,2
4631,Store,67,null,337,1
4632,Warehouse,null,2,337,4
4633,Warehouse,null,1,337,8
4634,Store,50,null,338,1
4635,Store,105,null,338,1
4636,Store,92,null,338,1
4637,Store,115,null,338,1
4638,Store,89,null,338,1
4639,Store,46,null,338,1
4640,Store,55,null,338,1
4641,Store,61,null,338,1
4642,Store,118,null,338,1
4643,Store,64,null,338,1
4644,Store,37,null,338,1
4645,Store,80,null,338,1
4646,Store,36,null,338,1
4647,Store,32,null,338,1
4648,Store,17,null,338,1
4649,Store,3,null,338,1
4650,Store,68,null,338,1
4651,Store,5,null,338,1
4652,Store,26,null,338,1
4653,Warehouse,null,5,338,6
4654,Warehouse,null,7,338,6
4655,Store,31,null,339,2
4656,Store,52,null,339,1
4657,Store,21,null,339,2
4658,Store,120,null,339,3
4659,Store,34,null,339,8
4660,Store,77,null,339,2
4661,Warehouse,null,11,339,4
4662,Warehouse,null,2,339,8
4663,Store,104,null,340,2
4664,Store,90,null,340,2
4665,Store,77,null,340,2
4666,Store,49,null,340,1
4667,Store,39,null,340,2
4668,Store,95,null,340,2
4669,Store,51,null,340,3
4670,Warehouse,null,6,340,3
4671,Warehouse,null,7,340,7
4672,Store,18,null,341,3
4673,Store,27,null,341,2
4674,Store,112,null,341,4
4675,Store,13,null,341,2
4676,Warehouse,null,6,341,3
4677,Warehouse,null,9,341,4
4678,Store,56,null,342,3
4679,Store,11,null,342,1
4680,Store,45,null,342,3
4681,Store,37,null,342,3
4682,Store,29,null,342,1
4683,Store,81,null,342,3
4684,Store,28,null,342,1
4685,Store,110,null,342,1
4686,Store,61,null,342,2
4687,Warehouse,null,3,342,5
4688,Warehouse,null,9,342,7
4689,Store,44,null,343,1
4690,Store,102,null,343,1
4691,Store,22,null,343,1
4692,Store,12,null,343,1
4693,Store,29,null,343,1
4694,Store,17,null,343,1
4695,Store,108,null,343,1
4696,Store,40,null,343,1
4697,Store,72,null,343,1
4698,Store,65,null,343,1
4699,Store,21,null,343,1
4700,Store,15,null,343,1
4701,Store,41,null,343,1
4702,Store,86,null,343,1
4703,Store,20,null,343,1
4704,Store,2,null,343,1
4705,Store,95,null,343,1
4706,Warehouse,null,3,343,7
4707,Warehouse,null,9,343,4
4708,Store,31,null,344,1
4709,Store,32,null,344,1
4710,Store,57,null,344,1
4711,Store,109,null,344,1
4712,Store,78,null,344,1
4713,Store,87,null,344,1
4714,Store,10,null,344,1
4715,Store,108,null,344,1
4716,Store,94,null,344,1
4717,Store,35,null,344,1
4718,Store,1,null,344,1
4719,Store,24,null,344,1
4720,Store,30,null,344,1
4721,Warehouse,null,4,344,5
4722,Warehouse,null,9,344,4
4723,Store,75,null,345,2
4724,Store,61,null,345,4
4725,Store,51,null,345,2
4726,Store,13,null,345,1
4727,Store,91,null,345,1
4728,Store,42,null,345,2
4729,Store,90,null,345,3
4730,Store,82,null,345,1
4731,Store,115,null,345,1
4732,Warehouse,null,3,345,5
4733,Warehouse,null,1,345,6
4734,Store,35,null,346,3
4735,Store,62,null,346,2
4736,Store,32,null,346,2
4737,Store,1,null,346,2
4738,Store,75,null,346,3
4739,Store,70,null,346,2
4740,Store,39,null,346,1
4741,Store,19,null,346,1
4742,Warehouse,null,12,346,5
4743,Warehouse,null,1,346,6
4744,Store,54,null,347,3
4745,Store,42,null,347,4
4746,Store,62,null,347,3
4747,Store,79,null,347,1
4748,Store,8,null,347,3
4749,Warehouse,null,4,347,3
4750,Warehouse,null,8,347,7
4751,Store,40,null,348,2
4752,Store,100,null,348,1
4753,Store,42,null,348,1
4754,Store,13,null,348,2
4755,Store,34,null,348,4
4756,Store,16,null,348,1
4757,Store,73,null,348,2
4758,Warehouse,null,3,348,2
4759,Warehouse,null,8,348,6
4760,Store,20,null,349,1
4761,Store,77,null,349,1
4762,Store,88,null,349,1
4763,Store,6,null,349,1
4764,Store,82,null,349,1
4765,Store,68,null,349,1
4766,Store,33,null,349,1
4767,Store,5,null,349,1
4768,Store,44,null,349,1
4769,Store,112,null,349,1
4770,Store,85,null,349,1
4771,Store,95,null,349,1
4772,Store,81,null,349,1
4773,Store,109,null,349,1
4774,Warehouse,null,7,349,6
4775,Warehouse,null,1,349,4
4776,Store,65,null,350,1
4777,Store,2,null,350,2
4778,Store,108,null,350,3
4779,Store,68,null,350,1
4780,Store,3,null,350,3
4781,Store,23,null,350,3
4782,Store,7,null,350,1
4783,Store,105,null,350,2
4784,Warehouse,null,1,350,5
4785,Warehouse,null,7,350,2
4786,Warehouse,null,4,350,4
4787,Store,59,null,351,3
4788,Store,68,null,351,1
4789,Store,50,null,351,2
4790,Store,18,null,351,3
4791,Store,81,null,351,1
4792,Store,109,null,351,1
4793,Store,1,null,351,1
4794,Store,25,null,351,4
4795,Warehouse,null,1,351,9
4796,Warehouse,null,10,351,2
4797,Store,48,null,352,2
4798,Store,50,null,352,3
4799,Store,72,null,352,3
4800,Store,106,null,352,1
4801,Store,62,null,352,1
4802,Store,86,null,352,1
4803,Store,13,null,352,2
4804,Warehouse,null,2,352,5
4805,Warehouse,null,1,352,3
4806,Store,78,null,353,1
4807,Store,47,null,353,1
4808,Store,110,null,353,3
4809,Store,102,null,353,2
4810,Store,84,null,353,2
4811,Store,14,null,353,2
4812,Warehouse,null,9,353,4
4813,Warehouse,null,10,353,3
4814,Store,92,null,354,2
4815,Store,43,null,354,3
4816,Store,79,null,354,4
4817,Store,36,null,354,1
4818,Store,119,null,354,1
4819,Store,21,null,354,6
4820,Warehouse,null,4,354,2
4821,Warehouse,null,12,354,2
4822,Warehouse,null,11,354,7
4823,Store,80,null,355,1
4824,Store,25,null,355,1
4825,Store,58,null,355,1
4826,Store,119,null,355,1
4827,Store,21,null,355,1
4828,Store,54,null,355,1
4829,Store,86,null,355,1
4830,Store,63,null,355,1
4831,Store,85,null,355,1
4832,Store,41,null,355,1
4833,Store,95,null,355,1
4834,Store,27,null,355,1
4835,Store,68,null,355,1
4836,Store,79,null,355,1
4837,Warehouse,null,4,355,3
4838,Warehouse,null,6,355,4
4839,Warehouse,null,2,355,3
4840,Store,86,null,356,5
4841,Store,103,null,356,3
4842,Store,51,null,356,1
4843,Store,22,null,356,2
4844,Store,74,null,356,2
4845,Warehouse,null,2,356,4
4846,Warehouse,null,6,356,5
4847,Store,67,null,357,1
4848,Store,111,null,357,1
4849,Store,82,null,357,1
4850,Store,63,null,357,1
4851,Store,106,null,357,1
4852,Store,7,null,357,1
4853,Store,96,null,357,1
4854,Store,64,null,357,1
4855,Store,107,null,357,1
4856,Store,24,null,357,1
4857,Store,34,null,357,1
4858,Store,74,null,357,1
4859,Store,8,null,357,1
4860,Warehouse,null,7,357,8
4861,Store,119,null,358,3
4862,Store,115,null,358,3
4863,Store,3,null,358,1
4864,Store,54,null,358,2
4865,Store,55,null,358,1
4866,Store,108,null,358,1
4867,Store,73,null,358,3
4868,Warehouse,null,8,358,5
4869,Warehouse,null,7,358,5
4870,Store,23,null,359,2
4871,Store,48,null,359,2
4872,Store,64,null,359,1
4873,Store,89,null,359,2
4874,Store,65,null,359,2
4875,Store,81,null,359,2
4876,Store,30,null,359,3
4877,Warehouse,null,5,359,5
4878,Warehouse,null,12,359,5
4879,Store,20,null,360,1
4880,Store,82,null,360,1
4881,Store,97,null,360,1
4882,Store,33,null,360,1
4883,Store,70,null,360,1
4884,Store,102,null,360,1
4885,Store,11,null,360,1
4886,Store,52,null,360,1
4887,Store,47,null,360,1
4888,Store,80,null,360,1
4889,Store,45,null,360,1
4890,Store,66,null,360,1
4891,Store,74,null,360,1
4892,Store,110,null,360,1
4893,Store,27,null,360,1
4894,Store,104,null,360,1
4895,Warehouse,null,4,360,5
4896,Warehouse,null,8,360,6
4897,Store,20,null,361,1
4898,Store,24,null,361,1
4899,Store,83,null,361,1
4900,Store,31,null,361,1
4901,Store,62,null,361,1
4902,Store,120,null,361,1
4903,Store,104,null,361,1
4904,Store,21,null,361,1
4905,Store,9,null,361,1
4906,Store,111,null,361,1
4907,Store,11,null,361,1
4908,Store,93,null,361,1
4909,Store,39,null,361,1
4910,Store,72,null,361,1
4911,Store,4,null,361,1
4912,Store,53,null,361,1
4913,Store,102,null,361,1
4914,Warehouse,null,12,361,3
4915,Warehouse,null,8,361,5
4916,Warehouse,null,3,361,3
4917,Store,64,null,362,1
4918,Store,72,null,362,3
4919,Store,35,null,362,2
4920,Store,114,null,362,3
4921,Store,99,null,362,3
4922,Store,112,null,362,3
4923,Store,60,null,362,4
4924,Warehouse,null,4,362,3
4925,Warehouse,null,8,362,4
4926,Warehouse,null,6,362,6
4927,Store,51,null,363,3
4928,Store,96,null,363,3
4929,Store,94,null,363,1
4930,Store,88,null,363,2
4931,Store,17,null,363,1
4932,Store,21,null,363,1
4933,Store,13,null,363,2
4934,Store,8,null,363,3
4935,Store,89,null,363,2
4936,Warehouse,null,8,363,6
4937,Warehouse,null,6,363,2
4938,Warehouse,null,10,363,4
4939,Store,46,null,364,1
4940,Store,107,null,364,1
4941,Store,115,null,364,1
4942,Store,68,null,364,1
4943,Store,40,null,364,1
4944,Store,49,null,364,1
4945,Store,63,null,364,1
4946,Store,50,null,364,1
4947,Store,59,null,364,1
4948,Store,35,null,364,1
4949,Store,39,null,364,1
4950,Store,31,null,364,1
4951,Store,37,null,364,1
4952,Store,12,null,364,1
4953,Store,120,null,364,1
4954,Warehouse,null,3,364,5
4955,Warehouse,null,4,364,5
4956,Store,9,null,365,4
4957,Store,112,null,365,2
4958,Store,90,null,365,3
4959,Store,101,null,365,2
4960,Store,8,null,365,3
4961,Store,25,null,365,1
4962,Store,31,null,365,4
4963,Store,81,null,365,3
4964,Warehouse,null,11,365,4
4965,Warehouse,null,10,365,5
4966,Warehouse,null,5,365,5
4967,Store,47,null,366,3
4968,Store,64,null,366,5
4969,Store,66,null,366,2
4970,Store,101,null,366,1
4971,Store,107,null,366,4
4972,Warehouse,null,6,366,5
4973,Warehouse,null,5,366,5
4974,Store,108,null,367,1
4975,Store,16,null,367,2
4976,Store,88,null,367,1
4977,Store,98,null,367,1
4978,Store,50,null,367,1
4979,Store,77,null,367,5
4980,Store,84,null,367,1
4981,Store,65,null,367,2
4982,Store,89,null,367,4
4983,Warehouse,null,6,367,5
4984,Warehouse,null,7,367,2
4985,Warehouse,null,11,367,5
4986,Store,18,null,368,2
4987,Store,104,null,368,4
4988,Store,53,null,368,2
4989,Store,20,null,368,1
4990,Store,32,null,368,2
4991,Store,102,null,368,6
4992,Warehouse,null,12,368,5
4993,Warehouse,null,6,368,4
4994,Warehouse,null,9,368,2
4995,Store,101,null,369,1
4996,Store,33,null,369,2
4997,Store,32,null,369,3
4998,Store,23,null,369,2
4999,Store,18,null,369,1
5000,Store,65,null,369,2
5001,Store,28,null,369,2
5002,Store,110,null,369,3
5003,Warehouse,null,1,369,4
5004,Warehouse,null,5,369,4
5005,Warehouse,null,3,369,3
5006,Store,94,null,370,3
5007,Store,95,null,370,1
5008,Store,47,null,370,2
5009,Store,5,null,370,2
5010,Store,115,null,370,3
5011,Store,26,null,370,2
5012,Store,31,null,370,1
5013,Store,105,null,370,2
5014,Store,118,null,370,2
5015,Store,37,null,370,2
5016,Warehouse,null,12,370,3
5017,Warehouse,null,1,370,2
5018,Warehouse,null,11,370,5
5019,Warehouse,null,4,370,4
5020,Store,43,null,371,2
5021,Store,105,null,371,3
5022,Store,90,null,371,2
5023,Store,20,null,371,1
5024,Store,26,null,371,2
5025,Store,16,null,371,1
5026,Warehouse,null,8,371,4
5027,Warehouse,null,10,371,4
5028,Store,28,null,372,2
5029,Store,81,null,372,1
5030,Store,109,null,372,1
5031,Store,59,null,372,2
5032,Store,5,null,372,2
5033,Store,53,null,372,3
5034,Warehouse,null,1,372,5
5035,Warehouse,null,9,372,3
5036,Store,80,null,373,1
5037,Store,110,null,373,1
5038,Store,26,null,373,1
5039,Store,40,null,373,1
5040,Store,113,null,373,1
5041,Store,102,null,373,1
5042,Store,4,null,373,1
5043,Store,29,null,373,1
5044,Store,114,null,373,1
5045,Store,119,null,373,1
5046,Store,92,null,373,1
5047,Store,28,null,373,1
5048,Store,91,null,373,1
5049,Store,3,null,373,1
5050,Warehouse,null,1,373,5
5051,Warehouse,null,8,373,4
5052,Store,99,null,374,4
5053,Store,118,null,374,3
5054,Store,69,null,374,1
5055,Store,39,null,374,3
5056,Store,61,null,374,2
5057,Store,12,null,374,3
5058,Store,115,null,374,4
5059,Warehouse,null,7,374,3
5060,Warehouse,null,10,374,5
5061,Warehouse,null,5,374,5
5062,Store,30,null,375,4
5063,Store,53,null,375,4
5064,Store,100,null,375,1
5065,Store,44,null,375,2
5066,Store,19,null,375,3
5067,Warehouse,null,12,375,4
5068,Warehouse,null,10,375,5
5069,Store,83,null,376,2
5070,Store,16,null,376,1
5071,Store,30,null,376,4
5072,Store,118,null,376,2
5073,Store,40,null,376,2
5074,Store,63,null,376,1
5075,Store,59,null,376,2
5076,Warehouse,null,7,376,6
5077,Warehouse,null,9,376,3
5078,Store,26,null,377,3
5079,Store,11,null,377,3
5080,Store,104,null,377,4
5081,Store,58,null,377,3
5082,Store,97,null,377,2
5083,Store,39,null,377,2
5084,Store,93,null,377,2
5085,Warehouse,null,2,377,5
5086,Warehouse,null,10,377,3
5087,Warehouse,null,9,377,4
5088,Store,48,null,378,1
5089,Store,104,null,378,1
5090,Store,52,null,378,1
5091,Store,33,null,378,1
5092,Store,112,null,378,1
5093,Store,40,null,378,1
5094,Store,118,null,378,1
5095,Store,46,null,378,1
5096,Store,5,null,378,1
5097,Store,45,null,378,1
5098,Store,109,null,378,1
5099,Store,116,null,378,1
5100,Store,53,null,378,1
5101,Store,58,null,378,1
5102,Store,90,null,378,1
5103,Warehouse,null,11,378,6
5104,Warehouse,null,5,378,4
5105,Store,31,null,379,1
5106,Store,120,null,379,1
5107,Store,36,null,379,1
5108,Store,50,null,379,1
5109,Store,35,null,379,1
5110,Store,44,null,379,1
5111,Store,51,null,379,1
5112,Store,66,null,379,1
5113,Store,15,null,379,1
5114,Store,57,null,379,1
5115,Store,100,null,379,1
5116,Store,89,null,379,1
5117,Store,64,null,379,1
5118,Store,69,null,379,1
5119,Store,70,null,379,1
5120,Store,46,null,379,1
5121,Store,19,null,379,1
5122,Store,94,null,379,1
5123,Warehouse,null,7,379,3
5124,Warehouse,null,5,379,3
5125,Warehouse,null,8,379,6
5126,Store,75,null,380,5
5127,Store,54,null,380,4
5128,Store,84,null,380,2
5129,Store,20,null,380,1
5130,Store,15,null,380,2
5131,Warehouse,null,9,380,5
5132,Warehouse,null,10,380,5
5133,Store,2,null,381,1
5134,Store,88,null,381,1
5135,Store,94,null,381,1
5136,Store,107,null,381,1
5137,Store,40,null,381,1
5138,Store,37,null,381,1
5139,Store,36,null,381,1
5140,Store,75,null,381,1
5141,Store,109,null,381,1
5142,Store,58,null,381,1
5143,Store,50,null,381,1
5144,Store,63,null,381,1
5145,Store,70,null,381,1
5146,Store,8,null,381,1
5147,Store,97,null,381,1
5148,Store,110,null,381,1
5149,Store,111,null,381,1
5150,Warehouse,null,6,381,1
5151,Warehouse,null,11,381,5
5152,Warehouse,null,8,381,5
5153,Store,104,null,382,3
5154,Store,102,null,382,3
5155,Store,97,null,382,1
5156,Store,111,null,382,2
5157,Store,25,null,382,1
5158,Store,54,null,382,1
5159,Store,83,null,382,3
5160,Store,57,null,382,1
5161,Warehouse,null,8,382,7
5162,Warehouse,null,6,382,3
5163,Store,103,null,383,2
5164,Store,98,null,383,2
5165,Store,87,null,383,2
5166,Store,93,null,383,3
5167,Store,14,null,383,1
5168,Store,112,null,383,2
5169,Store,99,null,383,3
5170,Store,74,null,383,1
5171,Store,66,null,383,2
5172,Store,80,null,383,1
5173,Warehouse,null,5,383,4
5174,Warehouse,null,6,383,5
5175,Warehouse,null,3,383,3
5176,Store,117,null,384,1
5177,Store,100,null,384,1
5178,Store,13,null,384,4
5179,Store,39,null,384,2
5180,Store,34,null,384,2
5181,Store,94,null,384,3
5182,Store,48,null,384,6
5183,Warehouse,null,2,384,2
5184,Warehouse,null,1,384,4
5185,Warehouse,null,3,384,6
5186,Store,93,null,385,1
5187,Store,3,null,385,4
5188,Store,31,null,385,3
5189,Store,83,null,385,1
5190,Store,13,null,385,1
5191,Store,46,null,385,1
5192,Store,8,null,385,2
5193,Store,56,null,385,1
5194,Store,24,null,385,3
5195,Warehouse,null,8,385,7
5196,Warehouse,null,2,385,4
5197,Store,25,null,386,1
5198,Store,17,null,386,1
5199,Store,21,null,386,1
5200,Store,3,null,386,1
5201,Store,85,null,386,1
5202,Store,113,null,386,1
5203,Store,1,null,386,1
5204,Store,48,null,386,1
5205,Store,9,null,386,1
5206,Store,27,null,386,1
5207,Store,4,null,386,1
5208,Store,66,null,386,1
5209,Store,18,null,386,1
5210,Store,62,null,386,1
5211,Store,53,null,386,1
5212,Store,81,null,386,1
5213,Warehouse,null,10,386,7
5214,Warehouse,null,2,386,3
5215,Store,51,null,387,1
5216,Store,64,null,387,1
5217,Store,72,null,387,1
5218,Store,41,null,387,1
5219,Store,13,null,387,1
5220,Store,10,null,387,1
5221,Store,45,null,387,1
5222,Store,35,null,387,1
5223,Store,17,null,387,1
5224,Store,14,null,387,1
5225,Store,55,null,387,1
5226,Store,101,null,387,1
5227,Store,12,null,387,1
5228,Store,43,null,387,1
5229,Store,111,null,387,1
5230,Store,30,null,387,1
5231,Store,75,null,387,1
5232,Store,97,null,387,1
5233,Warehouse,null,7,387,7
5234,Warehouse,null,1,387,5
5235,Store,4,null,388,2
5236,Store,43,null,388,2
5237,Store,82,null,388,2
5238,Store,85,null,388,1
5239,Store,98,null,388,4
5240,Store,28,null,388,2
5241,Store,114,null,388,2
5242,Store,71,null,388,2
5243,Store,110,null,388,1
5244,Warehouse,null,1,388,6
5245,Warehouse,null,11,388,6
5246,Store,67,null,389,3
5247,Store,107,null,389,2
5248,Store,74,null,389,3
5249,Store,95,null,389,1
5250,Store,23,null,389,2
5251,Store,9,null,389,1
5252,Store,29,null,389,3
5253,Store,36,null,389,1
5254,Warehouse,null,4,389,4
5255,Warehouse,null,5,389,7
5256,Store,55,null,390,1
5257,Store,12,null,390,3
5258,Store,58,null,390,2
5259,Store,109,null,390,1
5260,Store,99,null,390,1
5261,Store,84,null,390,3
5262,Store,21,null,390,2
5263,Store,92,null,390,2
5264,Store,34,null,390,2
5265,Store,28,null,390,3
5266,Store,65,null,390,2
5267,Warehouse,null,11,390,5
5268,Warehouse,null,4,390,9
5269,Store,87,null,391,4
5270,Store,68,null,391,5
5271,Store,14,null,391,2
5272,Store,111,null,391,1
5273,Store,110,null,391,1
5274,Warehouse,null,7,391,2
5275,Warehouse,null,8,391,3
5276,Warehouse,null,1,391,4
5277,Store,66,null,392,1
5278,Store,100,null,392,1
5279,Store,56,null,392,1
5280,Store,67,null,392,1
5281,Store,62,null,392,1
5282,Store,7,null,392,1
5283,Store,38,null,392,1
5284,Store,60,null,392,1
5285,Store,107,null,392,1
5286,Store,18,null,392,1
5287,Store,10,null,392,1
5288,Store,65,null,392,1
5289,Store,99,null,392,1
5290,Store,29,null,392,1
5291,Store,104,null,392,1
5292,Store,111,null,392,1
5293,Store,6,null,392,1
5294,Warehouse,null,8,392,5
5295,Warehouse,null,10,392,6
5296,Store,15,null,393,1
5297,Store,80,null,393,1
5298,Store,92,null,393,1
5299,Store,55,null,393,1
5300,Store,25,null,393,1
5301,Store,13,null,393,1
5302,Store,111,null,393,1
5303,Store,4,null,393,1
5304,Store,102,null,393,1
5305,Store,88,null,393,1
5306,Store,81,null,393,1
5307,Store,77,null,393,1
5308,Store,44,null,393,1
5309,Store,12,null,393,1
5310,Store,35,null,393,1
5311,Warehouse,null,11,393,6
5312,Warehouse,null,7,393,4
5313,Store,111,null,394,1
5314,Store,70,null,394,1
5315,Store,77,null,394,1
5316,Store,112,null,394,1
5317,Store,39,null,394,1
5318,Store,16,null,394,1
5319,Store,63,null,394,1
5320,Store,84,null,394,1
5321,Store,34,null,394,1
5322,Store,18,null,394,1
5323,Store,109,null,394,1
5324,Store,83,null,394,1
5325,Store,85,null,394,1
5326,Store,79,null,394,1
5327,Store,1,null,394,1
5328,Store,37,null,394,1
5329,Store,12,null,394,1
5330,Store,50,null,394,1
5331,Warehouse,null,11,394,4
5332,Warehouse,null,2,394,8
5333,Store,54,null,395,2
5334,Store,79,null,395,4
5335,Store,18,null,395,1
5336,Store,109,null,395,2
5337,Store,1,null,395,1
5338,Store,84,null,395,2
5339,Store,11,null,395,2
5340,Store,120,null,395,3
5341,Store,102,null,395,1
5342,Store,27,null,395,1
5343,Warehouse,null,7,395,6
5344,Warehouse,null,8,395,6
5345,Store,47,null,396,1
5346,Store,2,null,396,1
5347,Store,52,null,396,1
5348,Store,81,null,396,1
5349,Store,120,null,396,1
5350,Store,93,null,396,1
5351,Store,70,null,396,1
5352,Store,35,null,396,1
5353,Store,111,null,396,1
5354,Store,112,null,396,1
5355,Store,13,null,396,1
5356,Store,51,null,396,1
5357,Store,59,null,396,1
5358,Store,21,null,396,1
5359,Store,115,null,396,1
5360,Store,107,null,396,1
5361,Warehouse,null,1,396,4
5362,Warehouse,null,2,396,6
5363,Store,49,null,397,1
5364,Store,26,null,397,1
5365,Store,102,null,397,1
5366,Store,46,null,397,1
5367,Store,114,null,397,1
5368,Store,107,null,397,1
5369,Store,19,null,397,1
5370,Store,96,null,397,1
5371,Store,3,null,397,1
5372,Store,28,null,397,1
5373,Store,36,null,397,1
5374,Warehouse,null,5,397,7
5375,Warehouse,null,2,397,1
5376,Store,101,null,398,3
5377,Store,53,null,398,2
5378,Store,115,null,398,1
5379,Store,87,null,398,1
5380,Store,88,null,398,2
5381,Store,71,null,398,2
5382,Store,79,null,398,2
5383,Warehouse,null,10,398,4
5384,Warehouse,null,6,398,4
5385,Store,84,null,399,1
5386,Store,26,null,399,1
5387,Store,58,null,399,1
5388,Store,60,null,399,1
5389,Store,7,null,399,1
5390,Store,22,null,399,1
5391,Store,89,null,399,1
5392,Store,50,null,399,1
5393,Store,82,null,399,1
5394,Store,64,null,399,1
5395,Store,72,null,399,1
5396,Store,23,null,399,1
5397,Store,13,null,399,1
5398,Store,34,null,399,1
5399,Store,57,null,399,1
5400,Store,66,null,399,1
5401,Warehouse,null,9,399,5
5402,Warehouse,null,11,399,6
5403,Store,60,null,400,1
5404,Store,17,null,400,1
5405,Store,88,null,400,1
5406,Store,110,null,400,1
5407,Store,10,null,400,1
5408,Store,36,null,400,1
5409,Store,71,null,400,1
5410,Store,98,null,400,1
5411,Store,90,null,400,1
5412,Store,27,null,400,1
5413,Store,49,null,400,1
5414,Store,61,null,400,1
5415,Store,55,null,400,1
5416,Store,79,null,400,1
5417,Store,101,null,400,1
5418,Store,95,null,400,1
5419,Store,47,null,400,1
5420,Warehouse,null,8,400,5
5421,Warehouse,null,12,400,6
5422,Store,22,null,401,3
5423,Store,30,null,401,2
5424,Store,13,null,401,2
5425,Store,2,null,401,2
5426,Store,33,null,401,2
5427,Store,79,null,401,1
5428,Store,35,null,401,2
5429,Warehouse,null,3,401,5
5430,Warehouse,null,5,401,5
5431,Store,40,null,402,1
5432,Store,103,null,402,1
5433,Store,51,null,402,1
5434,Store,65,null,402,1
5435,Store,63,null,402,1
5436,Store,93,null,402,1
5437,Store,11,null,402,1
5438,Store,58,null,402,1
5439,Store,84,null,402,1
5440,Store,120,null,402,1
5441,Store,76,null,402,1
5442,Store,104,null,402,1
5443,Store,28,null,402,1
5444,Store,97,null,402,1
5445,Store,112,null,402,1
5446,Store,67,null,402,1
5447,Store,59,null,402,1
5448,Store,1,null,402,1
5449,Store,98,null,402,1
5450,Warehouse,null,6,402,3
5451,Warehouse,null,10,402,4
5452,Warehouse,null,1,402,6
5453,Store,16,null,403,1
5454,Store,43,null,403,1
5455,Store,74,null,403,1
5456,Store,101,null,403,1
5457,Store,97,null,403,1
5458,Store,118,null,403,1
5459,Store,76,null,403,1
5460,Store,30,null,403,1
5461,Store,104,null,403,1
5462,Store,72,null,403,1
5463,Store,60,null,403,1
5464,Store,38,null,403,1
5465,Store,82,null,403,1
5466,Warehouse,null,1,403,5
5467,Warehouse,null,10,403,3
5468,Store,19,null,404,1
5469,Store,67,null,404,1
5470,Store,41,null,404,1
5471,Store,30,null,404,1
5472,Store,13,null,404,1
5473,Store,36,null,404,1
5474,Store,69,null,404,1
5475,Store,25,null,404,1
5476,Store,16,null,404,1
5477,Store,65,null,404,1
5478,Store,81,null,404,1
5479,Store,76,null,404,1
5480,Store,55,null,404,1
5481,Store,106,null,404,1
5482,Store,24,null,404,1
5483,Store,15,null,404,1
5484,Store,34,null,404,1
5485,Store,107,null,404,1
5486,Warehouse,null,6,404,4
5487,Warehouse,null,1,404,4
5488,Warehouse,null,9,404,4
5489,Store,53,null,405,2
5490,Store,22,null,405,3
5491,Store,8,null,405,2
5492,Store,29,null,405,2
5493,Store,54,null,405,1
5494,Store,86,null,405,2
5495,Store,37,null,405,2
5496,Warehouse,null,3,405,4
5497,Warehouse,null,12,405,6
5498,Store,107,null,406,4
5499,Store,19,null,406,1
5500,Store,1,null,406,3
5501,Store,71,null,406,1
5502,Store,30,null,406,1
5503,Store,72,null,406,1
5504,Store,44,null,406,3
5505,Warehouse,null,9,406,5
5506,Warehouse,null,2,406,5
5507,Store,93,null,407,1
5508,Store,84,null,407,1
5509,Store,32,null,407,1
5510,Store,16,null,407,1
5511,Store,19,null,407,1
5512,Store,96,null,407,1
5513,Store,66,null,407,1
5514,Store,105,null,407,1
5515,Store,46,null,407,1
5516,Store,48,null,407,1
5517,Store,6,null,407,1
5518,Store,79,null,407,1
5519,Store,87,null,407,1
5520,Store,49,null,407,1
5521,Store,53,null,407,1
5522,Store,23,null,407,1
5523,Store,86,null,407,1
5524,Store,94,null,407,1
5525,Warehouse,null,4,407,4
5526,Warehouse,null,5,407,3
5527,Warehouse,null,10,407,5
5528,Store,96,null,408,2
5529,Store,28,null,408,1
5530,Store,31,null,408,2
5531,Store,15,null,408,2
5532,Store,30,null,408,3
5533,Store,25,null,408,1
5534,Store,116,null,408,3
5535,Store,97,null,408,2
5536,Warehouse,null,9,408,2
5537,Warehouse,null,4,408,4
5538,Warehouse,null,11,408,5
5539,Store,75,null,409,1
5540,Store,106,null,409,2
5541,Store,88,null,409,3
5542,Store,105,null,409,1
5543,Store,96,null,409,3
5544,Store,33,null,409,3
5545,Store,59,null,409,1
5546,Store,91,null,409,3
5547,Store,54,null,409,1
5548,Warehouse,null,11,409,9
5549,Warehouse,null,8,409,3
5550,Store,89,null,410,3
5551,Store,52,null,410,4
5552,Store,53,null,410,1
5553,Store,61,null,410,4
5554,Store,32,null,410,3
5555,Warehouse,null,11,410,5
5556,Warehouse,null,4,410,5
5557,Store,41,null,411,1
5558,Store,108,null,411,1
5559,Store,70,null,411,1
5560,Store,87,null,411,1
5561,Store,90,null,411,1
5562,Store,38,null,411,1
5563,Store,20,null,411,1
5564,Store,17,null,411,1
5565,Store,26,null,411,1
5566,Store,72,null,411,1
5567,Store,45,null,411,1
5568,Store,109,null,411,1
5569,Store,29,null,411,1
5570,Store,65,null,411,1
5571,Store,30,null,411,1
5572,Store,117,null,411,1
5573,Warehouse,null,10,411,4
5574,Warehouse,null,5,411,2
5575,Warehouse,null,2,411,5
5576,Store,64,null,412,3
5577,Store,115,null,412,2
5578,Store,83,null,412,1
5579,Store,79,null,412,3
5580,Store,5,null,412,1
5581,Store,28,null,412,3
5582,Store,93,null,412,2
5583,Store,67,null,412,1
5584,Store,108,null,412,2
5585,Warehouse,null,4,412,8
5586,Warehouse,null,12,412,4
5587,Store,43,null,413,2
5588,Store,118,null,413,1
5589,Store,56,null,413,3
5590,Store,7,null,413,2
5591,Store,64,null,413,2
5592,Store,87,null,413,1
5593,Store,41,null,413,1
5594,Store,114,null,413,4
5595,Warehouse,null,9,413,3
5596,Warehouse,null,12,413,3
5597,Warehouse,null,5,413,5
5598,Store,15,null,414,3
5599,Store,68,null,414,4
5600,Store,101,null,414,1
5601,Store,12,null,414,2
5602,Store,78,null,414,1
5603,Store,69,null,414,2
5604,Store,9,null,414,2
5605,Store,42,null,414,1
5606,Warehouse,null,4,414,6
5607,Warehouse,null,6,414,5
5608,Store,62,null,415,3
5609,Store,41,null,415,3
5610,Store,75,null,415,1
5611,Store,54,null,415,2
5612,Store,83,null,415,2
5613,Store,120,null,415,2
5614,Store,33,null,415,2
5615,Store,30,null,415,1
5616,Warehouse,null,12,415,5
5617,Warehouse,null,8,415,3
5618,Warehouse,null,5,415,3
5619,Store,15,null,416,2
5620,Store,116,null,416,2
5621,Store,31,null,416,3
5622,Store,35,null,416,3
5623,Store,9,null,416,1
5624,Store,103,null,416,2
5625,Store,67,null,416,1
5626,Store,23,null,416,2
5627,Store,40,null,416,1
5628,Warehouse,null,3,416,4
5629,Warehouse,null,4,416,6
5630,Warehouse,null,8,416,2
5631,Store,19,null,417,3
5632,Store,86,null,417,3
5633,Store,90,null,417,3
5634,Store,80,null,417,2
5635,Store,64,null,417,3
5636,Store,49,null,417,2
5637,Warehouse,null,5,417,3
5638,Warehouse,null,6,417,2
5639,Warehouse,null,1,417,6
5640,Store,115,null,418,1
5641,Store,58,null,418,1
5642,Store,68,null,418,1
5643,Store,101,null,418,2
5644,Store,56,null,418,4
5645,Store,112,null,418,3
5646,Store,107,null,418,2
5647,Warehouse,null,6,418,6
5648,Warehouse,null,5,418,4
5649,Store,16,null,419,1
5650,Store,106,null,419,3
5651,Store,47,null,419,2
5652,Store,120,null,419,2
5653,Store,32,null,419,1
5654,Store,54,null,419,3
5655,Store,41,null,419,2
5656,Warehouse,null,11,419,5
5657,Warehouse,null,1,419,5
5658,Store,45,null,420,1
5659,Store,31,null,420,3
5660,Store,6,null,420,5
5661,Store,65,null,420,2
5662,Store,41,null,420,1
5663,Store,69,null,420,1
5664,Store,21,null,420,1
5665,Warehouse,null,12,420,2
5666,Warehouse,null,8,420,8
5667,Store,63,null,421,1
5668,Store,112,null,421,1
5669,Store,47,null,421,1
5670,Store,51,null,421,1
5671,Store,81,null,421,1
5672,Store,61,null,421,1
5673,Store,117,null,421,1
5674,Store,107,null,421,1
5675,Store,67,null,421,1
5676,Store,83,null,421,1
5677,Store,40,null,421,1
5678,Store,65,null,421,1
5679,Store,50,null,421,1
5680,Store,52,null,421,1
5681,Store,80,null,421,1
5682,Store,39,null,421,1
5683,Store,59,null,421,1
5684,Store,95,null,421,1
5685,Store,71,null,421,1
5686,Store,70,null,421,1
5687,Warehouse,null,2,421,3
5688,Warehouse,null,7,421,10
5689,Store,66,null,422,3
5690,Store,56,null,422,4
5691,Store,36,null,422,1
5692,Store,99,null,422,2
5693,Store,106,null,422,1
5694,Store,18,null,422,1
5695,Store,19,null,422,2
5696,Store,29,null,422,1
5697,Store,23,null,422,3
5698,Store,31,null,422,2
5699,Warehouse,null,3,422,5
5700,Warehouse,null,1,422,6
5701,Warehouse,null,7,422,3
5702,Store,40,null,423,2
5703,Store,78,null,423,2
5704,Store,56,null,423,1
5705,Store,50,null,423,2
5706,Store,65,null,423,1
5707,Store,86,null,423,1
5708,Store,11,null,423,5
5709,Store,12,null,423,2
5710,Warehouse,null,2,423,4
5711,Warehouse,null,11,423,7
5712,Store,56,null,424,3
5713,Store,101,null,424,6
5714,Store,40,null,424,1
5715,Store,12,null,424,3
5716,Store,58,null,424,3
5717,Store,26,null,424,1
5718,Warehouse,null,8,424,6
5719,Warehouse,null,3,424,5
5720,Store,34,null,425,2
5721,Store,33,null,425,2
5722,Store,41,null,425,1
5723,Store,27,null,425,1
5724,Store,106,null,425,2
5725,Store,16,null,425,2
5726,Store,40,null,425,2
5727,Store,105,null,425,2
5728,Store,24,null,425,3
5729,Warehouse,null,1,425,5
5730,Warehouse,null,2,425,7
5731,Store,100,null,426,1
5732,Store,5,null,426,1
5733,Store,79,null,426,1
5734,Store,78,null,426,1
5735,Store,46,null,426,1
5736,Store,116,null,426,1
5737,Store,114,null,426,1
5738,Store,50,null,426,1
5739,Store,81,null,426,1
5740,Store,7,null,426,1
5741,Store,21,null,426,1
5742,Store,29,null,426,1
5743,Store,85,null,426,1
5744,Store,99,null,426,1
5745,Store,101,null,426,1
5746,Store,110,null,426,1
5747,Store,54,null,426,1
5748,Store,82,null,426,1
5749,Warehouse,null,5,426,3
5750,Warehouse,null,11,426,7
5751,Warehouse,null,7,426,2
5752,Store,35,null,427,1
5753,Store,99,null,427,1
5754,Store,6,null,427,1
5755,Store,101,null,427,1
5756,Store,67,null,427,1
5757,Store,80,null,427,1
5758,Store,32,null,427,1
5759,Store,84,null,427,1
5760,Store,21,null,427,1
5761,Store,20,null,427,1
5762,Store,19,null,427,1
5763,Store,83,null,427,1
5764,Store,114,null,427,1
5765,Store,68,null,427,1
5766,Store,12,null,427,1
5767,Store,33,null,427,1
5768,Store,24,null,427,1
5769,Store,17,null,427,1
5770,Store,30,null,427,1
5771,Store,18,null,427,1
5772,Store,91,null,427,1
5773,Store,87,null,427,1
5774,Warehouse,null,6,427,4
5775,Warehouse,null,11,427,5
5776,Warehouse,null,10,427,3
5777,Warehouse,null,4,427,3
5778,Store,1,null,428,1
5779,Store,73,null,428,1
5780,Store,89,null,428,1
5781,Store,18,null,428,1
5782,Store,32,null,428,1
5783,Store,115,null,428,1
5784,Store,20,null,428,1
5785,Store,38,null,428,1
5786,Store,86,null,428,1
5787,Store,94,null,428,1
5788,Store,8,null,428,1
5789,Store,28,null,428,1
5790,Store,70,null,428,1
5791,Store,77,null,428,1
5792,Store,54,null,428,1
5793,Store,35,null,428,1
5794,Warehouse,null,3,428,7
5795,Warehouse,null,9,428,4
5796,Store,108,null,429,1
5797,Store,105,null,429,1
5798,Store,27,null,429,1
5799,Store,9,null,429,1
5800,Store,33,null,429,1
5801,Store,43,null,429,1
5802,Store,71,null,429,1
5803,Store,94,null,429,1
5804,Store,73,null,429,1
5805,Store,72,null,429,1
5806,Store,20,null,429,1
5807,Store,18,null,429,1
5808,Store,118,null,429,1
5809,Store,45,null,429,1
5810,Warehouse,null,12,429,1
5811,Warehouse,null,5,429,9
5812,Store,14,null,430,1
5813,Store,107,null,430,1
5814,Store,28,null,430,1
5815,Store,54,null,430,1
5816,Store,10,null,430,1
5817,Store,15,null,430,1
5818,Store,101,null,430,1
5819,Store,84,null,430,1
5820,Store,80,null,430,1
5821,Store,104,null,430,1
5822,Store,9,null,430,1
5823,Store,88,null,430,1
5824,Store,115,null,430,1
5825,Store,45,null,430,1
5826,Store,70,null,430,1
5827,Store,37,null,430,1
5828,Store,112,null,430,1
5829,Store,82,null,430,1
5830,Store,42,null,430,1
5831,Store,91,null,430,1
5832,Store,21,null,430,1
5833,Warehouse,null,1,430,5
5834,Warehouse,null,11,430,9
5835,Store,51,null,431,2
5836,Store,42,null,431,1
5837,Store,72,null,431,2
5838,Store,38,null,431,2
5839,Store,68,null,431,3
5840,Store,60,null,431,2
5841,Store,31,null,431,2
5842,Store,104,null,431,3
5843,Store,1,null,431,1
5844,Warehouse,null,1,431,8
5845,Warehouse,null,6,431,4
5846,Store,26,null,432,1
5847,Store,47,null,432,1
5848,Store,106,null,432,1
5849,Store,69,null,432,1
5850,Store,83,null,432,1
5851,Store,33,null,432,1
5852,Store,43,null,432,1
5853,Store,113,null,432,1
5854,Store,51,null,432,1
5855,Store,65,null,432,1
5856,Store,82,null,432,1
5857,Store,111,null,432,1
5858,Store,60,null,432,1
5859,Store,76,null,432,1
5860,Store,108,null,432,1
5861,Store,104,null,432,1
5862,Store,59,null,432,1
5863,Warehouse,null,4,432,7
5864,Warehouse,null,12,432,4
5865,Store,101,null,433,1
5866,Store,54,null,433,1
5867,Store,117,null,433,1
5868,Store,40,null,433,1
5869,Store,31,null,433,1
5870,Store,10,null,433,1
5871,Store,41,null,433,1
5872,Store,92,null,433,1
5873,Store,9,null,433,1
5874,Store,79,null,433,1
5875,Store,66,null,433,1
5876,Store,67,null,433,1
5877,Store,43,null,433,1
5878,Store,42,null,433,1
5879,Store,102,null,433,1
5880,Store,27,null,433,1
5881,Store,110,null,433,1
5882,Warehouse,null,12,433,4
5883,Warehouse,null,10,433,5
5884,Warehouse,null,9,433,2
5885,Store,24,null,434,1
5886,Store,110,null,434,4
5887,Store,104,null,434,2
5888,Store,102,null,434,3
5889,Store,120,null,434,2
5890,Store,105,null,434,1
5891,Store,85,null,434,2
5892,Store,95,null,434,1
5893,Warehouse,null,5,434,8
5894,Warehouse,null,11,434,3
5895,Store,58,null,435,1
5896,Store,117,null,435,1
5897,Store,20,null,435,1
5898,Store,68,null,435,1
5899,Store,36,null,435,1
5900,Store,15,null,435,1
5901,Store,48,null,435,1
5902,Store,24,null,435,1
5903,Store,90,null,435,1
5904,Store,106,null,435,1
5905,Store,83,null,435,1
5906,Store,52,null,435,1
5907,Store,13,null,435,1
5908,Warehouse,null,1,435,5
5909,Warehouse,null,10,435,4
5910,Store,50,null,436,1
5911,Store,69,null,436,1
5912,Store,52,null,436,3
5913,Store,55,null,436,2
5914,Store,56,null,436,1
5915,Store,90,null,436,1
5916,Store,73,null,436,5
5917,Store,4,null,436,2
5918,Store,102,null,436,2
5919,Warehouse,null,1,436,5
5920,Warehouse,null,2,436,7
5921,Store,83,null,437,2
5922,Store,115,null,437,3
5923,Store,48,null,437,2
5924,Store,107,null,437,2
5925,Store,98,null,437,1
5926,Store,11,null,437,2
5927,Store,66,null,437,1
5928,Store,91,null,437,2
5929,Store,30,null,437,3
5930,Warehouse,null,10,437,5
5931,Warehouse,null,3,437,2
5932,Warehouse,null,5,437,5
5933,Store,101,null,438,1
5934,Store,94,null,438,1
5935,Store,114,null,438,1
5936,Store,99,null,438,1
5937,Store,17,null,438,1
5938,Store,110,null,438,1
5939,Store,34,null,438,1
5940,Store,35,null,438,1
5941,Store,9,null,438,1
5942,Store,5,null,438,1
5943,Store,7,null,438,1
5944,Store,31,null,438,1
5945,Store,116,null,438,1
5946,Store,104,null,438,1
5947,Store,63,null,438,1
5948,Store,65,null,438,1
5949,Store,12,null,438,1
5950,Store,20,null,438,1
5951,Warehouse,null,4,438,5
5952,Warehouse,null,10,438,7
5953,Store,99,null,439,1
5954,Store,116,null,439,4
5955,Store,78,null,439,2
5956,Store,74,null,439,2
5957,Store,69,null,439,2
5958,Store,13,null,439,2
5959,Store,105,null,439,2
5960,Store,49,null,439,2
5961,Store,59,null,439,1
5962,Warehouse,null,4,439,7
5963,Warehouse,null,7,439,5
5964,Store,51,null,440,5
5965,Store,52,null,440,4
5966,Store,93,null,440,3
5967,Store,95,null,440,1
5968,Store,38,null,440,3
5969,Store,17,null,440,1
5970,Warehouse,null,3,440,2
5971,Warehouse,null,1,440,9
5972,Store,77,null,441,1
5973,Store,79,null,441,1
5974,Store,78,null,441,1
5975,Store,19,null,441,1
5976,Store,17,null,441,1
5977,Store,5,null,441,1
5978,Store,119,null,441,1
5979,Store,57,null,441,1
5980,Store,62,null,441,1
5981,Store,93,null,441,1
5982,Store,105,null,441,1
5983,Store,90,null,441,1
5984,Store,99,null,441,1
5985,Store,68,null,441,1
5986,Store,32,null,441,1
5987,Store,88,null,441,1
5988,Warehouse,null,1,441,2
5989,Warehouse,null,6,441,4
5990,Warehouse,null,11,441,5
5991,Store,4,null,442,2
5992,Store,90,null,442,4
5993,Store,58,null,442,3
5994,Store,117,null,442,2
5995,Store,114,null,442,3
5996,Warehouse,null,2,442,4
5997,Warehouse,null,11,442,6
5998,Store,19,null,443,3
5999,Store,42,null,443,2
6000,Store,79,null,443,2
6001,Store,1,null,443,6
6002,Store,65,null,443,1
6003,Warehouse,null,8,443,4
6004,Warehouse,null,4,443,6
6005,Store,10,null,444,3
6006,Store,42,null,444,2
6007,Store,1,null,444,2
6008,Store,35,null,444,1
6009,Store,93,null,444,2
6010,Store,57,null,444,3
6011,Store,80,null,444,2
6012,Store,58,null,444,2
6013,Store,2,null,444,1
6014,Warehouse,null,3,444,5
6015,Warehouse,null,11,444,7
6016,Store,15,null,445,4
6017,Store,41,null,445,2
6018,Store,47,null,445,1
6019,Store,18,null,445,1
6020,Store,95,null,445,3
6021,Store,26,null,445,1
6022,Store,1,null,445,1
6023,Store,72,null,445,3
6024,Store,16,null,445,2
6025,Store,31,null,445,1
6026,Warehouse,null,12,445,5
6027,Warehouse,null,8,445,7
6028,Store,3,null,446,1
6029,Store,112,null,446,2
6030,Store,85,null,446,1
6031,Store,32,null,446,2
6032,Store,4,null,446,2
6033,Store,24,null,446,3
6034,Store,41,null,446,2
6035,Store,9,null,446,1
6036,Store,80,null,446,1
6037,Store,18,null,446,3
6038,Store,58,null,446,2
6039,Store,98,null,446,3
6040,Store,56,null,446,1
6041,Store,37,null,446,3
6042,Store,53,null,446,2
6043,Warehouse,null,9,446,5
6044,Warehouse,null,1,446,5
6045,Warehouse,null,5,446,7
6046,Warehouse,null,4,446,3
6047,Store,24,null,447,2
6048,Store,104,null,447,4
6049,Store,48,null,447,2
6050,Store,10,null,447,2
6051,Store,75,null,447,1
6052,Store,41,null,447,3
6053,Store,116,null,447,3
6054,Store,87,null,447,1
6055,Store,103,null,447,1
6056,Store,117,null,447,1
6057,Store,56,null,447,1
6058,Store,31,null,447,1
6059,Store,98,null,447,3
6060,Store,114,null,447,2
6061,Store,9,null,447,2
6062,Warehouse,null,11,447,4
6063,Warehouse,null,1,447,5
6064,Warehouse,null,10,447,1
6065,Warehouse,null,8,447,5
6066,Warehouse,null,4,447,4
6067,Store,10,null,448,1
6068,Store,49,null,448,2
6069,Store,110,null,448,1
6070,Store,65,null,448,2
6071,Store,22,null,448,4
6072,Store,5,null,448,2
6073,Store,74,null,448,2
6074,Store,26,null,448,1
6075,Store,68,null,448,2
6076,Store,45,null,448,1
6077,Store,2,null,448,2
6078,Store,86,null,448,3
6079,Store,18,null,448,1
6080,Store,27,null,448,2
6081,Store,31,null,448,4
6082,Store,84,null,448,1
6083,Store,113,null,448,3
6084,Store,23,null,448,2
6085,Store,42,null,448,2
6086,Store,115,null,448,2
6087,Warehouse,null,2,448,5
6088,Warehouse,null,9,448,5
6089,Warehouse,null,7,448,5
6090,Warehouse,null,10,448,3
6091,Warehouse,null,4,448,4
6092,Warehouse,null,12,448,4
6093,Store,113,null,449,1
6094,Store,45,null,449,1
6095,Store,76,null,449,1
6096,Store,61,null,449,1
6097,Store,97,null,449,1
6098,Store,52,null,449,1
6099,Store,71,null,449,1
6100,Store,33,null,449,1
6101,Store,66,null,449,1
6102,Store,4,null,449,1
6103,Store,39,null,449,1
6104,Store,35,null,449,1
6105,Store,72,null,449,1
6106,Store,55,null,449,1
6107,Store,107,null,449,1
6108,Store,27,null,449,1
6109,Store,9,null,449,1
6110,Store,80,null,449,1
6111,Store,2,null,449,1
6112,Store,103,null,449,1
6113,Store,118,null,449,1
6114,Store,10,null,449,1
6115,Store,120,null,449,1
6116,Store,84,null,449,1
6117,Store,81,null,449,1
6118,Store,115,null,449,1
6119,Store,94,null,449,1
6120,Store,86,null,449,1
6121,Store,105,null,449,1
6122,Store,40,null,449,1
6123,Store,106,null,449,1
6124,Store,36,null,449,1
6125,Warehouse,null,11,449,5
6126,Warehouse,null,10,449,10
6127,Warehouse,null,4,449,7
6128,Store,56,null,450,4
6129,Store,94,null,450,3
6130,Store,35,null,450,2
6131,Store,3,null,450,3
6132,Store,74,null,450,4
6133,Store,49,null,450,3
6134,Store,81,null,450,3
6135,Store,47,null,450,1
6136,Store,2,null,450,5
6137,Store,4,null,450,2
6138,Store,55,null,450,3
6139,Store,71,null,450,2
6140,Store,102,null,450,2
6141,Warehouse,null,12,450,4
6142,Warehouse,null,9,450,9
6143,Warehouse,null,1,450,5
6144,Warehouse,null,5,450,6
6145,Store,44,null,451,2
6146,Store,21,null,451,3
6147,Store,3,null,451,3
6148,Store,48,null,451,4
6149,Store,118,null,451,3
6150,Store,107,null,451,2
6151,Store,60,null,451,4
6152,Store,62,null,451,2
6153,Store,78,null,451,4
6154,Store,7,null,451,1
6155,Store,43,null,451,4
6156,Store,91,null,451,2
6157,Warehouse,null,11,451,6
6158,Warehouse,null,7,451,5
6159,Warehouse,null,12,451,3
6160,Warehouse,null,10,451,4
6161,Warehouse,null,5,451,2
6162,Warehouse,null,4,451,2
6163,Store,71,null,452,1
6164,Store,54,null,452,1
6165,Store,109,null,452,1
6166,Store,40,null,452,1
6167,Store,47,null,452,1
6168,Store,30,null,452,1
6169,Store,84,null,452,1
6170,Store,69,null,452,1
6171,Store,74,null,452,1
6172,Store,93,null,452,1
6173,Store,3,null,452,1
6174,Store,72,null,452,1
6175,Store,66,null,452,1
6176,Store,83,null,452,1
6177,Store,19,null,452,1
6178,Store,78,null,452,1
6179,Store,91,null,452,1
6180,Store,111,null,452,1
6181,Store,110,null,452,1
6182,Store,118,null,452,1
6183,Store,16,null,452,1
6184,Store,18,null,452,1
6185,Store,13,null,452,1
6186,Store,59,null,452,1
6187,Store,38,null,452,1
6188,Store,4,null,452,1
6189,Store,46,null,452,1
6190,Store,104,null,452,1
6191,Store,6,null,452,1
6192,Store,60,null,452,1
6193,Store,9,null,452,1
6194,Store,120,null,452,1
6195,Store,61,null,452,1
6196,Store,97,null,452,1
6197,Store,33,null,452,1
6198,Store,45,null,452,1
6199,Store,53,null,452,1
6200,Warehouse,null,6,452,6
6201,Warehouse,null,5,452,4
6202,Warehouse,null,8,452,3
6203,Warehouse,null,7,452,4
6204,Warehouse,null,10,452,3
6205,Warehouse,null,4,452,4
6206,Store,76,null,453,1
6207,Store,34,null,453,2
6208,Store,53,null,453,3
6209,Store,50,null,453,2
6210,Store,43,null,453,6
6211,Store,86,null,453,1
6212,Store,65,null,453,2
6213,Store,41,null,453,2
6214,Store,102,null,453,2
6215,Store,60,null,453,1
6216,Store,92,null,453,1
6217,Store,71,null,453,1
6218,Store,25,null,453,1
6219,Warehouse,null,1,453,3
6220,Warehouse,null,6,453,4
6221,Warehouse,null,12,453,3
6222,Warehouse,null,2,453,7
6223,Store,120,null,454,3
6224,Store,6,null,454,2
6225,Store,70,null,454,3
6226,Store,89,null,454,2
6227,Store,56,null,454,1
6228,Store,76,null,454,2
6229,Store,78,null,454,4
6230,Store,88,null,454,3
6231,Store,19,null,454,1
6232,Store,119,null,454,2
6233,Store,30,null,454,1
6234,Store,40,null,454,3
6235,Store,81,null,454,1
6236,Store,12,null,454,1
6237,Store,87,null,454,2
6238,Store,115,null,454,2
6239,Store,80,null,454,4
6240,Store,90,null,454,1
6241,Store,55,null,454,1
6242,Store,25,null,454,1
6243,Warehouse,null,11,454,3
6244,Warehouse,null,5,454,3
6245,Warehouse,null,6,454,5
6246,Warehouse,null,12,454,5
6247,Warehouse,null,4,454,2
6248,Warehouse,null,3,454,4
6249,Warehouse,null,7,454,5
6250,Store,84,null,455,4
6251,Store,105,null,455,1
6252,Store,49,null,455,6
6253,Store,38,null,455,4
6254,Store,44,null,455,2
6255,Store,102,null,455,2
6256,Store,120,null,455,4
6257,Store,115,null,455,3
6258,Store,39,null,455,2
6259,Store,71,null,455,2
6260,Store,93,null,455,3
6261,Warehouse,null,5,455,6
6262,Warehouse,null,8,455,8
6263,Warehouse,null,11,455,5
6264,Warehouse,null,3,455,3
6265,Store,94,null,456,1
6266,Store,108,null,456,1
6267,Store,18,null,456,1
6268,Store,91,null,456,1
6269,Store,56,null,456,1
6270,Store,3,null,456,1
6271,Store,109,null,456,1
6272,Store,4,null,456,1
6273,Store,7,null,456,1
6274,Store,51,null,456,1
6275,Store,111,null,456,1
6276,Store,23,null,456,1
6277,Store,110,null,456,1
6278,Store,58,null,456,1
6279,Store,82,null,456,1
6280,Store,61,null,456,1
6281,Store,59,null,456,1
6282,Store,117,null,456,1
6283,Store,31,null,456,1
6284,Store,54,null,456,1
6285,Store,6,null,456,1
6286,Store,74,null,456,1
6287,Store,49,null,456,1
6288,Store,26,null,456,1
6289,Store,65,null,456,1
6290,Store,66,null,456,1
6291,Store,114,null,456,1
6292,Store,104,null,456,1
6293,Store,115,null,456,1
6294,Store,53,null,456,1
6295,Store,21,null,456,1
6296,Store,38,null,456,1
6297,Store,44,null,456,1
6298,Warehouse,null,2,456,6
6299,Warehouse,null,9,456,5
6300,Warehouse,null,5,456,11
6301,Store,97,null,457,1
6302,Store,55,null,457,1
6303,Store,19,null,457,1
6304,Store,15,null,457,1
6305,Store,67,null,457,1
6306,Store,17,null,457,1
6307,Store,99,null,457,1
6308,Store,50,null,457,1
6309,Store,54,null,457,1
6310,Store,96,null,457,1
6311,Store,75,null,457,1
6312,Store,64,null,457,1
6313,Store,2,null,457,1
6314,Store,53,null,457,1
6315,Store,113,null,457,1
6316,Store,9,null,457,1
6317,Store,5,null,457,1
6318,Store,36,null,457,1
6319,Store,24,null,457,1
6320,Store,23,null,457,1
6321,Store,79,null,457,1
6322,Store,46,null,457,1
6323,Store,91,null,457,1
6324,Store,111,null,457,1
6325,Store,29,null,457,1
6326,Store,10,null,457,1
6327,Store,40,null,457,1
6328,Store,106,null,457,1
6329,Store,104,null,457,1
6330,Store,118,null,457,1
6331,Store,69,null,457,1
6332,Store,59,null,457,1
6333,Warehouse,null,5,457,4
6334,Warehouse,null,9,457,7
6335,Warehouse,null,6,457,5
6336,Warehouse,null,1,457,6
6337,Store,55,null,458,2
6338,Store,63,null,458,1
6339,Store,20,null,458,3
6340,Store,45,null,458,1
6341,Store,43,null,458,3
6342,Store,111,null,458,1
6343,Store,105,null,458,1
6344,Store,26,null,458,1
6345,Store,118,null,458,3
6346,Store,76,null,458,3
6347,Store,19,null,458,1
6348,Store,117,null,458,1
6349,Store,73,null,458,2
6350,Store,96,null,458,1
6351,Store,80,null,458,6
6352,Warehouse,null,8,458,3
6353,Warehouse,null,10,458,5
6354,Warehouse,null,6,458,4
6355,Warehouse,null,3,458,4
6356,Warehouse,null,5,458,4
6357,Store,35,null,459,2
6358,Store,107,null,459,4
6359,Store,49,null,459,3
6360,Store,34,null,459,1
6361,Store,100,null,459,1
6362,Store,63,null,459,2
6363,Store,57,null,459,1
6364,Store,104,null,459,2
6365,Store,109,null,459,2
6366,Store,13,null,459,1
6367,Store,5,null,459,3
6368,Store,118,null,459,3
6369,Store,15,null,459,1
6370,Store,69,null,459,1
6371,Store,82,null,459,2
6372,Warehouse,null,2,459,4
6373,Warehouse,null,4,459,6
6374,Warehouse,null,1,459,9
6375,Store,19,null,460,1
6376,Store,15,null,460,1
6377,Store,81,null,460,2
6378,Store,3,null,460,2
6379,Store,42,null,460,1
6380,Store,57,null,460,1
6381,Store,75,null,460,4
6382,Store,32,null,460,1
6383,Store,72,null,460,2
6384,Store,34,null,460,3
6385,Store,49,null,460,2
6386,Store,116,null,460,3
6387,Store,109,null,460,2
6388,Store,64,null,460,2
6389,Store,22,null,460,2
6390,Warehouse,null,6,460,5
6391,Warehouse,null,1,460,3
6392,Warehouse,null,4,460,12
6393,Store,47,null,461,3
6394,Store,39,null,461,2
6395,Store,112,null,461,2
6396,Store,100,null,461,2
6397,Store,93,null,461,2
6398,Store,26,null,461,1
6399,Store,74,null,461,3
6400,Store,61,null,461,2
6401,Store,70,null,461,1
6402,Store,63,null,461,1
6403,Store,103,null,461,3
6404,Warehouse,null,7,461,2
6405,Warehouse,null,2,461,4
6406,Warehouse,null,4,461,6
6407,Warehouse,null,10,461,2
6408,Store,87,null,462,1
6409,Store,56,null,462,1
6410,Store,2,null,462,1
6411,Store,34,null,462,1
6412,Store,65,null,462,1
6413,Store,57,null,462,1
6414,Store,8,null,462,1
6415,Store,82,null,462,1
6416,Store,83,null,462,1
6417,Store,53,null,462,1
6418,Store,59,null,462,1
6419,Store,93,null,462,1
6420,Store,86,null,462,1
6421,Store,68,null,462,1
6422,Store,49,null,462,1
6423,Store,21,null,462,1
6424,Store,81,null,462,1
6425,Store,95,null,462,1
6426,Store,3,null,462,1
6427,Store,118,null,462,1
6428,Store,16,null,462,1
6429,Store,75,null,462,1
6430,Store,11,null,462,1
6431,Store,58,null,462,1
6432,Store,88,null,462,1
6433,Store,43,null,462,1
6434,Store,111,null,462,1
6435,Store,47,null,462,1
6436,Store,62,null,462,1
6437,Store,27,null,462,1
6438,Store,5,null,462,1
6439,Store,71,null,462,1
6440,Warehouse,null,2,462,3
6441,Warehouse,null,4,462,6
6442,Warehouse,null,1,462,4
6443,Warehouse,null,11,462,3
6444,Warehouse,null,10,462,6
6445,Store,96,null,463,1
6446,Store,113,null,463,2
6447,Store,101,null,463,1
6448,Store,29,null,463,2
6449,Store,109,null,463,2
6450,Store,62,null,463,3
6451,Store,70,null,463,1
6452,Store,15,null,463,4
6453,Store,65,null,463,2
6454,Store,30,null,463,2
6455,Store,68,null,463,3
6456,Store,82,null,463,2
6457,Store,86,null,463,3
6458,Store,55,null,463,1
6459,Store,61,null,463,1
6460,Store,67,null,463,1
6461,Store,56,null,463,2
6462,Store,115,null,463,3
6463,Warehouse,null,10,463,7
6464,Warehouse,null,3,463,10
6465,Warehouse,null,9,463,7
6466,Store,104,null,464,2
6467,Store,59,null,464,1
6468,Store,87,null,464,2
6469,Store,110,null,464,2
6470,Store,8,null,464,3
6471,Store,63,null,464,2
6472,Store,103,null,464,4
6473,Store,109,null,464,2
6474,Store,106,null,464,3
6475,Store,96,null,464,2
6476,Store,51,null,464,1
6477,Store,65,null,464,1
6478,Store,49,null,464,2
6479,Store,4,null,464,4
6480,Store,98,null,464,2
6481,Store,45,null,464,2
6482,Store,107,null,464,1
6483,Store,120,null,464,1
6484,Store,71,null,464,1
6485,Store,86,null,464,2
6486,Store,76,null,464,1
6487,Store,84,null,464,2
6488,Warehouse,null,5,464,7
6489,Warehouse,null,12,464,5
6490,Warehouse,null,11,464,3
6491,Warehouse,null,7,464,3
6492,Warehouse,null,1,464,4
6493,Warehouse,null,10,464,4
6494,Warehouse,null,3,464,2
6495,Warehouse,null,8,464,1
6496,Store,76,null,465,1
6497,Store,84,null,465,1
6498,Store,85,null,465,1
6499,Store,6,null,465,1
6500,Store,56,null,465,1
6501,Store,70,null,465,1
6502,Store,14,null,465,1
6503,Store,111,null,465,1
6504,Store,40,null,465,1
6505,Store,33,null,465,1
6506,Store,83,null,465,1
6507,Store,88,null,465,1
6508,Store,20,null,465,1
6509,Store,12,null,465,1
6510,Store,87,null,465,1
6511,Store,95,null,465,1
6512,Store,108,null,465,1
6513,Store,38,null,465,1
6514,Store,19,null,465,1
6515,Store,45,null,465,1
6516,Store,102,null,465,1
6517,Store,106,null,465,1
6518,Store,117,null,465,1
6519,Store,17,null,465,1
6520,Store,61,null,465,1
6521,Store,115,null,465,1
6522,Store,50,null,465,1
6523,Store,63,null,465,1
6524,Store,31,null,465,1
6525,Store,39,null,465,1
6526,Store,62,null,465,1
6527,Store,42,null,465,1
6528,Store,86,null,465,1
6529,Store,35,null,465,1
6530,Store,65,null,465,1
6531,Store,30,null,465,1
6532,Warehouse,null,11,465,7
6533,Warehouse,null,9,465,11
6534,Warehouse,null,1,465,6
6535,Store,56,null,466,2
6536,Store,83,null,466,2
6537,Store,88,null,466,3
6538,Store,67,null,466,4
6539,Store,100,null,466,5
6540,Store,6,null,466,2
6541,Store,103,null,466,1
6542,Store,16,null,466,2
6543,Store,42,null,466,4
6544,Store,93,null,466,3
6545,Store,55,null,466,4
6546,Store,112,null,466,2
6547,Store,69,null,466,5
6548,Store,73,null,466,1
6549,Warehouse,null,1,466,4
6550,Warehouse,null,8,466,3
6551,Warehouse,null,7,466,4
6552,Warehouse,null,9,466,4
6553,Warehouse,null,4,466,3
6554,Warehouse,null,12,466,8
6555,Store,37,null,467,1
6556,Store,27,null,467,1
6557,Store,114,null,467,1
6558,Store,57,null,467,1
6559,Store,73,null,467,1
6560,Store,108,null,467,1
6561,Store,19,null,467,1
6562,Store,47,null,467,1
6563,Store,15,null,467,1
6564,Store,68,null,467,1
6565,Store,14,null,467,1
6566,Store,84,null,467,1
6567,Store,5,null,467,1
6568,Store,109,null,467,1
6569,Store,52,null,467,1
6570,Store,23,null,467,1
6571,Store,61,null,467,1
6572,Store,105,null,467,1
6573,Store,36,null,467,1
6574,Store,83,null,467,1
6575,Store,89,null,467,1
6576,Store,66,null,467,1
6577,Store,21,null,467,1
6578,Store,69,null,467,1
6579,Store,70,null,467,1
6580,Store,72,null,467,1
6581,Store,7,null,467,1
6582,Store,119,null,467,1
6583,Store,97,null,467,1
6584,Store,94,null,467,1
6585,Store,26,null,467,1
6586,Store,58,null,467,1
6587,Store,93,null,467,1
6588,Store,107,null,467,1
6589,Store,31,null,467,1
6590,Store,86,null,467,1
6591,Warehouse,null,2,467,2
6592,Warehouse,null,7,467,5
6593,Warehouse,null,1,467,4
6594,Warehouse,null,12,467,2
6595,Warehouse,null,11,467,6
6596,Warehouse,null,4,467,5
6597,Store,47,null,468,3
6598,Store,59,null,468,1
6599,Store,39,null,468,3
6600,Store,65,null,468,1
6601,Store,26,null,468,4
6602,Store,23,null,468,2
6603,Store,31,null,468,1
6604,Store,6,null,468,2
6605,Store,37,null,468,1
6606,Store,27,null,468,2
6607,Store,71,null,468,2
6608,Store,86,null,468,1
6609,Store,98,null,468,5
6610,Store,62,null,468,1
6611,Store,76,null,468,2
6612,Store,64,null,468,1
6613,Warehouse,null,12,468,5
6614,Warehouse,null,6,468,7
6615,Warehouse,null,1,468,6
6616,Warehouse,null,2,468,4
6617,Store,95,null,469,1
6618,Store,25,null,469,1
6619,Store,15,null,469,1
6620,Store,86,null,469,1
6621,Store,71,null,469,1
6622,Store,37,null,469,1
6623,Store,100,null,469,1
6624,Store,60,null,469,1
6625,Store,32,null,469,1
6626,Store,14,null,469,1
6627,Store,118,null,469,1
6628,Store,114,null,469,1
6629,Store,55,null,469,1
6630,Store,19,null,469,1
6631,Store,108,null,469,1
6632,Store,116,null,469,1
6633,Store,33,null,469,1
6634,Store,79,null,469,1
6635,Store,72,null,469,1
6636,Store,107,null,469,1
6637,Store,23,null,469,1
6638,Store,103,null,469,1
6639,Store,59,null,469,1
6640,Store,47,null,469,1
6641,Store,1,null,469,1
6642,Store,78,null,469,1
6643,Store,84,null,469,1
6644,Store,92,null,469,1
6645,Store,18,null,469,1
6646,Store,7,null,469,1
6647,Store,99,null,469,1
6648,Store,101,null,469,1
6649,Store,111,null,469,1
6650,Store,73,null,469,1
6651,Store,67,null,469,1
6652,Store,68,null,469,1
6653,Store,61,null,469,1
6654,Warehouse,null,12,469,4
6655,Warehouse,null,7,469,4
6656,Warehouse,null,2,469,8
6657,Warehouse,null,9,469,8
6658,Store,33,null,470,1
6659,Store,1,null,470,1
6660,Store,97,null,470,1
6661,Store,102,null,470,1
6662,Store,31,null,470,1
6663,Store,54,null,470,1
6664,Store,29,null,470,1
6665,Store,104,null,470,1
6666,Store,98,null,470,1
6667,Store,4,null,470,1
6668,Store,38,null,470,1
6669,Store,69,null,470,1
6670,Store,115,null,470,1
6671,Store,43,null,470,1
6672,Store,78,null,470,1
6673,Store,100,null,470,1
6674,Store,17,null,470,1
6675,Store,61,null,470,1
6676,Store,85,null,470,1
6677,Store,72,null,470,1
6678,Store,108,null,470,1
6679,Store,113,null,470,1
6680,Store,60,null,470,1
6681,Store,110,null,470,1
6682,Store,47,null,470,1
6683,Store,40,null,470,1
6684,Store,52,null,470,1
6685,Store,77,null,470,1
6686,Store,6,null,470,1
6687,Store,63,null,470,1
6688,Store,105,null,470,1
6689,Store,67,null,470,1
6690,Store,15,null,470,1
6691,Store,92,null,470,1
6692,Store,99,null,470,1
6693,Store,2,null,470,1
6694,Warehouse,null,10,470,4
6695,Warehouse,null,11,470,5
6696,Warehouse,null,1,470,5
6697,Warehouse,null,3,470,4
6698,Warehouse,null,12,470,6
6699,Store,11,null,471,1
6700,Store,41,null,471,1
6701,Store,99,null,471,1
6702,Store,17,null,471,1
6703,Store,57,null,471,1
6704,Store,76,null,471,1
6705,Store,61,null,471,1
6706,Store,45,null,471,1
6707,Store,18,null,471,1
6708,Store,20,null,471,1
6709,Store,93,null,471,1
6710,Store,2,null,471,1
6711,Store,67,null,471,1
6712,Store,16,null,471,1
6713,Store,6,null,471,1
6714,Store,7,null,471,1
6715,Store,84,null,471,1
6716,Store,1,null,471,1
6717,Store,68,null,471,1
6718,Store,88,null,471,1
6719,Store,111,null,471,1
6720,Store,92,null,471,1
6721,Store,113,null,471,1
6722,Store,110,null,471,1
6723,Store,19,null,471,1
6724,Store,30,null,471,1
6725,Store,4,null,471,1
6726,Store,10,null,471,1
6727,Store,112,null,471,1
6728,Store,55,null,471,1
6729,Store,59,null,471,1
6730,Store,51,null,471,1
6731,Store,48,null,471,1
6732,Store,31,null,471,1
6733,Store,9,null,471,1
6734,Store,56,null,471,1
6735,Store,22,null,471,1
6736,Store,106,null,471,1
6737,Store,13,null,471,1
6738,Store,33,null,471,1
6739,Warehouse,null,10,471,6
6740,Warehouse,null,5,471,8
6741,Warehouse,null,4,471,5
6742,Warehouse,null,3,471,3
6743,Warehouse,null,11,471,4
6744,Store,20,null,472,1
6745,Store,108,null,472,6
6746,Store,74,null,472,2
6747,Store,99,null,472,1
6748,Store,13,null,472,3
6749,Store,105,null,472,2
6750,Store,84,null,472,2
6751,Store,3,null,472,1
6752,Store,2,null,472,2
6753,Store,38,null,472,2
6754,Store,73,null,472,2
6755,Store,67,null,472,1
6756,Store,80,null,472,1
6757,Store,35,null,472,2
6758,Store,69,null,472,3
6759,Store,37,null,472,2
6760,Store,66,null,472,3
6761,Store,11,null,472,1
6762,Store,97,null,472,1
6763,Store,91,null,472,2
6764,Warehouse,null,6,472,7
6765,Warehouse,null,5,472,3
6766,Warehouse,null,3,472,5
6767,Warehouse,null,12,472,4
6768,Warehouse,null,8,472,3
6769,Warehouse,null,11,472,4
6770,Store,103,null,473,3
6771,Store,96,null,473,1
6772,Store,29,null,473,1
6773,Store,35,null,473,4
6774,Store,11,null,473,1
6775,Store,72,null,473,1
6776,Store,19,null,473,2
6777,Store,94,null,473,2
6778,Store,88,null,473,2
6779,Store,97,null,473,2
6780,Store,85,null,473,2
6781,Store,71,null,473,2
6782,Store,75,null,473,3
6783,Warehouse,null,1,473,9
6784,Warehouse,null,11,473,3
6785,Warehouse,null,10,473,5
6786,Store,20,null,474,2
6787,Store,86,null,474,2
6788,Store,113,null,474,1
6789,Store,120,null,474,1
6790,Store,60,null,474,2
6791,Store,2,null,474,2
6792,Store,7,null,474,4
6793,Store,30,null,474,2
6794,Store,12,null,474,2
6795,Store,3,null,474,2
6796,Store,10,null,474,3
6797,Store,32,null,474,2
6798,Store,78,null,474,1
6799,Store,112,null,474,3
6800,Store,76,null,474,1
6801,Store,15,null,474,1
6802,Store,111,null,474,3
6803,Store,108,null,474,2
6804,Store,8,null,474,1
6805,Warehouse,null,1,474,6
6806,Warehouse,null,8,474,6
6807,Warehouse,null,3,474,5
6808,Warehouse,null,10,474,2
6809,Warehouse,null,9,474,5
6810,Store,9,null,475,3
6811,Store,38,null,475,1
6812,Store,104,null,475,4
6813,Store,25,null,475,2
6814,Store,53,null,475,1
6815,Store,84,null,475,5
6816,Store,20,null,475,5
6817,Store,81,null,475,1
6818,Store,42,null,475,2
6819,Store,57,null,475,2
6820,Store,102,null,475,4
6821,Store,44,null,475,4
6822,Store,37,null,475,3
6823,Store,91,null,475,3
6824,Store,87,null,475,3
6825,Warehouse,null,2,475,3
6826,Warehouse,null,3,475,1
6827,Warehouse,null,12,475,3
6828,Warehouse,null,1,475,4
6829,Warehouse,null,5,475,7
6830,Warehouse,null,7,475,6
6831,Warehouse,null,4,475,1
6832,Warehouse,null,10,475,4
6833,Store,97,null,476,2
6834,Store,62,null,476,3
6835,Store,67,null,476,1
6836,Store,77,null,476,1
6837,Store,98,null,476,1
6838,Store,84,null,476,3
6839,Store,16,null,476,2
6840,Store,10,null,476,2
6841,Store,119,null,476,3
6842,Store,54,null,476,1
6843,Store,105,null,476,1
6844,Store,103,null,476,4
6845,Store,71,null,476,1
6846,Store,46,null,476,2
6847,Store,39,null,476,2
6848,Store,106,null,476,3
6849,Warehouse,null,7,476,4
6850,Warehouse,null,11,476,4
6851,Warehouse,null,6,476,3
6852,Warehouse,null,1,476,2
6853,Warehouse,null,3,476,3
6854,Warehouse,null,5,476,6
6855,Store,82,null,477,1
6856,Store,105,null,477,1
6857,Store,102,null,477,1
6858,Store,4,null,477,1
6859,Store,60,null,477,1
6860,Store,117,null,477,1
6861,Store,9,null,477,1
6862,Store,49,null,477,1
6863,Store,10,null,477,1
6864,Store,45,null,477,1
6865,Store,103,null,477,1
6866,Store,16,null,477,1
6867,Store,24,null,477,1
6868,Store,95,null,477,1
6869,Store,109,null,477,1
6870,Store,8,null,477,1
6871,Store,53,null,477,1
6872,Store,44,null,477,1
6873,Store,111,null,477,1
6874,Store,29,null,477,1
6875,Store,84,null,477,1
6876,Store,100,null,477,1
6877,Store,27,null,477,1
6878,Store,57,null,477,1
6879,Store,21,null,477,1
6880,Store,47,null,477,1
6881,Store,118,null,477,1
6882,Store,7,null,477,1
6883,Store,41,null,477,1
6884,Store,19,null,477,1
6885,Store,54,null,477,1
6886,Store,68,null,477,1
6887,Store,83,null,477,1
6888,Store,38,null,477,1
6889,Store,96,null,477,1
6890,Store,104,null,477,1
6891,Store,52,null,477,1
6892,Store,112,null,477,1
6893,Store,35,null,477,1
6894,Store,120,null,477,1
6895,Warehouse,null,11,477,4
6896,Warehouse,null,3,477,7
6897,Warehouse,null,5,477,7
6898,Warehouse,null,4,477,8
6899,Store,90,null,478,2
6900,Store,40,null,478,4
6901,Store,44,null,478,4
6902,Store,54,null,478,3
6903,Store,1,null,478,3
6904,Store,101,null,478,1
6905,Store,43,null,478,3
6906,Store,52,null,478,3
6907,Store,57,null,478,3
6908,Store,7,null,478,3
6909,Warehouse,null,4,478,6
6910,Warehouse,null,6,478,5
6911,Warehouse,null,7,478,8
6912,Store,86,null,479,1
6913,Store,50,null,479,1
6914,Store,89,null,479,1
6915,Store,28,null,479,1
6916,Store,52,null,479,1
6917,Store,75,null,479,1
6918,Store,51,null,479,1
6919,Store,109,null,479,1
6920,Store,87,null,479,1
6921,Store,46,null,479,1
6922,Store,63,null,479,1
6923,Store,117,null,479,1
6924,Store,8,null,479,1
6925,Store,107,null,479,1
6926,Store,18,null,479,1
6927,Store,2,null,479,1
6928,Store,1,null,479,1
6929,Store,80,null,479,1
6930,Store,21,null,479,1
6931,Store,119,null,479,1
6932,Store,32,null,479,1
6933,Store,68,null,479,1
6934,Store,9,null,479,1
6935,Store,24,null,479,1
6936,Store,95,null,479,1
6937,Store,47,null,479,1
6938,Store,13,null,479,1
6939,Store,97,null,479,1
6940,Store,99,null,479,1
6941,Store,101,null,479,1
6942,Store,90,null,479,1
6943,Store,78,null,479,1
6944,Store,54,null,479,1
6945,Store,84,null,479,1
6946,Store,114,null,479,1
6947,Store,88,null,479,1
6948,Warehouse,null,11,479,5
6949,Warehouse,null,2,479,3
6950,Warehouse,null,6,479,5
6951,Warehouse,null,5,479,4
6952,Warehouse,null,9,479,3
6953,Warehouse,null,12,479,4
6954,Store,29,null,480,2
6955,Store,57,null,480,2
6956,Store,94,null,480,2
6957,Store,54,null,480,3
6958,Store,63,null,480,3
6959,Store,89,null,480,1
6960,Store,78,null,480,1
6961,Store,38,null,480,2
6962,Store,112,null,480,1
6963,Store,93,null,480,2
6964,Store,101,null,480,5
6965,Store,50,null,480,3
6966,Store,110,null,480,1
6967,Store,92,null,480,1
6968,Store,95,null,480,1
6969,Store,116,null,480,2
6970,Warehouse,null,1,480,8
6971,Warehouse,null,9,480,5
6972,Warehouse,null,7,480,8
6973,Store,43,null,481,1
6974,Store,51,null,481,1
6975,Store,110,null,481,1
6976,Store,59,null,481,1
6977,Store,74,null,481,1
6978,Store,25,null,481,1
6979,Store,52,null,481,1
6980,Store,80,null,481,1
6981,Store,9,null,481,1
6982,Store,67,null,481,1
6983,Store,35,null,481,1
6984,Store,10,null,481,1
6985,Store,109,null,481,1
6986,Store,32,null,481,1
6987,Store,54,null,481,1
6988,Store,46,null,481,1
6989,Store,22,null,481,1
6990,Store,83,null,481,1
6991,Store,106,null,481,1
6992,Store,65,null,481,1
6993,Store,29,null,481,1
6994,Store,81,null,481,1
6995,Store,79,null,481,1
6996,Store,11,null,481,1
6997,Store,20,null,481,1
6998,Store,77,null,481,1
6999,Store,116,null,481,1
7000,Store,119,null,481,1
7001,Store,14,null,481,1
7002,Store,16,null,481,1
7003,Store,99,null,481,1
7004,Store,33,null,481,1
7005,Warehouse,null,1,481,5
7006,Warehouse,null,6,481,8
7007,Warehouse,null,2,481,9
7008,Store,43,null,482,4
7009,Store,25,null,482,3
7010,Store,104,null,482,1
7011,Store,40,null,482,5
7012,Store,69,null,482,4
7013,Store,62,null,482,2
7014,Store,113,null,482,2
7015,Store,82,null,482,3
7016,Store,118,null,482,2
7017,Store,33,null,482,2
7018,Store,46,null,482,1
7019,Store,56,null,482,1
7020,Store,96,null,482,6
7021,Store,64,null,482,3
7022,Store,31,null,482,6
7023,Warehouse,null,10,482,7
7024,Warehouse,null,4,482,6
7025,Warehouse,null,3,482,6
7026,Warehouse,null,8,482,4
7027,Warehouse,null,9,482,7
7028,Store,113,null,483,3
7029,Store,109,null,483,1
7030,Store,60,null,483,1
7031,Store,72,null,483,2
7032,Store,111,null,483,1
7033,Store,7,null,483,4
7034,Store,74,null,483,1
7035,Store,37,null,483,1
7036,Store,28,null,483,2
7037,Store,21,null,483,3
7038,Store,57,null,483,2
7039,Store,6,null,483,1
7040,Store,102,null,483,1
7041,Store,65,null,483,1
7042,Store,91,null,483,3
7043,Store,27,null,483,3
7044,Store,104,null,483,3
7045,Store,10,null,483,3
7046,Store,87,null,483,1
7047,Warehouse,null,3,483,5
7048,Warehouse,null,7,483,7
7049,Warehouse,null,2,483,3
7050,Warehouse,null,4,483,6
7051,Warehouse,null,12,483,4
7052,Store,66,null,484,2
7053,Store,14,null,484,3
7054,Store,5,null,484,1
7055,Store,95,null,484,2
7056,Store,37,null,484,1
7057,Store,22,null,484,2
7058,Store,53,null,484,1
7059,Store,24,null,484,2
7060,Store,107,null,484,2
7061,Store,9,null,484,1
7062,Store,43,null,484,2
7063,Store,104,null,484,1
7064,Store,1,null,484,2
7065,Store,87,null,484,3
7066,Store,16,null,484,2
7067,Store,114,null,484,4
7068,Store,99,null,484,3
7069,Warehouse,null,8,484,4
7070,Warehouse,null,3,484,5
7071,Warehouse,null,2,484,5
7072,Warehouse,null,11,484,5
7073,Warehouse,null,7,484,2
7074,Warehouse,null,12,484,1
7075,Store,109,null,485,1
7076,Store,24,null,485,1
7077,Store,34,null,485,1
7078,Store,60,null,485,1
7079,Store,104,null,485,1
7080,Store,39,null,485,1
7081,Store,68,null,485,1
7082,Store,96,null,485,1
7083,Store,83,null,485,1
7084,Store,92,null,485,1
7085,Store,47,null,485,1
7086,Store,77,null,485,1
7087,Store,67,null,485,1
7088,Store,9,null,485,1
7089,Store,78,null,485,1
7090,Store,59,null,485,1
7091,Store,3,null,485,1
7092,Store,51,null,485,1
7093,Store,87,null,485,1
7094,Store,94,null,485,1
7095,Store,84,null,485,1
7096,Store,105,null,485,1
7097,Store,56,null,485,1
7098,Store,44,null,485,1
7099,Store,17,null,485,1
7100,Store,32,null,485,1
7101,Store,45,null,485,1
7102,Store,106,null,485,1
7103,Store,21,null,485,1
7104,Store,102,null,485,1
7105,Store,81,null,485,1
7106,Store,66,null,485,1
7107,Store,25,null,485,1
7108,Warehouse,null,2,485,3
7109,Warehouse,null,9,485,1
7110,Warehouse,null,4,485,5
7111,Warehouse,null,10,485,4
7112,Warehouse,null,12,485,5
7113,Warehouse,null,1,485,4
7114,Store,80,null,486,3
7115,Store,118,null,486,2
7116,Store,79,null,486,1
7117,Store,20,null,486,1
7118,Store,86,null,486,1
7119,Store,78,null,486,4
7120,Store,98,null,486,3
7121,Store,37,null,486,2
7122,Store,99,null,486,3
7123,Store,102,null,486,2
7124,Store,67,null,486,1
7125,Store,13,null,486,2
7126,Store,62,null,486,3
7127,Store,108,null,486,2
7128,Store,17,null,486,2
7129,Store,32,null,486,1
7130,Store,18,null,486,1
7131,Warehouse,null,12,486,7
7132,Warehouse,null,10,486,7
7133,Warehouse,null,7,486,8
7134,Store,114,null,487,3
7135,Store,63,null,487,2
7136,Store,8,null,487,2
7137,Store,27,null,487,3
7138,Store,96,null,487,1
7139,Store,62,null,487,3
7140,Store,57,null,487,1
7141,Store,19,null,487,2
7142,Store,2,null,487,1
7143,Store,111,null,487,2
7144,Store,98,null,487,3
7145,Store,75,null,487,3
7146,Store,49,null,487,1
7147,Store,36,null,487,1
7148,Store,66,null,487,2
7149,Store,105,null,487,2
7150,Store,37,null,487,2
7151,Store,40,null,487,1
7152,Store,103,null,487,2
7153,Warehouse,null,1,487,8
7154,Warehouse,null,5,487,9
7155,Warehouse,null,8,487,7
7156,Store,48,null,488,2
7157,Store,24,null,488,1
7158,Store,67,null,488,3
7159,Store,93,null,488,1
7160,Store,90,null,488,2
7161,Store,21,null,488,1
7162,Store,82,null,488,3
7163,Store,78,null,488,2
7164,Store,6,null,488,1
7165,Store,52,null,488,1
7166,Store,95,null,488,1
7167,Store,116,null,488,2
7168,Store,106,null,488,2
7169,Store,29,null,488,3
7170,Store,27,null,488,4
7171,Store,11,null,488,2
7172,Store,66,null,488,4
7173,Store,3,null,488,1
7174,Store,5,null,488,1
7175,Store,30,null,488,2
7176,Store,15,null,488,3
7177,Warehouse,null,8,488,5
7178,Warehouse,null,4,488,6
7179,Warehouse,null,10,488,5
7180,Warehouse,null,11,488,2
7181,Warehouse,null,1,488,3
7182,Warehouse,null,5,488,3
7183,Warehouse,null,2,488,4
7184,Store,63,null,489,1
7185,Store,27,null,489,2
7186,Store,9,null,489,2
7187,Store,70,null,489,1
7188,Store,75,null,489,2
7189,Store,95,null,489,2
7190,Store,120,null,489,4
7191,Store,28,null,489,1
7192,Store,4,null,489,1
7193,Store,29,null,489,3
7194,Store,42,null,489,3
7195,Store,116,null,489,2
7196,Store,98,null,489,2
7197,Store,82,null,489,3
7198,Store,22,null,489,2
7199,Store,117,null,489,1
7200,Store,38,null,489,2
7201,Store,33,null,489,1
7202,Store,94,null,489,2
7203,Warehouse,null,3,489,10
7204,Warehouse,null,4,489,8
7205,Warehouse,null,11,489,6
7206,Store,99,null,490,1
7207,Store,70,null,490,1
7208,Store,92,null,490,1
7209,Store,64,null,490,1
7210,Store,81,null,490,1
7211,Store,88,null,490,1
7212,Store,61,null,490,1
7213,Store,28,null,490,1
7214,Store,4,null,490,1
7215,Store,74,null,490,1
7216,Store,49,null,490,1
7217,Store,33,null,490,1
7218,Store,38,null,490,1
7219,Store,19,null,490,1
7220,Store,80,null,490,1
7221,Store,98,null,490,1
7222,Store,16,null,490,1
7223,Store,118,null,490,1
7224,Store,36,null,490,1
7225,Store,90,null,490,1
7226,Store,57,null,490,1
7227,Store,66,null,490,1
7228,Store,101,null,490,1
7229,Store,10,null,490,1
7230,Store,68,null,490,1
7231,Store,116,null,490,1
7232,Store,14,null,490,1
7233,Store,41,null,490,1
7234,Store,103,null,490,1
7235,Store,107,null,490,1
7236,Store,114,null,490,1
7237,Store,1,null,490,1
7238,Store,43,null,490,1
7239,Store,67,null,490,1
7240,Store,55,null,490,1
7241,Store,21,null,490,1
7242,Store,71,null,490,1
7243,Warehouse,null,8,490,5
7244,Warehouse,null,10,490,6
7245,Warehouse,null,4,490,4
7246,Warehouse,null,1,490,10
7247,Store,49,null,491,3
7248,Store,36,null,491,5
7249,Store,7,null,491,3
7250,Store,14,null,491,4
7251,Store,79,null,491,3
7252,Store,43,null,491,2
7253,Store,51,null,491,1
7254,Store,54,null,491,5
7255,Store,83,null,491,4
7256,Store,37,null,491,2
7257,Store,94,null,491,1
7258,Store,116,null,491,3
7259,Warehouse,null,10,491,6
7260,Warehouse,null,1,491,2
7261,Warehouse,null,9,491,4
7262,Warehouse,null,4,491,3
7263,Warehouse,null,5,491,9
7264,Store,83,null,492,1
7265,Store,86,null,492,1
7266,Store,113,null,492,1
7267,Store,77,null,492,1
7268,Store,96,null,492,1
7269,Store,111,null,492,1
7270,Store,2,null,492,1
7271,Store,21,null,492,1
7272,Store,61,null,492,1
7273,Store,108,null,492,1
7274,Store,88,null,492,1
7275,Store,103,null,492,1
7276,Store,13,null,492,1
7277,Store,102,null,492,1
7278,Store,56,null,492,1
7279,Store,28,null,492,1
7280,Store,17,null,492,1
7281,Store,30,null,492,1
7282,Store,53,null,492,1
7283,Store,119,null,492,1
7284,Store,44,null,492,1
7285,Store,101,null,492,1
7286,Store,35,null,492,1
7287,Store,25,null,492,1
7288,Store,65,null,492,1
7289,Store,80,null,492,1
7290,Store,49,null,492,1
7291,Store,50,null,492,1
7292,Store,33,null,492,1
7293,Store,47,null,492,1
7294,Store,63,null,492,1
7295,Store,38,null,492,1
7296,Store,4,null,492,1
7297,Store,58,null,492,1
7298,Warehouse,null,10,492,4
7299,Warehouse,null,8,492,3
7300,Warehouse,null,2,492,5
7301,Warehouse,null,7,492,4
7302,Warehouse,null,1,492,3
7303,Warehouse,null,11,492,4
7304,Store,108,null,493,4
7305,Store,76,null,493,1
7306,Store,92,null,493,1
7307,Store,103,null,493,1
7308,Store,46,null,493,3
7309,Store,27,null,493,1
7310,Store,6,null,493,3
7311,Store,86,null,493,2
7312,Store,87,null,493,1
7313,Store,98,null,493,1
7314,Store,107,null,493,1
7315,Store,90,null,493,3
7316,Store,116,null,493,1
7317,Store,118,null,493,3
7318,Store,7,null,493,4
7319,Store,102,null,493,1
7320,Store,28,null,493,3
7321,Warehouse,null,1,493,3
7322,Warehouse,null,4,493,7
7323,Warehouse,null,11,493,2
7324,Warehouse,null,3,493,6
7325,Warehouse,null,8,493,4
7326,Store,66,null,494,1
7327,Store,63,null,494,5
7328,Store,57,null,494,4
7329,Store,3,null,494,3
7330,Store,97,null,494,3
7331,Store,30,null,494,4
7332,Store,78,null,494,3
7333,Store,71,null,494,2
7334,Store,112,null,494,4
7335,Store,23,null,494,1
7336,Store,20,null,494,2
7337,Store,94,null,494,3
7338,Store,19,null,494,3
7339,Warehouse,null,3,494,6
7340,Warehouse,null,5,494,4
7341,Warehouse,null,4,494,3
7342,Warehouse,null,11,494,1
7343,Warehouse,null,7,494,4
7344,Warehouse,null,1,494,3
7345,Warehouse,null,9,494,4
7346,Store,108,null,495,1
7347,Store,99,null,495,1
7348,Store,94,null,495,1
7349,Store,46,null,495,1
7350,Store,28,null,495,1
7351,Store,90,null,495,1
7352,Store,85,null,495,1
7353,Store,77,null,495,1
7354,Store,71,null,495,1
7355,Store,65,null,495,1
7356,Store,68,null,495,1
7357,Store,30,null,495,1
7358,Store,91,null,495,1
7359,Store,114,null,495,1
7360,Store,97,null,495,1
7361,Store,36,null,495,1
7362,Store,19,null,495,1
7363,Store,76,null,495,1
7364,Store,38,null,495,1
7365,Store,44,null,495,1
7366,Store,48,null,495,1
7367,Store,60,null,495,1
7368,Store,111,null,495,1
7369,Store,67,null,495,1
7370,Store,21,null,495,1
7371,Store,32,null,495,1
7372,Store,96,null,495,1
7373,Store,104,null,495,1
7374,Store,15,null,495,1
7375,Store,83,null,495,1
7376,Store,25,null,495,1
7377,Store,53,null,495,1
7378,Store,117,null,495,1
7379,Store,27,null,495,1
7380,Store,103,null,495,1
7381,Store,12,null,495,1
7382,Store,39,null,495,1
7383,Warehouse,null,11,495,4
7384,Warehouse,null,1,495,2
7385,Warehouse,null,4,495,7
7386,Warehouse,null,2,495,9
7387,Warehouse,null,9,495,3
7388,Store,42,null,496,3
7389,Store,114,null,496,4
7390,Store,71,null,496,1
7391,Store,99,null,496,1
7392,Store,30,null,496,1
7393,Store,7,null,496,2
7394,Store,68,null,496,2
7395,Store,115,null,496,2
7396,Store,13,null,496,2
7397,Store,12,null,496,2
7398,Store,32,null,496,1
7399,Store,87,null,496,1
7400,Store,116,null,496,5
7401,Store,2,null,496,2
7402,Store,16,null,496,2
7403,Store,56,null,496,2
7404,Store,37,null,496,2
7405,Store,109,null,496,1
7406,Store,100,null,496,1
7407,Store,58,null,496,1
7408,Store,6,null,496,3
7409,Warehouse,null,5,496,5
7410,Warehouse,null,12,496,5
7411,Warehouse,null,7,496,8
7412,Warehouse,null,8,496,9
7413,Store,8,null,497,2
7414,Store,74,null,497,2
7415,Store,93,null,497,1
7416,Store,110,null,497,3
7417,Store,58,null,497,1
7418,Store,64,null,497,4
7419,Store,89,null,497,2
7420,Store,66,null,497,1
7421,Store,107,null,497,2
7422,Store,22,null,497,2
7423,Store,5,null,497,3
7424,Store,70,null,497,2
7425,Store,6,null,497,1
7426,Store,12,null,497,2
7427,Store,60,null,497,2
7428,Store,105,null,497,2
7429,Warehouse,null,8,497,10
7430,Warehouse,null,10,497,4
7431,Warehouse,null,12,497,5
7432,Warehouse,null,2,497,2
7433,Warehouse,null,3,497,1
7434,Store,58,null,498,2
7435,Store,48,null,498,1
7436,Store,89,null,498,1
7437,Store,41,null,498,2
7438,Store,86,null,498,2
7439,Store,66,null,498,1
7440,Store,53,null,498,3
7441,Store,93,null,498,3
7442,Store,94,null,498,1
7443,Store,75,null,498,2
7444,Store,69,null,498,3
7445,Store,84,null,498,2
7446,Store,72,null,498,2
7447,Store,14,null,498,3
7448,Store,78,null,498,1
7449,Store,37,null,498,2
7450,Store,45,null,498,2
7451,Store,57,null,498,2
7452,Store,91,null,498,1
7453,Store,43,null,498,3
7454,Store,65,null,498,2
7455,Warehouse,null,7,498,5
7456,Warehouse,null,1,498,5
7457,Warehouse,null,3,498,6
7458,Warehouse,null,2,498,5
7459,Warehouse,null,8,498,6
7460,Store,25,null,499,1
7461,Store,65,null,499,1
7462,Store,64,null,499,1
7463,Store,61,null,499,1
7464,Store,29,null,499,1
7465,Store,2,null,499,1
7466,Store,76,null,499,1
7467,Store,39,null,499,1
7468,Store,10,null,499,1
7469,Store,103,null,499,1
7470,Store,44,null,499,1
7471,Store,5,null,499,1
7472,Store,118,null,499,1
7473,Store,37,null,499,1
7474,Store,89,null,499,1
7475,Store,31,null,499,1
7476,Store,49,null,499,1
7477,Store,116,null,499,1
7478,Store,35,null,499,1
7479,Store,107,null,499,1
7480,Store,40,null,499,1
7481,Store,8,null,499,1
7482,Store,48,null,499,1
7483,Store,41,null,499,1
7484,Store,110,null,499,1
7485,Store,98,null,499,1
7486,Store,58,null,499,1
7487,Store,70,null,499,1
7488,Store,114,null,499,1
7489,Store,7,null,499,1
7490,Store,21,null,499,1
7491,Store,17,null,499,1
7492,Store,82,null,499,1
7493,Store,71,null,499,1
7494,Store,59,null,499,1
7495,Store,38,null,499,1
7496,Store,24,null,499,1
7497,Store,16,null,499,1
7498,Store,112,null,499,1
7499,Store,81,null,499,1
7500,Store,28,null,499,1
7501,Warehouse,null,9,499,1
7502,Warehouse,null,5,499,4
7503,Warehouse,null,4,499,3
7504,Warehouse,null,1,499,4
7505,Warehouse,null,7,499,3
7506,Warehouse,null,12,499,5
7507,Warehouse,null,2,499,7
7508,Store,35,null,500,1
7509,Store,68,null,500,1
7510,Store,10,null,500,1
7511,Store,106,null,500,1
7512,Store,117,null,500,1
7513,Store,12,null,500,1
7514,Store,57,null,500,1
7515,Store,9,null,500,1
7516,Store,72,null,500,1
7517,Store,95,null,500,1
7518,Store,45,null,500,1
7519,Store,48,null,500,1
7520,Store,34,null,500,1
7521,Store,77,null,500,1
7522,Store,78,null,500,1
7523,Store,59,null,500,1
7524,Store,99,null,500,1
7525,Store,98,null,500,1
7526,Store,100,null,500,1
7527,Store,2,null,500,1
7528,Store,111,null,500,1
7529,Store,104,null,500,1
7530,Store,115,null,500,1
7531,Store,43,null,500,1
7532,Store,102,null,500,1
7533,Store,28,null,500,1
7534,Store,83,null,500,1
7535,Store,13,null,500,1
7536,Store,30,null,500,1
7537,Store,3,null,500,1
7538,Store,64,null,500,1
7539,Store,55,null,500,1
7540,Store,60,null,500,1
7541,Store,62,null,500,1
7542,Store,101,null,500,1
7543,Store,65,null,500,1
7544,Store,113,null,500,1
7545,Store,81,null,500,1
7546,Store,119,null,500,1
7547,Store,74,null,500,1
7548,Warehouse,null,10,500,8
7549,Warehouse,null,11,500,4
7550,Warehouse,null,12,500,6
7551,Warehouse,null,5,500,9
7552,Store,61,null,501,3
7553,Store,44,null,501,2
7554,Store,35,null,501,2
7555,Store,71,null,501,2
7556,Store,110,null,501,1
7557,Store,98,null,501,1
7558,Store,28,null,501,2
7559,Store,24,null,501,2
7560,Store,22,null,501,2
7561,Store,23,null,501,1
7562,Store,91,null,501,1
7563,Store,73,null,501,3
7564,Store,34,null,501,2
7565,Store,117,null,501,2
7566,Store,37,null,501,1
7567,Store,4,null,501,2
7568,Store,38,null,501,3
7569,Store,8,null,501,2
7570,Store,17,null,501,3
7571,Warehouse,null,5,501,6
7572,Warehouse,null,10,501,5
7573,Warehouse,null,7,501,7
7574,Warehouse,null,11,501,6
7575,Store,66,null,502,2
7576,Store,41,null,502,2
7577,Store,56,null,502,3
7578,Store,15,null,502,2
7579,Store,18,null,502,4
7580,Store,79,null,502,2
7581,Store,10,null,502,1
7582,Store,49,null,502,4
7583,Store,68,null,502,1
7584,Store,84,null,502,1
7585,Store,5,null,502,2
7586,Store,38,null,502,1
7587,Store,2,null,502,3
7588,Store,50,null,502,2
7589,Store,95,null,502,1
7590,Store,90,null,502,2
7591,Store,28,null,502,1
7592,Warehouse,null,6,502,3
7593,Warehouse,null,5,502,7
7594,Warehouse,null,3,502,3
7595,Warehouse,null,7,502,4
7596,Warehouse,null,4,502,5
7597,Store,114,null,503,2
7598,Store,33,null,503,2
7599,Store,55,null,503,2
7600,Store,118,null,503,4
7601,Store,35,null,503,1
7602,Store,46,null,503,3
7603,Store,36,null,503,1
7604,Store,29,null,503,3
7605,Store,117,null,503,1
7606,Store,85,null,503,1
7607,Store,52,null,503,3
7608,Store,34,null,503,1
7609,Store,71,null,503,1
7610,Store,30,null,503,3
7611,Store,28,null,503,2
7612,Store,53,null,503,2
7613,Store,10,null,503,3
7614,Store,94,null,503,2
7615,Store,50,null,503,1
7616,Warehouse,null,1,503,6
7617,Warehouse,null,7,503,4
7618,Warehouse,null,11,503,7
7619,Warehouse,null,2,503,8
7620,Store,32,null,504,1
7621,Store,112,null,504,4
7622,Store,87,null,504,1
7623,Store,66,null,504,3
7624,Store,97,null,504,3
7625,Store,38,null,504,4
7626,Store,111,null,504,1
7627,Store,60,null,504,2
7628,Store,103,null,504,1
7629,Store,115,null,504,1
7630,Store,3,null,504,2
7631,Store,14,null,504,2
7632,Store,4,null,504,2
7633,Store,20,null,504,4
7634,Store,15,null,504,2
7635,Store,7,null,504,1
7636,Store,19,null,504,1
7637,Store,78,null,504,1
7638,Store,100,null,504,1
7639,Store,75,null,504,3
7640,Store,68,null,504,1
7641,Warehouse,null,1,504,2
7642,Warehouse,null,4,504,4
7643,Warehouse,null,10,504,3
7644,Warehouse,null,12,504,7
7645,Warehouse,null,7,504,3
7646,Warehouse,null,8,504,4
7647,Warehouse,null,9,504,4
7648,Store,61,null,505,2
7649,Store,114,null,505,3
7650,Store,54,null,505,1
7651,Store,25,null,505,3
7652,Store,4,null,505,5
7653,Store,36,null,505,1
7654,Store,116,null,505,1
7655,Store,93,null,505,4
7656,Store,14,null,505,3
7657,Store,68,null,505,3
7658,Store,59,null,505,5
7659,Store,19,null,505,4
7660,Store,22,null,505,2
7661,Warehouse,null,6,505,5
7662,Warehouse,null,8,505,3
7663,Warehouse,null,7,505,7
7664,Warehouse,null,10,505,3
7665,Warehouse,null,12,505,7
7666,Store,24,null,506,5
7667,Store,39,null,506,1
7668,Store,33,null,506,1
7669,Store,91,null,506,2
7670,Store,49,null,506,2
7671,Store,14,null,506,1
7672,Store,92,null,506,3
7673,Store,41,null,506,2
7674,Store,8,null,506,2
7675,Store,11,null,506,2
7676,Store,2,null,506,2
7677,Store,58,null,506,2
7678,Store,94,null,506,2
7679,Store,26,null,506,1
7680,Store,37,null,506,3
7681,Store,3,null,506,1
7682,Store,35,null,506,3
7683,Store,100,null,506,2
7684,Store,57,null,506,1
7685,Store,107,null,506,2
7686,Warehouse,null,10,506,11
7687,Warehouse,null,6,506,3
7688,Warehouse,null,1,506,7
7689,Warehouse,null,7,506,6
7690,Store,61,null,507,3
7691,Store,21,null,507,2
7692,Store,72,null,507,3
7693,Store,109,null,507,6
7694,Store,10,null,507,3
7695,Store,48,null,507,3
7696,Store,56,null,507,1
7697,Store,86,null,507,5
7698,Store,110,null,507,3
7699,Store,37,null,507,1
7700,Store,97,null,507,2
7701,Store,65,null,507,2
7702,Warehouse,null,1,507,6
7703,Warehouse,null,4,507,4
7704,Warehouse,null,5,507,8
7705,Warehouse,null,11,507,4
7706,Store,41,null,508,4
7707,Store,66,null,508,3
7708,Store,106,null,508,4
7709,Store,120,null,508,2
7710,Store,68,null,508,1
7711,Store,76,null,508,1
7712,Store,12,null,508,2
7713,Store,1,null,508,2
7714,Store,111,null,508,1
7715,Store,37,null,508,2
7716,Store,31,null,508,1
7717,Store,59,null,508,1
7718,Store,77,null,508,1
7719,Store,53,null,508,1
7720,Store,74,null,508,3
7721,Store,54,null,508,2
7722,Store,50,null,508,2
7723,Store,20,null,508,3
7724,Store,60,null,508,2
7725,Warehouse,null,4,508,8
7726,Warehouse,null,3,508,7
7727,Warehouse,null,2,508,4
7728,Warehouse,null,8,508,6
7729,Store,34,null,509,1
7730,Store,41,null,509,1
7731,Store,118,null,509,1
7732,Store,85,null,509,1
7733,Store,1,null,509,1
7734,Store,95,null,509,1
7735,Store,74,null,509,1
7736,Store,102,null,509,1
7737,Store,94,null,509,1
7738,Store,116,null,509,1
7739,Store,4,null,509,1
7740,Store,59,null,509,1
7741,Store,22,null,509,1
7742,Store,111,null,509,1
7743,Store,82,null,509,1
7744,Store,45,null,509,1
7745,Store,72,null,509,1
7746,Store,29,null,509,1
7747,Store,97,null,509,1
7748,Store,96,null,509,1
7749,Store,48,null,509,1
7750,Store,84,null,509,1
7751,Store,107,null,509,1
7752,Store,46,null,509,1
7753,Store,44,null,509,1
7754,Store,21,null,509,1
7755,Store,32,null,509,1
7756,Store,16,null,509,1
7757,Store,104,null,509,1
7758,Store,53,null,509,1
7759,Store,65,null,509,1
7760,Store,86,null,509,1
7761,Warehouse,null,1,509,5
7762,Warehouse,null,12,509,6
7763,Warehouse,null,9,509,7
7764,Warehouse,null,5,509,4
7765,Store,61,null,510,1
7766,Store,1,null,510,1
7767,Store,33,null,510,3
7768,Store,52,null,510,2
7769,Store,67,null,510,1
7770,Store,118,null,510,3
7771,Store,107,null,510,1
7772,Store,94,null,510,3
7773,Store,57,null,510,1
7774,Store,15,null,510,1
7775,Store,38,null,510,2
7776,Store,50,null,510,4
7777,Store,54,null,510,2
7778,Store,48,null,510,1
7779,Store,44,null,510,3
7780,Warehouse,null,7,510,3
7781,Warehouse,null,12,510,8
7782,Warehouse,null,6,510,4
7783,Warehouse,null,3,510,4
7784,Store,12,null,511,3
7785,Store,4,null,511,3
7786,Store,101,null,511,2
7787,Store,98,null,511,3
7788,Store,1,null,511,4
7789,Store,39,null,511,5
7790,Store,40,null,511,5
7791,Store,53,null,511,1
7792,Store,100,null,511,2
7793,Store,84,null,511,1
7794,Warehouse,null,12,511,5
7795,Warehouse,null,2,511,7
7796,Warehouse,null,6,511,7
7797,Store,36,null,512,2
7798,Store,40,null,512,1
7799,Store,96,null,512,2
7800,Store,2,null,512,2
7801,Store,114,null,512,1
7802,Store,28,null,512,3
7803,Store,25,null,512,2
7804,Store,62,null,512,1
7805,Store,27,null,512,5
7806,Store,87,null,512,2
7807,Store,26,null,512,1
7808,Store,105,null,512,1
7809,Store,43,null,512,1
7810,Store,93,null,512,2
7811,Store,32,null,512,2
7812,Store,57,null,512,4
7813,Store,41,null,512,1
7814,Store,86,null,512,3
7815,Warehouse,null,2,512,15
7816,Warehouse,null,1,512,4
7817,Warehouse,null,5,512,5
7818,Store,46,null,513,2
7819,Store,17,null,513,5
7820,Store,70,null,513,1
7821,Store,115,null,513,1
7822,Store,67,null,513,1
7823,Store,49,null,513,2
7824,Store,3,null,513,2
7825,Store,45,null,513,3
7826,Store,62,null,513,2
7827,Store,83,null,513,2
7828,Store,53,null,513,1
7829,Store,109,null,513,4
7830,Store,10,null,513,2
7831,Store,48,null,513,1
7832,Store,95,null,513,1
7833,Store,113,null,513,2
7834,Warehouse,null,1,513,5
7835,Warehouse,null,5,513,7
7836,Warehouse,null,11,513,3
7837,Warehouse,null,3,513,7
7838,Store,104,null,514,2
7839,Store,18,null,514,1
7840,Store,64,null,514,3
7841,Store,75,null,514,2
7842,Store,72,null,514,3
7843,Store,96,null,514,2
7844,Store,95,null,514,1
7845,Store,13,null,514,3
7846,Store,28,null,514,1
7847,Store,27,null,514,1
7848,Store,63,null,514,1
7849,Store,62,null,514,2
7850,Store,113,null,514,1
7851,Store,11,null,514,3
7852,Store,29,null,514,3
7853,Warehouse,null,10,514,11
7854,Warehouse,null,12,514,4
7855,Warehouse,null,7,514,4
7856,Store,58,null,515,3
7857,Store,85,null,515,5
7858,Store,83,null,515,3
7859,Store,11,null,515,3
7860,Store,17,null,515,3
7861,Store,103,null,515,1
7862,Store,59,null,515,2
7863,Store,88,null,515,4
7864,Store,87,null,515,2
7865,Store,44,null,515,5
7866,Store,29,null,515,3
7867,Store,12,null,515,2
7868,Warehouse,null,3,515,5
7869,Warehouse,null,11,515,7
7870,Warehouse,null,6,515,5
7871,Warehouse,null,2,515,5
7872,Warehouse,null,8,515,2
7873,Store,66,null,516,1
7874,Store,36,null,516,1
7875,Store,90,null,516,1
7876,Store,81,null,516,1
7877,Store,43,null,516,1
7878,Store,98,null,516,1
7879,Store,31,null,516,1
7880,Store,86,null,516,1
7881,Store,4,null,516,1
7882,Store,92,null,516,1
7883,Store,110,null,516,1
7884,Store,78,null,516,1
7885,Store,45,null,516,1
7886,Store,99,null,516,1
7887,Store,77,null,516,1
7888,Store,87,null,516,1
7889,Store,5,null,516,1
7890,Store,84,null,516,1
7891,Store,117,null,516,1
7892,Store,17,null,516,1
7893,Store,112,null,516,1
7894,Store,88,null,516,1
7895,Store,95,null,516,1
7896,Store,101,null,516,1
7897,Store,115,null,516,1
7898,Store,80,null,516,1
7899,Store,51,null,516,1
7900,Store,1,null,516,1
7901,Store,19,null,516,1
7902,Store,94,null,516,1
7903,Store,48,null,516,1
7904,Store,2,null,516,1
7905,Store,54,null,516,1
7906,Store,72,null,516,1
7907,Warehouse,null,10,516,7
7908,Warehouse,null,2,516,6
7909,Warehouse,null,6,516,3
7910,Warehouse,null,9,516,6
7911,Store,89,null,517,1
7912,Store,1,null,517,2
7913,Store,70,null,517,3
7914,Store,24,null,517,1
7915,Store,33,null,517,1
7916,Store,103,null,517,2
7917,Store,61,null,517,1
7918,Store,40,null,517,2
7919,Store,22,null,517,1
7920,Store,34,null,517,3
7921,Store,79,null,517,1
7922,Store,29,null,517,5
7923,Store,65,null,517,2
7924,Store,8,null,517,1
7925,Store,48,null,517,2
7926,Store,52,null,517,4
7927,Warehouse,null,9,517,3
7928,Warehouse,null,2,517,4
7929,Warehouse,null,3,517,5
7930,Warehouse,null,5,517,3
7931,Warehouse,null,7,517,4
7932,Warehouse,null,12,517,3
7933,Store,70,null,518,1
7934,Store,45,null,518,2
7935,Store,72,null,518,3
7936,Store,21,null,518,5
7937,Store,108,null,518,2
7938,Store,115,null,518,2
7939,Store,87,null,518,4
7940,Store,109,null,518,3
7941,Store,73,null,518,5
7942,Store,7,null,518,2
7943,Warehouse,null,1,518,5
7944,Warehouse,null,7,518,10
7945,Warehouse,null,9,518,5
7946,Store,87,null,519,1
7947,Store,68,null,519,1
7948,Store,107,null,519,1
7949,Store,102,null,519,1
7950,Store,20,null,519,1
7951,Store,7,null,519,1
7952,Store,69,null,519,1
7953,Store,13,null,519,1
7954,Store,66,null,519,1
7955,Store,113,null,519,1
7956,Store,86,null,519,1
7957,Store,63,null,519,1
7958,Store,83,null,519,1
7959,Store,4,null,519,1
7960,Store,97,null,519,1
7961,Store,109,null,519,1
7962,Store,49,null,519,1
7963,Store,64,null,519,1
7964,Store,35,null,519,1
7965,Store,54,null,519,1
7966,Store,12,null,519,1
7967,Store,39,null,519,1
7968,Store,15,null,519,1
7969,Store,108,null,519,1
7970,Store,75,null,519,1
7971,Store,101,null,519,1
7972,Store,70,null,519,1
7973,Store,94,null,519,1
7974,Store,34,null,519,1
7975,Warehouse,null,6,519,6
7976,Warehouse,null,9,519,6
7977,Warehouse,null,12,519,6
7978,Warehouse,null,5,519,2
7979,Store,10,null,520,1
7980,Store,35,null,520,1
7981,Store,112,null,520,1
7982,Store,98,null,520,1
7983,Store,42,null,520,1
7984,Store,75,null,520,1
7985,Store,109,null,520,1
7986,Store,15,null,520,1
7987,Store,65,null,520,1
7988,Store,102,null,520,1
7989,Store,43,null,520,1
7990,Store,6,null,520,1
7991,Store,40,null,520,1
7992,Store,24,null,520,1
7993,Store,99,null,520,1
7994,Store,13,null,520,1
7995,Store,92,null,520,1
7996,Store,115,null,520,1
7997,Store,38,null,520,1
7998,Store,119,null,520,1
7999,Store,106,null,520,1
8000,Store,62,null,520,1
8001,Store,64,null,520,1
8002,Store,116,null,520,1
8003,Store,25,null,520,1
8004,Store,34,null,520,1
8005,Store,54,null,520,1
8006,Store,20,null,520,1
8007,Store,103,null,520,1
8008,Warehouse,null,4,520,5
8009,Warehouse,null,1,520,9
8010,Warehouse,null,2,520,5
8011,Store,82,null,521,1
8012,Store,39,null,521,1
8013,Store,64,null,521,1
8014,Store,47,null,521,1
8015,Store,102,null,521,1
8016,Store,68,null,521,1
8017,Store,20,null,521,1
8018,Store,10,null,521,1
8019,Store,107,null,521,1
8020,Store,98,null,521,1
8021,Store,38,null,521,1
8022,Store,88,null,521,1
8023,Store,15,null,521,1
8024,Store,40,null,521,1
8025,Store,12,null,521,1
8026,Store,106,null,521,1
8027,Store,72,null,521,1
8028,Store,29,null,521,1
8029,Store,41,null,521,1
8030,Store,1,null,521,1
8031,Store,4,null,521,1
8032,Store,76,null,521,1
8033,Store,71,null,521,1
8034,Store,53,null,521,1
8035,Store,14,null,521,1
8036,Store,54,null,521,1
8037,Warehouse,null,12,521,3
8038,Warehouse,null,5,521,5
8039,Warehouse,null,10,521,6
8040,Warehouse,null,7,521,3
8041,Store,69,null,522,3
8042,Store,114,null,522,3
8043,Store,73,null,522,3
8044,Store,86,null,522,3
8045,Store,106,null,522,4
8046,Store,118,null,522,1
8047,Store,36,null,522,3
8048,Store,25,null,522,3
8049,Store,16,null,522,5
8050,Store,13,null,522,1
8051,Warehouse,null,11,522,4
8052,Warehouse,null,1,522,5
8053,Warehouse,null,8,522,10
8054,Store,19,null,523,2
8055,Store,69,null,523,3
8056,Store,118,null,523,1
8057,Store,61,null,523,5
8058,Store,9,null,523,2
8059,Store,72,null,523,2
8060,Store,71,null,523,2
8061,Store,81,null,523,1
8062,Store,23,null,523,2
8063,Store,2,null,523,2
8064,Store,46,null,523,2
8065,Store,101,null,523,2
8066,Store,22,null,523,2
8067,Store,92,null,523,2
8068,Store,109,null,523,2
8069,Store,87,null,523,1
8070,Store,3,null,523,1
8071,Store,16,null,523,2
8072,Warehouse,null,6,523,11
8073,Warehouse,null,1,523,5
8074,Warehouse,null,8,523,8
8075,Store,67,null,524,2
8076,Store,73,null,524,2
8077,Store,59,null,524,1
8078,Store,37,null,524,1
8079,Store,5,null,524,2
8080,Store,2,null,524,2
8081,Store,103,null,524,2
8082,Store,75,null,524,1
8083,Store,78,null,524,2
8084,Store,113,null,524,2
8085,Store,98,null,524,1
8086,Store,1,null,524,5
8087,Store,89,null,524,2
8088,Store,30,null,524,1
8089,Store,16,null,524,2
8090,Store,33,null,524,1
8091,Store,62,null,524,4
8092,Warehouse,null,8,524,3
8093,Warehouse,null,4,524,6
8094,Warehouse,null,10,524,7
8095,Warehouse,null,12,524,6
8096,Store,119,null,525,4
8097,Store,88,null,525,3
8098,Store,9,null,525,2
8099,Store,32,null,525,1
8100,Store,101,null,525,1
8101,Store,22,null,525,1
8102,Store,100,null,525,1
8103,Store,21,null,525,1
8104,Store,20,null,525,4
8105,Store,14,null,525,2
8106,Store,92,null,525,2
8107,Store,102,null,525,1
8108,Store,76,null,525,2
8109,Store,117,null,525,2
8110,Store,34,null,525,3
8111,Store,114,null,525,2
8112,Warehouse,null,4,525,8
8113,Warehouse,null,6,525,7
8114,Warehouse,null,2,525,7
8115,Store,14,null,526,1
8116,Store,40,null,526,2
8117,Store,91,null,526,1
8118,Store,119,null,526,5
8119,Store,78,null,526,1
8120,Store,13,null,526,2
8121,Store,111,null,526,3
8122,Store,64,null,526,1
8123,Store,17,null,526,2
8124,Store,52,null,526,1
8125,Store,8,null,526,3
8126,Store,24,null,526,1
8127,Store,25,null,526,1
8128,Store,58,null,526,3
8129,Store,5,null,526,2
8130,Store,113,null,526,1
8131,Store,117,null,526,2
8132,Store,47,null,526,1
8133,Store,60,null,526,4
8134,Warehouse,null,4,526,5
8135,Warehouse,null,6,526,7
8136,Warehouse,null,8,526,5
8137,Warehouse,null,3,526,5
8138,Warehouse,null,11,526,2
8139,Store,47,null,527,3
8140,Store,28,null,527,2
8141,Store,38,null,527,2
8142,Store,23,null,527,1
8143,Store,103,null,527,2
8144,Store,19,null,527,1
8145,Store,118,null,527,1
8146,Store,3,null,527,2
8147,Store,4,null,527,2
8148,Store,113,null,527,3
8149,Store,13,null,527,3
8150,Store,5,null,527,2
8151,Store,45,null,527,2
8152,Store,26,null,527,3
8153,Store,65,null,527,2
8154,Store,36,null,527,1
8155,Store,76,null,527,3
8156,Store,50,null,527,1
8157,Store,117,null,527,2
8158,Store,8,null,527,2
8159,Warehouse,null,2,527,9
8160,Warehouse,null,4,527,6
8161,Warehouse,null,6,527,4
8162,Warehouse,null,10,527,8
8163,Store,119,null,528,3
8164,Store,36,null,528,2
8165,Store,54,null,528,3
8166,Store,93,null,528,1
8167,Store,69,null,528,4
8168,Store,79,null,528,2
8169,Store,114,null,528,3
8170,Store,11,null,528,2
8171,Store,31,null,528,4
8172,Store,66,null,528,3
8173,Store,50,null,528,4
8174,Store,8,null,528,3
8175,Store,115,null,528,3
8176,Warehouse,null,11,528,6
8177,Warehouse,null,6,528,8
8178,Warehouse,null,1,528,4
8179,Warehouse,null,5,528,6
8180,Store,118,null,529,6
8181,Store,32,null,529,1
8182,Store,54,null,529,2
8183,Store,26,null,529,5
8184,Store,114,null,529,3
8185,Store,103,null,529,2
8186,Store,30,null,529,2
8187,Store,78,null,529,3
8188,Store,76,null,529,2
8189,Store,50,null,529,5
8190,Store,49,null,529,2
8191,Store,92,null,529,3
8192,Warehouse,null,1,529,7
8193,Warehouse,null,5,529,4
8194,Warehouse,null,9,529,4
8195,Warehouse,null,4,529,2
8196,Warehouse,null,6,529,2
8197,Warehouse,null,12,529,5
8198,Store,120,null,530,2
8199,Store,50,null,530,1
8200,Store,25,null,530,3
8201,Store,57,null,530,3
8202,Store,51,null,530,2
8203,Store,26,null,530,3
8204,Store,78,null,530,2
8205,Store,92,null,530,2
8206,Store,30,null,530,3
8207,Store,53,null,530,2
8208,Store,21,null,530,1
8209,Store,43,null,530,1
8210,Store,69,null,530,3
8211,Store,76,null,530,2
8212,Store,8,null,530,1
8213,Store,39,null,530,3
8214,Store,3,null,530,1
8215,Store,72,null,530,1
8216,Store,59,null,530,1
8217,Warehouse,null,1,530,5
8218,Warehouse,null,5,530,5
8219,Warehouse,null,12,530,4
8220,Warehouse,null,2,530,5
8221,Warehouse,null,4,530,3
8222,Warehouse,null,3,530,2
8223,Store,101,null,531,1
8224,Store,40,null,531,1
8225,Store,84,null,531,1
8226,Store,86,null,531,1
8227,Store,66,null,531,1
8228,Store,72,null,531,1
8229,Store,65,null,531,1
8230,Store,56,null,531,1
8231,Store,62,null,531,1
8232,Store,95,null,531,1
8233,Store,21,null,531,1
8234,Store,47,null,531,1
8235,Store,11,null,531,1
8236,Store,91,null,531,1
8237,Store,112,null,531,1
8238,Store,119,null,531,1
8239,Store,30,null,531,1
8240,Store,15,null,531,1
8241,Store,29,null,531,1
8242,Store,110,null,531,1
8243,Store,17,null,531,1
8244,Store,99,null,531,1
8245,Store,76,null,531,1
8246,Store,20,null,531,1
8247,Store,44,null,531,1
8248,Store,34,null,531,1
8249,Store,107,null,531,1
8250,Store,89,null,531,1
8251,Store,39,null,531,1
8252,Store,38,null,531,1
8253,Store,87,null,531,1
8254,Store,75,null,531,1
8255,Store,92,null,531,1
8256,Store,43,null,531,1
8257,Store,26,null,531,1
8258,Store,108,null,531,1
8259,Store,79,null,531,1
8260,Warehouse,null,5,531,4
8261,Warehouse,null,4,531,10
8262,Warehouse,null,12,531,4
8263,Warehouse,null,8,531,4
8264,Warehouse,null,7,531,3
8265,Store,56,null,532,3
8266,Store,120,null,532,1
8267,Store,110,null,532,2
8268,Store,11,null,532,2
8269,Store,39,null,532,2
8270,Store,94,null,532,2
8271,Store,81,null,532,2
8272,Store,13,null,532,2
8273,Store,66,null,532,2
8274,Store,115,null,532,2
8275,Store,24,null,532,3
8276,Store,95,null,532,2
8277,Store,91,null,532,1
8278,Store,3,null,532,2
8279,Store,23,null,532,2
8280,Store,55,null,532,2
8281,Store,92,null,532,1
8282,Store,44,null,532,3
8283,Store,101,null,532,1
8284,Warehouse,null,6,532,7
8285,Warehouse,null,8,532,3
8286,Warehouse,null,12,532,7
8287,Warehouse,null,1,532,3
8288,Warehouse,null,3,532,4
8289,Store,84,null,533,1
8290,Store,85,null,533,1
8291,Store,67,null,533,1
8292,Store,32,null,533,1
8293,Store,57,null,533,1
8294,Store,97,null,533,1
8295,Store,11,null,533,1
8296,Store,99,null,533,1
8297,Store,17,null,533,1
8298,Store,53,null,533,1
8299,Store,72,null,533,1
8300,Store,48,null,533,1
8301,Store,43,null,533,1
8302,Store,119,null,533,1
8303,Store,19,null,533,1
8304,Store,107,null,533,1
8305,Store,113,null,533,1
8306,Store,15,null,533,1
8307,Store,1,null,533,1
8308,Store,76,null,533,1
8309,Store,88,null,533,1
8310,Store,5,null,533,1
8311,Store,115,null,533,1
8312,Store,21,null,533,1
8313,Store,92,null,533,1
8314,Store,54,null,533,1
8315,Store,89,null,533,1
8316,Store,58,null,533,1
8317,Store,51,null,533,1
8318,Store,69,null,533,1
8319,Store,46,null,533,1
8320,Store,82,null,533,1
8321,Store,23,null,533,1
8322,Store,87,null,533,1
8323,Store,94,null,533,1
8324,Store,4,null,533,1
8325,Store,41,null,533,1
8326,Warehouse,null,10,533,3
8327,Warehouse,null,3,533,3
8328,Warehouse,null,9,533,3
8329,Warehouse,null,1,533,1
8330,Warehouse,null,7,533,9
8331,Warehouse,null,12,533,3
8332,Warehouse,null,5,533,3
8333,Store,50,null,534,3
8334,Store,71,null,534,2
8335,Store,39,null,534,4
8336,Store,74,null,534,2
8337,Store,78,null,534,3
8338,Store,96,null,534,2
8339,Store,68,null,534,4
8340,Store,117,null,534,6
8341,Store,109,null,534,1
8342,Store,51,null,534,2
8343,Warehouse,null,7,534,6
8344,Warehouse,null,12,534,3
8345,Warehouse,null,9,534,3
8346,Warehouse,null,1,534,2
8347,Warehouse,null,11,534,5
8348,Store,76,null,535,1
8349,Store,89,null,535,1
8350,Store,86,null,535,1
8351,Store,44,null,535,1
8352,Store,111,null,535,1
8353,Store,4,null,535,1
8354,Store,62,null,535,1
8355,Store,68,null,535,1
8356,Store,49,null,535,1
8357,Store,92,null,535,1
8358,Store,98,null,535,1
8359,Store,82,null,535,1
8360,Store,55,null,535,1
8361,Store,117,null,535,1
8362,Store,31,null,535,1
8363,Store,102,null,535,1
8364,Store,16,null,535,1
8365,Store,100,null,535,1
8366,Store,88,null,535,1
8367,Store,34,null,535,1
8368,Store,78,null,535,1
8369,Store,97,null,535,1
8370,Store,35,null,535,1
8371,Store,28,null,535,1
8372,Store,45,null,535,1
8373,Warehouse,null,1,535,4
8374,Warehouse,null,12,535,5
8375,Warehouse,null,3,535,8
8376,Store,25,null,536,1
8377,Store,102,null,536,1
8378,Store,95,null,536,1
8379,Store,75,null,536,1
8380,Store,85,null,536,1
8381,Store,26,null,536,1
8382,Store,7,null,536,1
8383,Store,53,null,536,1
8384,Store,31,null,536,1
8385,Store,82,null,536,1
8386,Store,73,null,536,1
8387,Store,111,null,536,1
8388,Store,51,null,536,1
8389,Store,97,null,536,1
8390,Store,99,null,536,1
8391,Store,1,null,536,1
8392,Store,10,null,536,1
8393,Store,41,null,536,1
8394,Store,66,null,536,1
8395,Warehouse,null,11,536,2
8396,Warehouse,null,12,536,6
8397,Warehouse,null,2,536,5
8398,Store,44,null,537,1
8399,Store,18,null,537,2
8400,Store,101,null,537,1
8401,Store,13,null,537,2
8402,Store,6,null,537,2
8403,Store,47,null,537,2
8404,Store,99,null,537,2
8405,Store,7,null,537,3
8406,Store,46,null,537,2
8407,Store,34,null,537,2
8408,Warehouse,null,1,537,5
8409,Warehouse,null,2,537,7
8410,Store,90,null,538,1
8411,Store,96,null,538,1
8412,Store,16,null,538,1
8413,Store,43,null,538,1
8414,Store,49,null,538,1
8415,Store,106,null,538,1
8416,Store,19,null,538,1
8417,Store,54,null,538,1
8418,Store,94,null,538,1
8419,Store,86,null,538,1
8420,Store,32,null,538,1
8421,Store,64,null,538,1
8422,Store,55,null,538,1
8423,Store,2,null,538,1
8424,Store,57,null,538,1
8425,Store,28,null,538,1
8426,Warehouse,null,7,538,6
8427,Warehouse,null,6,538,5
8428,Store,53,null,539,1
8429,Store,80,null,539,1
8430,Store,33,null,539,1
8431,Store,106,null,539,1
8432,Store,74,null,539,1
8433,Store,36,null,539,1
8434,Store,82,null,539,1
8435,Store,76,null,539,1
8436,Store,55,null,539,1
8437,Store,12,null,539,1
8438,Store,108,null,539,1
8439,Store,99,null,539,1
8440,Store,69,null,539,1
8441,Store,60,null,539,1
8442,Store,17,null,539,1
8443,Store,115,null,539,1
8444,Store,47,null,539,1
8445,Warehouse,null,8,539,8
8446,Warehouse,null,5,539,2
8447,Warehouse,null,4,539,1
8448,Store,20,null,540,1
8449,Store,81,null,540,1
8450,Store,110,null,540,1
8451,Store,7,null,540,1
8452,Store,21,null,540,1
8453,Store,1,null,540,1
8454,Store,11,null,540,1
8455,Store,77,null,540,1
8456,Store,119,null,540,1
8457,Store,88,null,540,1
8458,Store,118,null,540,1
8459,Store,92,null,540,1
8460,Store,37,null,540,1
8461,Store,36,null,540,1
8462,Store,46,null,540,1
8463,Store,99,null,540,1
8464,Warehouse,null,9,540,2
8465,Warehouse,null,11,540,4
8466,Warehouse,null,2,540,5
8467,Store,106,null,541,1
8468,Store,58,null,541,2
8469,Store,97,null,541,2
8470,Store,16,null,541,3
8471,Store,20,null,541,2
8472,Store,37,null,541,3
8473,Store,65,null,541,1
8474,Store,92,null,541,1
8475,Warehouse,null,9,541,4
8476,Warehouse,null,4,541,4
8477,Warehouse,null,11,541,2
8478,Store,40,null,542,3
8479,Store,9,null,542,2
8480,Store,34,null,542,4
8481,Store,75,null,542,4
8482,Store,106,null,542,3
8483,Store,33,null,542,2
8484,Store,50,null,542,2
8485,Warehouse,null,6,542,6
8486,Warehouse,null,7,542,4
8487,Warehouse,null,3,542,4
8488,Store,62,null,543,1
8489,Store,107,null,543,1
8490,Store,58,null,543,1
8491,Store,95,null,543,1
8492,Store,60,null,543,1
8493,Store,85,null,543,1
8494,Store,100,null,543,1
8495,Store,37,null,543,1
8496,Store,94,null,543,1
8497,Store,67,null,543,1
8498,Store,101,null,543,1
8499,Store,86,null,543,1
8500,Store,18,null,543,1
8501,Store,48,null,543,1
8502,Store,105,null,543,1
8503,Store,20,null,543,1
8504,Store,52,null,543,1
8505,Store,87,null,543,1
8506,Warehouse,null,3,543,7
8507,Warehouse,null,4,543,5
8508,Store,1,null,544,4
8509,Store,114,null,544,1
8510,Store,36,null,544,3
8511,Store,46,null,544,1
8512,Store,27,null,544,2
8513,Store,96,null,544,1
8514,Store,29,null,544,1
8515,Store,107,null,544,2
8516,Store,118,null,544,2
8517,Warehouse,null,11,544,9
8518,Warehouse,null,8,544,3
8519,Store,12,null,545,2
8520,Store,62,null,545,3
8521,Store,16,null,545,4
8522,Store,42,null,545,3
8523,Store,105,null,545,2
8524,Store,112,null,545,3
8525,Warehouse,null,12,545,7
8526,Warehouse,null,6,545,5
8527,Store,104,null,546,1
8528,Store,18,null,546,3
8529,Store,86,null,546,1
8530,Store,28,null,546,2
8531,Store,62,null,546,1
8532,Store,65,null,546,2
8533,Store,21,null,546,3
8534,Store,15,null,546,3
8535,Store,116,null,546,1
8536,Warehouse,null,8,546,2
8537,Warehouse,null,7,546,9
8538,Store,67,null,547,1
8539,Store,78,null,547,2
8540,Store,7,null,547,2
8541,Store,83,null,547,2
8542,Store,36,null,547,2
8543,Store,80,null,547,3
8544,Store,89,null,547,2
8545,Warehouse,null,9,547,7
8546,Warehouse,null,12,547,3
8547,Store,59,null,548,1
8548,Store,73,null,548,1
8549,Store,7,null,548,3
8550,Store,104,null,548,3
8551,Store,103,null,548,2
8552,Store,47,null,548,1
8553,Store,48,null,548,2
8554,Warehouse,null,7,548,5
8555,Warehouse,null,3,548,4
8556,Store,57,null,549,1
8557,Store,111,null,549,1
8558,Store,98,null,549,4
8559,Store,119,null,549,1
8560,Store,66,null,549,3
8561,Store,105,null,549,1
8562,Store,82,null,549,2
8563,Store,25,null,549,3
8564,Store,86,null,549,1
8565,Warehouse,null,3,549,6
8566,Warehouse,null,1,549,6
8567,Store,86,null,550,1
8568,Store,29,null,550,2
8569,Store,76,null,550,1
8570,Store,30,null,550,3
8571,Store,61,null,550,2
8572,Store,41,null,550,3
8573,Store,107,null,550,3
8574,Store,119,null,550,1
8575,Warehouse,null,2,550,6
8576,Warehouse,null,4,550,2
8577,Warehouse,null,9,550,3
8578,Store,64,null,551,2
8579,Store,29,null,551,3
8580,Store,87,null,551,1
8581,Store,44,null,551,2
8582,Store,84,null,551,2
8583,Store,112,null,551,1
8584,Warehouse,null,6,551,7
8585,Store,35,null,552,1
8586,Store,19,null,552,2
8587,Store,101,null,552,3
8588,Store,69,null,552,3
8589,Store,115,null,552,1
8590,Store,60,null,552,2
8591,Store,51,null,552,2
8592,Store,53,null,552,2
8593,Warehouse,null,12,552,3
8594,Warehouse,null,11,552,4
8595,Warehouse,null,5,552,3
8596,Store,98,null,553,3
8597,Store,22,null,553,2
8598,Store,97,null,553,2
8599,Store,96,null,553,1
8600,Store,78,null,553,3
8601,Store,17,null,553,1
8602,Store,89,null,553,1
8603,Store,4,null,553,2
8604,Warehouse,null,12,553,4
8605,Warehouse,null,1,553,6
8606,Store,69,null,554,1
8607,Store,63,null,554,1
8608,Store,27,null,554,1
8609,Store,55,null,554,1
8610,Store,109,null,554,1
8611,Store,35,null,554,1
8612,Store,40,null,554,1
8613,Store,100,null,554,1
8614,Store,28,null,554,1
8615,Store,39,null,554,1
8616,Store,64,null,554,1
8617,Store,83,null,554,1
8618,Store,57,null,554,1
8619,Store,1,null,554,1
8620,Store,84,null,554,1
8621,Store,5,null,554,1
8622,Store,52,null,554,1
8623,Warehouse,null,5,554,3
8624,Warehouse,null,4,554,4
8625,Warehouse,null,7,554,5
8626,Store,19,null,555,1
8627,Store,63,null,555,1
8628,Store,92,null,555,1
8629,Store,41,null,555,1
8630,Store,117,null,555,1
8631,Store,51,null,555,1
8632,Store,105,null,555,1
8633,Store,77,null,555,1
8634,Store,107,null,555,1
8635,Store,69,null,555,1
8636,Store,101,null,555,1
8637,Store,80,null,555,1
8638,Store,44,null,555,1
8639,Store,22,null,555,1
8640,Warehouse,null,7,555,6
8641,Warehouse,null,4,555,4
8642,Store,28,null,556,1
8643,Store,8,null,556,3
8644,Store,15,null,556,2
8645,Store,119,null,556,1
8646,Store,56,null,556,2
8647,Store,27,null,556,2
8648,Store,61,null,556,2
8649,Warehouse,null,9,556,2
8650,Warehouse,null,1,556,6
8651,Store,100,null,557,1
8652,Store,38,null,557,2
8653,Store,91,null,557,2
8654,Store,45,null,557,1
8655,Store,106,null,557,1
8656,Store,88,null,557,2
8657,Store,84,null,557,2
8658,Store,89,null,557,3
8659,Store,70,null,557,2
8660,Store,118,null,557,3
8661,Warehouse,null,5,557,6
8662,Warehouse,null,12,557,6
8663,Store,95,null,558,1
8664,Store,37,null,558,1
8665,Store,46,null,558,1
8666,Store,89,null,558,1
8667,Store,28,null,558,1
8668,Store,94,null,558,1
8669,Store,76,null,558,1
8670,Store,85,null,558,1
8671,Store,5,null,558,1
8672,Store,1,null,558,1
8673,Store,7,null,558,1
8674,Store,117,null,558,1
8675,Store,52,null,558,1
8676,Store,38,null,558,1
8677,Store,51,null,558,1
8678,Store,107,null,558,1
8679,Store,118,null,558,1
8680,Store,8,null,558,1
8681,Store,57,null,558,1
8682,Warehouse,null,9,558,4
8683,Warehouse,null,1,558,6
8684,Warehouse,null,4,558,2
8685,Store,120,null,559,1
8686,Store,68,null,559,1
8687,Store,18,null,559,1
8688,Store,16,null,559,1
8689,Store,25,null,559,1
8690,Store,57,null,559,1
8691,Store,17,null,559,1
8692,Store,31,null,559,1
8693,Store,73,null,559,1
8694,Store,56,null,559,1
8695,Store,27,null,559,1
8696,Store,109,null,559,1
8697,Store,21,null,559,1
8698,Store,83,null,559,1
8699,Store,72,null,559,1
8700,Store,64,null,559,1
8701,Warehouse,null,3,559,5
8702,Warehouse,null,10,559,6
8703,Store,80,null,560,2
8704,Store,117,null,560,3
8705,Store,26,null,560,3
8706,Store,25,null,560,4
8707,Store,116,null,560,3
8708,Store,30,null,560,3
8709,Store,86,null,560,2
8710,Store,78,null,560,3
8711,Warehouse,null,12,560,3
8712,Warehouse,null,11,560,4
8713,Warehouse,null,8,560,3
8714,Warehouse,null,3,560,5
8715,Store,109,null,561,1
8716,Store,104,null,561,1
8717,Store,36,null,561,1
8718,Store,11,null,561,1
8719,Store,40,null,561,1
8720,Store,112,null,561,1
8721,Store,54,null,561,1
8722,Store,64,null,561,1
8723,Store,68,null,561,1
8724,Store,25,null,561,1
8725,Store,5,null,561,1
8726,Store,58,null,561,1
8727,Store,73,null,561,1
8728,Store,97,null,561,1
8729,Store,49,null,561,1
8730,Store,42,null,561,1
8731,Store,7,null,561,1
8732,Store,84,null,561,1
8733,Store,27,null,561,1
8734,Warehouse,null,4,561,6
8735,Warehouse,null,5,561,6
8736,Store,8,null,562,1
8737,Store,23,null,562,1
8738,Store,75,null,562,1
8739,Store,120,null,562,1
8740,Store,117,null,562,1
8741,Store,103,null,562,1
8742,Store,4,null,562,1
8743,Store,66,null,562,1
8744,Store,118,null,562,1
8745,Store,52,null,562,1
8746,Store,25,null,562,1
8747,Store,37,null,562,1
8748,Store,89,null,562,1
8749,Store,80,null,562,1
8750,Store,3,null,562,1
8751,Store,12,null,562,1
8752,Warehouse,null,2,562,7
8753,Warehouse,null,4,562,4
8754,Store,75,null,563,1
8755,Store,14,null,563,3
8756,Store,96,null,563,1
8757,Store,59,null,563,2
8758,Store,108,null,563,1
8759,Store,36,null,563,2
8760,Store,2,null,563,3
8761,Store,39,null,563,2
8762,Warehouse,null,11,563,3
8763,Warehouse,null,6,563,7
8764,Store,35,null,564,2
8765,Store,4,null,564,1
8766,Store,74,null,564,3
8767,Store,31,null,564,5
8768,Store,28,null,564,2
8769,Store,108,null,564,2
8770,Store,17,null,564,3
8771,Store,52,null,564,4
8772,Warehouse,null,6,564,4
8773,Warehouse,null,5,564,6
8774,Warehouse,null,1,564,4
8775,Warehouse,null,3,564,1
8776,Store,108,null,565,1
8777,Store,6,null,565,1
8778,Store,115,null,565,1
8779,Store,9,null,565,1
8780,Store,69,null,565,1
8781,Store,31,null,565,1
8782,Store,29,null,565,1
8783,Store,86,null,565,1
8784,Store,11,null,565,1
8785,Store,3,null,565,1
8786,Store,89,null,565,1
8787,Store,14,null,565,1
8788,Store,55,null,565,1
8789,Store,68,null,565,1
8790,Store,10,null,565,1
8791,Store,100,null,565,1
8792,Store,53,null,565,1
8793,Store,76,null,565,1
8794,Store,62,null,565,1
8795,Warehouse,null,5,565,6
8796,Warehouse,null,7,565,6
8797,Store,80,null,566,1
8798,Store,67,null,566,1
8799,Store,94,null,566,1
8800,Store,110,null,566,1
8801,Store,74,null,566,1
8802,Store,81,null,566,1
8803,Store,60,null,566,1
8804,Store,44,null,566,1
8805,Store,114,null,566,1
8806,Store,89,null,566,1
8807,Store,92,null,566,1
8808,Store,5,null,566,1
8809,Store,39,null,566,1
8810,Store,24,null,566,1
8811,Store,58,null,566,1
8812,Store,116,null,566,1
8813,Store,64,null,566,1
8814,Store,36,null,566,1
8815,Store,7,null,566,1
8816,Warehouse,null,4,566,5
8817,Warehouse,null,7,566,4
8818,Warehouse,null,2,566,4
8819,Store,88,null,567,1
8820,Store,70,null,567,1
8821,Store,73,null,567,1
8822,Store,45,null,567,1
8823,Store,43,null,567,1
8824,Store,93,null,567,1
8825,Store,83,null,567,1
8826,Store,95,null,567,1
8827,Store,46,null,567,1
8828,Store,64,null,567,1
8829,Store,113,null,567,1
8830,Store,8,null,567,1
8831,Store,98,null,567,1
8832,Store,104,null,567,1
8833,Store,119,null,567,1
8834,Store,90,null,567,1
8835,Store,48,null,567,1
8836,Store,97,null,567,1
8837,Store,105,null,567,1
8838,Warehouse,null,9,567,4
8839,Warehouse,null,6,567,9
8840,Store,77,null,568,1
8841,Store,114,null,568,1
8842,Store,63,null,568,1
8843,Store,111,null,568,1
8844,Store,76,null,568,1
8845,Store,7,null,568,1
8846,Store,82,null,568,1
8847,Store,103,null,568,1
8848,Store,116,null,568,1
8849,Store,59,null,568,1
8850,Store,85,null,568,1
8851,Store,70,null,568,1
8852,Store,14,null,568,1
8853,Store,81,null,568,1
8854,Store,53,null,568,1
8855,Store,9,null,568,1
8856,Store,33,null,568,1
8857,Store,89,null,568,1
8858,Store,83,null,568,1
8859,Store,73,null,568,1
8860,Store,50,null,568,1
8861,Store,10,null,568,1
8862,Warehouse,null,12,568,2
8863,Warehouse,null,1,568,7
8864,Warehouse,null,5,568,6
8865,Store,112,null,569,1
8866,Store,79,null,569,2
8867,Store,61,null,569,3
8868,Store,80,null,569,1
8869,Store,23,null,569,2
8870,Store,69,null,569,1
8871,Store,90,null,569,3
8872,Warehouse,null,1,569,4
8873,Warehouse,null,7,569,4
8874,Store,13,null,570,1
8875,Store,72,null,570,1
8876,Store,44,null,570,1
8877,Store,38,null,570,1
8878,Store,14,null,570,1
8879,Store,28,null,570,1
8880,Store,17,null,570,1
8881,Store,94,null,570,1
8882,Store,92,null,570,1
8883,Store,86,null,570,1
8884,Store,56,null,570,1
8885,Store,116,null,570,1
8886,Store,49,null,570,1
8887,Warehouse,null,7,570,4
8888,Warehouse,null,12,570,4
8889,Store,117,null,571,2
8890,Store,86,null,571,2
8891,Store,103,null,571,3
8892,Store,31,null,571,4
8893,Store,64,null,571,2
8894,Warehouse,null,2,571,3
8895,Warehouse,null,8,571,5
8896,Store,54,null,572,1
8897,Store,6,null,572,1
8898,Store,31,null,572,1
8899,Store,108,null,572,1
8900,Store,64,null,572,1
8901,Store,28,null,572,1
8902,Store,119,null,572,1
8903,Store,26,null,572,1
8904,Store,73,null,572,1
8905,Store,41,null,572,1
8906,Store,112,null,572,1
8907,Warehouse,null,2,572,2
8908,Warehouse,null,11,572,5
8909,Store,56,null,573,2
8910,Store,93,null,573,4
8911,Store,12,null,573,3
8912,Store,35,null,573,2
8913,Warehouse,null,2,573,7
8914,Store,22,null,574,2
8915,Store,67,null,574,1
8916,Store,29,null,574,1
8917,Store,43,null,574,3
8918,Store,82,null,574,2
8919,Store,53,null,574,3
8920,Store,79,null,574,1
8921,Warehouse,null,4,574,6
8922,Warehouse,null,3,574,2
8923,Store,38,null,575,1
8924,Store,23,null,575,1
8925,Store,29,null,575,1
8926,Store,89,null,575,1
8927,Store,114,null,575,1
8928,Store,57,null,575,1
8929,Store,3,null,575,1
8930,Store,41,null,575,1
8931,Store,109,null,575,1
8932,Store,91,null,575,1
8933,Store,99,null,575,1
8934,Store,110,null,575,1
8935,Store,6,null,575,1
8936,Store,35,null,575,1
8937,Store,47,null,575,1
8938,Warehouse,null,2,575,5
8939,Warehouse,null,4,575,5
8940,Store,56,null,576,1
8941,Store,32,null,576,4
8942,Store,17,null,576,6
8943,Store,94,null,576,2
8944,Store,110,null,576,1
8945,Warehouse,null,4,576,3
8946,Warehouse,null,6,576,7
8947,Store,56,null,577,1
8948,Store,120,null,577,1
8949,Store,73,null,577,1
8950,Store,39,null,577,1
8951,Store,89,null,577,1
8952,Store,85,null,577,1
8953,Store,28,null,577,1
8954,Store,117,null,577,1
8955,Store,62,null,577,1
8956,Store,6,null,577,1
8957,Store,10,null,577,1
8958,Store,101,null,577,1
8959,Store,9,null,577,1
8960,Warehouse,null,7,577,3
8961,Warehouse,null,2,577,5
8962,Store,35,null,578,4
8963,Store,91,null,578,1
8964,Store,7,null,578,5
8965,Store,60,null,578,2
8966,Warehouse,null,7,578,4
8967,Warehouse,null,12,578,4
8968,Store,120,null,579,5
8969,Store,96,null,579,2
8970,Store,68,null,579,2
8971,Store,14,null,579,1
8972,Store,35,null,579,1
8973,Store,34,null,579,1
8974,Store,2,null,579,1
8975,Store,24,null,579,1
8976,Store,82,null,579,4
8977,Warehouse,null,8,579,3
8978,Warehouse,null,6,579,5
8979,Warehouse,null,12,579,4
8980,Store,97,null,580,3
8981,Store,102,null,580,2
8982,Store,52,null,580,1
8983,Store,80,null,580,3
8984,Store,85,null,580,3
8985,Store,41,null,580,3
8986,Store,4,null,580,1
8987,Store,10,null,580,3
8988,Store,83,null,580,1
8989,Store,26,null,580,1
8990,Store,48,null,580,1
8991,Warehouse,null,2,580,4
8992,Warehouse,null,7,580,6
8993,Warehouse,null,6,580,4
8994,Store,114,null,581,3
8995,Store,1,null,581,1
8996,Store,89,null,581,1
8997,Store,36,null,581,2
8998,Store,97,null,581,2
8999,Store,50,null,581,3
9000,Store,33,null,581,1
9001,Store,20,null,581,2
9002,Warehouse,null,5,581,2
9003,Warehouse,null,8,581,3
9004,Warehouse,null,3,581,5
9005,Store,89,null,582,1
9006,Store,77,null,582,1
9007,Store,80,null,582,4
9008,Store,65,null,582,2
9009,Store,15,null,582,1
9010,Store,70,null,582,3
9011,Store,74,null,582,1
9012,Store,1,null,582,2
9013,Store,50,null,582,3
9014,Store,35,null,582,2
9015,Warehouse,null,9,582,7
9016,Warehouse,null,10,582,6
9017,Store,2,null,583,1
9018,Store,110,null,583,1
9019,Store,61,null,583,1
9020,Store,8,null,583,1
9021,Store,58,null,583,1
9022,Store,67,null,583,1
9023,Store,19,null,583,1
9024,Store,107,null,583,1
9025,Store,73,null,583,1
9026,Store,56,null,583,1
9027,Store,94,null,583,1
9028,Store,16,null,583,1
9029,Store,95,null,583,1
9030,Store,68,null,583,1
9031,Store,116,null,583,1
9032,Store,102,null,583,1
9033,Store,92,null,583,1
9034,Warehouse,null,6,583,6
9035,Warehouse,null,7,583,6
9036,Store,54,null,584,4
9037,Store,91,null,584,3
9038,Store,1,null,584,4
9039,Store,40,null,584,2
9040,Store,61,null,584,3
9041,Store,6,null,584,1
9042,Store,99,null,584,4
9043,Warehouse,null,2,584,2
9044,Warehouse,null,1,584,5
9045,Warehouse,null,8,584,4
9046,Warehouse,null,10,584,3
9047,Store,52,null,585,1
9048,Store,61,null,585,1
9049,Store,81,null,585,2
9050,Store,31,null,585,2
9051,Store,3,null,585,3
9052,Store,65,null,585,2
9053,Store,96,null,585,4
9054,Store,80,null,585,2
9055,Store,84,null,585,2
9056,Store,104,null,585,1
9057,Warehouse,null,4,585,4
9058,Warehouse,null,12,585,5
9059,Warehouse,null,9,585,3
9060,Warehouse,null,7,585,2
9061,Store,113,null,586,3
9062,Store,110,null,586,3
9063,Store,28,null,586,2
9064,Store,118,null,586,1
9065,Store,107,null,586,1
9066,Store,14,null,586,1
9067,Store,73,null,586,2
9068,Store,22,null,586,3
9069,Store,62,null,586,2
9070,Warehouse,null,1,586,2
9071,Warehouse,null,4,586,7
9072,Warehouse,null,5,586,3
9073,Store,59,null,587,4
9074,Store,47,null,587,1
9075,Store,99,null,587,1
9076,Store,58,null,587,1
9077,Store,102,null,587,2
9078,Store,19,null,587,4
9079,Store,85,null,587,3
9080,Store,12,null,587,1
9081,Store,76,null,587,1
9082,Warehouse,null,5,587,5
9083,Warehouse,null,3,587,2
9084,Warehouse,null,9,587,5
9085,Store,30,null,588,2
9086,Store,89,null,588,2
9087,Store,44,null,588,1
9088,Store,50,null,588,3
9089,Store,23,null,588,2
9090,Store,41,null,588,2
9091,Store,37,null,588,2
9092,Warehouse,null,3,588,5
9093,Warehouse,null,10,588,5
9094,Store,67,null,589,5
9095,Store,70,null,589,3
9096,Store,84,null,589,5
9097,Store,78,null,589,1
9098,Store,44,null,589,1
9099,Store,73,null,589,3
9100,Store,19,null,589,2
9101,Warehouse,null,12,589,8
9102,Warehouse,null,4,589,5
9103,Store,111,null,590,4
9104,Store,48,null,590,2
9105,Store,100,null,590,1
9106,Store,107,null,590,1
9107,Store,72,null,590,1
9108,Store,105,null,590,4
9109,Store,68,null,590,1
9110,Store,75,null,590,2
9111,Warehouse,null,12,590,4
9112,Warehouse,null,5,590,7
9113,Store,114,null,591,1
9114,Store,52,null,591,2
9115,Store,51,null,591,2
9116,Store,108,null,591,3
9117,Store,29,null,591,2
9118,Store,23,null,591,2
9119,Store,32,null,591,3
9120,Store,101,null,591,1
9121,Warehouse,null,4,591,4
9122,Warehouse,null,11,591,7
9123,Store,92,null,592,3
9124,Store,84,null,592,2
9125,Store,102,null,592,1
9126,Store,101,null,592,1
9127,Store,5,null,592,3
9128,Store,23,null,592,3
9129,Store,91,null,592,1
9130,Warehouse,null,12,592,5
9131,Warehouse,null,5,592,5
9132,Store,103,null,593,1
9133,Store,69,null,593,2
9134,Store,97,null,593,1
9135,Store,67,null,593,2
9136,Store,116,null,593,2
9137,Store,70,null,593,3
9138,Store,112,null,593,2
9139,Store,1,null,593,3
9140,Warehouse,null,7,593,5
9141,Warehouse,null,10,593,2
9142,Warehouse,null,12,593,4
9143,Store,49,null,594,1
9144,Store,31,null,594,1
9145,Store,13,null,594,1
9146,Store,81,null,594,1
9147,Store,1,null,594,1
9148,Store,95,null,594,1
9149,Store,10,null,594,1
9150,Store,5,null,594,1
9151,Store,114,null,594,1
9152,Store,68,null,594,1
9153,Store,73,null,594,1
9154,Store,4,null,594,1
9155,Store,72,null,594,1
9156,Store,54,null,594,1
9157,Store,27,null,594,1
9158,Store,36,null,594,1
9159,Warehouse,null,2,594,3
9160,Warehouse,null,9,594,4
9161,Warehouse,null,5,594,4
9162,Store,38,null,595,2
9163,Store,28,null,595,3
9164,Store,78,null,595,1
9165,Store,66,null,595,2
9166,Store,103,null,595,3
9167,Store,102,null,595,2
9168,Store,22,null,595,2
9169,Store,111,null,595,1
9170,Warehouse,null,1,595,1
9171,Warehouse,null,4,595,4
9172,Warehouse,null,7,595,6
9173,Store,50,null,596,2
9174,Store,82,null,596,2
9175,Store,60,null,596,1
9176,Store,32,null,596,3
9177,Store,37,null,596,1
9178,Store,21,null,596,2
9179,Store,29,null,596,2
9180,Store,110,null,596,2
9181,Store,61,null,596,2
9182,Store,55,null,596,2
9183,Warehouse,null,8,596,5
9184,Warehouse,null,12,596,8
9185,Store,11,null,597,1
9186,Store,91,null,597,1
9187,Store,87,null,597,1
9188,Store,72,null,597,1
9189,Store,62,null,597,1
9190,Store,77,null,597,1
9191,Store,46,null,597,1
9192,Store,33,null,597,1
9193,Store,79,null,597,1
9194,Store,68,null,597,1
9195,Store,36,null,597,1
9196,Store,32,null,597,1
9197,Store,18,null,597,1
9198,Store,39,null,597,1
9199,Store,9,null,597,1
9200,Store,119,null,597,1
9201,Store,113,null,597,1
9202,Store,35,null,597,1
9203,Store,90,null,597,1
9204,Store,37,null,597,1
9205,Warehouse,null,5,597,5
9206,Warehouse,null,2,597,5
9207,Warehouse,null,1,597,3
9208,Store,39,null,598,1
9209,Store,60,null,598,1
9210,Store,12,null,598,1
9211,Store,114,null,598,1
9212,Store,42,null,598,1
9213,Store,74,null,598,1
9214,Store,70,null,598,1
9215,Store,95,null,598,1
9216,Store,119,null,598,1
9217,Store,77,null,598,1
9218,Store,71,null,598,1
9219,Store,81,null,598,1
9220,Store,88,null,598,1
9221,Store,17,null,598,1
9222,Store,116,null,598,1
9223,Warehouse,null,10,598,5
9224,Warehouse,null,12,598,5
9225,Store,18,null,599,2
9226,Store,65,null,599,2
9227,Store,17,null,599,2
9228,Store,114,null,599,2
9229,Store,73,null,599,1
9230,Store,88,null,599,1
9231,Store,35,null,599,4
9232,Warehouse,null,6,599,3
9233,Warehouse,null,11,599,7
9234,Store,39,null,600,1
9235,Store,86,null,600,1
9236,Store,101,null,600,1
9237,Store,76,null,600,1
9238,Store,5,null,600,1
9239,Store,110,null,600,1
9240,Store,80,null,600,1
9241,Store,114,null,600,1
9242,Store,82,null,600,1
9243,Store,36,null,600,1
9244,Store,115,null,600,1
9245,Store,103,null,600,1
9246,Store,28,null,600,1
9247,Store,38,null,600,1
9248,Store,84,null,600,1
9249,Store,100,null,600,1
9250,Store,47,null,600,1
9251,Store,50,null,600,1
9252,Warehouse,null,2,600,5
9253,Warehouse,null,8,600,4
9254,Warehouse,null,1,600,3
9255,Store,49,null,601,1
9256,Store,95,null,601,1
9257,Store,112,null,601,1
9258,Store,113,null,601,1
9259,Store,24,null,601,1
9260,Store,55,null,601,1
9261,Store,51,null,601,1
9262,Store,28,null,601,1
9263,Store,88,null,601,1
9264,Store,110,null,601,1
9265,Store,17,null,601,1
9266,Store,94,null,601,1
9267,Store,47,null,601,1
9268,Store,50,null,601,1
9269,Store,5,null,601,1
9270,Store,109,null,601,1
9271,Store,114,null,601,1
9272,Warehouse,null,2,601,5
9273,Warehouse,null,9,601,5
9274,Warehouse,null,12,601,2
9275,Store,103,null,602,1
9276,Store,9,null,602,1
9277,Store,69,null,602,1
9278,Store,76,null,602,1
9279,Store,44,null,602,1
9280,Store,48,null,602,1
9281,Store,111,null,602,1
9282,Store,22,null,602,1
9283,Store,38,null,602,1
9284,Store,80,null,602,1
9285,Store,18,null,602,1
9286,Store,109,null,602,1
9287,Store,78,null,602,1
9288,Store,105,null,602,1
9289,Store,26,null,602,1
9290,Store,74,null,602,1
9291,Store,91,null,602,1
9292,Warehouse,null,2,602,3
9293,Warehouse,null,1,602,4
9294,Warehouse,null,7,602,4
9295,Store,119,null,603,2
9296,Store,37,null,603,1
9297,Store,40,null,603,3
9298,Store,81,null,603,4
9299,Store,92,null,603,2
9300,Store,20,null,603,1
9301,Store,120,null,603,1
9302,Store,52,null,603,1
9303,Warehouse,null,11,603,4
9304,Warehouse,null,12,603,6
9305,Store,115,null,604,1
9306,Store,95,null,604,1
9307,Store,40,null,604,1
9308,Store,117,null,604,1
9309,Store,99,null,604,1
9310,Store,53,null,604,1
9311,Store,104,null,604,1
9312,Store,85,null,604,1
9313,Store,12,null,604,1
9314,Store,58,null,604,1
9315,Store,113,null,604,1
9316,Store,106,null,604,1
9317,Store,87,null,604,1
9318,Store,48,null,604,1
9319,Store,10,null,604,1
9320,Store,62,null,604,1
9321,Store,7,null,604,1
9322,Store,72,null,604,1
9323,Store,29,null,604,1
9324,Warehouse,null,10,604,4
9325,Warehouse,null,3,604,8
9326,Store,116,null,605,1
9327,Store,6,null,605,1
9328,Store,79,null,605,1
9329,Store,85,null,605,1
9330,Store,73,null,605,1
9331,Store,51,null,605,1
9332,Store,61,null,605,1
9333,Store,82,null,605,1
9334,Store,91,null,605,1
9335,Store,27,null,605,1
9336,Store,2,null,605,1
9337,Store,68,null,605,1
9338,Store,81,null,605,1
9339,Store,86,null,605,1
9340,Store,99,null,605,1
9341,Store,98,null,605,1
9342,Store,101,null,605,1
9343,Store,4,null,605,1
9344,Store,109,null,605,1
9345,Warehouse,null,4,605,4
9346,Warehouse,null,2,605,3
9347,Warehouse,null,12,605,5
9348,Store,90,null,606,3
9349,Store,19,null,606,3
9350,Store,10,null,606,2
9351,Store,52,null,606,4
9352,Store,120,null,606,3
9353,Warehouse,null,4,606,4
9354,Warehouse,null,1,606,6
9355,Store,91,null,607,1
9356,Store,13,null,607,1
9357,Store,12,null,607,1
9358,Store,112,null,607,1
9359,Store,98,null,607,1
9360,Store,22,null,607,1
9361,Store,65,null,607,1
9362,Store,53,null,607,1
9363,Store,40,null,607,1
9364,Store,73,null,607,1
9365,Store,97,null,607,1
9366,Store,107,null,607,1
9367,Store,69,null,607,1
9368,Store,85,null,607,1
9369,Store,16,null,607,1
9370,Store,34,null,607,1
9371,Store,10,null,607,1
9372,Warehouse,null,8,607,5
9373,Warehouse,null,5,607,6
9374,Store,16,null,608,2
9375,Store,73,null,608,4
9376,Store,67,null,608,3
9377,Store,81,null,608,1
9378,Store,74,null,608,2
9379,Store,24,null,608,1
9380,Store,97,null,608,1
9381,Warehouse,null,8,608,4
9382,Warehouse,null,3,608,3
9383,Warehouse,null,4,608,3
9384,Store,106,null,609,1
9385,Store,109,null,609,5
9386,Store,19,null,609,1
9387,Store,14,null,609,1
9388,Store,85,null,609,2
9389,Store,53,null,609,1
9390,Store,117,null,609,3
9391,Store,107,null,609,1
9392,Store,70,null,609,3
9393,Store,113,null,609,1
9394,Warehouse,null,10,609,4
9395,Warehouse,null,3,609,5
9396,Warehouse,null,5,609,3
9397,Store,74,null,610,1
9398,Store,55,null,610,4
9399,Store,59,null,610,1
9400,Store,36,null,610,4
9401,Store,65,null,610,1
9402,Store,32,null,610,1
9403,Store,80,null,610,2
9404,Warehouse,null,3,610,7
9405,Warehouse,null,9,610,2
9406,Store,11,null,611,5
9407,Store,116,null,611,2
9408,Store,22,null,611,1
9409,Store,47,null,611,2
9410,Store,58,null,611,1
9411,Store,53,null,611,1
9412,Store,7,null,611,2
9413,Warehouse,null,9,611,7
9414,Warehouse,null,5,611,3
9415,Store,53,null,612,1
9416,Store,76,null,612,6
9417,Store,65,null,612,4
9418,Store,48,null,612,2
9419,Store,18,null,612,1
9420,Warehouse,null,2,612,5
9421,Warehouse,null,9,612,5
9422,Store,87,null,613,3
9423,Store,98,null,613,3
9424,Store,119,null,613,1
9425,Store,9,null,613,1
9426,Store,52,null,613,2
9427,Store,85,null,613,1
9428,Store,42,null,613,2
9429,Store,15,null,613,2
9430,Store,48,null,613,3
9431,Store,35,null,613,1
9432,Warehouse,null,11,613,6
9433,Warehouse,null,6,613,6
9434,Store,114,null,614,2
9435,Store,82,null,614,3
9436,Store,67,null,614,1
9437,Store,97,null,614,2
9438,Store,50,null,614,2
9439,Store,89,null,614,2
9440,Store,94,null,614,1
9441,Warehouse,null,12,614,5
9442,Warehouse,null,2,614,4
9443,Store,73,null,615,2
9444,Store,100,null,615,2
9445,Store,93,null,615,3
9446,Store,11,null,615,1
9447,Store,68,null,615,2
9448,Store,57,null,615,1
9449,Store,104,null,615,2
9450,Store,69,null,615,2
9451,Warehouse,null,10,615,3
9452,Warehouse,null,3,615,2
9453,Warehouse,null,12,615,5
9454,Store,64,null,616,2
9455,Store,103,null,616,2
9456,Store,67,null,616,3
9457,Store,44,null,616,3
9458,Store,107,null,616,2
9459,Store,56,null,616,1
9460,Store,92,null,616,2
9461,Store,30,null,616,1
9462,Warehouse,null,5,616,7
9463,Warehouse,null,4,616,4
9464,Store,96,null,617,1
9465,Store,23,null,617,4
9466,Store,8,null,617,2
9467,Store,107,null,617,2
9468,Store,47,null,617,4
9469,Store,13,null,617,3
9470,Warehouse,null,8,617,6
9471,Warehouse,null,12,617,5
9472,Store,78,null,618,1
9473,Store,44,null,618,1
9474,Store,10,null,618,1
9475,Store,67,null,618,1
9476,Store,34,null,618,1
9477,Store,26,null,618,1
9478,Store,17,null,618,1
9479,Store,81,null,618,1
9480,Store,113,null,618,1
9481,Store,58,null,618,1
9482,Store,73,null,618,1
9483,Store,114,null,618,1
9484,Store,71,null,618,1
9485,Store,90,null,618,1
9486,Store,24,null,618,1
9487,Store,88,null,618,1
9488,Store,79,null,618,1
9489,Store,48,null,618,1
9490,Store,116,null,618,1
9491,Store,9,null,618,1
9492,Warehouse,null,4,618,4
9493,Warehouse,null,3,618,1
9494,Warehouse,null,10,618,4
9495,Warehouse,null,12,618,4
9496,Store,115,null,619,1
9497,Store,70,null,619,1
9498,Store,22,null,619,1
9499,Store,110,null,619,1
9500,Store,49,null,619,1
9501,Store,17,null,619,1
9502,Store,59,null,619,1
9503,Store,20,null,619,1
9504,Store,41,null,619,1
9505,Store,36,null,619,1
9506,Store,28,null,619,1
9507,Store,90,null,619,1
9508,Store,52,null,619,1
9509,Store,103,null,619,1
9510,Store,1,null,619,1
9511,Store,77,null,619,1
9512,Store,120,null,619,1
9513,Store,3,null,619,1
9514,Store,98,null,619,1
9515,Store,2,null,619,1
9516,Warehouse,null,5,619,6
9517,Warehouse,null,2,619,7
9518,Store,78,null,620,1
9519,Store,64,null,620,1
9520,Store,60,null,620,1
9521,Store,63,null,620,1
9522,Store,50,null,620,1
9523,Store,47,null,620,1
9524,Store,21,null,620,1
9525,Store,11,null,620,1
9526,Store,119,null,620,1
9527,Store,104,null,620,1
9528,Store,92,null,620,1
9529,Store,3,null,620,1
9530,Store,71,null,620,1
9531,Store,91,null,620,1
9532,Warehouse,null,1,620,6
9533,Warehouse,null,3,620,4
9534,Store,93,null,621,2
9535,Store,86,null,621,3
9536,Store,9,null,621,1
9537,Store,104,null,621,2
9538,Store,47,null,621,2
9539,Store,97,null,621,2
9540,Store,112,null,621,2
9541,Store,83,null,621,2
9542,Store,62,null,621,2
9543,Store,74,null,621,2
9544,Warehouse,null,3,621,4
9545,Warehouse,null,4,621,10
9546,Store,96,null,622,2
9547,Store,3,null,622,2
9548,Store,54,null,622,3
9549,Store,12,null,622,2
9550,Store,51,null,622,2
9551,Store,110,null,622,2
9552,Store,116,null,622,1
9553,Warehouse,null,9,622,3
9554,Warehouse,null,12,622,7
9555,Store,18,null,623,1
9556,Store,33,null,623,1
9557,Store,75,null,623,1
9558,Store,62,null,623,1
9559,Store,8,null,623,1
9560,Store,111,null,623,1
9561,Store,97,null,623,1
9562,Store,35,null,623,1
9563,Store,6,null,623,1
9564,Store,4,null,623,1
9565,Store,27,null,623,1
9566,Store,74,null,623,1
9567,Store,55,null,623,1
9568,Store,89,null,623,1
9569,Store,31,null,623,1
9570,Store,65,null,623,1
9571,Store,32,null,623,1
9572,Warehouse,null,1,623,5
9573,Warehouse,null,2,623,6
9574,Store,111,null,624,1
9575,Store,8,null,624,4
9576,Store,61,null,624,4
9577,Store,29,null,624,1
9578,Store,73,null,624,3
9579,Store,88,null,624,4
9580,Warehouse,null,7,624,8
9581,Warehouse,null,9,624,4
9582,Store,98,null,625,1
9583,Store,30,null,625,1
9584,Store,1,null,625,1
9585,Store,87,null,625,1
9586,Store,69,null,625,1
9587,Store,116,null,625,1
9588,Store,11,null,625,1
9589,Store,24,null,625,1
9590,Store,10,null,625,1
9591,Store,2,null,625,1
9592,Store,42,null,625,1
9593,Store,48,null,625,1
9594,Store,9,null,625,1
9595,Store,52,null,625,1
9596,Store,107,null,625,1
9597,Store,57,null,625,1
9598,Store,115,null,625,1
9599,Store,86,null,625,1
9600,Warehouse,null,4,625,4
9601,Warehouse,null,7,625,4
9602,Warehouse,null,9,625,4
9603,Store,35,null,626,1
9604,Store,100,null,626,1
9605,Store,113,null,626,1
9606,Store,82,null,626,1
9607,Store,72,null,626,1
9608,Store,8,null,626,1
9609,Store,114,null,626,1
9610,Store,96,null,626,1
9611,Store,101,null,626,1
9612,Store,61,null,626,1
9613,Store,109,null,626,1
9614,Warehouse,null,2,626,6
9615,Warehouse,null,12,626,2
9616,Store,75,null,627,1
9617,Store,21,null,627,3
9618,Store,54,null,627,3
9619,Store,114,null,627,1
9620,Store,23,null,627,5
9621,Warehouse,null,12,627,4
9622,Warehouse,null,10,627,4
9623,Store,95,null,628,1
9624,Store,62,null,628,3
9625,Store,39,null,628,3
9626,Store,87,null,628,1
9627,Store,120,null,628,2
9628,Store,71,null,628,1
9629,Store,36,null,628,2
9630,Warehouse,null,12,628,4
9631,Warehouse,null,8,628,5
9632,Store,47,null,629,1
9633,Store,16,null,629,1
9634,Store,59,null,629,1
9635,Store,61,null,629,1
9636,Store,32,null,629,1
9637,Store,2,null,629,1
9638,Store,42,null,629,1
9639,Store,25,null,629,1
9640,Store,3,null,629,1
9641,Store,93,null,629,1
9642,Store,9,null,629,1
9643,Store,89,null,629,1
9644,Store,103,null,629,1
9645,Warehouse,null,11,629,3
9646,Warehouse,null,5,629,5
9647,Store,9,null,630,1
9648,Store,28,null,630,1
9649,Store,5,null,630,1
9650,Store,2,null,630,1
9651,Store,1,null,630,1
9652,Store,112,null,630,1
9653,Store,59,null,630,1
9654,Store,18,null,630,1
9655,Store,56,null,630,1
9656,Store,31,null,630,1
9657,Store,45,null,630,1
9658,Store,68,null,630,1
9659,Store,66,null,630,1
9660,Warehouse,null,12,630,5
9661,Warehouse,null,6,630,3
9662,Store,74,null,631,1
9663,Store,20,null,631,1
9664,Store,5,null,631,1
9665,Store,89,null,631,3
9666,Store,24,null,631,1
9667,Store,37,null,631,4
9668,Store,7,null,631,1
9669,Store,105,null,631,3
9670,Store,70,null,631,2
9671,Warehouse,null,6,631,1
9672,Warehouse,null,5,631,5
9673,Warehouse,null,11,631,5
9674,Store,9,null,632,1
9675,Store,97,null,632,2
9676,Store,91,null,632,1
9677,Store,105,null,632,2
9678,Store,53,null,632,1
9679,Store,47,null,632,4
9680,Store,24,null,632,4
9681,Store,73,null,632,1
9682,Store,41,null,632,2
9683,Warehouse,null,8,632,4
9684,Warehouse,null,7,632,8
9685,Store,19,null,633,1
9686,Store,68,null,633,1
9687,Store,80,null,633,1
9688,Store,72,null,633,1
9689,Store,78,null,633,1
9690,Store,81,null,633,1
9691,Store,23,null,633,1
9692,Store,34,null,633,1
9693,Store,40,null,633,1
9694,Store,45,null,633,1
9695,Store,32,null,633,1
9696,Store,30,null,633,1
9697,Store,9,null,633,1
9698,Store,25,null,633,1
9699,Store,1,null,633,1
9700,Store,110,null,633,1
9701,Warehouse,null,11,633,4
9702,Warehouse,null,5,633,2
9703,Warehouse,null,12,633,5
9704,Store,100,null,634,1
9705,Store,113,null,634,1
9706,Store,11,null,634,1
9707,Store,63,null,634,1
9708,Store,51,null,634,1
9709,Store,81,null,634,1
9710,Store,46,null,634,1
9711,Store,91,null,634,1
9712,Store,40,null,634,1
9713,Store,26,null,634,1
9714,Store,59,null,634,1
9715,Store,45,null,634,1
9716,Store,107,null,634,1
9717,Warehouse,null,9,634,5
9718,Warehouse,null,8,634,4
9719,Store,10,null,635,2
9720,Store,77,null,635,2
9721,Store,4,null,635,3
9722,Store,72,null,635,1
9723,Store,68,null,635,2
9724,Store,89,null,635,2
9725,Store,39,null,635,2
9726,Store,84,null,635,1
9727,Store,66,null,635,2
9728,Warehouse,null,12,635,5
9729,Warehouse,null,4,635,6
9730,Store,5,null,636,1
9731,Store,112,null,636,1
9732,Store,48,null,636,1
9733,Store,116,null,636,1
9734,Store,67,null,636,1
9735,Store,81,null,636,1
9736,Store,72,null,636,1
9737,Store,18,null,636,1
9738,Store,118,null,636,1
9739,Store,17,null,636,1
9740,Store,96,null,636,1
9741,Store,61,null,636,1
9742,Store,58,null,636,1
9743,Warehouse,null,7,636,4
9744,Warehouse,null,6,636,5
9745,Store,18,null,637,1
9746,Store,51,null,637,1
9747,Store,77,null,637,1
9748,Store,36,null,637,1
9749,Store,76,null,637,1
9750,Store,102,null,637,1
9751,Store,115,null,637,1
9752,Store,64,null,637,1
9753,Store,24,null,637,1
9754,Store,107,null,637,1
9755,Store,99,null,637,1
9756,Store,105,null,637,1
9757,Store,82,null,637,1
9758,Warehouse,null,8,637,2
9759,Warehouse,null,2,637,6
9760,Store,36,null,638,2
9761,Store,74,null,638,2
9762,Store,100,null,638,1
9763,Store,75,null,638,2
9764,Store,38,null,638,3
9765,Store,91,null,638,4
9766,Store,77,null,638,1
9767,Store,44,null,638,2
9768,Store,115,null,638,1
9769,Warehouse,null,10,638,5
9770,Warehouse,null,8,638,7
9771,Store,66,null,639,2
9772,Store,111,null,639,2
9773,Store,105,null,639,2
9774,Store,23,null,639,4
9775,Store,76,null,639,3
9776,Store,51,null,639,1
9777,Store,97,null,639,1
9778,Store,15,null,639,2
9779,Store,70,null,639,1
9780,Store,7,null,639,2
9781,Warehouse,null,7,639,7
9782,Warehouse,null,10,639,6
9783,Store,95,null,640,1
9784,Store,8,null,640,1
9785,Store,69,null,640,1
9786,Store,50,null,640,1
9787,Store,75,null,640,1
9788,Store,26,null,640,1
9789,Store,90,null,640,1
9790,Store,34,null,640,1
9791,Store,12,null,640,1
9792,Store,72,null,640,1
9793,Store,88,null,640,1
9794,Store,98,null,640,1
9795,Store,112,null,640,1
9796,Store,82,null,640,1
9797,Store,101,null,640,1
9798,Store,114,null,640,1
9799,Store,83,null,640,1
9800,Store,106,null,640,1
9801,Warehouse,null,2,640,4
9802,Warehouse,null,1,640,8
9803,Store,27,null,641,3
9804,Store,73,null,641,1
9805,Store,48,null,641,2
9806,Store,36,null,641,3
9807,Store,68,null,641,5
9808,Store,9,null,641,1
9809,Store,95,null,641,4
9810,Warehouse,null,5,641,5
9811,Warehouse,null,2,641,5
9812,Warehouse,null,9,641,3
9813,Store,105,null,642,1
9814,Store,75,null,642,1
9815,Store,16,null,642,1
9816,Store,110,null,642,1
9817,Store,15,null,642,1
9818,Store,33,null,642,1
9819,Store,34,null,642,1
9820,Store,49,null,642,1
9821,Store,21,null,642,1
9822,Store,64,null,642,1
9823,Store,50,null,642,1
9824,Store,29,null,642,1
9825,Store,51,null,642,1
9826,Store,116,null,642,1
9827,Store,70,null,642,1
9828,Store,85,null,642,1
9829,Warehouse,null,9,642,6
9830,Warehouse,null,4,642,5
9831,Store,13,null,643,2
9832,Store,87,null,643,2
9833,Store,6,null,643,1
9834,Store,95,null,643,1
9835,Store,18,null,643,2
9836,Store,112,null,643,2
9837,Store,35,null,643,2
9838,Store,89,null,643,2
9839,Store,73,null,643,3
9840,Store,7,null,643,3
9841,Warehouse,null,4,643,6
9842,Warehouse,null,5,643,7
9843,Store,97,null,644,3
9844,Store,103,null,644,2
9845,Store,116,null,644,4
9846,Store,50,null,644,4
9847,Store,22,null,644,2
9848,Store,1,null,644,2
9849,Store,74,null,644,3
9850,Warehouse,null,1,644,4
9851,Warehouse,null,3,644,7
9852,Warehouse,null,5,644,2
9853,Store,40,null,645,1
9854,Store,15,null,645,3
9855,Store,72,null,645,1
9856,Store,65,null,645,1
9857,Store,10,null,645,1
9858,Store,83,null,645,2
9859,Store,45,null,645,4
9860,Store,25,null,645,2
9861,Store,95,null,645,3
9862,Store,71,null,645,2
9863,Warehouse,null,10,645,2
9864,Warehouse,null,4,645,11
9865,Store,85,null,646,2
9866,Store,11,null,646,2
9867,Store,5,null,646,1
9868,Store,45,null,646,2
9869,Store,53,null,646,2
9870,Store,102,null,646,1
9871,Store,36,null,646,1
9872,Store,62,null,646,2
9873,Store,7,null,646,5
9874,Store,28,null,646,2
9875,Warehouse,null,5,646,5
9876,Warehouse,null,9,646,8
9877,Store,58,null,647,2
9878,Store,35,null,647,3
9879,Store,86,null,647,2
9880,Store,26,null,647,1
9881,Store,73,null,647,3
9882,Store,2,null,647,3
9883,Store,18,null,647,2
9884,Store,99,null,647,2
9885,Store,60,null,647,1
9886,Store,23,null,647,1
9887,Warehouse,null,9,647,3
9888,Warehouse,null,8,647,6
9889,Warehouse,null,6,647,4
9890,Store,14,null,648,5
9891,Store,23,null,648,1
9892,Store,66,null,648,1
9893,Store,24,null,648,2
9894,Store,53,null,648,1
9895,Store,117,null,648,1
9896,Store,72,null,648,2
9897,Store,84,null,648,2
9898,Store,39,null,648,4
9899,Store,2,null,648,1
9900,Warehouse,null,5,648,8
9901,Warehouse,null,8,648,6
9902,Store,8,null,649,4
9903,Store,68,null,649,2
9904,Store,104,null,649,1
9905,Store,88,null,649,2
9906,Store,115,null,649,3
9907,Store,96,null,649,1
9908,Store,98,null,649,2
9909,Store,60,null,649,1
9910,Store,23,null,649,1
9911,Store,25,null,649,2
9912,Warehouse,null,7,649,7
9913,Warehouse,null,8,649,6
9914,Store,1,null,650,1
9915,Store,42,null,650,2
9916,Store,31,null,650,3
9917,Store,89,null,650,1
9918,Store,90,null,650,1
9919,Store,48,null,650,1
9920,Store,11,null,650,2
9921,Store,114,null,650,1
9922,Store,4,null,650,3
9923,Store,2,null,650,3
9924,Store,92,null,650,3
9925,Warehouse,null,1,650,4
9926,Warehouse,null,4,650,5
9927,Warehouse,null,5,650,5
9928,Store,101,null,651,1
9929,Store,90,null,651,1
9930,Store,53,null,651,1
9931,Store,47,null,651,1
9932,Store,68,null,651,1
9933,Store,13,null,651,1
9934,Store,113,null,651,1
9935,Store,7,null,651,1
9936,Store,111,null,651,1
9937,Store,39,null,651,1
9938,Store,26,null,651,1
9939,Store,4,null,651,1
9940,Store,83,null,651,1
9941,Store,58,null,651,1
9942,Store,97,null,651,1
9943,Store,12,null,651,1
9944,Store,27,null,651,1
9945,Store,104,null,651,1
9946,Store,69,null,651,1
9947,Store,114,null,651,1
9948,Warehouse,null,5,651,4
9949,Warehouse,null,3,651,4
9950,Warehouse,null,9,651,5
9951,Store,97,null,652,1
9952,Store,48,null,652,1
9953,Store,21,null,652,1
9954,Store,81,null,652,1
9955,Store,12,null,652,1
9956,Store,75,null,652,1
9957,Store,94,null,652,1
9958,Store,78,null,652,1
9959,Store,108,null,652,1
9960,Store,91,null,652,1
9961,Store,40,null,652,1
9962,Store,106,null,652,1
9963,Store,61,null,652,1
9964,Store,15,null,652,1
9965,Store,119,null,652,1
9966,Store,58,null,652,1
9967,Store,86,null,652,1
9968,Store,109,null,652,1
9969,Warehouse,null,6,652,6
9970,Warehouse,null,7,652,6
9971,Store,43,null,653,3
9972,Store,32,null,653,2
9973,Store,49,null,653,3
9974,Store,4,null,653,3
9975,Store,92,null,653,3
9976,Store,90,null,653,3
9977,Warehouse,null,1,653,5
9978,Warehouse,null,3,653,7
9979,Store,10,null,654,2
9980,Store,105,null,654,4
9981,Store,81,null,654,1
9982,Store,114,null,654,2
9983,Store,52,null,654,1
9984,Store,48,null,654,2
9985,Store,72,null,654,4
9986,Store,15,null,654,2
9987,Store,27,null,654,1
9988,Store,28,null,654,1
9989,Warehouse,null,1,654,6
9990,Warehouse,null,3,654,8
9991,Store,39,null,655,2
9992,Store,58,null,655,1
9993,Store,111,null,655,1
9994,Store,119,null,655,3
9995,Store,90,null,655,3
9996,Store,64,null,655,2
9997,Store,5,null,655,1
9998,Store,120,null,655,2
9999,Store,98,null,655,2
10000,Warehouse,null,5,655,9
10001,Warehouse,null,6,655,3
10002,Store,104,null,656,1
10003,Store,110,null,656,1
10004,Store,115,null,656,1
10005,Store,99,null,656,1
10006,Store,64,null,656,1
10007,Store,101,null,656,1
10008,Store,114,null,656,1
10009,Store,55,null,656,1
10010,Store,54,null,656,1
10011,Store,90,null,656,1
10012,Store,71,null,656,1
10013,Store,12,null,656,1
10014,Store,69,null,656,1
10015,Store,75,null,656,1
10016,Store,36,null,656,1
10017,Store,47,null,656,1
10018,Store,52,null,656,1
10019,Store,102,null,656,1
10020,Store,119,null,656,1
10021,Store,58,null,656,1
10022,Warehouse,null,4,656,2
10023,Warehouse,null,2,656,5
10024,Warehouse,null,6,656,1
10025,Warehouse,null,1,656,6
10026,Store,7,null,657,2
10027,Store,33,null,657,2
10028,Store,26,null,657,1
10029,Store,71,null,657,3
10030,Store,38,null,657,4
10031,Store,75,null,657,3
10032,Store,35,null,657,5
10033,Store,48,null,657,2
10034,Warehouse,null,5,657,4
10035,Warehouse,null,11,657,3
10036,Warehouse,null,9,657,5
10037,Warehouse,null,8,657,2
10038,Store,24,null,658,1
10039,Store,87,null,658,2
10040,Store,103,null,658,3
10041,Store,65,null,658,3
10042,Store,28,null,658,3
10043,Store,47,null,658,1
10044,Store,12,null,658,1
10045,Store,54,null,658,2
10046,Store,119,null,658,2
10047,Store,74,null,658,2
10048,Store,56,null,658,2
10049,Warehouse,null,11,658,5
10050,Warehouse,null,12,658,7
10051,Warehouse,null,9,658,2
10052,Store,42,null,659,1
10053,Store,34,null,659,1
10054,Store,80,null,659,1
10055,Store,100,null,659,1
10056,Store,81,null,659,1
10057,Store,120,null,659,1
10058,Store,76,null,659,1
10059,Store,111,null,659,1
10060,Store,57,null,659,1
10061,Store,47,null,659,1
10062,Store,68,null,659,1
10063,Store,41,null,659,1
10064,Store,118,null,659,1
10065,Store,49,null,659,1
10066,Store,51,null,659,1
10067,Store,98,null,659,1
10068,Store,110,null,659,1
10069,Store,52,null,659,1
10070,Store,64,null,659,1
10071,Store,109,null,659,1
10072,Store,4,null,659,1
10073,Warehouse,null,4,659,12
10074,Warehouse,null,8,659,2
10075,Store,26,null,660,3
10076,Store,6,null,660,3
10077,Store,61,null,660,2
10078,Store,30,null,660,2
10079,Store,45,null,660,1
10080,Store,8,null,660,2
10081,Store,43,null,660,1
10082,Store,25,null,660,2
10083,Warehouse,null,11,660,2
10084,Warehouse,null,5,660,4
10085,Warehouse,null,7,660,5
10086,Store,53,null,661,5
10087,Store,118,null,661,2
10088,Store,106,null,661,1
10089,Store,66,null,661,2
10090,Store,31,null,661,2
10091,Store,50,null,661,4
10092,Store,69,null,661,2
10093,Store,105,null,661,4
10094,Warehouse,null,12,661,6
10095,Warehouse,null,6,661,6
10096,Warehouse,null,8,661,3
10097,Store,35,null,662,2
10098,Store,40,null,662,4
10099,Store,118,null,662,2
10100,Store,64,null,662,5
10101,Store,29,null,662,2
10102,Store,108,null,662,2
10103,Store,103,null,662,2
10104,Store,68,null,662,3
10105,Warehouse,null,5,662,6
10106,Warehouse,null,2,662,9
10107,Store,81,null,663,1
10108,Store,78,null,663,1
10109,Store,50,null,663,1
10110,Store,87,null,663,2
10111,Store,104,null,663,3
10112,Store,24,null,663,3
10113,Store,58,null,663,2
10114,Store,88,null,663,1
10115,Store,45,null,663,3
10116,Store,66,null,663,3
10117,Warehouse,null,7,663,6
10118,Warehouse,null,2,663,8
10119,Store,71,null,664,3
10120,Store,60,null,664,3
10121,Store,21,null,664,3
10122,Store,117,null,664,1
10123,Store,52,null,664,3
10124,Store,103,null,664,1
10125,Store,41,null,664,6
10126,Store,112,null,664,3
10127,Warehouse,null,11,664,8
10128,Warehouse,null,7,664,7
10129,Store,79,null,665,2
10130,Store,69,null,665,4
10131,Store,42,null,665,1
10132,Store,56,null,665,2
10133,Store,102,null,665,4
10134,Store,74,null,665,3
10135,Store,104,null,665,2
10136,Store,115,null,665,4
10137,Warehouse,null,3,665,6
10138,Warehouse,null,6,665,8
10139,Store,93,null,666,3
10140,Store,65,null,666,2
10141,Store,47,null,666,3
10142,Store,11,null,666,2
10143,Store,109,null,666,4
10144,Store,118,null,666,1
10145,Store,7,null,666,2
10146,Store,66,null,666,1
10147,Store,59,null,666,1
10148,Store,44,null,666,1
10149,Warehouse,null,9,666,6
10150,Warehouse,null,4,666,2
10151,Warehouse,null,8,666,5
10152,Store,22,null,667,3
10153,Store,63,null,667,1
10154,Store,109,null,667,1
10155,Store,6,null,667,2
10156,Store,3,null,667,1
10157,Store,79,null,667,1
10158,Store,99,null,667,4
10159,Store,101,null,667,2
10160,Store,102,null,667,3
10161,Store,83,null,667,2
10162,Warehouse,null,8,667,7
10163,Warehouse,null,6,667,3
10164,Warehouse,null,1,667,4
10165,Store,56,null,668,1
10166,Store,67,null,668,1
10167,Store,31,null,668,1
10168,Store,42,null,668,1
10169,Store,108,null,668,1
10170,Store,112,null,668,1
10171,Store,118,null,668,1
10172,Store,62,null,668,1
10173,Store,34,null,668,1
10174,Store,49,null,668,1
10175,Store,48,null,668,1
10176,Store,44,null,668,1
10177,Store,58,null,668,1
10178,Store,19,null,668,1
10179,Warehouse,null,6,668,5
10180,Warehouse,null,2,668,5
10181,Store,107,null,669,1
10182,Store,62,null,669,1
10183,Store,13,null,669,3
10184,Store,31,null,669,1
10185,Store,9,null,669,2
10186,Store,38,null,669,3
10187,Store,95,null,669,3
10188,Warehouse,null,4,669,5
10189,Warehouse,null,6,669,5
10190,Store,31,null,670,2
10191,Store,54,null,670,2
10192,Store,83,null,670,2
10193,Store,33,null,670,2
10194,Store,14,null,670,3
10195,Store,66,null,670,1
10196,Store,108,null,670,2
10197,Store,75,null,670,1
10198,Warehouse,null,8,670,4
10199,Warehouse,null,5,670,6
10200,Store,49,null,671,2
10201,Store,14,null,671,2
10202,Store,29,null,671,1
10203,Store,1,null,671,3
10204,Store,38,null,671,1
10205,Store,25,null,671,2
10206,Store,65,null,671,2
10207,Warehouse,null,7,671,5
10208,Warehouse,null,9,671,3
10209,Store,25,null,672,6
10210,Store,14,null,672,3
10211,Store,12,null,672,2
10212,Store,30,null,672,2
10213,Store,1,null,672,1
10214,Warehouse,null,12,672,5
10215,Warehouse,null,9,672,3
10216,Warehouse,null,5,672,2
10217,Store,86,null,673,1
10218,Store,2,null,673,1
10219,Store,107,null,673,1
10220,Store,85,null,673,1
10221,Store,45,null,673,1
10222,Store,14,null,673,1
10223,Store,59,null,673,1
10224,Store,103,null,673,1
10225,Store,83,null,673,1
10226,Store,35,null,673,1
10227,Store,89,null,673,1
10228,Store,25,null,673,1
10229,Store,6,null,673,1
10230,Store,110,null,673,1
10231,Store,56,null,673,1
10232,Store,23,null,673,1
10233,Store,11,null,673,1
10234,Store,93,null,673,1
10235,Store,34,null,673,1
10236,Warehouse,null,11,673,6
10237,Warehouse,null,3,673,2
10238,Warehouse,null,6,673,4
10239,Store,119,null,674,3
10240,Store,52,null,674,3
10241,Store,53,null,674,1
10242,Store,78,null,674,1
10243,Store,49,null,674,1
10244,Store,71,null,674,2
10245,Store,81,null,674,2
10246,Store,118,null,674,3
10247,Store,5,null,674,1
10248,Store,50,null,674,2
10249,Warehouse,null,11,674,5
10250,Warehouse,null,9,674,5
10251,Warehouse,null,4,674,2
10252,Store,62,null,675,2
10253,Store,79,null,675,2
10254,Store,29,null,675,3
10255,Store,28,null,675,1
10256,Store,109,null,675,2
10257,Store,20,null,675,1
10258,Store,71,null,675,1
10259,Store,108,null,675,2
10260,Store,91,null,675,2
10261,Store,74,null,675,3
10262,Warehouse,null,8,675,7
10263,Warehouse,null,4,675,6
10264,Store,53,null,676,1
10265,Store,1,null,676,1
10266,Store,38,null,676,1
10267,Store,118,null,676,1
10268,Store,5,null,676,1
10269,Store,98,null,676,1
10270,Store,20,null,676,1
10271,Store,120,null,676,1
10272,Store,58,null,676,1
10273,Store,50,null,676,1
10274,Store,27,null,676,1
10275,Store,14,null,676,1
10276,Store,28,null,676,1
10277,Store,49,null,676,1
10278,Store,46,null,676,1
10279,Store,59,null,676,1
10280,Store,39,null,676,1
10281,Store,6,null,676,1
10282,Store,25,null,676,1
10283,Store,89,null,676,1
10284,Warehouse,null,12,676,2
10285,Warehouse,null,6,676,6
10286,Warehouse,null,8,676,5
10287,Store,64,null,677,3
10288,Store,81,null,677,1
10289,Store,25,null,677,9
10290,Store,82,null,677,3
10291,Store,11,null,677,1
10292,Store,103,null,677,1
10293,Warehouse,null,12,677,7
10294,Warehouse,null,7,677,5
10295,Store,21,null,678,2
10296,Store,11,null,678,3
10297,Store,56,null,678,2
10298,Store,19,null,678,2
10299,Store,105,null,678,3
10300,Store,4,null,678,1
10301,Store,53,null,678,2
10302,Store,108,null,678,2
10303,Store,95,null,678,1
10304,Warehouse,null,6,678,6
10305,Warehouse,null,5,678,6
10306,Store,62,null,679,3
10307,Store,74,null,679,3
10308,Store,118,null,679,3
10309,Store,59,null,679,1
10310,Store,108,null,679,2
10311,Store,105,null,679,1
10312,Store,19,null,679,1
10313,Store,25,null,679,2
10314,Warehouse,null,3,679,4
10315,Warehouse,null,1,679,7
10316,Store,68,null,680,1
10317,Store,100,null,680,1
10318,Store,87,null,680,1
10319,Store,95,null,680,1
10320,Store,27,null,680,1
10321,Store,50,null,680,1
10322,Store,54,null,680,1
10323,Store,81,null,680,1
10324,Store,25,null,680,1
10325,Store,7,null,680,1
10326,Store,94,null,680,1
10327,Store,64,null,680,1
10328,Store,69,null,680,1
10329,Store,16,null,680,1
10330,Store,56,null,680,1
10331,Store,8,null,680,1
10332,Warehouse,null,7,680,4
10333,Warehouse,null,3,680,3
10334,Warehouse,null,2,680,4
10335,Store,9,null,681,1
10336,Store,46,null,681,1
10337,Store,1,null,681,2
10338,Store,53,null,681,4
10339,Store,72,null,681,2
10340,Store,45,null,681,3
10341,Store,43,null,681,2
10342,Store,70,null,681,1
10343,Store,52,null,681,2
10344,Store,64,null,681,2
10345,Store,104,null,681,2
10346,Warehouse,null,10,681,9
10347,Warehouse,null,3,681,4
10348,Warehouse,null,6,681,2
10349,Store,96,null,682,2
10350,Store,56,null,682,2
10351,Store,81,null,682,2
10352,Store,73,null,682,1
10353,Store,111,null,682,2
10354,Store,80,null,682,1
10355,Store,6,null,682,2
10356,Store,107,null,682,2
10357,Store,62,null,682,1
10358,Store,28,null,682,4
10359,Warehouse,null,3,682,5
10360,Warehouse,null,11,682,5
10361,Warehouse,null,10,682,2
10362,Store,19,null,683,2
10363,Store,29,null,683,2
10364,Store,74,null,683,1
10365,Store,114,null,683,4
10366,Store,116,null,683,1
10367,Store,59,null,683,2
10368,Store,84,null,683,3
10369,Store,81,null,683,1
10370,Store,30,null,683,2
10371,Warehouse,null,1,683,6
10372,Warehouse,null,7,683,6
10373,Store,62,null,684,1
10374,Store,58,null,684,1
10375,Store,115,null,684,1
10376,Store,114,null,684,1
10377,Store,75,null,684,1
10378,Store,46,null,684,1
10379,Store,42,null,684,1
10380,Store,102,null,684,1
10381,Store,61,null,684,1
10382,Store,16,null,684,1
10383,Store,13,null,684,1
10384,Store,45,null,684,1
10385,Store,110,null,684,1
10386,Store,84,null,684,1
10387,Warehouse,null,1,684,6
10388,Warehouse,null,11,684,4
10389,Store,85,null,685,1
10390,Store,117,null,685,2
10391,Store,13,null,685,2
10392,Store,79,null,685,3
10393,Store,93,null,685,2
10394,Store,64,null,685,2
10395,Store,112,null,685,1
10396,Store,44,null,685,3
10397,Warehouse,null,1,685,5
10398,Warehouse,null,3,685,6
10399,Store,77,null,686,1
10400,Store,86,null,686,1
10401,Store,17,null,686,1
10402,Store,92,null,686,1
10403,Store,3,null,686,1
10404,Store,44,null,686,1
10405,Store,1,null,686,1
10406,Store,113,null,686,1
10407,Store,40,null,686,1
10408,Store,9,null,686,1
10409,Store,47,null,686,1
10410,Store,28,null,686,1
10411,Store,4,null,686,1
10412,Store,115,null,686,1
10413,Store,51,null,686,1
10414,Store,105,null,686,1
10415,Store,31,null,686,1
10416,Store,100,null,686,1
10417,Store,107,null,686,1
10418,Store,88,null,686,1
10419,Warehouse,null,9,686,2
10420,Warehouse,null,12,686,2
10421,Warehouse,null,2,686,4
10422,Warehouse,null,11,686,5
10423,Store,101,null,687,6
10424,Store,31,null,687,2
10425,Store,92,null,687,1
10426,Store,67,null,687,1
10427,Store,81,null,687,1
10428,Store,62,null,687,2
10429,Store,16,null,687,2
10430,Store,117,null,687,1
10431,Store,97,null,687,2
10432,Store,2,null,687,2
10433,Warehouse,null,12,687,1
10434,Warehouse,null,5,687,9
10435,Warehouse,null,6,687,3
10436,Store,47,null,688,1
10437,Store,86,null,688,4
10438,Store,108,null,688,2
10439,Store,24,null,688,3
10440,Store,27,null,688,2
10441,Store,6,null,688,1
10442,Store,89,null,688,2
10443,Store,5,null,688,1
10444,Warehouse,null,2,688,3
10445,Warehouse,null,11,688,3
10446,Warehouse,null,6,688,5
10447,Store,113,null,689,1
10448,Store,101,null,689,1
10449,Store,100,null,689,1
10450,Store,12,null,689,1
10451,Store,25,null,689,1
10452,Store,18,null,689,1
10453,Store,110,null,689,1
10454,Store,50,null,689,1
10455,Store,71,null,689,1
10456,Store,19,null,689,1
10457,Store,47,null,689,1
10458,Store,107,null,689,1
10459,Store,6,null,689,1
10460,Store,21,null,689,1
10461,Store,27,null,689,1
10462,Store,34,null,689,1
10463,Store,84,null,689,1
10464,Store,10,null,689,1
10465,Warehouse,null,7,689,10
10466,Warehouse,null,2,689,2
10467,Store,38,null,690,1
10468,Store,84,null,690,1
10469,Store,78,null,690,1
10470,Store,76,null,690,1
10471,Store,37,null,690,1
10472,Store,77,null,690,1
10473,Store,105,null,690,1
10474,Store,113,null,690,1
10475,Store,20,null,690,1
10476,Store,25,null,690,1
10477,Store,115,null,690,1
10478,Store,33,null,690,1
10479,Store,89,null,690,1
10480,Store,24,null,690,1
10481,Store,29,null,690,1
10482,Store,109,null,690,1
10483,Store,95,null,690,1
10484,Store,61,null,690,1
10485,Warehouse,null,4,690,8
10486,Warehouse,null,3,690,4
10487,Store,53,null,691,1
10488,Store,78,null,691,1
10489,Store,92,null,691,1
10490,Store,81,null,691,1
10491,Store,65,null,691,1
10492,Store,50,null,691,1
10493,Store,114,null,691,1
10494,Store,95,null,691,1
10495,Store,8,null,691,1
10496,Store,118,null,691,1
10497,Store,34,null,691,1
10498,Store,88,null,691,1
10499,Store,74,null,691,1
10500,Warehouse,null,12,691,5
10501,Warehouse,null,8,691,4
10502,Store,114,null,692,3
10503,Store,43,null,692,4
10504,Store,14,null,692,1
10505,Store,16,null,692,3
10506,Store,107,null,692,2
10507,Store,32,null,692,3
10508,Store,108,null,692,4
10509,Warehouse,null,8,692,2
10510,Warehouse,null,6,692,5
10511,Warehouse,null,1,692,2
10512,Warehouse,null,4,692,5
10513,Store,3,null,693,1
10514,Store,63,null,693,1
10515,Store,62,null,693,1
10516,Store,51,null,693,1
10517,Store,1,null,693,1
10518,Store,23,null,693,1
10519,Store,103,null,693,1
10520,Store,92,null,693,1
10521,Store,99,null,693,1
10522,Store,52,null,693,1
10523,Store,84,null,693,1
10524,Store,71,null,693,1
10525,Store,42,null,693,1
10526,Store,15,null,693,1
10527,Store,65,null,693,1
10528,Store,120,null,693,1
10529,Store,115,null,693,1
10530,Warehouse,null,2,693,4
10531,Warehouse,null,9,693,4
10532,Warehouse,null,11,693,3
10533,Store,57,null,694,1
10534,Store,18,null,694,2
10535,Store,51,null,694,1
10536,Store,91,null,694,4
10537,Store,8,null,694,2
10538,Store,14,null,694,1
10539,Store,71,null,694,3
10540,Warehouse,null,1,694,3
10541,Warehouse,null,3,694,5
10542,Warehouse,null,5,694,2
10543,Store,73,null,695,1
10544,Store,116,null,695,1
10545,Store,95,null,695,1
10546,Store,48,null,695,1
10547,Store,107,null,695,1
10548,Store,118,null,695,1
10549,Store,100,null,695,1
10550,Store,108,null,695,1
10551,Store,3,null,695,1
10552,Store,51,null,695,1
10553,Store,104,null,695,1
10554,Store,101,null,695,1
10555,Store,68,null,695,1
10556,Store,56,null,695,1
10557,Warehouse,null,8,695,5
10558,Warehouse,null,11,695,5
10559,Store,101,null,696,3
10560,Store,6,null,696,4
10561,Store,86,null,696,4
10562,Store,5,null,696,2
10563,Store,17,null,696,3
10564,Store,2,null,696,2
10565,Warehouse,null,10,696,5
10566,Warehouse,null,2,696,7
10567,Store,56,null,697,1
10568,Store,58,null,697,1
10569,Store,35,null,697,1
10570,Store,103,null,697,1
10571,Store,64,null,697,1
10572,Store,117,null,697,1
10573,Store,118,null,697,1
10574,Store,74,null,697,1
10575,Store,52,null,697,1
10576,Store,91,null,697,1
10577,Store,18,null,697,1
10578,Store,104,null,697,1
10579,Store,106,null,697,1
10580,Store,20,null,697,1
10581,Warehouse,null,5,697,5
10582,Warehouse,null,12,697,5
10583,Store,115,null,698,2
10584,Store,118,null,698,1
10585,Store,93,null,698,1
10586,Store,49,null,698,4
10587,Store,117,null,698,1
10588,Store,101,null,698,2
10589,Store,37,null,698,1
10590,Store,27,null,698,2
10591,Store,65,null,698,4
10592,Warehouse,null,5,698,5
10593,Warehouse,null,6,698,7
10594,Store,44,null,699,2
10595,Store,21,null,699,4
10596,Store,2,null,699,2
10597,Store,69,null,699,3
10598,Store,18,null,699,1
10599,Store,77,null,699,1
10600,Store,106,null,699,1
10601,Warehouse,null,11,699,5
10602,Warehouse,null,3,699,5
10603,Store,100,null,700,2
10604,Store,58,null,700,2
10605,Store,23,null,700,1
10606,Store,79,null,700,1
10607,Store,98,null,700,3
10608,Store,55,null,700,2
10609,Store,107,null,700,1
10610,Store,16,null,700,3
10611,Store,46,null,700,2
10612,Store,117,null,700,2
10613,Warehouse,null,1,700,8
10614,Warehouse,null,7,700,4
10615,Store,34,null,701,3
10616,Store,69,null,701,2
10617,Store,42,null,701,1
10618,Store,120,null,701,1
10619,Store,44,null,701,2
10620,Store,17,null,701,2
10621,Store,64,null,701,3
10622,Warehouse,null,9,701,6
10623,Warehouse,null,12,701,4
10624,Store,11,null,702,1
10625,Store,105,null,702,1
10626,Store,25,null,702,1
10627,Store,114,null,702,1
10628,Store,31,null,702,1
10629,Store,20,null,702,1
10630,Store,45,null,702,1
10631,Store,32,null,702,1
10632,Store,90,null,702,1
10633,Store,14,null,702,1
10634,Store,34,null,702,1
10635,Store,63,null,702,1
10636,Store,51,null,702,1
10637,Store,95,null,702,1
10638,Warehouse,null,4,702,7
10639,Warehouse,null,2,702,3
10640,Store,48,null,703,1
10641,Store,34,null,703,1
10642,Store,23,null,703,1
10643,Store,27,null,703,1
10644,Store,107,null,703,1
10645,Store,91,null,703,1
10646,Store,2,null,703,1
10647,Store,65,null,703,1
10648,Store,35,null,703,1
10649,Store,106,null,703,1
10650,Store,104,null,703,1
10651,Store,20,null,703,1
10652,Store,59,null,703,1
10653,Warehouse,null,10,703,3
10654,Warehouse,null,2,703,5
10655,Store,105,null,704,1
10656,Store,5,null,704,1
10657,Store,116,null,704,1
10658,Store,64,null,704,1
10659,Store,120,null,704,1
10660,Store,79,null,704,1
10661,Store,106,null,704,1
10662,Store,29,null,704,1
10663,Store,38,null,704,1
10664,Store,91,null,704,1
10665,Store,81,null,704,1
10666,Store,115,null,704,1
10667,Store,58,null,704,1
10668,Store,107,null,704,1
10669,Store,110,null,704,1
10670,Store,97,null,704,1
10671,Warehouse,null,12,704,4
10672,Warehouse,null,3,704,7
10673,Store,68,null,705,1
10674,Store,67,null,705,1
10675,Store,36,null,705,1
10676,Store,103,null,705,1
10677,Store,38,null,705,1
10678,Store,74,null,705,1
10679,Store,14,null,705,1
10680,Store,3,null,705,1
10681,Store,41,null,705,1
10682,Store,92,null,705,1
10683,Store,30,null,705,1
10684,Store,34,null,705,1
10685,Store,32,null,705,1
10686,Store,37,null,705,1
10687,Store,117,null,705,1
10688,Store,31,null,705,1
10689,Warehouse,null,12,705,6
10690,Warehouse,null,3,705,5
10691,Store,59,null,706,3
10692,Store,50,null,706,2
10693,Store,26,null,706,2
10694,Store,85,null,706,1
10695,Store,36,null,706,2
10696,Store,65,null,706,2
10697,Store,69,null,706,2
10698,Store,107,null,706,2
10699,Warehouse,null,8,706,5
10700,Warehouse,null,1,706,2
10701,Warehouse,null,3,706,4
10702,Store,19,null,707,1
10703,Store,92,null,707,1
10704,Store,36,null,707,1
10705,Store,26,null,707,1
10706,Store,17,null,707,1
10707,Store,58,null,707,1
10708,Store,52,null,707,1
10709,Store,48,null,707,1
10710,Store,100,null,707,1
10711,Store,65,null,707,1
10712,Store,73,null,707,1
10713,Store,22,null,707,1
10714,Store,13,null,707,1
10715,Store,67,null,707,1
10716,Store,42,null,707,1
10717,Store,93,null,707,1
10718,Store,79,null,707,1
10719,Store,18,null,707,1
10720,Store,15,null,707,1
10721,Store,103,null,707,1
10722,Warehouse,null,3,707,8
10723,Warehouse,null,1,707,5
10724,Store,42,null,708,2
10725,Store,50,null,708,1
10726,Store,29,null,708,1
10727,Store,13,null,708,3
10728,Store,38,null,708,1
10729,Store,63,null,708,4
10730,Store,5,null,708,1
10731,Store,45,null,708,2
10732,Warehouse,null,4,708,6
10733,Warehouse,null,8,708,4
10734,Store,86,null,709,1
10735,Store,54,null,709,1
10736,Store,5,null,709,1
10737,Store,59,null,709,1
10738,Store,14,null,709,1
10739,Store,63,null,709,1
10740,Store,15,null,709,1
10741,Store,90,null,709,1
10742,Store,99,null,709,1
10743,Store,83,null,709,1
10744,Store,65,null,709,1
10745,Store,40,null,709,1
10746,Store,95,null,709,1
10747,Store,66,null,709,1
10748,Store,60,null,709,1
10749,Store,44,null,709,1
10750,Warehouse,null,9,709,5
10751,Warehouse,null,3,709,6
10752,Store,16,null,710,1
10753,Store,40,null,710,2
10754,Store,37,null,710,1
10755,Store,51,null,710,3
10756,Store,32,null,710,1
10757,Store,74,null,710,2
10758,Store,92,null,710,4
10759,Warehouse,null,10,710,3
10760,Warehouse,null,9,710,7
10761,Store,64,null,711,5
10762,Store,92,null,711,2
10763,Store,46,null,711,3
10764,Store,17,null,711,1
10765,Store,3,null,711,2
10766,Warehouse,null,4,711,8
10767,Store,47,null,712,1
10768,Store,9,null,712,1
10769,Store,38,null,712,1
10770,Store,46,null,712,1
10771,Store,85,null,712,1
10772,Store,52,null,712,1
10773,Store,111,null,712,1
10774,Store,78,null,712,1
10775,Store,107,null,712,1
10776,Store,83,null,712,1
10777,Store,3,null,712,1
10778,Warehouse,null,12,712,5
10779,Warehouse,null,2,712,2
10780,Store,117,null,713,1
10781,Store,29,null,713,1
10782,Store,35,null,713,1
10783,Store,101,null,713,1
10784,Store,18,null,713,1
10785,Store,12,null,713,1
10786,Store,1,null,713,1
10787,Store,84,null,713,1
10788,Store,87,null,713,1
10789,Store,13,null,713,1
10790,Store,102,null,713,1
10791,Store,57,null,713,1
10792,Store,27,null,713,1
10793,Store,93,null,713,1
10794,Store,104,null,713,1
10795,Store,53,null,713,1
10796,Store,24,null,713,1
10797,Store,90,null,713,1
10798,Store,4,null,713,1
10799,Warehouse,null,7,713,6
10800,Warehouse,null,10,713,7
10801,Store,106,null,714,1
10802,Store,6,null,714,2
10803,Store,43,null,714,1
10804,Store,36,null,714,1
10805,Store,84,null,714,2
10806,Store,32,null,714,2
10807,Store,39,null,714,3
10808,Store,70,null,714,2
10809,Store,85,null,714,3
10810,Warehouse,null,7,714,4
10811,Warehouse,null,9,714,3
10812,Warehouse,null,2,714,4
10813,Store,120,null,715,1
10814,Store,87,null,715,1
10815,Store,12,null,715,1
10816,Store,32,null,715,1
10817,Store,57,null,715,1
10818,Store,35,null,715,1
10819,Store,111,null,715,1
10820,Store,70,null,715,1
10821,Store,101,null,715,1
10822,Store,28,null,715,1
10823,Store,9,null,715,1
10824,Store,92,null,715,1
10825,Store,64,null,715,1
10826,Store,99,null,715,1
10827,Store,76,null,715,1
10828,Store,117,null,715,1
10829,Warehouse,null,11,715,6
10830,Warehouse,null,6,715,5
10831,Store,6,null,716,1
10832,Store,52,null,716,1
10833,Store,9,null,716,1
10834,Store,96,null,716,1
10835,Store,69,null,716,1
10836,Store,118,null,716,1
10837,Store,23,null,716,1
10838,Store,95,null,716,1
10839,Store,28,null,716,1
10840,Store,72,null,716,1
10841,Store,83,null,716,1
10842,Store,80,null,716,1
10843,Store,88,null,716,1
10844,Store,99,null,716,1
10845,Store,16,null,716,1
10846,Store,39,null,716,1
10847,Store,42,null,716,1
10848,Store,45,null,716,1
10849,Store,114,null,716,1
10850,Store,12,null,716,1
10851,Warehouse,null,12,716,5
10852,Warehouse,null,4,716,4
10853,Warehouse,null,3,716,4
10854,Store,13,null,717,1
10855,Store,60,null,717,1
10856,Store,108,null,717,1
10857,Store,109,null,717,1
10858,Store,100,null,717,1
10859,Store,88,null,717,1
10860,Store,24,null,717,1
10861,Store,84,null,717,1
10862,Store,16,null,717,1
10863,Store,56,null,717,1
10864,Store,73,null,717,1
10865,Store,12,null,717,1
10866,Store,42,null,717,1
10867,Store,51,null,717,1
10868,Store,59,null,717,1
10869,Store,111,null,717,1
10870,Store,65,null,717,1
10871,Store,119,null,717,1
10872,Warehouse,null,3,717,8
10873,Warehouse,null,8,717,4
10874,Store,10,null,718,2
10875,Store,55,null,718,1
10876,Store,72,null,718,2
10877,Store,1,null,718,2
10878,Store,6,null,718,2
10879,Store,114,null,718,3
10880,Store,73,null,718,2
10881,Store,27,null,718,1
10882,Store,75,null,718,3
10883,Warehouse,null,6,718,4
10884,Warehouse,null,8,718,8
10885,Store,47,null,719,2
10886,Store,83,null,719,5
10887,Store,76,null,719,3
10888,Store,20,null,719,3
10889,Store,28,null,719,1
10890,Store,21,null,719,3
10891,Store,34,null,719,3
10892,Warehouse,null,8,719,6
10893,Warehouse,null,2,719,3
10894,Warehouse,null,3,719,5
10895,Store,28,null,720,2
10896,Store,91,null,720,1
10897,Store,19,null,720,4
10898,Store,53,null,720,5
10899,Store,46,null,720,3
10900,Store,64,null,720,3
10901,Warehouse,null,8,720,5
10902,Warehouse,null,12,720,4
10903,Warehouse,null,6,720,3
10904,Store,110,null,721,2
10905,Store,113,null,721,5
10906,Store,1,null,721,1
10907,Store,109,null,721,1
10908,Store,53,null,721,1
10909,Store,76,null,721,2
10910,Store,55,null,721,1
10911,Store,69,null,721,2
10912,Store,40,null,721,2
10913,Store,67,null,721,3
10914,Store,42,null,721,2
10915,Store,6,null,721,1
10916,Warehouse,null,4,721,6
10917,Warehouse,null,10,721,4
10918,Warehouse,null,8,721,5
10919,Store,90,null,722,1
10920,Store,53,null,722,1
10921,Store,108,null,722,1
10922,Store,47,null,722,1
10923,Store,26,null,722,1
10924,Store,1,null,722,1
10925,Store,109,null,722,1
10926,Store,52,null,722,1
10927,Store,89,null,722,1
10928,Store,59,null,722,1
10929,Store,81,null,722,1
10930,Store,112,null,722,1
10931,Store,106,null,722,1
10932,Store,16,null,722,1
10933,Store,76,null,722,1
10934,Store,44,null,722,1
10935,Store,84,null,722,1
10936,Store,107,null,722,1
10937,Store,104,null,722,1
10938,Store,31,null,722,1
10939,Store,49,null,722,1
10940,Store,37,null,722,1
10941,Warehouse,null,4,722,7
10942,Warehouse,null,6,722,3
10943,Warehouse,null,3,722,4
10944,Store,74,null,723,1
10945,Store,26,null,723,4
10946,Store,20,null,723,1
10947,Store,56,null,723,2
10948,Store,77,null,723,2
10949,Store,32,null,723,2
10950,Store,18,null,723,1
10951,Store,31,null,723,3
10952,Store,67,null,723,1
10953,Store,70,null,723,3
10954,Store,25,null,723,2
10955,Warehouse,null,2,723,4
10956,Warehouse,null,11,723,5
10957,Warehouse,null,5,723,5
10958,Store,56,null,724,6
10959,Store,94,null,724,2
10960,Store,103,null,724,1
10961,Store,8,null,724,1
10962,Store,12,null,724,2
10963,Store,70,null,724,1
10964,Store,9,null,724,1
10965,Store,49,null,724,1
10966,Store,73,null,724,3
10967,Store,32,null,724,2
10968,Store,21,null,724,2
10969,Warehouse,null,10,724,7
10970,Warehouse,null,11,724,2
10971,Warehouse,null,3,724,6
10972,Store,108,null,725,1
10973,Store,65,null,725,1
10974,Store,45,null,725,1
10975,Store,79,null,725,1
10976,Store,75,null,725,1
10977,Store,100,null,725,1
10978,Store,115,null,725,1
10979,Store,5,null,725,1
10980,Store,82,null,725,1
10981,Store,101,null,725,1
10982,Store,74,null,725,1
10983,Store,13,null,725,1
10984,Store,23,null,725,1
10985,Store,78,null,725,1
10986,Store,68,null,725,1
10987,Store,89,null,725,1
10988,Store,102,null,725,1
10989,Warehouse,null,4,725,4
10990,Warehouse,null,12,725,7
10991,Store,39,null,726,1
10992,Store,11,null,726,1
10993,Store,119,null,726,1
10994,Store,52,null,726,1
10995,Store,100,null,726,1
10996,Store,90,null,726,1
10997,Store,29,null,726,1
10998,Store,60,null,726,1
10999,Store,24,null,726,1
11000,Store,92,null,726,1
11001,Store,88,null,726,1
11002,Store,38,null,726,1
11003,Store,103,null,726,1
11004,Store,62,null,726,1
11005,Store,6,null,726,1
11006,Store,72,null,726,1
11007,Store,116,null,726,1
11008,Store,49,null,726,1
11009,Store,47,null,726,1
11010,Warehouse,null,10,726,6
11011,Warehouse,null,8,726,6
11012,Store,113,null,727,1
11013,Store,52,null,727,1
11014,Store,63,null,727,1
11015,Store,51,null,727,1
11016,Store,79,null,727,1
11017,Store,50,null,727,1
11018,Store,118,null,727,1
11019,Store,93,null,727,1
11020,Store,105,null,727,1
11021,Store,25,null,727,1
11022,Store,39,null,727,1
11023,Store,28,null,727,1
11024,Store,5,null,727,1
11025,Store,46,null,727,1
11026,Store,16,null,727,1
11027,Store,29,null,727,1
11028,Warehouse,null,11,727,6
11029,Warehouse,null,8,727,5
11030,Store,112,null,728,1
11031,Store,91,null,728,1
11032,Store,61,null,728,1
11033,Store,114,null,728,1
11034,Store,93,null,728,1
11035,Store,76,null,728,1
11036,Store,8,null,728,1
11037,Store,37,null,728,1
11038,Store,3,null,728,1
11039,Store,102,null,728,1
11040,Store,63,null,728,1
11041,Store,88,null,728,1
11042,Store,2,null,728,1
11043,Store,21,null,728,1
11044,Store,94,null,728,1
11045,Store,118,null,728,1
11046,Store,107,null,728,1
11047,Warehouse,null,3,728,7
11048,Warehouse,null,9,728,4
11049,Store,23,null,729,1
11050,Store,111,null,729,3
11051,Store,86,null,729,3
11052,Store,99,null,729,1
11053,Store,40,null,729,2
11054,Store,18,null,729,2
11055,Store,32,null,729,3
11056,Store,85,null,729,1
11057,Store,104,null,729,1
11058,Warehouse,null,8,729,5
11059,Warehouse,null,10,729,7
11060,Store,71,null,730,2
11061,Store,50,null,730,1
11062,Store,99,null,730,1
11063,Store,97,null,730,1
11064,Store,91,null,730,4
11065,Store,72,null,730,3
11066,Store,51,null,730,1
11067,Store,6,null,730,2
11068,Store,3,null,730,2
11069,Warehouse,null,9,730,4
11070,Warehouse,null,4,730,7
11071,Store,40,null,731,2
11072,Store,11,null,731,2
11073,Store,83,null,731,3
11074,Store,88,null,731,1
11075,Store,53,null,731,1
11076,Store,16,null,731,1
11077,Store,12,null,731,1
11078,Store,6,null,731,2
11079,Store,65,null,731,6
11080,Store,36,null,731,1
11081,Warehouse,null,4,731,5
11082,Warehouse,null,8,731,2
11083,Warehouse,null,11,731,6
11084,Store,52,null,732,1
11085,Store,100,null,732,1
11086,Store,92,null,732,1
11087,Store,87,null,732,1
11088,Store,42,null,732,1
11089,Store,109,null,732,1
11090,Store,114,null,732,1
11091,Store,98,null,732,1
11092,Store,41,null,732,1
11093,Store,105,null,732,1
11094,Store,29,null,732,1
11095,Store,56,null,732,1
11096,Store,5,null,732,1
11097,Store,106,null,732,1
11098,Store,99,null,732,1
11099,Store,113,null,732,1
11100,Warehouse,null,10,732,6
11101,Warehouse,null,8,732,5
11102,Store,13,null,733,1
11103,Store,67,null,733,2
11104,Store,59,null,733,2
11105,Store,18,null,733,2
11106,Store,92,null,733,3
11107,Store,46,null,733,2
11108,Store,45,null,733,1
11109,Store,118,null,733,3
11110,Warehouse,null,12,733,6
11111,Warehouse,null,7,733,5
11112,Store,65,null,734,2
11113,Store,97,null,734,4
11114,Store,18,null,734,1
11115,Store,71,null,734,2
11116,Store,44,null,734,2
11117,Store,55,null,734,2
11118,Store,39,null,734,3
11119,Store,111,null,734,1
11120,Store,73,null,734,1
11121,Warehouse,null,9,734,7
11122,Warehouse,null,4,734,5
11123,Store,88,null,735,3
11124,Store,83,null,735,2
11125,Store,111,null,735,1
11126,Store,95,null,735,2
11127,Store,64,null,735,2
11128,Store,21,null,735,2
11129,Store,26,null,735,2
11130,Store,31,null,735,2
11131,Store,78,null,735,2
11132,Store,32,null,735,2
11133,Warehouse,null,9,735,3
11134,Warehouse,null,8,735,3
11135,Warehouse,null,11,735,3
11136,Warehouse,null,7,735,4
11137,Store,92,null,736,1
11138,Store,72,null,736,2
11139,Store,100,null,736,2
11140,Store,20,null,736,1
11141,Store,76,null,736,3
11142,Store,50,null,736,1
11143,Store,10,null,736,2
11144,Store,17,null,736,4
11145,Warehouse,null,10,736,5
11146,Warehouse,null,6,736,6
11147,Store,85,null,737,4
11148,Store,9,null,737,6
11149,Store,95,null,737,1
11150,Store,104,null,737,1
11151,Store,4,null,737,2
11152,Warehouse,null,5,737,3
11153,Warehouse,null,10,737,4
11154,Warehouse,null,7,737,3
11155,Store,92,null,738,1
11156,Store,1,null,738,1
11157,Store,15,null,738,2
11158,Store,72,null,738,4
11159,Store,33,null,738,2
11160,Store,28,null,738,2
11161,Store,52,null,738,2
11162,Warehouse,null,1,738,1
11163,Warehouse,null,8,738,5
11164,Warehouse,null,6,738,4
11165,Store,74,null,739,1
11166,Store,43,null,739,2
11167,Store,75,null,739,2
11168,Store,46,null,739,4
11169,Store,61,null,739,1
11170,Store,69,null,739,3
11171,Store,33,null,739,2
11172,Store,5,null,739,1
11173,Warehouse,null,6,739,5
11174,Warehouse,null,9,739,6
11175,Store,39,null,740,2
11176,Store,71,null,740,1
11177,Store,16,null,740,2
11178,Store,84,null,740,4
11179,Store,46,null,740,2
11180,Store,52,null,740,4
11181,Store,27,null,740,4
11182,Warehouse,null,5,740,7
11183,Warehouse,null,7,740,5
11184,Store,12,null,741,1
11185,Store,52,null,741,1
11186,Store,6,null,741,1
11187,Store,88,null,741,1
11188,Store,35,null,741,1
11189,Store,80,null,741,1
11190,Store,21,null,741,1
11191,Store,97,null,741,1
11192,Store,113,null,741,1
11193,Store,48,null,741,1
11194,Store,60,null,741,1
11195,Store,24,null,741,1
11196,Store,43,null,741,1
11197,Store,18,null,741,1
11198,Store,114,null,741,1
11199,Store,64,null,741,1
11200,Warehouse,null,4,741,5
11201,Warehouse,null,5,741,6
11202,Store,1,null,742,1
11203,Store,114,null,742,1
11204,Store,16,null,742,1
11205,Store,110,null,742,1
11206,Store,66,null,742,1
11207,Store,91,null,742,1
11208,Store,81,null,742,1
11209,Store,36,null,742,1
11210,Store,89,null,742,1
11211,Store,22,null,742,1
11212,Store,65,null,742,1
11213,Store,75,null,742,1
11214,Store,30,null,742,1
11215,Store,7,null,742,1
11216,Store,56,null,742,1
11217,Store,93,null,742,1
11218,Warehouse,null,8,742,5
11219,Warehouse,null,11,742,3
11220,Warehouse,null,7,742,3
11221,Store,94,null,743,1
11222,Store,60,null,743,1
11223,Store,80,null,743,1
11224,Store,96,null,743,1
11225,Store,88,null,743,1
11226,Store,42,null,743,1
11227,Store,34,null,743,1
11228,Store,115,null,743,1
11229,Store,83,null,743,1
11230,Store,5,null,743,1
11231,Store,102,null,743,1
11232,Store,46,null,743,1
11233,Store,19,null,743,1
11234,Store,95,null,743,1
11235,Warehouse,null,1,743,3
11236,Warehouse,null,3,743,5
11237,Warehouse,null,7,743,2
11238,Store,48,null,744,3
11239,Store,77,null,744,1
11240,Store,71,null,744,4
11241,Store,2,null,744,3
11242,Store,41,null,744,2
11243,Store,81,null,744,1
11244,Store,78,null,744,1
11245,Store,118,null,744,1
11246,Warehouse,null,3,744,7
11247,Warehouse,null,2,744,4
11248,Store,20,null,745,1
11249,Store,78,null,745,2
11250,Store,51,null,745,1
11251,Store,44,null,745,3
11252,Store,72,null,745,1
11253,Store,55,null,745,3
11254,Store,38,null,745,3
11255,Warehouse,null,10,745,2
11256,Warehouse,null,3,745,8
11257,Store,65,null,746,1
11258,Store,56,null,746,1
11259,Store,68,null,746,3
11260,Store,93,null,746,1
11261,Store,19,null,746,3
11262,Store,117,null,746,2
11263,Store,49,null,746,2
11264,Store,61,null,746,3
11265,Warehouse,null,11,746,2
11266,Warehouse,null,8,746,6
11267,Warehouse,null,9,746,3
11268,Store,48,null,747,1
11269,Store,100,null,747,5
11270,Store,36,null,747,2
11271,Store,82,null,747,1
11272,Store,113,null,747,1
11273,Store,69,null,747,1
11274,Warehouse,null,9,747,7
11275,Store,9,null,748,2
11276,Store,83,null,748,2
11277,Store,113,null,748,5
11278,Store,19,null,748,2
11279,Store,102,null,748,3
11280,Warehouse,null,1,748,1
11281,Warehouse,null,5,748,6
11282,Warehouse,null,9,748,3
11283,Store,66,null,749,1
11284,Store,101,null,749,1
11285,Store,62,null,749,1
11286,Store,65,null,749,1
11287,Store,44,null,749,1
11288,Store,1,null,749,1
11289,Store,8,null,749,1
11290,Store,74,null,749,1
11291,Store,114,null,749,1
11292,Store,69,null,749,1
11293,Store,118,null,749,1
11294,Store,92,null,749,1
11295,Store,113,null,749,1
11296,Store,85,null,749,1
11297,Warehouse,null,11,749,3
11298,Warehouse,null,8,749,5
11299,Warehouse,null,2,749,2
11300,Store,48,null,750,2
11301,Store,20,null,750,4
11302,Store,99,null,750,1
11303,Store,66,null,750,1
11304,Store,73,null,750,2
11305,Store,32,null,750,1
11306,Store,101,null,750,3
11307,Warehouse,null,6,750,2
11308,Warehouse,null,1,750,2
11309,Warehouse,null,9,750,6
11310,Store,63,null,751,3
11311,Store,89,null,751,2
11312,Store,94,null,751,2
11313,Store,64,null,751,2
11314,Store,66,null,751,1
11315,Store,90,null,751,3
11316,Store,54,null,751,1
11317,Warehouse,null,12,751,5
11318,Warehouse,null,10,751,4
11319,Warehouse,null,11,751,1
11320,Store,5,null,752,1
11321,Store,90,null,752,1
11322,Store,95,null,752,1
11323,Store,100,null,752,1
11324,Store,81,null,752,1
11325,Store,20,null,752,1
11326,Store,34,null,752,1
11327,Store,17,null,752,1
11328,Store,29,null,752,1
11329,Store,61,null,752,1
11330,Store,98,null,752,1
11331,Store,59,null,752,1
11332,Store,41,null,752,1
11333,Store,82,null,752,1
11334,Warehouse,null,11,752,4
11335,Warehouse,null,9,752,6
11336,Store,70,null,753,2
11337,Store,81,null,753,1
11338,Store,113,null,753,2
11339,Store,106,null,753,2
11340,Store,63,null,753,1
11341,Store,28,null,753,3
11342,Store,38,null,753,2
11343,Store,109,null,753,2
11344,Warehouse,null,7,753,7
11345,Warehouse,null,9,753,3
11346,Store,119,null,754,1
11347,Store,10,null,754,1
11348,Store,98,null,754,1
11349,Store,94,null,754,1
11350,Store,68,null,754,1
11351,Store,40,null,754,1
11352,Store,76,null,754,1
11353,Store,66,null,754,1
11354,Store,90,null,754,1
11355,Store,19,null,754,1
11356,Store,26,null,754,1
11357,Store,50,null,754,1
11358,Store,103,null,754,1
11359,Store,39,null,754,1
11360,Store,84,null,754,1
11361,Store,75,null,754,1
11362,Store,54,null,754,1
11363,Store,31,null,754,1
11364,Store,112,null,754,1
11365,Store,20,null,754,1
11366,Warehouse,null,4,754,3
11367,Warehouse,null,5,754,4
11368,Warehouse,null,10,754,3
11369,Warehouse,null,6,754,3
11370,Store,23,null,755,2
11371,Store,112,null,755,3
11372,Store,5,null,755,1
11373,Store,82,null,755,4
11374,Store,12,null,755,4
11375,Warehouse,null,8,755,5
11376,Warehouse,null,7,755,5
11377,Store,70,null,756,1
11378,Store,69,null,756,1
11379,Store,53,null,756,1
11380,Store,81,null,756,1
11381,Store,2,null,756,1
11382,Store,10,null,756,1
11383,Store,13,null,756,1
11384,Store,21,null,756,1
11385,Store,41,null,756,1
11386,Store,56,null,756,1
11387,Store,72,null,756,1
11388,Store,45,null,756,1
11389,Store,44,null,756,1
11390,Store,19,null,756,1
11391,Warehouse,null,3,756,5
11392,Warehouse,null,1,756,5
11393,Store,109,null,757,1
11394,Store,103,null,757,1
11395,Store,15,null,757,1
11396,Store,69,null,757,1
11397,Store,102,null,757,1
11398,Store,55,null,757,1
11399,Store,90,null,757,1
11400,Store,26,null,757,1
11401,Store,112,null,757,1
11402,Store,119,null,757,1
11403,Store,2,null,757,1
11404,Store,74,null,757,1
11405,Store,4,null,757,1
11406,Store,9,null,757,1
11407,Store,63,null,757,1
11408,Store,51,null,757,1
11409,Warehouse,null,7,757,3
11410,Warehouse,null,4,757,4
11411,Warehouse,null,2,757,4
11412,Store,109,null,758,2
11413,Store,18,null,758,1
11414,Store,108,null,758,3
11415,Store,72,null,758,1
11416,Store,23,null,758,3
11417,Store,40,null,758,2
11418,Store,61,null,758,2
11419,Warehouse,null,6,758,4
11420,Warehouse,null,11,758,6
11421,Store,91,null,759,1
11422,Store,35,null,759,1
11423,Store,36,null,759,1
11424,Store,120,null,759,1
11425,Store,74,null,759,1
11426,Store,111,null,759,1
11427,Store,20,null,759,1
11428,Store,70,null,759,1
11429,Store,24,null,759,1
11430,Store,41,null,759,1
11431,Store,53,null,759,1
11432,Store,99,null,759,1
11433,Store,27,null,759,1
11434,Store,31,null,759,1
11435,Store,49,null,759,1
11436,Store,114,null,759,1
11437,Store,79,null,759,1
11438,Store,17,null,759,1
11439,Warehouse,null,12,759,6
11440,Warehouse,null,9,759,6
11441,Store,44,null,760,1
11442,Store,97,null,760,1
11443,Store,16,null,760,1
11444,Store,29,null,760,1
11445,Store,66,null,760,1
11446,Store,39,null,760,1
11447,Store,35,null,760,1
11448,Store,107,null,760,1
11449,Store,106,null,760,1
11450,Store,28,null,760,1
11451,Store,24,null,760,1
11452,Store,79,null,760,1
11453,Store,14,null,760,1
11454,Store,43,null,760,1
11455,Store,104,null,760,1
11456,Warehouse,null,4,760,5
11457,Warehouse,null,6,760,5
11458,Store,17,null,761,1
11459,Store,22,null,761,1
11460,Store,55,null,761,1
11461,Store,100,null,761,1
11462,Store,57,null,761,1
11463,Store,28,null,761,1
11464,Store,12,null,761,1
11465,Store,84,null,761,1
11466,Store,18,null,761,1
11467,Store,67,null,761,1
11468,Store,102,null,761,1
11469,Store,70,null,761,1
11470,Store,78,null,761,1
11471,Store,104,null,761,1
11472,Store,36,null,761,1
11473,Store,29,null,761,1
11474,Warehouse,null,5,761,2
11475,Warehouse,null,6,761,5
11476,Warehouse,null,3,761,4
11477,Store,65,null,762,1
11478,Store,93,null,762,1
11479,Store,35,null,762,1
11480,Store,4,null,762,1
11481,Store,39,null,762,1
11482,Store,66,null,762,1
11483,Store,50,null,762,1
11484,Store,74,null,762,1
11485,Store,89,null,762,1
11486,Store,62,null,762,1
11487,Store,56,null,762,1
11488,Store,1,null,762,1
11489,Store,40,null,762,1
11490,Store,94,null,762,1
11491,Warehouse,null,10,762,7
11492,Warehouse,null,8,762,3
11493,Store,98,null,763,4
11494,Store,69,null,763,3
11495,Store,92,null,763,2
11496,Store,65,null,763,4
11497,Store,72,null,763,1
11498,Store,31,null,763,2
11499,Warehouse,null,1,763,5
11500,Warehouse,null,8,763,6
11501,Store,8,null,764,1
11502,Store,29,null,764,3
11503,Store,47,null,764,2
11504,Store,17,null,764,1
11505,Store,10,null,764,1
11506,Store,111,null,764,4
11507,Store,77,null,764,2
11508,Warehouse,null,10,764,1
11509,Warehouse,null,2,764,4
11510,Warehouse,null,3,764,5
11511,Store,50,null,765,1
11512,Store,27,null,765,1
11513,Store,78,null,765,1
11514,Store,108,null,765,1
11515,Store,2,null,765,1
11516,Store,37,null,765,1
11517,Store,92,null,765,1
11518,Store,58,null,765,1
11519,Store,33,null,765,1
11520,Store,22,null,765,1
11521,Store,120,null,765,1
11522,Store,62,null,765,1
11523,Store,36,null,765,1
11524,Store,14,null,765,1
11525,Store,29,null,765,1
11526,Store,49,null,765,1
11527,Store,13,null,765,1
11528,Store,111,null,765,1
11529,Store,83,null,765,1
11530,Store,116,null,765,1
11531,Warehouse,null,9,765,5
11532,Warehouse,null,3,765,3
11533,Warehouse,null,4,765,6
11534,Store,6,null,766,1
11535,Store,69,null,766,1
11536,Store,114,null,766,1
11537,Store,116,null,766,1
11538,Store,65,null,766,1
11539,Store,19,null,766,1
11540,Store,86,null,766,1
11541,Store,119,null,766,1
11542,Store,14,null,766,1
11543,Store,99,null,766,1
11544,Store,29,null,766,1
11545,Store,5,null,766,1
11546,Store,83,null,766,1
11547,Store,37,null,766,1
11548,Store,21,null,766,1
11549,Warehouse,null,5,766,5
11550,Warehouse,null,12,766,5
11551,Store,100,null,767,1
11552,Store,79,null,767,3
11553,Store,35,null,767,2
11554,Store,48,null,767,1
11555,Store,43,null,767,3
11556,Store,70,null,767,3
11557,Store,58,null,767,1
11558,Store,37,null,767,2
11559,Warehouse,null,8,767,8
11560,Warehouse,null,1,767,3
11561,Store,56,null,768,4
11562,Store,33,null,768,2
11563,Store,91,null,768,4
11564,Store,20,null,768,3
11565,Store,85,null,768,2
11566,Store,60,null,768,4
11567,Store,94,null,768,1
11568,Warehouse,null,3,768,4
11569,Warehouse,null,1,768,5
11570,Warehouse,null,11,768,3
11571,Warehouse,null,9,768,2
11572,Store,15,null,769,1
11573,Store,44,null,769,1
11574,Store,110,null,769,1
11575,Store,92,null,769,1
11576,Store,93,null,769,1
11577,Store,94,null,769,1
11578,Store,65,null,769,1
11579,Store,10,null,769,1
11580,Store,2,null,769,1
11581,Store,28,null,769,1
11582,Store,14,null,769,1
11583,Store,25,null,769,1
11584,Store,64,null,769,1
11585,Store,5,null,769,1
11586,Store,48,null,769,1
11587,Store,69,null,769,1
11588,Store,101,null,769,1
11589,Store,22,null,769,1
11590,Warehouse,null,8,769,10
11591,Warehouse,null,4,769,2
11592,Store,99,null,770,1
11593,Store,111,null,770,1
11594,Store,104,null,770,1
11595,Store,6,null,770,1
11596,Store,77,null,770,1
11597,Store,67,null,770,1
11598,Store,70,null,770,1
11599,Store,94,null,770,1
11600,Store,68,null,770,1
11601,Store,32,null,770,1
11602,Store,24,null,770,1
11603,Store,110,null,770,1
11604,Store,43,null,770,1
11605,Store,3,null,770,1
11606,Store,8,null,770,1
11607,Warehouse,null,6,770,3
11608,Warehouse,null,1,770,7
11609,Store,94,null,771,1
11610,Store,85,null,771,1
11611,Store,42,null,771,3
11612,Store,62,null,771,2
11613,Store,119,null,771,2
11614,Store,113,null,771,1
11615,Store,6,null,771,2
11616,Store,111,null,771,4
11617,Store,43,null,771,1
11618,Warehouse,null,1,771,5
11619,Warehouse,null,12,771,7
11620,Store,58,null,772,2
11621,Store,55,null,772,3
11622,Store,118,null,772,2
11623,Store,89,null,772,4
11624,Store,40,null,772,3
11625,Store,18,null,772,3
11626,Warehouse,null,2,772,7
11627,Warehouse,null,3,772,4
11628,Store,15,null,773,1
11629,Store,118,null,773,1
11630,Store,5,null,773,1
11631,Store,112,null,773,1
11632,Store,93,null,773,1
11633,Store,97,null,773,1
11634,Store,101,null,773,1
11635,Store,86,null,773,1
11636,Store,34,null,773,1
11637,Store,43,null,773,1
11638,Store,57,null,773,1
11639,Store,114,null,773,1
11640,Store,29,null,773,1
11641,Store,40,null,773,1
11642,Store,119,null,773,1
11643,Store,18,null,773,1
11644,Store,47,null,773,1
11645,Store,37,null,773,1
11646,Store,1,null,773,1
11647,Store,32,null,773,1
11648,Store,85,null,773,1
11649,Store,10,null,773,1
11650,Store,6,null,773,1
11651,Store,80,null,773,1
11652,Store,22,null,773,1
11653,Store,89,null,773,1
11654,Store,81,null,773,1
11655,Store,62,null,773,1
11656,Store,24,null,773,1
11657,Store,13,null,773,1
11658,Store,120,null,773,1
11659,Store,58,null,773,1
11660,Store,111,null,773,1
11661,Store,100,null,773,1
11662,Store,66,null,773,1
11663,Store,42,null,773,1
11664,Warehouse,null,2,773,1
11665,Warehouse,null,5,773,8
11666,Warehouse,null,3,773,4
11667,Warehouse,null,6,773,5
11668,Warehouse,null,7,773,6
11669,Store,33,null,774,1
11670,Store,65,null,774,2
11671,Store,47,null,774,3
11672,Store,18,null,774,4
11673,Store,3,null,774,2
11674,Store,87,null,774,2
11675,Store,6,null,774,2
11676,Store,81,null,774,3
11677,Store,104,null,774,1
11678,Store,60,null,774,1
11679,Store,96,null,774,3
11680,Store,17,null,774,1
11681,Store,27,null,774,1
11682,Store,40,null,774,1
11683,Store,52,null,774,2
11684,Store,16,null,774,3
11685,Warehouse,null,12,774,3
11686,Warehouse,null,3,774,6
11687,Warehouse,null,5,774,5
11688,Warehouse,null,8,774,8
11689,Store,65,null,775,1
11690,Store,67,null,775,1
11691,Store,115,null,775,1
11692,Store,17,null,775,1
11693,Store,66,null,775,1
11694,Store,62,null,775,1
11695,Store,99,null,775,1
11696,Store,94,null,775,1
11697,Store,93,null,775,1
11698,Store,89,null,775,1
11699,Store,45,null,775,1
11700,Store,69,null,775,1
11701,Store,37,null,775,1
11702,Store,49,null,775,1
11703,Store,52,null,775,1
11704,Store,40,null,775,1
11705,Store,55,null,775,1
11706,Store,83,null,775,1
11707,Store,34,null,775,1
11708,Store,5,null,775,1
11709,Store,71,null,775,1
11710,Store,9,null,775,1
11711,Store,85,null,775,1
11712,Store,11,null,775,1
11713,Store,28,null,775,1
11714,Store,14,null,775,1
11715,Store,32,null,775,1
11716,Store,106,null,775,1
11717,Store,100,null,775,1
11718,Store,42,null,775,1
11719,Store,73,null,775,1
11720,Store,105,null,775,1
11721,Store,25,null,775,1
11722,Store,76,null,775,1
11723,Store,108,null,775,1
11724,Store,116,null,775,1
11725,Store,15,null,775,1
11726,Store,64,null,775,1
11727,Store,30,null,775,1
11728,Store,16,null,775,1
11729,Warehouse,null,10,775,3
11730,Warehouse,null,11,775,5
11731,Warehouse,null,3,775,5
11732,Warehouse,null,7,775,5
11733,Warehouse,null,5,775,2
11734,Warehouse,null,2,775,4
11735,Warehouse,null,12,775,2
11736,Store,95,null,776,3
11737,Store,117,null,776,2
11738,Store,59,null,776,1
11739,Store,58,null,776,1
11740,Store,33,null,776,4
11741,Store,99,null,776,1
11742,Store,48,null,776,1
11743,Store,21,null,776,1
11744,Store,23,null,776,2
11745,Store,85,null,776,2
11746,Store,44,null,776,2
11747,Store,8,null,776,2
11748,Store,109,null,776,2
11749,Store,94,null,776,2
11750,Store,81,null,776,2
11751,Store,110,null,776,2
11752,Store,41,null,776,2
11753,Store,22,null,776,3
11754,Store,38,null,776,3
11755,Store,16,null,776,2
11756,Warehouse,null,3,776,7
11757,Warehouse,null,11,776,6
11758,Warehouse,null,6,776,3
11759,Warehouse,null,2,776,6
11760,Warehouse,null,5,776,4
11761,Store,94,null,777,2
11762,Store,116,null,777,2
11763,Store,74,null,777,1
11764,Store,17,null,777,2
11765,Store,11,null,777,2
11766,Store,85,null,777,1
11767,Store,43,null,777,2
11768,Store,111,null,777,3
11769,Store,5,null,777,1
11770,Store,52,null,777,4
11771,Store,53,null,777,2
11772,Store,113,null,777,1
11773,Store,95,null,777,3
11774,Store,40,null,777,1
11775,Store,75,null,777,3
11776,Store,29,null,777,2
11777,Store,87,null,777,1
11778,Store,46,null,777,3
11779,Store,64,null,777,3
11780,Store,62,null,777,1
11781,Store,119,null,777,1
11782,Store,68,null,777,2
11783,Warehouse,null,10,777,6
11784,Warehouse,null,8,777,4
11785,Warehouse,null,5,777,4
11786,Warehouse,null,7,777,7
11787,Warehouse,null,2,777,8
11788,Store,100,null,778,1
11789,Store,55,null,778,1
11790,Store,85,null,778,1
11791,Store,96,null,778,1
11792,Store,32,null,778,1
11793,Store,120,null,778,1
11794,Store,45,null,778,1
11795,Store,112,null,778,1
11796,Store,63,null,778,1
11797,Store,102,null,778,1
11798,Store,84,null,778,1
11799,Store,103,null,778,1
11800,Store,57,null,778,1
11801,Store,7,null,778,1
11802,Store,56,null,778,1
11803,Store,21,null,778,1
11804,Store,99,null,778,1
11805,Store,106,null,778,1
11806,Store,24,null,778,1
11807,Store,35,null,778,1
11808,Store,10,null,778,1
11809,Store,44,null,778,1
11810,Store,115,null,778,1
11811,Store,62,null,778,1
11812,Store,107,null,778,1
11813,Store,22,null,778,1
11814,Store,5,null,778,1
11815,Store,16,null,778,1
11816,Store,34,null,778,1
11817,Store,11,null,778,1
11818,Store,38,null,778,1
11819,Store,105,null,778,1
11820,Store,46,null,778,1
11821,Store,26,null,778,1
11822,Store,51,null,778,1
11823,Store,69,null,778,1
11824,Store,9,null,778,1
11825,Warehouse,null,10,778,5
11826,Warehouse,null,5,778,3
11827,Warehouse,null,6,778,3
11828,Warehouse,null,3,778,7
11829,Warehouse,null,11,778,4
11830,Warehouse,null,7,778,2
11831,Store,3,null,779,1
11832,Store,114,null,779,2
11833,Store,19,null,779,3
11834,Store,64,null,779,1
11835,Store,4,null,779,4
11836,Store,74,null,779,3
11837,Store,90,null,779,1
11838,Store,7,null,779,4
11839,Store,99,null,779,2
11840,Store,18,null,779,7
11841,Store,14,null,779,4
11842,Warehouse,null,11,779,6
11843,Warehouse,null,3,779,8
11844,Warehouse,null,7,779,4
11845,Warehouse,null,10,779,4
11846,Store,103,null,780,1
11847,Store,81,null,780,4
11848,Store,112,null,780,2
11849,Store,43,null,780,2
11850,Store,12,null,780,6
11851,Store,71,null,780,3
11852,Store,9,null,780,2
11853,Store,35,null,780,5
11854,Store,63,null,780,1
11855,Store,94,null,780,5
11856,Store,54,null,780,1
11857,Warehouse,null,10,780,4
11858,Warehouse,null,9,780,9
11859,Warehouse,null,11,780,9
11860,Store,7,null,781,4
11861,Store,105,null,781,2
11862,Store,93,null,781,2
11863,Store,40,null,781,2
11864,Store,84,null,781,3
11865,Store,5,null,781,3
11866,Store,116,null,781,2
11867,Store,86,null,781,1
11868,Store,66,null,781,2
11869,Store,17,null,781,2
11870,Store,74,null,781,1
11871,Store,64,null,781,4
11872,Store,70,null,781,1
11873,Store,75,null,781,1
11874,Store,49,null,781,2
11875,Store,1,null,781,1
11876,Store,59,null,781,2
11877,Store,2,null,781,2
11878,Store,14,null,781,2
11879,Store,114,null,781,1
11880,Warehouse,null,8,781,3
11881,Warehouse,null,3,781,6
11882,Warehouse,null,10,781,8
11883,Warehouse,null,9,781,5
11884,Warehouse,null,4,781,5
11885,Store,68,null,782,1
11886,Store,78,null,782,1
11887,Store,43,null,782,1
11888,Store,84,null,782,1
11889,Store,32,null,782,1
11890,Store,28,null,782,1
11891,Store,73,null,782,1
11892,Store,87,null,782,1
11893,Store,10,null,782,1
11894,Store,90,null,782,1
11895,Store,29,null,782,1
11896,Store,59,null,782,1
11897,Store,53,null,782,1
11898,Store,54,null,782,1
11899,Store,109,null,782,1
11900,Store,31,null,782,1
11901,Store,58,null,782,1
11902,Store,83,null,782,1
11903,Store,41,null,782,1
11904,Store,6,null,782,1
11905,Store,21,null,782,1
11906,Store,24,null,782,1
11907,Store,95,null,782,1
11908,Store,9,null,782,1
11909,Store,111,null,782,1
11910,Warehouse,null,6,782,6
11911,Warehouse,null,2,782,3
11912,Warehouse,null,10,782,8
11913,Store,37,null,783,1
11914,Store,36,null,783,1
11915,Store,18,null,783,1
11916,Store,110,null,783,1
11917,Store,111,null,783,1
11918,Store,71,null,783,1
11919,Store,113,null,783,1
11920,Store,100,null,783,1
11921,Store,106,null,783,1
11922,Store,11,null,783,1
11923,Store,79,null,783,1
11924,Store,63,null,783,1
11925,Store,57,null,783,1
11926,Store,52,null,783,1
11927,Store,76,null,783,1
11928,Store,92,null,783,1
11929,Store,7,null,783,1
11930,Store,66,null,783,1
11931,Store,96,null,783,1
11932,Store,60,null,783,1
11933,Store,2,null,783,1
11934,Store,56,null,783,1
11935,Store,59,null,783,1
11936,Store,103,null,783,1
11937,Store,85,null,783,1
11938,Store,107,null,783,1
11939,Store,54,null,783,1
11940,Store,78,null,783,1
11941,Store,90,null,783,1
11942,Warehouse,null,11,783,4
11943,Warehouse,null,1,783,7
11944,Warehouse,null,7,783,8
11945,Store,42,null,784,2
11946,Store,34,null,784,1
11947,Store,118,null,784,2
11948,Store,20,null,784,3
11949,Store,41,null,784,2
11950,Store,72,null,784,2
11951,Store,16,null,784,1
11952,Store,59,null,784,2
11953,Store,98,null,784,1
11954,Store,77,null,784,4
11955,Store,40,null,784,2
11956,Store,107,null,784,2
11957,Store,30,null,784,3
11958,Store,43,null,784,1
11959,Store,83,null,784,1
11960,Store,112,null,784,2
11961,Store,36,null,784,1
11962,Store,79,null,784,4
11963,Warehouse,null,3,784,5
11964,Warehouse,null,5,784,2
11965,Warehouse,null,11,784,2
11966,Warehouse,null,10,784,6
11967,Warehouse,null,9,784,3
11968,Warehouse,null,12,784,6
11969,Store,31,null,785,1
11970,Store,69,null,785,1
11971,Store,93,null,785,1
11972,Store,56,null,785,1
11973,Store,111,null,785,1
11974,Store,24,null,785,1
11975,Store,37,null,785,1
11976,Store,50,null,785,1
11977,Store,68,null,785,1
11978,Store,33,null,785,1
11979,Store,53,null,785,1
11980,Store,115,null,785,1
11981,Store,87,null,785,1
11982,Store,117,null,785,1
11983,Store,38,null,785,1
11984,Store,75,null,785,1
11985,Store,79,null,785,1
11986,Store,63,null,785,1
11987,Store,70,null,785,1
11988,Store,106,null,785,1
11989,Store,110,null,785,1
11990,Store,18,null,785,1
11991,Store,120,null,785,1
11992,Store,61,null,785,1
11993,Store,78,null,785,1
11994,Store,19,null,785,1
11995,Store,25,null,785,1
11996,Store,35,null,785,1
11997,Store,45,null,785,1
11998,Warehouse,null,12,785,4
11999,Warehouse,null,10,785,5
12000,Warehouse,null,1,785,4
12001,Warehouse,null,6,785,6
12002,Store,99,null,786,1
12003,Store,102,null,786,1
12004,Store,7,null,786,1
12005,Store,114,null,786,1
12006,Store,20,null,786,1
12007,Store,30,null,786,1
12008,Store,32,null,786,1
12009,Store,82,null,786,1
12010,Store,25,null,786,1
12011,Store,73,null,786,1
12012,Store,111,null,786,1
12013,Store,62,null,786,1
12014,Store,2,null,786,1
12015,Store,86,null,786,1
12016,Store,37,null,786,1
12017,Store,13,null,786,1
12018,Store,120,null,786,1
12019,Store,1,null,786,1
12020,Store,83,null,786,1
12021,Store,60,null,786,1
12022,Store,116,null,786,1
12023,Store,14,null,786,1
12024,Store,85,null,786,1
12025,Store,91,null,786,1
12026,Store,66,null,786,1
12027,Store,6,null,786,1
12028,Store,48,null,786,1
12029,Store,79,null,786,1
12030,Store,93,null,786,1
12031,Store,57,null,786,1
12032,Store,22,null,786,1
12033,Store,23,null,786,1
12034,Store,75,null,786,1
12035,Store,31,null,786,1
12036,Store,97,null,786,1
12037,Store,29,null,786,1
12038,Warehouse,null,4,786,3
12039,Warehouse,null,1,786,6
12040,Warehouse,null,2,786,8
12041,Warehouse,null,11,786,7
12042,Store,116,null,787,2
12043,Store,2,null,787,2
12044,Store,72,null,787,2
12045,Store,65,null,787,3
12046,Store,93,null,787,2
12047,Store,90,null,787,1
12048,Store,119,null,787,1
12049,Store,26,null,787,3
12050,Store,76,null,787,2
12051,Store,52,null,787,3
12052,Store,82,null,787,2
12053,Store,120,null,787,3
12054,Store,108,null,787,1
12055,Store,13,null,787,3
12056,Store,44,null,787,1
12057,Store,73,null,787,1
12058,Warehouse,null,8,787,6
12059,Warehouse,null,7,787,9
12060,Warehouse,null,4,787,7
12061,Store,84,null,788,1
12062,Store,90,null,788,1
12063,Store,106,null,788,1
12064,Store,13,null,788,1
12065,Store,100,null,788,1
12066,Store,5,null,788,1
12067,Store,41,null,788,1
12068,Store,25,null,788,1
12069,Store,36,null,788,1
12070,Store,52,null,788,1
12071,Store,34,null,788,1
12072,Store,54,null,788,1
12073,Store,19,null,788,1
12074,Store,86,null,788,1
12075,Store,60,null,788,1
12076,Store,15,null,788,1
12077,Store,117,null,788,1
12078,Store,39,null,788,1
12079,Store,32,null,788,1
12080,Store,107,null,788,1
12081,Store,44,null,788,1
12082,Store,33,null,788,1
12083,Store,115,null,788,1
12084,Store,105,null,788,1
12085,Store,102,null,788,1
12086,Store,4,null,788,1
12087,Store,68,null,788,1
12088,Store,73,null,788,1
12089,Store,92,null,788,1
12090,Store,99,null,788,1
12091,Store,22,null,788,1
12092,Store,20,null,788,1
12093,Store,27,null,788,1
12094,Store,112,null,788,1
12095,Store,119,null,788,1
12096,Store,71,null,788,1
12097,Warehouse,null,6,788,7
12098,Warehouse,null,4,788,4
12099,Warehouse,null,11,788,2
12100,Warehouse,null,7,788,5
12101,Warehouse,null,10,788,6
12102,Store,83,null,789,3
12103,Store,74,null,789,2
12104,Store,1,null,789,1
12105,Store,90,null,789,2
12106,Store,13,null,789,3
12107,Store,51,null,789,2
12108,Store,31,null,789,3
12109,Store,65,null,789,2
12110,Store,115,null,789,2
12111,Store,47,null,789,1
12112,Store,35,null,789,2
12113,Store,9,null,789,1
12114,Store,93,null,789,1
12115,Store,94,null,789,3
12116,Store,5,null,789,1
12117,Warehouse,null,5,789,5
12118,Warehouse,null,11,789,5
12119,Warehouse,null,4,789,5
12120,Warehouse,null,12,789,4
12121,Store,29,null,790,2
12122,Store,56,null,790,3
12123,Store,25,null,790,1
12124,Store,28,null,790,2
12125,Store,68,null,790,2
12126,Store,88,null,790,2
12127,Store,38,null,790,2
12128,Store,42,null,790,2
12129,Store,103,null,790,3
12130,Store,24,null,790,2
12131,Store,80,null,790,1
12132,Store,22,null,790,2
12133,Store,16,null,790,2
12134,Store,113,null,790,3
12135,Store,97,null,790,2
12136,Store,52,null,790,1
12137,Warehouse,null,2,790,4
12138,Warehouse,null,11,790,4
12139,Warehouse,null,3,790,7
12140,Warehouse,null,5,790,7
12141,Store,94,null,791,3
12142,Store,37,null,791,1
12143,Store,57,null,791,2
12144,Store,119,null,791,3
12145,Store,109,null,791,3
12146,Store,93,null,791,3
12147,Store,14,null,791,2
12148,Store,100,null,791,1
12149,Store,42,null,791,2
12150,Store,54,null,791,2
12151,Store,17,null,791,3
12152,Store,51,null,791,1
12153,Store,9,null,791,3
12154,Store,118,null,791,1
12155,Store,3,null,791,1
12156,Store,23,null,791,1
12157,Store,120,null,791,1
12158,Warehouse,null,4,791,7
12159,Warehouse,null,7,791,7
12160,Warehouse,null,12,791,4
12161,Warehouse,null,10,791,2
12162,Warehouse,null,5,791,2
12163,Store,57,null,792,1
12164,Store,5,null,792,1
12165,Store,74,null,792,2
12166,Store,110,null,792,1
12167,Store,49,null,792,3
12168,Store,87,null,792,3
12169,Store,9,null,792,1
12170,Store,19,null,792,3
12171,Store,83,null,792,1
12172,Store,7,null,792,1
12173,Store,44,null,792,1
12174,Store,36,null,792,3
12175,Store,45,null,792,2
12176,Store,91,null,792,4
12177,Store,98,null,792,4
12178,Store,76,null,792,1
12179,Warehouse,null,4,792,1
12180,Warehouse,null,6,792,5
12181,Warehouse,null,10,792,4
12182,Warehouse,null,9,792,4
12183,Warehouse,null,5,792,4
12184,Warehouse,null,12,792,4
12185,Store,97,null,793,2
12186,Store,94,null,793,4
12187,Store,64,null,793,1
12188,Store,86,null,793,4
12189,Store,90,null,793,2
12190,Store,54,null,793,2
12191,Store,115,null,793,5
12192,Store,34,null,793,3
12193,Store,82,null,793,3
12194,Store,68,null,793,4
12195,Store,103,null,793,3
12196,Store,43,null,793,2
12197,Store,105,null,793,3
12198,Store,117,null,793,2
12199,Warehouse,null,12,793,7
12200,Warehouse,null,10,793,6
12201,Warehouse,null,1,793,5
12202,Warehouse,null,6,793,9
12203,Store,101,null,794,4
12204,Store,112,null,794,1
12205,Store,29,null,794,3
12206,Store,90,null,794,4
12207,Store,9,null,794,2
12208,Store,7,null,794,1
12209,Store,67,null,794,2
12210,Store,40,null,794,2
12211,Store,95,null,794,1
12212,Store,59,null,794,2
12213,Store,34,null,794,3
12214,Store,50,null,794,1
12215,Store,56,null,794,1
12216,Store,43,null,794,1
12217,Store,111,null,794,1
12218,Store,47,null,794,3
12219,Warehouse,null,3,794,4
12220,Warehouse,null,8,794,9
12221,Warehouse,null,6,794,2
12222,Warehouse,null,11,794,4
12223,Warehouse,null,2,794,3
12224,Store,118,null,795,7
12225,Store,9,null,795,2
12226,Store,68,null,795,2
12227,Store,16,null,795,1
12228,Store,120,null,795,3
12229,Store,101,null,795,3
12230,Store,85,null,795,4
12231,Store,77,null,795,1
12232,Store,26,null,795,3
12233,Store,81,null,795,3
12234,Warehouse,null,5,795,1
12235,Warehouse,null,3,795,5
12236,Warehouse,null,7,795,3
12237,Warehouse,null,9,795,5
12238,Warehouse,null,1,795,5
12239,Store,3,null,796,1
12240,Store,26,null,796,1
12241,Store,79,null,796,1
12242,Store,103,null,796,1
12243,Store,49,null,796,1
12244,Store,112,null,796,1
12245,Store,86,null,796,1
12246,Store,98,null,796,1
12247,Store,97,null,796,1
12248,Store,95,null,796,1
12249,Store,90,null,796,1
12250,Store,18,null,796,1
12251,Store,28,null,796,1
12252,Store,38,null,796,1
12253,Store,53,null,796,1
12254,Store,91,null,796,1
12255,Store,92,null,796,1
12256,Store,78,null,796,1
12257,Store,39,null,796,1
12258,Store,64,null,796,1
12259,Store,19,null,796,1
12260,Store,58,null,796,1
12261,Store,15,null,796,1
12262,Store,109,null,796,1
12263,Store,48,null,796,1
12264,Store,69,null,796,1
12265,Store,43,null,796,1
12266,Store,111,null,796,1
12267,Store,16,null,796,1
12268,Store,55,null,796,1
12269,Store,70,null,796,1
12270,Store,110,null,796,1
12271,Store,1,null,796,1
12272,Warehouse,null,6,796,5
12273,Warehouse,null,11,796,3
12274,Warehouse,null,3,796,2
12275,Warehouse,null,9,796,3
12276,Warehouse,null,4,796,4
12277,Warehouse,null,8,796,5
12278,Store,3,null,797,5
12279,Store,102,null,797,1
12280,Store,88,null,797,3
12281,Store,66,null,797,1
12282,Store,97,null,797,2
12283,Store,86,null,797,2
12284,Store,56,null,797,1
12285,Store,35,null,797,1
12286,Store,107,null,797,2
12287,Store,111,null,797,2
12288,Store,101,null,797,1
12289,Store,120,null,797,5
12290,Store,14,null,797,2
12291,Store,119,null,797,2
12292,Store,30,null,797,2
12293,Store,46,null,797,1
12294,Store,72,null,797,2
12295,Store,20,null,797,1
12296,Warehouse,null,1,797,8
12297,Warehouse,null,10,797,3
12298,Warehouse,null,3,797,6
12299,Warehouse,null,8,797,7
12300,Store,59,null,798,1
12301,Store,99,null,798,1
12302,Store,4,null,798,1
12303,Store,53,null,798,1
12304,Store,81,null,798,1
12305,Store,3,null,798,1
12306,Store,48,null,798,1
12307,Store,76,null,798,1
12308,Store,35,null,798,1
12309,Store,91,null,798,1
12310,Store,92,null,798,1
12311,Store,114,null,798,1
12312,Store,75,null,798,1
12313,Store,22,null,798,1
12314,Store,80,null,798,1
12315,Store,94,null,798,1
12316,Store,50,null,798,1
12317,Store,11,null,798,1
12318,Store,20,null,798,1
12319,Store,102,null,798,1
12320,Store,56,null,798,1
12321,Store,98,null,798,1
12322,Store,67,null,798,1
12323,Store,46,null,798,1
12324,Store,60,null,798,1
12325,Store,112,null,798,1
12326,Store,49,null,798,1
12327,Store,25,null,798,1
12328,Store,63,null,798,1
12329,Store,120,null,798,1
12330,Store,97,null,798,1
12331,Store,8,null,798,1
12332,Store,34,null,798,1
12333,Warehouse,null,10,798,9
12334,Warehouse,null,9,798,4
12335,Warehouse,null,3,798,6
12336,Warehouse,null,6,798,3
12337,Store,114,null,799,3
12338,Store,45,null,799,2
12339,Store,71,null,799,3
12340,Store,117,null,799,1
12341,Store,15,null,799,2
12342,Store,41,null,799,2
12343,Store,57,null,799,1
12344,Store,67,null,799,4
12345,Store,32,null,799,2
12346,Store,25,null,799,2
12347,Store,9,null,799,1
12348,Store,49,null,799,3
12349,Store,61,null,799,1
12350,Store,10,null,799,1
12351,Store,35,null,799,2
12352,Store,115,null,799,1
12353,Store,118,null,799,5
12354,Store,106,null,799,1
12355,Store,1,null,799,2
12356,Store,31,null,799,1
12357,Warehouse,null,2,799,5
12358,Warehouse,null,7,799,8
12359,Warehouse,null,6,799,7
12360,Warehouse,null,10,799,6
12361,Store,34,null,800,1
12362,Store,1,null,800,1
12363,Store,95,null,800,3
12364,Store,49,null,800,2
12365,Store,102,null,800,3
12366,Store,87,null,800,1
12367,Store,118,null,800,3
12368,Store,35,null,800,1
12369,Store,17,null,800,2
12370,Store,67,null,800,1
12371,Store,30,null,800,3
12372,Store,21,null,800,2
12373,Store,71,null,800,2
12374,Store,96,null,800,2
12375,Store,7,null,800,2
12376,Store,69,null,800,1
12377,Store,13,null,800,1
12378,Store,41,null,800,5
12379,Store,48,null,800,2
12380,Store,70,null,800,2
12381,Warehouse,null,8,800,5
12382,Warehouse,null,2,800,3
12383,Warehouse,null,7,800,9
12384,Warehouse,null,10,800,5
12385,Warehouse,null,4,800,4
12386,Store,81,null,801,4
12387,Store,21,null,801,2
12388,Store,118,null,801,3
12389,Store,97,null,801,3
12390,Store,62,null,801,2
12391,Store,57,null,801,1
12392,Store,117,null,801,2
12393,Store,115,null,801,1
12394,Store,90,null,801,3
12395,Store,16,null,801,2
12396,Store,20,null,801,1
12397,Store,45,null,801,1
12398,Store,35,null,801,1
12399,Store,109,null,801,1
12400,Store,28,null,801,2
12401,Store,70,null,801,2
12402,Store,14,null,801,2
12403,Store,7,null,801,2
12404,Store,103,null,801,2
12405,Store,106,null,801,3
12406,Warehouse,null,10,801,5
12407,Warehouse,null,1,801,6
12408,Warehouse,null,3,801,8
12409,Warehouse,null,7,801,5
12410,Warehouse,null,5,801,3
12411,Store,110,null,802,1
12412,Store,120,null,802,1
12413,Store,37,null,802,1
12414,Store,54,null,802,1
12415,Store,67,null,802,1
12416,Store,36,null,802,1
12417,Store,52,null,802,1
12418,Store,15,null,802,1
12419,Store,47,null,802,1
12420,Store,60,null,802,1
12421,Store,114,null,802,1
12422,Store,3,null,802,1
12423,Store,43,null,802,1
12424,Store,44,null,802,1
12425,Store,101,null,802,1
12426,Store,16,null,802,1
12427,Store,77,null,802,1
12428,Store,80,null,802,1
12429,Store,46,null,802,1
12430,Store,30,null,802,1
12431,Store,4,null,802,1
12432,Store,34,null,802,1
12433,Store,20,null,802,1
12434,Store,45,null,802,1
12435,Store,89,null,802,1
12436,Store,83,null,802,1
12437,Store,24,null,802,1
12438,Store,74,null,802,1
12439,Store,31,null,802,1
12440,Store,18,null,802,1
12441,Store,64,null,802,1
12442,Store,115,null,802,1
12443,Store,38,null,802,1
12444,Store,92,null,802,1
12445,Store,87,null,802,1
12446,Store,84,null,802,1
12447,Store,85,null,802,1
12448,Warehouse,null,11,802,5
12449,Warehouse,null,7,802,3
12450,Warehouse,null,6,802,3
12451,Warehouse,null,1,802,7
12452,Warehouse,null,3,802,4
12453,Warehouse,null,2,802,2
12454,Store,92,null,803,1
12455,Store,83,null,803,1
12456,Store,57,null,803,1
12457,Store,28,null,803,1
12458,Store,68,null,803,1
12459,Store,119,null,803,1
12460,Store,103,null,803,1
12461,Store,86,null,803,1
12462,Store,38,null,803,1
12463,Store,84,null,803,1
12464,Store,58,null,803,1
12465,Store,101,null,803,1
12466,Store,104,null,803,1
12467,Store,61,null,803,1
12468,Store,116,null,803,1
12469,Store,12,null,803,1
12470,Store,19,null,803,1
12471,Store,48,null,803,1
12472,Store,45,null,803,1
12473,Store,114,null,803,1
12474,Store,25,null,803,1
12475,Store,26,null,803,1
12476,Store,8,null,803,1
12477,Store,20,null,803,1
12478,Store,37,null,803,1
12479,Store,53,null,803,1
12480,Store,78,null,803,1
12481,Store,95,null,803,1
12482,Store,98,null,803,1
12483,Store,72,null,803,1
12484,Store,96,null,803,1
12485,Store,110,null,803,1
12486,Store,66,null,803,1
12487,Store,30,null,803,1
12488,Store,44,null,803,1
12489,Store,33,null,803,1
12490,Store,32,null,803,1
12491,Store,87,null,803,1
12492,Store,2,null,803,1
12493,Store,41,null,803,1
12494,Warehouse,null,12,803,2
12495,Warehouse,null,9,803,6
12496,Warehouse,null,3,803,5
12497,Warehouse,null,5,803,3
12498,Warehouse,null,7,803,11
12499,Store,30,null,804,2
12500,Store,74,null,804,2
12501,Store,90,null,804,2
12502,Store,68,null,804,2
12503,Store,75,null,804,3
12504,Store,19,null,804,1
12505,Store,51,null,804,3
12506,Store,113,null,804,2
12507,Store,80,null,804,1
12508,Store,103,null,804,2
12509,Store,87,null,804,1
12510,Store,53,null,804,3
12511,Store,45,null,804,2
12512,Store,111,null,804,2
12513,Store,117,null,804,2
12514,Store,96,null,804,2
12515,Store,95,null,804,2
12516,Store,46,null,804,1
12517,Store,55,null,804,2
12518,Warehouse,null,1,804,5
12519,Warehouse,null,3,804,5
12520,Warehouse,null,9,804,8
12521,Warehouse,null,8,804,6
12522,Store,99,null,805,1
12523,Store,76,null,805,1
12524,Store,92,null,805,1
12525,Store,86,null,805,1
12526,Store,82,null,805,1
12527,Store,3,null,805,1
12528,Store,9,null,805,1
12529,Store,39,null,805,1
12530,Store,66,null,805,1
12531,Store,87,null,805,1
12532,Store,29,null,805,1
12533,Store,6,null,805,1
12534,Store,96,null,805,1
12535,Store,62,null,805,1
12536,Store,104,null,805,1
12537,Store,4,null,805,1
12538,Store,103,null,805,1
12539,Store,23,null,805,1
12540,Store,15,null,805,1
12541,Store,107,null,805,1
12542,Store,111,null,805,1
12543,Store,84,null,805,1
12544,Store,63,null,805,1
12545,Store,46,null,805,1
12546,Store,91,null,805,1
12547,Store,64,null,805,1
12548,Store,75,null,805,1
12549,Store,51,null,805,1
12550,Store,112,null,805,1
12551,Warehouse,null,2,805,5
12552,Warehouse,null,4,805,7
12553,Warehouse,null,7,805,3
12554,Warehouse,null,1,805,4
12555,Store,63,null,806,1
12556,Store,45,null,806,1
12557,Store,79,null,806,1
12558,Store,54,null,806,1
12559,Store,46,null,806,1
12560,Store,101,null,806,1
12561,Store,114,null,806,1
12562,Store,40,null,806,1
12563,Store,90,null,806,1
12564,Store,108,null,806,1
12565,Store,38,null,806,1
12566,Store,66,null,806,1
12567,Store,55,null,806,1
12568,Store,23,null,806,1
12569,Store,30,null,806,1
12570,Store,72,null,806,1
12571,Store,22,null,806,1
12572,Store,32,null,806,1
12573,Store,113,null,806,1
12574,Store,5,null,806,1
12575,Store,83,null,806,1
12576,Store,94,null,806,1
12577,Store,67,null,806,1
12578,Store,9,null,806,1
12579,Store,16,null,806,1
12580,Store,34,null,806,1
12581,Store,102,null,806,1
12582,Store,50,null,806,1
12583,Store,21,null,806,1
12584,Warehouse,null,5,806,7
12585,Warehouse,null,9,806,2
12586,Warehouse,null,6,806,7
12587,Warehouse,null,12,806,3
12588,Store,61,null,807,1
12589,Store,89,null,807,4
12590,Store,26,null,807,2
12591,Store,58,null,807,1
12592,Store,91,null,807,3
12593,Store,72,null,807,2
12594,Store,59,null,807,1
12595,Store,30,null,807,2
12596,Store,116,null,807,3
12597,Store,47,null,807,2
12598,Store,60,null,807,3
12599,Store,113,null,807,1
12600,Store,76,null,807,2
12601,Store,82,null,807,1
12602,Store,78,null,807,1
12603,Warehouse,null,4,807,2
12604,Warehouse,null,9,807,5
12605,Warehouse,null,7,807,4
12606,Warehouse,null,11,807,6
12607,Warehouse,null,3,807,2
12608,Store,110,null,808,1
12609,Store,119,null,808,1
12610,Store,65,null,808,1
12611,Store,7,null,808,1
12612,Store,112,null,808,1
12613,Store,48,null,808,1
12614,Store,19,null,808,1
12615,Store,37,null,808,1
12616,Store,111,null,808,1
12617,Store,79,null,808,1
12618,Store,36,null,808,1
12619,Store,83,null,808,1
12620,Store,53,null,808,1
12621,Store,47,null,808,1
12622,Store,109,null,808,1
12623,Store,94,null,808,1
12624,Store,35,null,808,1
12625,Store,8,null,808,1
12626,Store,32,null,808,1
12627,Store,58,null,808,1
12628,Store,55,null,808,1
12629,Store,52,null,808,1
12630,Store,107,null,808,1
12631,Store,115,null,808,1
12632,Store,21,null,808,1
12633,Store,92,null,808,1
12634,Store,113,null,808,1
12635,Store,12,null,808,1
12636,Store,18,null,808,1
12637,Warehouse,null,10,808,2
12638,Warehouse,null,3,808,5
12639,Warehouse,null,6,808,4
12640,Warehouse,null,12,808,3
12641,Warehouse,null,9,808,5
12642,Store,10,null,809,3
12643,Store,20,null,809,3
12644,Store,101,null,809,3
12645,Store,46,null,809,4
12646,Store,12,null,809,1
12647,Store,9,null,809,3
12648,Store,91,null,809,1
12649,Store,32,null,809,5
12650,Store,95,null,809,2
12651,Warehouse,null,1,809,5
12652,Warehouse,null,8,809,3
12653,Warehouse,null,7,809,5
12654,Warehouse,null,5,809,4
12655,Store,96,null,810,3
12656,Store,24,null,810,1
12657,Store,86,null,810,1
12658,Store,115,null,810,2
12659,Store,88,null,810,2
12660,Store,74,null,810,1
12661,Store,60,null,810,3
12662,Store,119,null,810,1
12663,Store,84,null,810,2
12664,Store,98,null,810,4
12665,Store,21,null,810,2
12666,Store,54,null,810,1
12667,Store,10,null,810,3
12668,Store,5,null,810,1
12669,Store,64,null,810,2
12670,Warehouse,null,3,810,3
12671,Warehouse,null,6,810,4
12672,Warehouse,null,8,810,5
12673,Warehouse,null,7,810,3
12674,Warehouse,null,10,810,4
12675,Store,58,null,811,1
12676,Store,81,null,811,2
12677,Store,28,null,811,3
12678,Store,76,null,811,1
12679,Store,25,null,811,2
12680,Store,52,null,811,2
12681,Store,16,null,811,1
12682,Store,47,null,811,2
12683,Store,24,null,811,2
12684,Store,32,null,811,3
12685,Store,6,null,811,1
12686,Store,73,null,811,3
12687,Store,82,null,811,1
12688,Store,48,null,811,4
12689,Store,42,null,811,1
12690,Warehouse,null,2,811,4
12691,Warehouse,null,6,811,4
12692,Warehouse,null,9,811,11
12693,Store,6,null,812,2
12694,Store,48,null,812,3
12695,Store,9,null,812,2
12696,Store,91,null,812,2
12697,Store,102,null,812,1
12698,Store,31,null,812,1
12699,Store,42,null,812,1
12700,Store,32,null,812,2
12701,Store,39,null,812,1
12702,Store,64,null,812,3
12703,Store,77,null,812,1
12704,Store,50,null,812,3
12705,Store,54,null,812,1
12706,Store,105,null,812,4
12707,Store,58,null,812,2
12708,Warehouse,null,6,812,4
12709,Warehouse,null,11,812,2
12710,Warehouse,null,10,812,3
12711,Warehouse,null,2,812,5
12712,Warehouse,null,7,812,5
