employee_id,employee_name,gender,age,department,designation,store_id,warehouse_id,join_date,salary
1,Avi Roy,Male,31,Sales,Store Manager,1,null,2024-06-26,68000.00
2,Omkar Puri,Male,26,Sales,Sales Executive,1,null,2024-10-19,27000.00
3,Samar Subramanian,Male,38,Sales,Sales Executive,1,null,2024-01-15,28500.00
4,Farhan Mishra,Male,45,Sales,Sales Executive,1,null,2024-04-27,29500.00
5,Geetika Ali,Female,43,Sales,Sales Executive,1,null,2024-03-22,30000.00
6,Kriti Reddy,Female,34,Sales,Sales Executive,1,null,2024-12-15,27500.00
7,Imran Bajaj,Male,27,Sales,Sales Executive,1,null,2024-12-25,26000.00
8,Sanjay Mathew,Male,43,Sales,Sales Executive,1,null,2024-04-18,29500.00
9,Manav Raman,Male,42,Sales,Sales Executive,1,null,2024-01-21,29000.00
10,Dhruv Pai,Male,42,Sales,Sales Executive,1,null,2024-03-19,28500.00
11,Hina Mukherjee,Female,41,Sales,Sales Executive,1,null,2024-03-11,28000.00
12,Mahima Menon,Female,31,Sales,Sales Executive,1,null,2024-12-14,26000.00
13,Krish Sinha,Male,39,Sales,Sales Executive,1,null,2024-08-05,29500.00
14,Radhika Gill,Female,37,Sales,Sales Executive,1,null,2024-02-20,29500.00
15,Ritvik Sehgal,Male,32,Sales,Sales Executive,1,null,2024-10-13,28000.00
16,Vijay Bhat,Male,32,Sales,Sales Executive,1,null,2024-11-19,26000.00
17,Samar Malhotra,Male,32,Sales,Cashier,1,null,2024-08-29,21500.00
18,Lakshay Chauhan,Male,35,Sales,Cashier,1,null,2024-12-27,21500.00
19,Tanya Hegde,Female,44,Sales,Cashier,1,null,2024-04-13,22000.00
20,Ajay Nair,Male,44,Sales,Cashier,1,null,2024-07-01,23000.00
21,Jatin Shah,Male,35,Sales,Store Manager,2,null,2024-11-21,67000.00
22,Omkar Ali,Male,37,Sales,Sales Executive,2,null,2024-03-19,30000.00
23,Manav Mirza,Male,43,Sales,Sales Executive,2,null,2024-06-26,30000.00
24,Sameer Pai,Male,42,Sales,Sales Executive,2,null,2024-01-03,30000.00
25,Sameer Sethi,Male,30,Sales,Sales Executive,2,null,2024-11-10,26500.00
26,Gaurav Desai,Male,38,Sales,Sales Executive,2,null,2024-06-08,28000.00
27,Riya Mirza,Female,28,Sales,Sales Executive,2,null,2024-09-27,28000.00
28,Dev Iyer,Male,26,Sales,Sales Executive,2,null,2024-10-15,27000.00
29,Samar Chatterjee,Male,43,Sales,Sales Executive,2,null,2024-07-31,28500.00
30,Imran Thomas,Male,28,Sales,Sales Executive,2,null,2024-10-13,25500.00
31,Ajay Arora,Male,35,Sales,Sales Executive,2,null,2024-11-01,27000.00
32,Rajiv Vohra,Male,38,Sales,Sales Executive,2,null,2024-03-05,29000.00
33,Sameer Subramanian,Male,39,Sales,Sales Executive,2,null,2024-01-10,29000.00
34,Ajay George,Male,39,Sales,Sales Executive,2,null,2024-08-13,29000.00
35,Heena Banerjee,Female,44,Sales,Sales Executive,2,null,2024-07-13,30000.00
36,Yash Fernandes,Male,28,Sales,Cashier,2,null,2024-12-15,21500.00
37,Naina Ali,Female,40,Sales,Cashier,2,null,2024-01-31,22000.00
38,Jhanvi Shetty,Female,45,Sales,Cashier,2,null,2024-05-13,23500.00
39,Tushar Thomas,Male,35,Sales,Cashier,2,null,2024-09-07,22000.00
40,Arjun Pai,Male,34,Sales,Store Manager,3,null,2023-07-19,71500.00
41,Ira Ali,Female,31,Sales,Sales Executive,3,null,2023-11-13,27500.00
42,Darshan Singh,Male,27,Sales,Sales Executive,3,null,2023-07-23,26500.00
43,Hitesh Ghosh,Male,32,Sales,Sales Executive,3,null,2023-03-21,28000.00
44,Dhruv Puri,Male,34,Sales,Sales Executive,3,null,2023-09-02,28000.00
45,Naina Naidu,Female,35,Sales,Sales Executive,3,null,2023-12-17,28000.00
46,Rashi Krishnan,Female,30,Sales,Sales Executive,3,null,2023-05-17,29500.00
47,Yash George,Male,28,Sales,Sales Executive,3,null,2023-01-06,28000.00
48,Upasana Tiwari,Female,26,Sales,Sales Executive,3,null,2023-12-05,27500.00
49,Ishita Chatterjee,Female,34,Sales,Sales Executive,3,null,2023-01-15,28000.00
50,Pranav Srivastava,Male,35,Sales,Sales Executive,3,null,2023-12-21,29500.00
51,Darshan Krishnan,Male,26,Sales,Sales Executive,3,null,2023-05-16,28000.00
52,Rashi Arora,Female,31,Sales,Sales Executive,3,null,2023-01-25,29500.00
53,Harshil Thakur,Male,35,Sales,Sales Executive,3,null,2023-03-14,28000.00
54,Karan D'Souza,Male,30,Sales,Sales Executive,3,null,2023-07-31,29000.00
55,Aadesh Jain,Male,35,Sales,Cashier,3,null,2023-06-08,23000.00
56,Trisha Krishnan,Female,34,Sales,Cashier,3,null,2023-12-21,21500.00
57,Akshay Raman,Male,31,Sales,Cashier,3,null,2023-12-23,21500.00
58,Vijay Agarwal,Male,27,Sales,Cashier,3,null,2023-07-10,21000.00
59,Gaurav Prasad,Male,31,Sales,Store Manager,4,null,2025-04-20,65500.00
60,Esha Mehta,Female,55,Sales,Sales Executive,4,null,2025-01-27,29500.00
61,Girish Kapoor,Male,46,Sales,Sales Executive,4,null,2025-06-24,28000.00
62,Pranav Krishnan,Male,53,Sales,Sales Executive,4,null,2025-03-23,29500.00
63,Vijay Thakur,Male,51,Sales,Sales Executive,4,null,2025-03-24,30000.00
64,Riya Thomas,Female,48,Sales,Sales Executive,4,null,2025-03-27,29000.00
65,Avni Gill,Female,50,Sales,Sales Executive,4,null,2025-04-25,28500.00
66,Eshan Joshi,Male,38,Sales,Sales Executive,4,null,2025-10-22,27500.00
67,Meera Suri,Female,42,Sales,Sales Executive,4,null,2025-08-06,28000.00
68,Hemant Thomas,Male,38,Sales,Sales Executive,4,null,2025-11-08,27000.00
69,Vivaan Pillai,Male,42,Sales,Sales Executive,4,null,2025-11-09,28000.00
70,Aadesh Ali,Male,40,Sales,Sales Executive,4,null,2025-12-08,27500.00
71,Manav Sethi,Male,56,Sales,Sales Executive,4,null,2025-04-10,29000.00
72,Vivaan Patel,Male,52,Sales,Sales Executive,4,null,2025-05-18,29000.00
73,Jhanvi Hegde,Female,36,Sales,Sales Executive,4,null,2025-09-15,26500.00
74,Krish Ansari,Male,40,Sales,Cashier,4,null,2025-09-02,21500.00
75,Rohan Qureshi,Male,45,Sales,Cashier,4,null,2025-10-07,21500.00
76,Aadhya Mathew,Female,39,Sales,Cashier,4,null,2025-09-10,21000.00
77,Rajiv Yadav,Male,47,Sales,Cashier,4,null,2025-07-11,22000.00
78,Varun Bajaj,Male,35,Sales,Store Manager,5,null,2022-03-30,74500.00
79,Imran Ahuja,Male,29,Sales,Sales Executive,5,null,2022-01-09,30500.00
80,Anirudh Pillai,Male,24,Sales,Sales Executive,5,null,2022-09-05,28000.00
81,Jhanvi Bhat,Female,22,Sales,Sales Executive,5,null,2022-08-29,28000.00
82,Avni Qureshi,Female,27,Sales,Sales Executive,5,null,2022-05-22,29000.00
83,Aditya Joshi,Male,22,Sales,Sales Executive,5,null,2022-07-29,27500.00
84,Aarav Thomas,Male,25,Sales,Sales Executive,5,null,2022-08-05,29000.00
85,Ishaan Nambiar,Male,23,Sales,Sales Executive,5,null,2022-11-15,28500.00
86,Gauri Sethi,Female,33,Sales,Sales Executive,5,null,2022-01-31,31000.00
87,Madhav Suri,Male,26,Sales,Sales Executive,5,null,2022-06-22,28500.00
88,Rohan Rana,Male,34,Sales,Sales Executive,5,null,2022-05-23,30000.00
89,Aanya Malhotra,Female,30,Sales,Sales Executive,5,null,2022-03-08,30000.00
90,Manav Pillai,Male,30,Sales,Cashier,5,null,2022-02-22,22500.00
91,Imran Vohra,Male,22,Sales,Cashier,5,null,2022-09-10,21000.00
92,Samar Das,Male,28,Sales,Cashier,5,null,2022-01-05,22000.00
93,Chahat Arora,Other,35,Sales,Store Manager,6,null,2025-09-27,68000.00
94,Chirag Raman,Male,43,Sales,Sales Executive,6,null,2025-11-23,27500.00
95,Diya Sandhu,Female,40,Sales,Sales Executive,6,null,2025-08-26,26500.00
96,Aryan Naidu,Male,37,Sales,Sales Executive,6,null,2025-11-29,26000.00
97,Rajiv Menon,Male,36,Sales,Sales Executive,6,null,2025-12-05,26500.00
98,Esha Pandey,Female,38,Sales,Sales Executive,6,null,2025-09-22,27000.00
99,Pranav Saxena,Male,58,Sales,Sales Executive,6,null,2025-07-16,30500.00
100,Harshil Pandey,Male,38,Sales,Sales Executive,6,null,2025-12-31,27000.00
101,Pari Shah,Female,39,Sales,Sales Executive,6,null,2025-08-28,27000.00
102,Krish Bansal,Male,41,Sales,Sales Executive,6,null,2025-12-05,27000.00
103,Siddharth Das,Male,38,Sales,Sales Executive,6,null,2025-07-31,28500.00
104,Yash Pandey,Male,43,Sales,Sales Executive,6,null,2025-11-04,26500.00
105,Jhanvi Singh,Female,42,Sales,Cashier,6,null,2025-11-26,21500.00
106,Deepika Mukherjee,Female,37,Sales,Cashier,6,null,2025-08-15,21000.00
107,Chirag Yadav,Male,37,Sales,Cashier,6,null,2025-10-11,21500.00
108,Arjun Yadav,Male,31,Sales,Store Manager,7,null,2024-06-06,70000.00
109,Rishabh Puri,Male,32,Sales,Sales Executive,7,null,2024-12-02,26500.00
110,Aadesh Roy,Male,36,Sales,Sales Executive,7,null,2024-08-16,29000.00
111,Urvi Suri,Female,40,Sales,Sales Executive,7,null,2024-08-09,27500.00
112,Lavanya Bajaj,Female,38,Sales,Sales Executive,7,null,2024-02-04,29000.00
113,Madhav Iyer,Male,41,Sales,Sales Executive,7,null,2024-07-05,29500.00
114,Garima Ali,Female,43,Sales,Sales Executive,7,null,2024-07-30,30000.00
115,Trisha Gupta,Female,27,Sales,Sales Executive,7,null,2024-10-06,26000.00
116,Yashika Fernandes,Female,32,Sales,Sales Executive,7,null,2024-08-22,27500.00
117,Kanika Srivastava,Female,28,Sales,Sales Executive,7,null,2024-11-29,27000.00
118,Ishaan Desai,Male,28,Sales,Sales Executive,7,null,2024-12-15,25500.00
119,Shalini Tiwari,Female,30,Sales,Sales Executive,7,null,2024-11-18,27500.00
120,Tejas Sethi,Male,36,Sales,Sales Executive,7,null,2024-08-12,29500.00
121,Diya Thomas,Female,44,Sales,Sales Executive,7,null,2024-06-26,30000.00
122,Aryan Mishra,Male,36,Sales,Sales Executive,7,null,2024-06-05,27000.00
123,Gauri Mahajan,Female,32,Sales,Cashier,7,null,2024-10-16,22000.00
124,Uday Roy,Male,28,Sales,Cashier,7,null,2024-09-05,21500.00
125,Varun Ahuja,Male,38,Sales,Cashier,7,null,2024-03-25,21500.00
126,Naman Khan,Male,39,Sales,Cashier,7,null,2024-08-21,21500.00
127,Hitesh Tiwari,Male,28,Sales,Store Manager,8,null,2024-08-26,68000.00
128,Shubham Krishnan,Male,39,Sales,Sales Executive,8,null,2024-01-29,28500.00
129,Varun Saxena,Male,45,Sales,Sales Executive,8,null,2024-06-17,30500.00
130,Anirudh Joshi,Male,28,Sales,Sales Executive,8,null,2024-12-13,26500.00
131,Rohan Gill,Male,38,Sales,Sales Executive,8,null,2024-05-19,28500.00
132,Yash Sharma,Male,41,Sales,Sales Executive,8,null,2024-06-14,29000.00
133,Esha Banerjee,Female,34,Sales,Sales Executive,8,null,2024-10-30,26500.00
134,Aditya Banerjee,Male,39,Sales,Sales Executive,8,null,2024-01-05,28500.00
135,Trisha Thakur,Female,44,Sales,Sales Executive,8,null,2024-03-13,30000.00
136,Ojasvi Bajaj,Female,31,Sales,Sales Executive,8,null,2024-12-04,28000.00
137,Dev Tripathi,Male,39,Sales,Sales Executive,8,null,2024-07-17,29000.00
138,Bhumika Raman,Female,29,Sales,Sales Executive,8,null,2024-12-09,28000.00
139,Dhruv Desai,Male,28,Sales,Sales Executive,8,null,2024-11-21,27500.00
140,Aadi Siddiqui,Other,27,Sales,Sales Executive,8,null,2024-08-24,27000.00
141,Karan Kaur,Male,35,Sales,Sales Executive,8,null,2024-08-27,28000.00
142,Kavya Rao,Female,26,Sales,Cashier,8,null,2024-11-04,20500.00
143,Tushar Sandhu,Male,38,Sales,Cashier,8,null,2024-03-26,23000.00
144,Avni Krishnan,Female,37,Sales,Cashier,8,null,2024-07-14,22500.00
145,Navya Ahuja,Female,43,Sales,Cashier,8,null,2024-02-26,22500.00
146,Omkar Tripathi,Male,33,Sales,Store Manager,9,null,2023-06-19,70000.00
147,Harshil Verma,Male,34,Sales,Sales Executive,9,null,2023-10-05,28000.00
148,Bharat Tyagi,Male,32,Sales,Sales Executive,9,null,2023-01-16,28500.00
149,Meera Agarwal,Female,34,Sales,Sales Executive,9,null,2023-11-03,28000.00
150,Darshan Thomas,Male,33,Sales,Sales Executive,9,null,2023-07-21,29500.00
151,Diya Chopra,Female,33,Sales,Sales Executive,9,null,2023-05-02,29500.00
152,Aarohi Saxena,Female,28,Sales,Sales Executive,9,null,2023-09-07,28500.00
153,Anika Shah,Female,31,Sales,Sales Executive,9,null,2023-06-05,29500.00
154,Ajay Subramanian,Male,28,Sales,Sales Executive,9,null,2023-09-20,29000.00
155,Ankit Qureshi,Male,34,Sales,Sales Executive,9,null,2023-11-18,28000.00
156,Aditya Bansal,Male,29,Sales,Sales Executive,9,null,2023-11-03,28500.00
157,Pranav Joshi,Male,29,Sales,Sales Executive,9,null,2023-02-09,28000.00
158,Vaishnavi Iyer,Female,31,Sales,Sales Executive,9,null,2023-04-08,27500.00
159,Aadesh Vohra,Male,33,Sales,Sales Executive,9,null,2023-07-24,27500.00
160,Ankit Yadav,Male,27,Sales,Sales Executive,9,null,2023-11-19,29000.00
161,Rajat Naidu,Male,29,Sales,Cashier,9,null,2023-03-04,22500.00
162,Kiara Sandhu,Female,28,Sales,Cashier,9,null,2023-09-23,22500.00
163,Omkar Gupta,Male,27,Sales,Cashier,9,null,2023-07-26,22500.00
164,Vidhi Patel,Female,35,Sales,Cashier,9,null,2023-07-07,22500.00
165,Radhika Siddiqui,Female,34,Sales,Store Manager,10,null,2022-04-16,72500.00
166,Deepika George,Female,30,Sales,Sales Executive,10,null,2022-05-12,29000.00
167,Kriti Goel,Female,23,Sales,Sales Executive,10,null,2022-10-25,28000.00
168,Aditi Iyer,Female,22,Sales,Sales Executive,10,null,2022-07-27,29000.00
169,Harshil Ali,Male,26,Sales,Sales Executive,10,null,2022-03-19,30000.00
170,Navya Khan,Female,22,Sales,Sales Executive,10,null,2022-11-01,28000.00
171,Tanya Verma,Female,23,Sales,Sales Executive,10,null,2022-09-24,27000.00
172,Chhavi Mishra,Female,34,Sales,Sales Executive,10,null,2022-06-05,31000.00
173,Chirag Gupta,Male,22,Sales,Sales Executive,10,null,2022-09-01,27500.00
174,Hitesh Singh,Male,32,Sales,Sales Executive,10,null,2022-01-05,28500.00
175,Imran Naidu,Male,23,Sales,Sales Executive,10,null,2022-12-23,28500.00
176,Vivaan Tyagi,Male,34,Sales,Sales Executive,10,null,2022-02-03,31000.00
177,Ishita Malhotra,Female,33,Sales,Sales Executive,10,null,2022-02-14,29500.00
178,Dhruv Kaur,Male,27,Sales,Sales Executive,10,null,2022-05-29,29000.00
179,Rajiv Mirza,Male,22,Sales,Sales Executive,10,null,2022-09-14,27500.00
180,Avni Mukherjee,Female,27,Sales,Cashier,10,null,2022-02-07,22500.00
181,Ankit Thakur,Male,24,Sales,Cashier,10,null,2022-08-21,22000.00
182,Bharat Nambiar,Male,22,Sales,Cashier,10,null,2022-08-28,21500.00
183,Palak Mehta,Female,30,Sales,Cashier,10,null,2022-06-02,22000.00
184,Parth Shetty,Male,31,Sales,Store Manager,11,null,2026-05-13,67500.00
185,Vivaan Mishra,Male,55,Sales,Sales Executive,11,null,2026-02-05,29000.00
186,Manav Thakur,Male,53,Sales,Sales Executive,11,null,2026-05-08,29500.00
187,Anirudh Qureshi,Male,52,Sales,Sales Executive,11,null,2026-04-14,28500.00
188,Palak Hegde,Female,65,Sales,Sales Executive,11,null,2026-02-01,30500.00
189,Inder Ali,Other,60,Sales,Sales Executive,11,null,2026-04-06,28500.00
190,Ajay Das,Male,56,Sales,Sales Executive,11,null,2026-03-06,28500.00
191,Ishani Thakur,Female,51,Sales,Sales Executive,11,null,2026-06-18,29000.00
192,Abhinav Ansari,Male,55,Sales,Sales Executive,11,null,2026-06-08,30000.00
193,Harshil Mahajan,Male,51,Sales,Sales Executive,11,null,2026-07-09,29500.00
194,Ritvik Mahajan,Male,63,Sales,Sales Executive,11,null,2026-01-18,31500.00
195,Avi Chatterjee,Male,49,Sales,Sales Executive,11,null,2026-02-05,29000.00
196,Nikhil Sehgal,Male,60,Sales,Cashier,11,null,2026-04-01,22000.00
197,Vivaan Bajaj,Male,46,Sales,Cashier,11,null,2026-05-27,21000.00
198,Abhinav Dutta,Male,55,Sales,Cashier,11,null,2026-02-05,22500.00
199,Garima Mishra,Female,35,Sales,Store Manager,12,null,2024-07-11,70500.00
200,Yamini Chopra,Female,39,Sales,Sales Executive,12,null,2024-05-20,29500.00
201,Arjun Roy,Male,29,Sales,Sales Executive,12,null,2024-10-11,26000.00
202,Girish Tyagi,Male,26,Sales,Sales Executive,12,null,2024-09-27,26000.00
203,Manav Siddiqui,Male,35,Sales,Sales Executive,12,null,2024-12-16,27500.00
204,Akshay Bhat,Male,26,Sales,Sales Executive,12,null,2024-10-31,26500.00
205,Gauri Suri,Female,44,Sales,Sales Executive,12,null,2024-01-24,30000.00
206,Ishani Patel,Female,36,Sales,Sales Executive,12,null,2024-08-18,27500.00
207,Samar Jain,Male,44,Sales,Sales Executive,12,null,2024-07-12,29500.00
208,Imran Kulkarni,Male,39,Sales,Sales Executive,12,null,2024-04-05,28500.00
209,Avni Puri,Female,43,Sales,Sales Executive,12,null,2024-05-31,30000.00
210,Aarav Arora,Male,35,Sales,Sales Executive,12,null,2024-08-27,27500.00
211,Gaurav Siddiqui,Male,44,Sales,Cashier,12,null,2024-01-15,22000.00
212,Karan Singh,Male,32,Sales,Cashier,12,null,2024-09-11,21000.00
213,Varun Khan,Male,40,Sales,Cashier,12,null,2024-02-08,22000.00
214,Madhav Sharma,Male,31,Sales,Store Manager,13,null,2023-01-08,72500.00
215,Karan Shetty,Male,28,Sales,Sales Executive,13,null,2023-12-09,28500.00
216,Kanika Ghosh,Female,28,Sales,Sales Executive,13,null,2023-01-08,28500.00
217,Madhav Puri,Male,31,Sales,Sales Executive,13,null,2023-03-09,27500.00
218,Rudra Yadav,Male,33,Sales,Sales Executive,13,null,2023-08-15,29000.00
219,Hemant Chatterjee,Male,27,Sales,Sales Executive,13,null,2023-08-12,28500.00
220,Pranav Tiwari,Male,27,Sales,Sales Executive,13,null,2023-05-08,27000.00
221,Akshay Thomas,Male,34,Sales,Sales Executive,13,null,2023-02-05,29000.00
222,Abhinav Goel,Male,28,Sales,Sales Executive,13,null,2023-11-29,28000.00
223,Esha Chauhan,Female,32,Sales,Sales Executive,13,null,2023-08-10,27500.00
224,Krish Prasad,Male,31,Sales,Sales Executive,13,null,2023-03-22,27500.00
225,Kanika Sandhu,Female,31,Sales,Sales Executive,13,null,2023-02-18,28000.00
226,Akshay Mahajan,Male,34,Sales,Cashier,13,null,2023-06-15,22000.00
227,Tanvi Suri,Female,33,Sales,Cashier,13,null,2023-08-15,22000.00
228,Rohan George,Male,27,Sales,Cashier,13,null,2023-12-06,21000.00
229,Arjun Banerjee,Male,35,Sales,Store Manager,14,null,2025-08-25,69500.00
230,Kabir Prasad,Male,51,Sales,Sales Executive,14,null,2026-03-06,30000.00
231,Sanjay Tyagi,Male,40,Sales,Sales Executive,14,null,2025-09-15,27500.00
232,Ishaan Rana,Male,36,Sales,Sales Executive,14,null,2025-11-18,28000.00
233,Saanvi Bose,Female,43,Sales,Sales Executive,14,null,2025-09-27,28000.00
234,Krish Malhotra,Male,39,Sales,Sales Executive,14,null,2025-11-13,28000.00
235,Aryan Vohra,Male,36,Sales,Sales Executive,14,null,2025-11-05,26000.00
236,Arjun Ali,Male,40,Sales,Sales Executive,14,null,2025-12-13,26000.00
237,Neil Mahajan,Male,36,Sales,Sales Executive,14,null,2025-10-30,28000.00
238,Parth Das,Male,44,Sales,Sales Executive,14,null,2025-11-24,29000.00
239,Tejas Verma,Male,36,Sales,Sales Executive,14,null,2025-10-14,26000.00
240,Hitesh Ahuja,Male,39,Sales,Sales Executive,14,null,2025-12-19,27000.00
241,Ritvik Sharma,Male,41,Sales,Cashier,14,null,2025-08-25,21500.00
242,Arjun Iyer,Male,37,Sales,Cashier,14,null,2025-09-17,21000.00
243,Varun Thomas,Male,40,Sales,Cashier,14,null,2025-12-04,22000.00
244,Falguni Verma,Female,31,Sales,Store Manager,15,null,2025-08-22,68000.00
245,Falguni Thakur,Female,51,Sales,Sales Executive,15,null,2025-05-15,29000.00
246,Chirag Singh,Male,44,Sales,Sales Executive,15,null,2025-07-27,27500.00
247,Jatin Pai,Male,54,Sales,Sales Executive,15,null,2025-02-21,31000.00
248,Lavanya Shah,Female,38,Sales,Sales Executive,15,null,2025-08-23,27000.00
249,Neil Mirza,Male,59,Sales,Sales Executive,15,null,2025-04-10,30500.00
250,Aryan Goel,Male,37,Sales,Sales Executive,15,null,2025-09-30,26000.00
251,Ishita Bansal,Female,37,Sales,Sales Executive,15,null,2025-12-17,28000.00
252,Bhavna Iyer,Female,55,Sales,Sales Executive,15,null,2025-03-01,30500.00
253,Ajay Saxena,Male,57,Sales,Sales Executive,15,null,2025-02-24,30000.00
254,Dhruv Rana,Male,37,Sales,Sales Executive,15,null,2025-08-20,27500.00
255,Lakshay Kumar,Male,36,Sales,Sales Executive,15,null,2025-08-18,27000.00
256,Dhruv Arora,Male,41,Sales,Sales Executive,15,null,2025-10-06,27500.00
257,Sasha Kulkarni,Other,42,Sales,Sales Executive,15,null,2025-11-29,29000.00
258,Imran Banerjee,Male,42,Sales,Cashier,15,null,2025-12-21,21500.00
259,Komal Mukherjee,Female,42,Sales,Cashier,15,null,2025-12-21,21500.00
260,Zoya Bose,Female,43,Sales,Cashier,15,null,2025-12-29,21500.00
261,Naman Bhat,Male,35,Sales,Store Manager,16,null,2025-10-04,68500.00
262,Hitesh Kapoor,Male,37,Sales,Sales Executive,16,null,2025-10-13,26000.00
263,Siddharth Raman,Male,37,Sales,Sales Executive,16,null,2025-11-05,27000.00
264,Vivaan Arora,Male,41,Sales,Sales Executive,16,null,2025-08-21,29000.00
265,Vivaan Shetty,Male,40,Sales,Sales Executive,16,null,2025-12-26,28000.00
266,Rajiv Khan,Male,45,Sales,Sales Executive,16,null,2025-12-25,27000.00
267,Leena Yadav,Female,37,Sales,Sales Executive,16,null,2025-11-09,26500.00
268,Aarav Patel,Male,42,Sales,Sales Executive,16,null,2025-09-14,29000.00
269,Bhavna Siddiqui,Female,38,Sales,Sales Executive,16,null,2025-07-17,27500.00
270,Gauri Verma,Female,37,Sales,Sales Executive,16,null,2025-08-12,26500.00
271,Mayank Yadav,Male,57,Sales,Sales Executive,16,null,2025-07-17,30500.00
272,Charu Bhat,Female,40,Sales,Sales Executive,16,null,2025-10-22,28000.00
273,Jai Srivastava,Male,36,Sales,Cashier,16,null,2025-09-18,20500.00
274,Anika Desai,Female,43,Sales,Cashier,16,null,2025-10-23,22000.00
275,Jay Nair,Male,36,Sales,Cashier,16,null,2025-08-04,21000.00
276,Bharat Bhat,Male,30,Sales,Store Manager,17,null,2021-07-01,74000.00
277,Pari Thakur,Female,23,Sales,Sales Executive,17,null,2021-05-07,28500.00
278,Mansi Sehgal,Female,24,Sales,Sales Executive,17,null,2021-05-03,30000.00
279,Kiara Nambiar,Female,24,Sales,Sales Executive,17,null,2021-04-09,30000.00
280,Shubham Saxena,Male,24,Sales,Sales Executive,17,null,2021-03-15,30500.00
281,Aadesh Kulkarni,Male,25,Sales,Sales Executive,17,null,2021-05-15,30000.00
282,Harshil Qureshi,Male,25,Sales,Sales Executive,17,null,2021-01-13,29500.00
283,Divya Chopra,Female,23,Sales,Sales Executive,17,null,2021-04-03,30500.00
284,Avi Yadav,Male,25,Sales,Sales Executive,17,null,2021-05-08,29500.00
285,Trisha Menon,Female,23,Sales,Sales Executive,17,null,2021-03-17,29500.00
286,Ishani Saxena,Female,24,Sales,Sales Executive,17,null,2021-11-19,30000.00
287,Girish Kumar,Male,23,Sales,Sales Executive,17,null,2021-04-10,29000.00
288,Kavya Sehgal,Female,23,Sales,Cashier,17,null,2021-12-17,21500.00
289,Yash Kaur,Male,24,Sales,Cashier,17,null,2021-04-29,22500.00
290,Juhi Subramanian,Female,24,Sales,Cashier,17,null,2021-03-04,23500.00
291,Karan Krishnan,Male,32,Sales,Store Manager,18,null,2026-05-09,68000.00
292,Jai Nambiar,Male,61,Sales,Sales Executive,18,null,2026-01-27,29000.00
293,Shubham Nair,Male,48,Sales,Sales Executive,18,null,2026-07-20,27500.00
294,Avni Sinha,Female,51,Sales,Sales Executive,18,null,2026-05-07,29000.00
295,Ishita Mehta,Female,61,Sales,Sales Executive,18,null,2026-02-01,31000.00
296,Eshan Nambiar,Male,59,Sales,Sales Executive,18,null,2026-05-27,29500.00
297,Avni Nambiar,Female,60,Sales,Sales Executive,18,null,2026-05-23,30000.00
298,Yamini Mukherjee,Female,60,Sales,Sales Executive,18,null,2026-06-12,30000.00
299,Aadesh Ahuja,Male,54,Sales,Sales Executive,18,null,2026-02-27,30000.00
300,Tejas Sinha,Male,49,Sales,Sales Executive,18,null,2026-07-17,28500.00
301,Shubham Fernandes,Male,46,Sales,Sales Executive,18,null,2026-04-12,27500.00
302,Varun Prasad,Male,47,Sales,Sales Executive,18,null,2026-07-14,27000.00
303,Meera Chopra,Female,49,Sales,Cashier,18,null,2026-05-08,21500.00
304,Avi Das,Male,51,Sales,Cashier,18,null,2026-06-06,21000.00
305,Navya Patel,Female,60,Sales,Cashier,18,null,2026-04-26,22500.00
306,Heena Malhotra,Female,33,Sales,Store Manager,19,null,2025-10-20,67000.00
307,Akhil Mukherjee,Male,37,Sales,Sales Executive,19,null,2025-09-25,27000.00
308,Aryan Krishnan,Male,37,Sales,Sales Executive,19,null,2025-09-02,26000.00
309,Tushar Menon,Male,42,Sales,Sales Executive,19,null,2025-10-06,28500.00
310,Shalini Sinha,Female,42,Sales,Sales Executive,19,null,2025-10-05,27000.00
311,Lakshay Tyagi,Male,44,Sales,Sales Executive,19,null,2025-12-17,28500.00
312,Deepika Krishnan,Female,43,Sales,Sales Executive,19,null,2025-10-05,29000.00
313,Mayank Siddiqui,Male,42,Sales,Sales Executive,19,null,2025-10-11,28000.00
314,Akshay Sandhu,Male,44,Sales,Sales Executive,19,null,2025-11-06,28000.00
315,Ira Bhat,Female,41,Sales,Sales Executive,19,null,2025-07-20,28500.00
316,Omkar Arora,Male,37,Sales,Sales Executive,19,null,2025-08-17,28500.00
317,Mayank Tiwari,Male,39,Sales,Sales Executive,19,null,2025-10-21,27500.00
318,Saanvi Goel,Female,41,Sales,Cashier,19,null,2025-08-12,21000.00
319,Heena Siddiqui,Female,41,Sales,Cashier,19,null,2025-12-03,21500.00
320,Aryan Roy,Male,36,Sales,Cashier,19,null,2025-09-04,21000.00
321,Harini Puri,Female,33,Sales,Store Manager,20,null,2022-01-01,71000.00
322,Geetika Goyal,Female,31,Sales,Sales Executive,20,null,2022-03-20,30500.00
323,Vidhi Singh,Female,31,Sales,Sales Executive,20,null,2022-04-21,29000.00
324,Palak Rana,Female,35,Sales,Sales Executive,20,null,2022-07-05,30000.00
325,Naman Mirza,Male,23,Sales,Sales Executive,20,null,2022-08-20,27000.00
326,Fatima Mukherjee,Female,24,Sales,Sales Executive,20,null,2022-10-22,29000.00
327,Sai Pillai,Other,34,Sales,Sales Executive,20,null,2022-05-29,30500.00
328,Zoya Pai,Female,29,Sales,Sales Executive,20,null,2022-02-09,29500.00
329,Girish Banerjee,Male,23,Sales,Sales Executive,20,null,2022-11-16,27500.00
330,Varun Joshi,Male,27,Sales,Sales Executive,20,null,2022-01-15,30000.00
331,Ankit Goel,Male,25,Sales,Sales Executive,20,null,2022-12-09,29000.00
332,Garima Arora,Female,28,Sales,Sales Executive,20,null,2022-02-09,28000.00
333,Leena Ahuja,Female,32,Sales,Sales Executive,20,null,2022-01-03,30000.00
334,Yamini Malhotra,Female,34,Sales,Sales Executive,20,null,2022-03-17,28500.00
335,Rajat Joshi,Male,31,Sales,Sales Executive,20,null,2022-02-13,30000.00
336,Harshil Naidu,Male,22,Sales,Cashier,20,null,2022-12-28,21000.00
337,Leena Mathew,Female,22,Sales,Cashier,20,null,2022-11-13,21000.00
338,Hemant Saxena,Male,22,Sales,Cashier,20,null,2022-12-08,22000.00
339,Shalini Rao,Female,27,Sales,Cashier,20,null,2022-03-19,22500.00
340,Aadhya Gupta,Female,32,Sales,Store Manager,21,null,2023-05-18,69000.00
341,Farhan Mathew,Male,28,Sales,Sales Executive,21,null,2023-06-01,29000.00
342,Arjun Saxena,Male,28,Sales,Sales Executive,21,null,2023-11-27,28500.00
343,Sanjay Kaur,Male,29,Sales,Sales Executive,21,null,2023-04-12,28000.00
344,Komal Dubey,Female,35,Sales,Sales Executive,21,null,2023-06-18,28500.00
345,Krish Khanna,Male,26,Sales,Sales Executive,21,null,2023-01-30,28500.00
346,Abhinav Das,Male,35,Sales,Sales Executive,21,null,2023-03-09,29000.00
347,Anika Gill,Female,32,Sales,Sales Executive,21,null,2023-05-14,30000.00
348,Anika Menon,Female,31,Sales,Sales Executive,21,null,2023-06-30,28000.00
349,Aditya Yadav,Male,33,Sales,Sales Executive,21,null,2023-11-15,27500.00
350,Bhavna Mirza,Female,26,Sales,Sales Executive,21,null,2023-12-26,26500.00
351,Karan Nair,Male,27,Sales,Sales Executive,21,null,2023-05-24,28500.00
352,Vijay Ali,Male,28,Sales,Sales Executive,21,null,2023-04-27,29000.00
353,Akshay Nair,Male,33,Sales,Sales Executive,21,null,2023-07-07,27500.00
354,Madhav Menon,Male,28,Sales,Sales Executive,21,null,2023-01-17,27500.00
355,Ankit Goyal,Male,32,Sales,Cashier,21,null,2023-11-21,21500.00
356,Mayank Nair,Male,33,Sales,Cashier,21,null,2023-06-20,22500.00
357,Abhinav Suri,Male,32,Sales,Cashier,21,null,2023-11-21,22000.00
358,Omkar Chauhan,Male,35,Sales,Cashier,21,null,2023-03-18,22000.00
359,Yash Gupta,Male,35,Sales,Store Manager,22,null,2021-08-01,76000.00
360,Siddharth Sinha,Male,24,Sales,Sales Executive,22,null,2021-05-23,30500.00
361,Radhika Ansari,Female,25,Sales,Sales Executive,22,null,2021-05-11,30500.00
362,Imran Hegde,Male,24,Sales,Sales Executive,22,null,2021-08-14,28500.00
363,Mayank Thakur,Male,23,Sales,Sales Executive,22,null,2021-02-24,30500.00
364,Shubham Qureshi,Male,24,Sales,Sales Executive,22,null,2021-11-19,28000.00
365,Siddharth Thakur,Male,23,Sales,Sales Executive,22,null,2021-05-19,29000.00
366,Kabir Gupta,Male,23,Sales,Sales Executive,22,null,2021-08-14,29000.00
367,Mansi Sinha,Female,24,Sales,Sales Executive,22,null,2021-05-18,29500.00
368,Aadhya Mehta,Female,24,Sales,Sales Executive,22,null,2021-07-01,30000.00
369,Jyoti Pillai,Other,24,Sales,Sales Executive,22,null,2021-10-26,29000.00
370,Aditya Tiwari,Male,23,Sales,Sales Executive,22,null,2021-08-07,28500.00
371,Tejas Tiwari,Male,24,Sales,Cashier,22,null,2021-10-10,22000.00
372,Akshay Mathew,Male,25,Sales,Cashier,22,null,2021-07-14,22000.00
373,Arjun Tyagi,Male,23,Sales,Cashier,22,null,2021-12-30,21500.00
374,Avni Joshi,Female,33,Sales,Store Manager,23,null,2025-01-24,65500.00
375,Kanika Thomas,Female,45,Sales,Sales Executive,23,null,2025-09-02,27000.00
376,Ishaan Mirza,Male,50,Sales,Sales Executive,23,null,2025-06-16,28500.00
377,Fatima Sharma,Female,56,Sales,Sales Executive,23,null,2025-03-01,29500.00
378,Aarav Malhotra,Male,45,Sales,Sales Executive,23,null,2025-10-19,29500.00
379,Dev Pai,Male,48,Sales,Sales Executive,23,null,2025-01-16,28000.00
380,Gaurav Puri,Male,46,Sales,Sales Executive,23,null,2025-03-20,29500.00
381,Rashi Verma,Female,60,Sales,Sales Executive,23,null,2025-06-14,29000.00
382,Sameer Bose,Male,51,Sales,Sales Executive,23,null,2025-01-07,29500.00
383,Vijay Khanna,Male,38,Sales,Sales Executive,23,null,2025-09-28,27500.00
384,Saumya Dutta,Female,51,Sales,Sales Executive,23,null,2025-03-27,30500.00
385,Anmol Ghosh,Other,38,Sales,Sales Executive,23,null,2025-08-27,28500.00
386,Rajat Tripathi,Male,38,Sales,Cashier,23,null,2025-09-09,21500.00
387,Ajay Kumar,Male,37,Sales,Cashier,23,null,2025-12-31,21500.00
388,Eshan Ghosh,Male,41,Sales,Cashier,23,null,2025-08-26,21000.00
389,Harshil Srivastava,Male,35,Sales,Store Manager,24,null,2022-05-01,73500.00
390,Dev Thakur,Male,31,Sales,Sales Executive,24,null,2022-07-16,28000.00
391,Girish Khan,Male,23,Sales,Sales Executive,24,null,2022-09-04,27500.00
392,Gauri Mishra,Female,29,Sales,Sales Executive,24,null,2022-03-24,29000.00
393,Rajat Kulkarni,Male,24,Sales,Sales Executive,24,null,2022-11-15,28500.00
394,Nikhil Mirza,Male,25,Sales,Sales Executive,24,null,2022-12-20,28500.00
395,Bhavna George,Female,30,Sales,Sales Executive,24,null,2022-07-06,30000.00
396,Yash Kulkarni,Male,29,Sales,Sales Executive,24,null,2022-01-28,30500.00
397,Bharat Gupta,Male,22,Sales,Sales Executive,24,null,2022-11-06,27500.00
398,Bhavna Pandey,Female,31,Sales,Sales Executive,24,null,2022-04-07,29500.00
399,Aarav Mirza,Male,24,Sales,Sales Executive,24,null,2022-11-20,28000.00
400,Kriti Jain,Female,23,Sales,Sales Executive,24,null,2022-10-26,28500.00
401,Lavanya Sehgal,Female,35,Sales,Cashier,24,null,2022-01-27,23500.00
402,Omkar Chatterjee,Male,29,Sales,Cashier,24,null,2022-04-30,22000.00
403,Harshil Goel,Male,24,Sales,Cashier,24,null,2022-12-29,21500.00
404,Rajiv Kulkarni,Male,29,Sales,Store Manager,25,null,2022-12-15,69500.00
405,Mayank Sharma,Male,23,Sales,Sales Executive,25,null,2022-11-16,27500.00
406,Karan Ansari,Male,33,Sales,Sales Executive,25,null,2022-07-18,28500.00
407,Lavanya Rao,Female,33,Sales,Sales Executive,25,null,2022-02-26,30000.00
408,Akshay Mukherjee,Male,22,Sales,Sales Executive,25,null,2022-08-24,28000.00
409,Ayesha Kapoor,Female,30,Sales,Sales Executive,25,null,2022-01-25,29000.00
410,Aditya George,Male,34,Sales,Sales Executive,25,null,2022-07-03,30000.00
411,Mansi Mukherjee,Female,28,Sales,Sales Executive,25,null,2022-04-22,29000.00
412,Harshil Nambiar,Male,28,Sales,Sales Executive,25,null,2022-05-06,28000.00
413,Vaishnavi Kaur,Female,23,Sales,Sales Executive,25,null,2022-09-16,28000.00
414,Chirag Tripathi,Male,22,Sales,Sales Executive,25,null,2022-09-29,28000.00
415,Meera Banerjee,Female,35,Sales,Sales Executive,25,null,2022-06-08,29000.00
416,Farhan Gill,Male,33,Sales,Cashier,25,null,2022-06-07,23000.00
417,Kiara Tiwari,Female,22,Sales,Cashier,25,null,2022-08-25,21500.00
418,Anirudh Goyal,Male,31,Sales,Cashier,25,null,2022-01-29,23000.00
419,Hina Yadav,Female,28,Sales,Store Manager,26,null,2024-04-26,69500.00
420,Sanjay Roy,Male,39,Sales,Sales Executive,26,null,2024-07-14,27500.00
421,Sanjay Subramanian,Male,42,Sales,Sales Executive,26,null,2024-05-23,28000.00
422,Aarohi Shetty,Female,44,Sales,Sales Executive,26,null,2024-07-21,30000.00
423,Aarav Pillai,Male,43,Sales,Sales Executive,26,null,2024-06-19,29000.00
424,Parth Dutta,Male,44,Sales,Sales Executive,26,null,2024-04-20,30500.00
425,Gauri Gill,Female,28,Sales,Sales Executive,26,null,2024-10-24,27500.00
426,Kabir Goel,Male,42,Sales,Sales Executive,26,null,2024-01-03,30000.00
427,Imran Pandey,Male,41,Sales,Sales Executive,26,null,2024-03-23,29500.00
428,Neil Yadav,Male,35,Sales,Sales Executive,26,null,2024-09-25,27500.00
429,Pari Patel,Female,26,Sales,Sales Executive,26,null,2024-08-26,27000.00
430,Tanya Goel,Female,41,Sales,Sales Executive,26,null,2024-06-30,29500.00
431,Rishabh Sethi,Male,42,Sales,Cashier,26,null,2024-02-13,22500.00
432,Aadhya Joshi,Female,40,Sales,Cashier,26,null,2024-06-28,22000.00
433,Diya Puri,Female,35,Sales,Cashier,26,null,2024-09-07,21000.00
434,Ira Gupta,Female,34,Sales,Store Manager,27,null,2023-12-29,71000.00
435,Dhruv Verma,Male,31,Sales,Sales Executive,27,null,2023-07-02,28500.00
436,Imran Mishra,Male,30,Sales,Sales Executive,27,null,2023-02-23,28500.00
437,Rashi Subramanian,Female,27,Sales,Sales Executive,27,null,2023-02-26,28500.00
438,Harshil Tiwari,Male,29,Sales,Sales Executive,27,null,2023-11-30,27000.00
439,Aditya Bajaj,Male,33,Sales,Sales Executive,27,null,2023-02-06,29500.00
440,Rajiv Mahajan,Male,30,Sales,Sales Executive,27,null,2023-09-04,27500.00
441,Riya Mukherjee,Female,33,Sales,Sales Executive,27,null,2023-06-13,28500.00
442,Fatima Iyer,Female,35,Sales,Sales Executive,27,null,2023-12-13,29500.00
443,Bhumika Mishra,Female,29,Sales,Sales Executive,27,null,2023-04-07,28000.00
444,Omkar Goyal,Male,31,Sales,Sales Executive,27,null,2023-03-20,29500.00
445,Sanjay Qureshi,Male,26,Sales,Sales Executive,27,null,2023-01-18,27500.00
446,Jatin Nair,Male,26,Sales,Cashier,27,null,2023-08-29,21000.00
447,Tejas Reddy,Male,26,Sales,Cashier,27,null,2023-12-16,22000.00
448,Vivaan Pai,Male,26,Sales,Cashier,27,null,2023-09-13,21000.00
449,Urvi Mahajan,Female,28,Sales,Store Manager,28,null,2021-09-25,71000.00
450,Manav Prasad,Male,25,Sales,Sales Executive,28,null,2021-12-21,29500.00
451,Vivaan Sinha,Male,25,Sales,Sales Executive,28,null,2021-06-29,28000.00
452,Meera Ansari,Female,24,Sales,Sales Executive,28,null,2021-11-06,30000.00
453,Kabir Ghosh,Male,23,Sales,Sales Executive,28,null,2021-08-22,28500.00
454,Lakshay Mahajan,Male,23,Sales,Sales Executive,28,null,2021-06-14,29000.00
455,Tanya Mathew,Female,25,Sales,Sales Executive,28,null,2021-03-13,30500.00
456,Vivaan Thakur,Male,25,Sales,Sales Executive,28,null,2021-04-03,29000.00
457,Tejas Mishra,Male,24,Sales,Sales Executive,28,null,2021-12-08,29000.00
458,Komal Nambiar,Female,24,Sales,Sales Executive,28,null,2021-09-07,28500.00
459,Manav Jain,Male,23,Sales,Sales Executive,28,null,2021-04-29,30000.00
460,Neil Bansal,Male,25,Sales,Sales Executive,28,null,2021-03-10,29500.00
461,Hitesh Bhat,Male,24,Sales,Sales Executive,28,null,2021-05-12,30500.00
462,Kavya Tyagi,Female,24,Sales,Sales Executive,28,null,2021-03-23,30000.00
463,Lakshay Chatterjee,Male,23,Sales,Cashier,28,null,2021-08-12,22000.00
464,Varun Hegde,Male,24,Sales,Cashier,28,null,2021-05-11,23000.00
465,Anmol Chauhan,Other,24,Sales,Cashier,28,null,2021-03-27,23000.00
466,Farhan Hegde,Male,33,Sales,Store Manager,29,null,2022-06-20,72000.00
467,Nikhil Srivastava,Male,22,Sales,Sales Executive,29,null,2022-07-27,28000.00
468,Tushar Kapoor,Male,24,Sales,Sales Executive,29,null,2022-10-20,29000.00
469,Uday Rao,Male,26,Sales,Sales Executive,29,null,2022-05-09,29500.00
470,Naman Ansari,Male,35,Sales,Sales Executive,29,null,2022-03-08,31000.00
471,Ajay Roy,Male,22,Sales,Sales Executive,29,null,2022-09-18,27000.00
472,Aditya Kaur,Male,31,Sales,Sales Executive,29,null,2022-03-02,30500.00
473,Deepika Yadav,Female,22,Sales,Sales Executive,29,null,2022-11-03,28000.00
474,Ishani Shetty,Female,22,Sales,Sales Executive,29,null,2022-11-01,26500.00
475,Ishita Goel,Female,23,Sales,Sales Executive,29,null,2022-09-11,29000.00
476,Yash Sethi,Male,32,Sales,Sales Executive,29,null,2022-02-19,30000.00
477,Sameer Tiwari,Male,24,Sales,Sales Executive,29,null,2022-09-16,27500.00
478,Siddharth Naidu,Male,34,Sales,Cashier,29,null,2022-05-15,22500.00
479,Vivaan Fernandes,Male,22,Sales,Cashier,29,null,2022-09-30,21000.00
480,Farhan Suri,Male,34,Sales,Cashier,29,null,2022-07-11,23000.00
481,Rajiv Ghosh,Male,35,Sales,Store Manager,30,null,2022-08-09,74500.00
482,Yashika Thomas,Female,22,Sales,Sales Executive,30,null,2022-08-28,28500.00
483,Aryan Yadav,Male,23,Sales,Sales Executive,30,null,2022-08-24,27000.00
484,Aarohi Tiwari,Female,34,Sales,Sales Executive,30,null,2022-02-22,30000.00
485,Vidhi Prasad,Female,35,Sales,Sales Executive,30,null,2022-03-30,29000.00
486,Shubham Subramanian,Male,27,Sales,Sales Executive,30,null,2022-04-30,27500.00
487,Eshan Tyagi,Male,25,Sales,Sales Executive,30,null,2022-09-07,27500.00
488,Diya Tripathi,Female,23,Sales,Sales Executive,30,null,2022-12-03,29000.00
489,Shalini Das,Female,24,Sales,Sales Executive,30,null,2022-11-17,27000.00
490,Neil Nambiar,Male,29,Sales,Sales Executive,30,null,2022-02-09,29000.00
491,Hitesh Mirza,Male,22,Sales,Sales Executive,30,null,2022-07-21,28000.00
492,Aditi Hegde,Female,30,Sales,Sales Executive,30,null,2022-02-09,29500.00
493,Yamini Tripathi,Female,25,Sales,Cashier,30,null,2022-08-30,22500.00
494,Karan Agarwal,Male,28,Sales,Cashier,30,null,2022-01-17,22500.00
495,Pranav Pai,Male,27,Sales,Cashier,30,null,2022-07-21,22500.00
496,Ankit Roy,Male,32,Sales,Store Manager,31,null,2025-08-05,65500.00
497,Heena Bajaj,Female,40,Sales,Sales Executive,31,null,2025-09-15,26500.00
498,Navya Iyer,Female,37,Sales,Sales Executive,31,null,2025-12-26,26500.00
499,Palak Kapoor,Female,40,Sales,Sales Executive,31,null,2025-10-28,26500.00
500,Rishabh Saxena,Male,43,Sales,Sales Executive,31,null,2025-09-14,29000.00
501,Shalini Menon,Female,37,Sales,Sales Executive,31,null,2025-09-10,27500.00
502,Kanika Naidu,Female,45,Sales,Sales Executive,31,null,2025-10-22,28500.00
503,Sanjay Pillai,Male,41,Sales,Sales Executive,31,null,2025-07-30,27500.00
504,Esha Sandhu,Female,53,Sales,Sales Executive,31,null,2025-06-26,29000.00
505,Pranav Kaur,Male,55,Sales,Sales Executive,31,null,2025-06-25,30500.00
506,Aarav Mukherjee,Male,45,Sales,Sales Executive,31,null,2025-12-30,27000.00
507,Ritvik Gill,Male,37,Sales,Sales Executive,31,null,2025-09-04,28500.00
508,Pranav Sandhu,Male,42,Sales,Cashier,31,null,2025-11-26,21500.00
509,Bharat Ahuja,Male,44,Sales,Cashier,31,null,2025-10-18,21000.00
510,Darshan Hegde,Male,41,Sales,Cashier,31,null,2025-12-24,21500.00
511,Bharat Saxena,Male,29,Sales,Store Manager,32,null,2024-01-12,69500.00
512,Siddharth Srivastava,Male,33,Sales,Sales Executive,32,null,2024-09-12,27000.00
513,Harshil Kulkarni,Male,44,Sales,Sales Executive,32,null,2024-06-11,30500.00
514,Gaurav Fernandes,Male,42,Sales,Sales Executive,32,null,2024-08-04,28000.00
515,Dhruv Reddy,Male,39,Sales,Sales Executive,32,null,2024-04-24,29000.00
516,Nikhil Joshi,Male,30,Sales,Sales Executive,32,null,2024-12-30,28000.00
517,Yash Dubey,Male,39,Sales,Sales Executive,32,null,2024-08-04,28000.00
518,Karan Mathew,Male,43,Sales,Sales Executive,32,null,2024-04-07,29500.00
519,Dhruv Fernandes,Male,30,Sales,Sales Executive,32,null,2024-10-19,27500.00
520,Imran Iyer,Male,44,Sales,Sales Executive,32,null,2024-05-09,28500.00
521,Komal Kumar,Female,45,Sales,Sales Executive,32,null,2024-06-19,30500.00
522,Sasha Pai,Other,27,Sales,Sales Executive,32,null,2024-12-25,26000.00
523,Pari Banerjee,Female,37,Sales,Sales Executive,32,null,2024-03-02,27500.00
524,Anirudh Jain,Male,44,Sales,Sales Executive,32,null,2024-01-27,29500.00
525,Eshan Ahuja,Male,35,Sales,Cashier,32,null,2024-08-22,22500.00
526,Riya Thakur,Female,26,Sales,Cashier,32,null,2024-09-25,20500.00
527,Arjun Rana,Male,36,Sales,Cashier,32,null,2024-02-07,22500.00
528,Avi Khanna,Male,31,Sales,Store Manager,33,null,2022-10-10,71500.00
529,Dev Bhat,Male,24,Sales,Sales Executive,33,null,2022-10-31,28000.00
530,Jay Suri,Male,28,Sales,Sales Executive,33,null,2022-06-23,28000.00
531,Tushar Ali,Male,33,Sales,Sales Executive,33,null,2022-07-10,29000.00
532,Ankit Krishnan,Male,34,Sales,Sales Executive,33,null,2022-01-08,30500.00
533,Chhavi Siddiqui,Female,31,Sales,Sales Executive,33,null,2022-03-19,28500.00
534,Jatin Qureshi,Male,23,Sales,Sales Executive,33,null,2022-08-04,28500.00
535,Tushar Siddiqui,Male,33,Sales,Sales Executive,33,null,2022-02-26,29500.00
536,Sanjay Fernandes,Male,29,Sales,Sales Executive,33,null,2022-05-16,28500.00
537,Daya Suri,Other,24,Sales,Sales Executive,33,null,2022-10-16,29500.00
538,Darshan Pillai,Male,23,Sales,Sales Executive,33,null,2022-10-01,29000.00
539,Navya Tripathi,Female,30,Sales,Sales Executive,33,null,2022-05-08,29000.00
540,Kriti Vohra,Female,27,Sales,Cashier,33,null,2022-05-11,21500.00
541,Hemant Sandhu,Male,25,Sales,Cashier,33,null,2022-12-10,21500.00
542,Arjun Khanna,Male,30,Sales,Cashier,33,null,2022-06-06,22500.00
543,Nikhil Shetty,Male,28,Sales,Store Manager,34,null,2023-01-21,71500.00
544,Farhan Khanna,Male,31,Sales,Sales Executive,34,null,2023-01-27,28500.00
545,Kabir Das,Male,32,Sales,Sales Executive,34,null,2023-06-04,29000.00
546,Vidhi Shah,Female,30,Sales,Sales Executive,34,null,2023-01-05,29000.00
547,Divya Chauhan,Female,35,Sales,Sales Executive,34,null,2023-08-28,30000.00
548,Yash Kumar,Male,35,Sales,Sales Executive,34,null,2023-08-21,29500.00
549,Rishabh Hegde,Male,28,Sales,Sales Executive,34,null,2023-08-05,29000.00
550,Charu Nair,Female,34,Sales,Sales Executive,34,null,2023-04-01,28000.00
551,Vivaan Sethi,Male,34,Sales,Sales Executive,34,null,2023-06-20,30000.00
552,Ritvik Rana,Male,32,Sales,Sales Executive,34,null,2023-08-17,27500.00
553,Dev Reddy,Male,33,Sales,Sales Executive,34,null,2023-10-20,27500.00
554,Dev Mathew,Male,35,Sales,Sales Executive,34,null,2023-06-25,29000.00
555,Gaurav Nambiar,Male,33,Sales,Cashier,34,null,2023-11-22,21000.00
556,Ajay Tyagi,Male,34,Sales,Cashier,34,null,2023-11-15,22000.00
557,Ankit Rana,Male,28,Sales,Cashier,34,null,2023-10-20,22000.00
558,Manav Kulkarni,Male,33,Sales,Store Manager,35,null,2023-02-21,72000.00
559,Gauri Srivastava,Female,29,Sales,Sales Executive,35,null,2023-11-26,27000.00
560,Naina Dubey,Female,27,Sales,Sales Executive,35,null,2023-04-17,28500.00
561,Omkar Mahajan,Male,27,Sales,Sales Executive,35,null,2023-11-13,26500.00
562,Avi Iyer,Male,35,Sales,Sales Executive,35,null,2023-01-15,29000.00
563,Ishaan Kapoor,Male,30,Sales,Sales Executive,35,null,2023-09-10,28500.00
564,Ajay Sandhu,Male,29,Sales,Sales Executive,35,null,2023-06-06,28000.00
565,Farhan Sharma,Male,27,Sales,Sales Executive,35,null,2023-03-31,27500.00
566,Avi Singh,Male,34,Sales,Sales Executive,35,null,2023-08-08,28000.00
567,Hemant Srivastava,Male,27,Sales,Sales Executive,35,null,2023-05-06,29000.00
568,Tanvi Roy,Female,27,Sales,Sales Executive,35,null,2023-11-10,27500.00
569,Akhil Sethi,Male,26,Sales,Sales Executive,35,null,2023-01-02,29000.00
570,Akhil Chatterjee,Male,28,Sales,Cashier,35,null,2023-08-29,21500.00
571,Akshay Siddiqui,Male,29,Sales,Cashier,35,null,2023-06-25,21000.00
572,Ojasvi Dubey,Female,26,Sales,Cashier,35,null,2023-01-17,21500.00
573,Yashika Malhotra,Female,30,Sales,Store Manager,36,null,2024-10-04,67500.00
574,Mayank Pai,Male,42,Sales,Sales Executive,36,null,2024-04-16,29500.00
575,Harshil Siddiqui,Male,36,Sales,Sales Executive,36,null,2024-07-07,28500.00
576,Leena Khan,Female,41,Sales,Sales Executive,36,null,2024-08-22,28000.00
577,Rajat Mathew,Male,39,Sales,Sales Executive,36,null,2024-07-09,28500.00
578,Farhan Mirza,Male,35,Sales,Sales Executive,36,null,2024-10-02,29000.00
579,Arjun Krishnan,Male,30,Sales,Sales Executive,36,null,2024-12-19,28000.00
580,Arya Sehgal,Other,38,Sales,Sales Executive,36,null,2024-07-08,29500.00
581,Rajiv Subramanian,Male,41,Sales,Sales Executive,36,null,2024-03-23,28000.00
582,Chirag Nair,Male,26,Sales,Sales Executive,36,null,2024-09-02,27500.00
583,Kriti Rao,Female,35,Sales,Sales Executive,36,null,2024-11-01,28000.00
584,Chhavi Pillai,Female,43,Sales,Sales Executive,36,null,2024-02-02,30500.00
585,Aarohi Mehta,Female,43,Sales,Sales Executive,36,null,2024-07-07,29500.00
586,Mayank Saxena,Male,43,Sales,Sales Executive,36,null,2024-05-02,29000.00
587,Arjun Thakur,Male,44,Sales,Sales Executive,36,null,2024-06-11,29500.00
588,Kavya Sinha,Female,40,Sales,Sales Executive,36,null,2024-03-02,29500.00
589,Rudra Ghosh,Male,42,Sales,Cashier,36,null,2024-06-12,23000.00
590,Manav Tyagi,Male,43,Sales,Cashier,36,null,2024-05-14,23000.00
591,Akhil Hegde,Male,28,Sales,Cashier,36,null,2024-12-31,21000.00
592,Deepika Pandey,Female,38,Sales,Cashier,36,null,2024-04-14,21500.00
593,Samar Mahajan,Male,33,Sales,Store Manager,37,null,2022-01-29,74500.00
594,Charu Jain,Female,33,Sales,Sales Executive,37,null,2022-04-26,29000.00
595,Farhan Raman,Male,29,Sales,Sales Executive,37,null,2022-01-07,28500.00
596,Mayank Chauhan,Male,25,Sales,Sales Executive,37,null,2022-11-01,29000.00
597,Ajay Thakur,Male,24,Sales,Sales Executive,37,null,2022-09-03,28500.00
598,Pari Gill,Female,22,Sales,Sales Executive,37,null,2022-10-13,27000.00
599,Manav Qureshi,Male,24,Sales,Sales Executive,37,null,2022-11-23,28500.00
600,Mahima Dubey,Female,24,Sales,Sales Executive,37,null,2022-08-03,27000.00
601,Tejas Patel,Male,23,Sales,Sales Executive,37,null,2022-12-09,27500.00
602,Arya Prasad,Other,33,Sales,Sales Executive,37,null,2022-04-20,29000.00
603,Yashika Shetty,Female,22,Sales,Sales Executive,37,null,2022-10-29,28500.00
604,Falguni Malhotra,Female,34,Sales,Sales Executive,37,null,2022-05-13,30000.00
605,Leena Mahajan,Female,22,Sales,Sales Executive,37,null,2022-09-17,27000.00
606,Tushar Bansal,Male,25,Sales,Sales Executive,37,null,2022-11-07,27500.00
607,Hitesh Sandhu,Male,34,Sales,Sales Executive,37,null,2022-05-30,28500.00
608,Manav Mukherjee,Male,30,Sales,Cashier,37,null,2023-04-13,22000.00
609,Falguni Raman,Female,35,Sales,Cashier,37,null,2023-04-18,22500.00
610,Kriti Raman,Female,23,Sales,Cashier,37,null,2022-10-21,22000.00
611,Kiara Mathew,Female,25,Sales,Cashier,37,null,2022-08-27,21500.00
612,Tanya Suri,Female,29,Sales,Store Manager,38,null,2024-07-05,66500.00
613,Shubham Sehgal,Male,43,Sales,Sales Executive,38,null,2024-08-01,28500.00
614,Neil Desai,Male,37,Sales,Sales Executive,38,null,2024-01-01,27500.00
615,Avni Agarwal,Female,39,Sales,Sales Executive,38,null,2024-06-10,27500.00
616,Deepti Mukherjee,Other,40,Sales,Sales Executive,38,null,2024-07-05,28500.00
617,Farhan Rana,Male,32,Sales,Sales Executive,38,null,2024-09-30,27500.00
618,Lakshay Verma,Male,39,Sales,Sales Executive,38,null,2024-02-24,29000.00
619,Heena Bansal,Female,40,Sales,Sales Executive,38,null,2024-08-10,29500.00
620,Yamini Thomas,Female,44,Sales,Sales Executive,38,null,2024-07-06,28000.00
621,Rudra Suri,Male,30,Sales,Sales Executive,38,null,2024-10-09,27000.00
622,Lavanya Dutta,Female,26,Sales,Sales Executive,38,null,2024-10-10,25500.00
623,Shalini Verma,Female,28,Sales,Sales Executive,38,null,2024-12-17,26500.00
624,Siddharth Ghosh,Male,44,Sales,Sales Executive,38,null,2024-05-15,28500.00
625,Anirudh Tripathi,Male,30,Sales,Sales Executive,38,null,2024-09-01,26500.00
626,Siddharth Singh,Male,43,Sales,Sales Executive,38,null,2024-04-05,30000.00
627,Aanya Rana,Female,35,Sales,Cashier,38,null,2024-10-07,22000.00
628,Aryan Bose,Male,43,Sales,Cashier,38,null,2024-03-13,22000.00
629,Ritvik Sinha,Male,26,Sales,Cashier,38,null,2024-11-16,21000.00
630,Rohan Yadav,Male,35,Sales,Cashier,38,null,2024-09-21,22000.00
631,Rajat Banerjee,Male,31,Sales,Store Manager,39,null,2025-07-29,68500.00
632,Dhruv Goyal,Male,51,Sales,Sales Executive,39,null,2025-05-29,28000.00
633,Saanvi Puri,Female,38,Sales,Sales Executive,39,null,2025-10-18,27000.00
634,Avi Tyagi,Male,42,Sales,Sales Executive,39,null,2025-08-21,29000.00
635,Shiv Nambiar,Other,54,Sales,Sales Executive,39,null,2025-05-16,30500.00
636,Rishabh Vohra,Male,47,Sales,Sales Executive,39,null,2025-02-07,30000.00
637,Siddharth Yadav,Male,50,Sales,Sales Executive,39,null,2025-02-07,28500.00
638,Krish Subramanian,Male,57,Sales,Sales Executive,39,null,2025-06-24,29000.00
639,Komal Iyer,Female,37,Sales,Sales Executive,39,null,2025-10-03,28000.00
640,Kabir Gill,Male,51,Sales,Sales Executive,39,null,2025-05-22,29500.00
641,Ira Hegde,Female,47,Sales,Sales Executive,39,null,2025-03-11,28000.00
642,Rajat George,Male,46,Sales,Sales Executive,39,null,2025-01-15,28000.00
643,Tejas Sehgal,Male,45,Sales,Sales Executive,39,null,2025-07-22,28500.00
644,Vidhi Bose,Female,50,Sales,Sales Executive,39,null,2025-04-04,28500.00
645,Lakshay Thakur,Male,51,Sales,Sales Executive,39,null,2025-01-09,30000.00
646,Tushar Fernandes,Male,44,Sales,Cashier,39,null,2025-10-02,22000.00
647,Gaurav Bajaj,Male,39,Sales,Cashier,39,null,2025-11-08,21000.00
648,Geetika Mukherjee,Female,51,Sales,Cashier,39,null,2025-01-03,22000.00
649,Tanvi Ansari,Female,36,Sales,Cashier,39,null,2025-12-08,21000.00
650,Samar Sethi,Male,30,Sales,Store Manager,40,null,2023-08-23,71500.00
651,Chirag Khan,Male,34,Sales,Sales Executive,40,null,2023-03-22,28000.00
652,Anirudh Bansal,Male,31,Sales,Sales Executive,40,null,2023-03-22,27500.00
653,Heena Krishnan,Female,29,Sales,Sales Executive,40,null,2023-10-11,28000.00
654,Samar Bhat,Male,26,Sales,Sales Executive,40,null,2023-10-23,28500.00
655,Akshay Shah,Male,26,Sales,Sales Executive,40,null,2023-10-29,26500.00
656,Aditya Raman,Male,28,Sales,Sales Executive,40,null,2023-02-14,28000.00
657,Samar Ghosh,Male,31,Sales,Sales Executive,40,null,2023-05-01,28000.00
658,Uday Reddy,Male,30,Sales,Sales Executive,40,null,2023-08-13,29000.00
659,Mahima Kumar,Female,32,Sales,Sales Executive,40,null,2023-02-07,28000.00
660,Ishani D'Souza,Female,34,Sales,Sales Executive,40,null,2023-09-14,28500.00
661,Jatin Tripathi,Male,33,Sales,Sales Executive,40,null,2023-10-09,29000.00
662,Gaurav Sehgal,Male,26,Sales,Cashier,40,null,2023-01-10,21500.00
663,Shubham Dutta,Male,35,Sales,Cashier,40,null,2023-05-02,22500.00
664,Chhavi Verma,Female,31,Sales,Cashier,40,null,2023-01-15,22500.00
665,Ankit Banerjee,Male,29,Sales,Store Manager,41,null,2024-08-11,68500.00
666,Lavanya Das,Female,27,Sales,Sales Executive,41,null,2024-12-07,25500.00
667,Jai Khan,Male,42,Sales,Sales Executive,41,null,2024-04-24,29500.00
668,Garima Khan,Female,35,Sales,Sales Executive,41,null,2024-10-19,27500.00
669,Nikhil Tiwari,Male,37,Sales,Sales Executive,41,null,2024-08-03,27000.00
670,Rishabh Das,Male,42,Sales,Sales Executive,41,null,2024-03-24,28000.00
671,Rishabh Mukherjee,Male,34,Sales,Sales Executive,41,null,2024-08-27,28500.00
672,Gauri Kumar,Female,30,Sales,Sales Executive,41,null,2024-11-18,27500.00
673,Aadhya Ali,Female,28,Sales,Sales Executive,41,null,2024-10-17,26000.00
674,Aadesh Verma,Male,29,Sales,Sales Executive,41,null,2024-09-07,27500.00
675,Sanjay Mahajan,Male,40,Sales,Sales Executive,41,null,2024-04-15,29500.00
676,Yamini Saxena,Female,38,Sales,Sales Executive,41,null,2024-05-26,29000.00
677,Shiv Rana,Other,44,Sales,Cashier,41,null,2024-05-09,22000.00
678,Heena Patel,Female,32,Sales,Cashier,41,null,2024-10-06,21000.00
679,Bhavna Reddy,Female,45,Sales,Cashier,41,null,2024-07-30,23000.00
680,Pranav Kapoor,Male,30,Sales,Store Manager,42,null,2021-12-19,74000.00
681,Ritvik Rao,Male,25,Sales,Sales Executive,42,null,2021-10-17,28500.00
682,Avni Jain,Female,25,Sales,Sales Executive,42,null,2021-10-12,28500.00
683,Komal Goyal,Female,25,Sales,Sales Executive,42,null,2021-02-01,28500.00
684,Aditya Bhat,Male,23,Sales,Sales Executive,42,null,2021-02-25,30000.00
685,Pranav Shah,Male,25,Sales,Sales Executive,42,null,2021-11-23,29500.00
686,Aryan Sinha,Male,24,Sales,Sales Executive,42,null,2021-12-15,30000.00
687,Leena Kapoor,Female,24,Sales,Sales Executive,42,null,2021-09-06,28500.00
688,Dhruv Iyer,Male,25,Sales,Sales Executive,42,null,2021-02-27,28500.00
689,Ankit Arora,Male,25,Sales,Sales Executive,42,null,2021-04-08,29000.00
690,Bhumika Sinha,Female,25,Sales,Sales Executive,42,null,2021-06-21,29000.00
691,Manav Sinha,Male,25,Sales,Sales Executive,42,null,2021-06-16,30500.00
692,Ekta Chauhan,Female,24,Sales,Cashier,42,null,2021-08-24,22000.00
693,Shubham Suri,Male,24,Sales,Cashier,42,null,2021-10-28,23000.00
694,Divya Desai,Female,24,Sales,Cashier,42,null,2021-08-31,23000.00
695,Abhinav Subramanian,Male,30,Sales,Store Manager,43,null,2023-03-15,71500.00
696,Riya Bansal,Female,32,Sales,Sales Executive,43,null,2023-12-20,28500.00
697,Naina Ahuja,Female,26,Sales,Sales Executive,43,null,2023-05-05,28000.00
698,Shubham Bose,Male,26,Sales,Sales Executive,43,null,2023-01-28,27000.00
699,Kavya Vohra,Female,33,Sales,Sales Executive,43,null,2023-05-27,30000.00
700,Samar Kaur,Male,33,Sales,Sales Executive,43,null,2023-02-27,30000.00
701,Tej Qureshi,Other,29,Sales,Sales Executive,43,null,2023-12-22,28500.00
702,Kiara Agarwal,Female,31,Sales,Sales Executive,43,null,2023-12-23,27000.00
703,Ankit Malhotra,Male,35,Sales,Sales Executive,43,null,2023-12-30,29500.00
704,Dhruv Patel,Male,33,Sales,Sales Executive,43,null,2023-05-07,29000.00
705,Charu Tyagi,Female,29,Sales,Sales Executive,43,null,2023-08-06,28000.00
706,Samar Siddiqui,Male,27,Sales,Sales Executive,43,null,2023-04-22,29500.00
707,Hitesh Jain,Male,32,Sales,Cashier,43,null,2023-12-03,21000.00
708,Karan Tiwari,Male,33,Sales,Cashier,43,null,2023-04-21,22000.00
709,Imran Menon,Male,29,Sales,Cashier,43,null,2023-04-17,22500.00
710,Bhumika Nambiar,Female,28,Sales,Store Manager,44,null,2023-02-14,67500.00
711,Hitesh Pillai,Male,26,Sales,Sales Executive,44,null,2023-12-04,26500.00
712,Aarav Sehgal,Male,34,Sales,Sales Executive,44,null,2023-01-14,28000.00
713,Karan Qureshi,Male,28,Sales,Sales Executive,44,null,2023-03-10,28000.00
714,Radhika Patel,Female,30,Sales,Sales Executive,44,null,2023-07-12,29500.00
715,Rohan Naidu,Male,33,Sales,Sales Executive,44,null,2023-10-23,27000.00
716,Omkar Sharma,Male,30,Sales,Sales Executive,44,null,2023-10-20,27000.00
717,Palak Gill,Female,30,Sales,Sales Executive,44,null,2023-11-24,27000.00
718,Dhruv Khan,Male,35,Sales,Sales Executive,44,null,2023-09-11,29500.00
719,Juhi Naidu,Female,28,Sales,Sales Executive,44,null,2023-10-23,28000.00
720,Abhinav Chopra,Male,35,Sales,Sales Executive,44,null,2023-05-22,28500.00
721,Mansi Bajaj,Female,32,Sales,Sales Executive,44,null,2023-04-30,28000.00
722,Lakshay Nair,Male,31,Sales,Sales Executive,44,null,2023-02-13,29000.00
723,Gauri Chatterjee,Female,29,Sales,Sales Executive,44,null,2023-01-16,29500.00
724,Samar Puri,Male,31,Sales,Sales Executive,44,null,2023-10-26,28500.00
725,Kabir Mirza,Male,26,Sales,Cashier,44,null,2023-01-23,22500.00
726,Tanvi Sehgal,Female,30,Sales,Cashier,44,null,2023-08-11,22500.00
727,Abhinav Mukherjee,Male,34,Sales,Cashier,44,null,2023-06-29,22500.00
728,Anika Chauhan,Female,30,Sales,Cashier,44,null,2023-10-26,22000.00
729,Yash Mirza,Male,29,Sales,Store Manager,45,null,2024-02-17,67500.00
730,Kiara Nair,Female,39,Sales,Sales Executive,45,null,2024-03-01,30000.00
731,Vivaan Dubey,Male,27,Sales,Sales Executive,45,null,2024-09-19,26500.00
732,Uday Goyal,Male,41,Sales,Sales Executive,45,null,2024-03-24,28500.00
733,Geetika Tiwari,Female,33,Sales,Sales Executive,45,null,2024-09-29,28500.00
734,Tanya Prasad,Female,37,Sales,Sales Executive,45,null,2024-04-12,28000.00
735,Vijay Krishnan,Male,27,Sales,Sales Executive,45,null,2024-11-21,26000.00
736,Karan Thomas,Male,45,Sales,Sales Executive,45,null,2024-01-29,29000.00
737,Pranav Khan,Male,30,Sales,Sales Executive,45,null,2024-10-22,26500.00
738,Kriti Bajaj,Female,43,Sales,Sales Executive,45,null,2024-04-23,28500.00
739,Imran Puri,Male,31,Sales,Sales Executive,45,null,2024-11-24,26500.00
740,Farhan Kumar,Male,38,Sales,Sales Executive,45,null,2024-05-13,30000.00
741,Tushar Qureshi,Male,29,Sales,Sales Executive,45,null,2024-11-11,26000.00
742,Vijay Thomas,Male,40,Sales,Sales Executive,45,null,2024-06-28,29000.00
743,Vijay Mishra,Male,28,Sales,Sales Executive,45,null,2024-12-28,26500.00
744,Upasana Mirza,Female,27,Sales,Cashier,45,null,2024-09-08,21500.00
745,Uday Subramanian,Male,43,Sales,Cashier,45,null,2024-04-05,22000.00
746,Sanjay Siddiqui,Male,29,Sales,Cashier,45,null,2024-12-30,21500.00
747,Jatin Sehgal,Male,40,Sales,Cashier,45,null,2024-02-29,22000.00
748,Avi Prasad,Male,28,Sales,Store Manager,46,null,2023-09-04,70000.00
749,Bhumika Verma,Female,32,Sales,Sales Executive,46,null,2023-08-30,29000.00
750,Rajat Puri,Male,27,Sales,Sales Executive,46,null,2023-10-09,28500.00
751,Bhavna Ali,Female,32,Sales,Sales Executive,46,null,2023-09-24,28500.00
752,Dev Verma,Male,32,Sales,Sales Executive,46,null,2023-09-26,28000.00
753,Trisha Nambiar,Female,31,Sales,Sales Executive,46,null,2023-04-15,28000.00
754,Geet Qureshi,Other,29,Sales,Sales Executive,46,null,2023-02-26,29500.00
755,Harshil Ahuja,Male,30,Sales,Sales Executive,46,null,2023-04-29,29500.00
756,Bhavna Yadav,Female,30,Sales,Sales Executive,46,null,2023-04-13,27500.00
757,Pranav Verma,Male,30,Sales,Sales Executive,46,null,2023-05-17,29000.00
758,Hina Goyal,Female,32,Sales,Sales Executive,46,null,2023-10-30,27000.00
759,Yash Shetty,Male,28,Sales,Sales Executive,46,null,2023-08-08,28500.00
760,Kabir Ansari,Male,26,Sales,Sales Executive,46,null,2023-04-25,28000.00
761,Vijay Kaur,Male,30,Sales,Sales Executive,46,null,2023-03-08,27500.00
762,Manav Rao,Male,27,Sales,Sales Executive,46,null,2023-12-10,28000.00
763,Mansi Kapoor,Female,31,Sales,Cashier,46,null,2023-03-24,21500.00
764,Kiara Sethi,Female,26,Sales,Cashier,46,null,2023-09-11,21000.00
765,Diya Chatterjee,Female,28,Sales,Cashier,46,null,2023-07-08,22000.00
766,Rashi Joshi,Female,30,Sales,Cashier,46,null,2023-01-07,23000.00
767,Jhanvi Bose,Female,28,Sales,Store Manager,47,null,2022-07-12,70000.00
768,Nikhil Chopra,Male,23,Sales,Sales Executive,47,null,2021-12-24,29500.00
769,Shalini Thakur,Female,23,Sales,Sales Executive,47,null,2022-10-26,27500.00
770,Dev Sinha,Male,24,Sales,Sales Executive,47,null,2022-12-26,27500.00
771,Urvi Bose,Female,23,Sales,Sales Executive,47,null,2022-07-26,28500.00
772,Jatin Sinha,Male,25,Sales,Sales Executive,47,null,2022-12-03,27000.00
773,Kiara Mahajan,Female,24,Sales,Sales Executive,47,null,2021-10-23,28000.00
774,Ishita Bose,Female,28,Sales,Sales Executive,47,null,2022-05-31,29000.00
775,Zoya Ali,Female,30,Sales,Sales Executive,47,null,2022-07-08,28000.00
776,Ira Mukherjee,Female,29,Sales,Sales Executive,47,null,2022-02-05,28500.00
777,Uday Ali,Male,24,Sales,Sales Executive,47,null,2022-11-16,28000.00
778,Aryan Chopra,Male,32,Sales,Sales Executive,47,null,2022-02-07,31000.00
779,Hina Malhotra,Female,25,Sales,Cashier,47,null,2021-07-09,22500.00
780,Darshan Naidu,Male,35,Sales,Cashier,47,null,2022-02-11,24000.00
781,Chirag Patel,Male,35,Sales,Cashier,47,null,2022-03-03,23500.00
782,Parth Nambiar,Male,28,Sales,Store Manager,48,null,2025-11-14,65500.00
783,Harshil Rana,Male,37,Sales,Sales Executive,48,null,2025-12-09,26000.00
784,Mansi Bhat,Female,53,Sales,Sales Executive,48,null,2025-06-22,30000.00
785,Pranav Qureshi,Male,54,Sales,Sales Executive,48,null,2025-04-24,30500.00
786,Gauri Kulkarni,Female,49,Sales,Sales Executive,48,null,2025-04-30,29500.00
787,Aarav George,Male,59,Sales,Sales Executive,48,null,2025-03-14,31500.00
788,Jay Siddiqui,Male,47,Sales,Sales Executive,48,null,2025-01-01,30000.00
789,Tushar Goyal,Male,54,Sales,Sales Executive,48,null,2025-06-25,30000.00
790,Fatima Rana,Female,36,Sales,Sales Executive,48,null,2025-12-09,27000.00
791,Dhruv Bose,Male,47,Sales,Sales Executive,48,null,2025-04-17,28500.00
792,Parth Chatterjee,Male,51,Sales,Sales Executive,48,null,2025-04-03,29000.00
793,Kabir Ali,Male,50,Sales,Sales Executive,48,null,2025-05-02,28500.00
794,Geetika Khanna,Female,60,Sales,Cashier,48,null,2025-05-30,24000.00
795,Rajiv Jain,Male,55,Sales,Cashier,48,null,2025-05-07,22500.00
796,Jai Tripathi,Male,46,Sales,Cashier,48,null,2025-06-13,21500.00
797,Anirudh Naidu,Male,28,Sales,Store Manager,49,null,2023-02-19,69500.00
798,Harshil Desai,Male,31,Sales,Sales Executive,49,null,2023-05-07,27500.00
799,Imran Qureshi,Male,32,Sales,Sales Executive,49,null,2023-05-30,28500.00
800,Deepika Fernandes,Female,32,Sales,Sales Executive,49,null,2023-08-13,27500.00
801,Saanvi Prasad,Female,26,Sales,Sales Executive,49,null,2023-03-15,27500.00
802,Harshil George,Male,26,Sales,Sales Executive,49,null,2023-01-05,28000.00
803,Uday Kumar,Male,32,Sales,Sales Executive,49,null,2023-10-04,28500.00
804,Imran Tyagi,Male,29,Sales,Sales Executive,49,null,2023-04-06,28000.00
805,Kavya Mahajan,Female,31,Sales,Sales Executive,49,null,2023-06-12,27500.00
806,Ishani Ghosh,Female,31,Sales,Sales Executive,49,null,2023-09-17,29000.00
807,Lavanya Iyer,Female,29,Sales,Sales Executive,49,null,2023-07-04,29000.00
808,Neil Khan,Male,28,Sales,Sales Executive,49,null,2023-08-25,28500.00
809,Mayank Fernandes,Male,26,Sales,Cashier,49,null,2023-12-12,22000.00
810,Chirag Gill,Male,29,Sales,Cashier,49,null,2023-12-30,21500.00
811,Naman Rana,Male,33,Sales,Cashier,49,null,2023-07-06,22500.00
812,Nikhil Siddiqui,Male,29,Sales,Store Manager,50,null,2023-02-27,69000.00
813,Jay Sethi,Male,32,Sales,Sales Executive,50,null,2023-01-10,28500.00
814,Vijay George,Male,32,Sales,Sales Executive,50,null,2023-02-11,27500.00
815,Imran Ansari,Male,26,Sales,Sales Executive,50,null,2023-04-11,28000.00
816,Nihar Tripathi,Other,35,Sales,Sales Executive,50,null,2023-07-20,29000.00
817,Jai Mathew,Male,30,Sales,Sales Executive,50,null,2023-11-06,29000.00
818,Darshan Puri,Male,33,Sales,Sales Executive,50,null,2023-02-04,30000.00
819,Rishabh Chopra,Male,30,Sales,Sales Executive,50,null,2023-05-07,27500.00
820,Nikhil Roy,Male,32,Sales,Sales Executive,50,null,2023-01-25,29500.00
821,Diya Arora,Female,27,Sales,Sales Executive,50,null,2023-09-24,28000.00
822,Kavya Desai,Female,32,Sales,Sales Executive,50,null,2023-08-18,27500.00
823,Karan Yadav,Male,35,Sales,Sales Executive,50,null,2023-12-31,29500.00
824,Kriti Suri,Female,32,Sales,Cashier,50,null,2023-01-27,23000.00
825,Rohan Puri,Male,32,Sales,Cashier,50,null,2023-11-12,22500.00
826,Bhumika Mirza,Female,34,Sales,Store Manager,51,null,2022-09-25,72500.00
827,Vani Nambiar,Other,25,Sales,Sales Executive,51,null,2022-08-31,28500.00
828,Trisha Chatterjee,Female,22,Sales,Sales Executive,51,null,2022-11-01,27000.00
829,Yash Ansari,Male,23,Sales,Sales Executive,51,null,2022-08-13,29000.00
830,Yash Desai,Male,24,Sales,Sales Executive,51,null,2022-10-12,28500.00
831,Jai Agarwal,Male,29,Sales,Sales Executive,51,null,2022-02-08,30000.00
832,Sameer Mishra,Male,23,Sales,Sales Executive,51,null,2022-08-07,28500.00
833,Vijay Ghosh,Male,25,Sales,Sales Executive,51,null,2022-10-15,29500.00
834,Jay Sharma,Male,32,Sales,Sales Executive,51,null,2022-03-13,29000.00
835,Gauri Prasad,Female,27,Sales,Sales Executive,51,null,2022-05-07,28500.00
836,Tushar Mirza,Male,29,Sales,Sales Executive,51,null,2022-06-16,28500.00
837,Harini Verma,Female,24,Sales,Sales Executive,51,null,2022-08-28,29000.00
838,Siddharth Sehgal,Male,24,Sales,Sales Executive,51,null,2022-10-15,28500.00
839,Eshan Goel,Male,23,Sales,Sales Executive,51,null,2022-08-22,28000.00
840,Yamini Dubey,Female,28,Sales,Sales Executive,51,null,2022-06-18,29000.00
841,Neil Mukherjee,Male,33,Sales,Cashier,51,null,2022-01-27,23000.00
842,Varun Kulkarni,Male,22,Sales,Cashier,51,null,2022-08-15,21500.00
843,Avi Subramanian,Male,33,Sales,Cashier,51,null,2022-06-27,22500.00
844,Ritvik Jain,Male,28,Sales,Cashier,51,null,2022-01-25,23500.00
845,Hina Nambiar,Female,35,Sales,Store Manager,52,null,2024-03-20,71500.00
846,Deepika Bose,Female,39,Sales,Sales Executive,52,null,2024-08-19,29500.00
847,Siddharth Joshi,Male,44,Sales,Sales Executive,52,null,2024-03-25,28500.00
848,Garima Mirza,Female,41,Sales,Sales Executive,52,null,2024-08-14,29500.00
849,Rajat Raman,Male,43,Sales,Sales Executive,52,null,2024-03-27,29500.00
850,Sanjay Sinha,Male,37,Sales,Sales Executive,52,null,2024-04-17,28500.00
851,Akshay Sharma,Male,45,Sales,Sales Executive,52,null,2024-02-10,30000.00
852,Aarav Chauhan,Male,43,Sales,Sales Executive,52,null,2024-05-20,29500.00
853,Jai Qureshi,Male,29,Sales,Sales Executive,52,null,2024-10-07,28000.00
854,Garima Kulkarni,Female,44,Sales,Sales Executive,52,null,2024-07-13,28500.00
855,Farhan Ansari,Male,41,Sales,Sales Executive,52,null,2024-04-26,30000.00
856,Naman Naidu,Male,44,Sales,Sales Executive,52,null,2024-05-14,28500.00
857,Arjun Ghosh,Male,41,Sales,Sales Executive,52,null,2024-05-06,29000.00
858,Rajat Mukherjee,Male,39,Sales,Sales Executive,52,null,2024-07-03,29000.00
859,Lavanya Prasad,Female,38,Sales,Sales Executive,52,null,2024-03-29,28000.00
860,Trisha Fernandes,Female,43,Sales,Cashier,52,null,2024-07-21,23000.00
861,Zoya Banerjee,Female,38,Sales,Cashier,52,null,2024-06-30,22000.00
862,Chirag Ghosh,Male,43,Sales,Cashier,52,null,2024-05-13,21500.00
863,Madhav Gupta,Male,36,Sales,Cashier,52,null,2024-04-27,22500.00
864,Trisha Khan,Female,35,Sales,Store Manager,53,null,2024-10-26,70500.00
865,Naina Dutta,Female,44,Sales,Sales Executive,53,null,2024-02-06,30000.00
866,Aditya Nambiar,Male,30,Sales,Sales Executive,53,null,2024-12-22,26000.00
867,Ojasvi Naidu,Female,39,Sales,Sales Executive,53,null,2024-07-07,28500.00
868,Riya Puri,Female,45,Sales,Sales Executive,53,null,2024-02-19,29000.00
869,Meera Menon,Female,41,Sales,Sales Executive,53,null,2024-06-08,28000.00
870,Chirag Rao,Male,42,Sales,Sales Executive,53,null,2024-04-07,30000.00
871,Krish Bhat,Male,26,Sales,Sales Executive,53,null,2024-11-11,27000.00
872,Sanjay Sehgal,Male,40,Sales,Sales Executive,53,null,2024-07-12,27500.00
873,Inder Arora,Other,45,Sales,Sales Executive,53,null,2024-07-06,30500.00
874,Bharat Mahajan,Male,41,Sales,Sales Executive,53,null,2024-05-24,28500.00
875,Dhruv Ansari,Male,32,Sales,Sales Executive,53,null,2024-09-12,27500.00
876,Anika Roy,Female,39,Sales,Sales Executive,53,null,2024-05-10,27500.00
877,Aditya Gill,Male,41,Sales,Sales Executive,53,null,2024-07-12,29000.00
878,Aarohi Chatterjee,Female,45,Sales,Sales Executive,53,null,2024-02-06,28500.00
879,Vidhi Ali,Female,27,Sales,Cashier,53,null,2024-09-02,21000.00
880,Tejas Arora,Male,45,Sales,Cashier,53,null,2024-07-22,22000.00
881,Ajay Mishra,Male,29,Sales,Cashier,53,null,2024-09-11,21000.00
882,Kiara Prasad,Female,39,Sales,Cashier,53,null,2024-07-17,22000.00
883,Ira Mirza,Female,34,Sales,Store Manager,54,null,2021-07-11,75500.00
884,Eshan Gill,Male,24,Sales,Sales Executive,54,null,2021-04-07,29000.00
885,Mahima Nambiar,Female,24,Sales,Sales Executive,54,null,2021-03-31,29000.00
886,Hitesh Mahajan,Male,24,Sales,Sales Executive,54,null,2021-11-24,29000.00
887,Jatin Subramanian,Male,25,Sales,Sales Executive,54,null,2021-06-26,29500.00
888,Lakshay Desai,Male,24,Sales,Sales Executive,54,null,2021-10-21,27500.00
889,Gaurav Bose,Male,23,Sales,Sales Executive,54,null,2021-05-16,28000.00
890,Ishani Malhotra,Female,24,Sales,Sales Executive,54,null,2021-10-02,29500.00
891,Urvi Naidu,Female,24,Sales,Sales Executive,54,null,2021-04-16,30500.00
892,Aadesh Prasad,Male,23,Sales,Sales Executive,54,null,2021-04-28,30000.00
893,Akhil Thomas,Male,24,Sales,Sales Executive,54,null,2021-05-10,29500.00
894,Naina Rana,Female,25,Sales,Sales Executive,54,null,2021-07-17,28500.00
895,Rajiv George,Male,24,Sales,Sales Executive,54,null,2021-06-24,28500.00
896,Leena Puri,Female,25,Sales,Sales Executive,54,null,2021-06-08,29000.00
897,Naman Chauhan,Male,25,Sales,Sales Executive,54,null,2021-09-26,28500.00
898,Avi Sharma,Male,23,Sales,Cashier,54,null,2021-03-31,22500.00
899,Varun Goyal,Male,24,Sales,Cashier,54,null,2021-12-03,22500.00
900,Tanya Iyer,Female,25,Sales,Cashier,54,null,2021-07-29,23000.00
901,Eshan Menon,Male,24,Sales,Cashier,54,null,2021-11-06,22500.00
902,Abhinav Malhotra,Male,33,Sales,Store Manager,55,null,2023-01-14,69500.00
903,Mansi Raman,Female,27,Sales,Sales Executive,55,null,2023-04-02,29000.00
904,Vivaan Menon,Male,34,Sales,Sales Executive,55,null,2023-08-08,29500.00
905,Akhil Kulkarni,Male,26,Sales,Sales Executive,55,null,2023-10-24,26500.00
906,Akshay Mehta,Male,29,Sales,Sales Executive,55,null,2023-12-05,27500.00
907,Jatin Hegde,Male,30,Sales,Sales Executive,55,null,2023-11-23,27000.00
908,Charu Krishnan,Female,26,Sales,Sales Executive,55,null,2023-12-20,27000.00
909,Fatima Thakur,Female,31,Sales,Sales Executive,55,null,2023-08-04,27000.00
910,Charu Bose,Female,33,Sales,Sales Executive,55,null,2023-05-13,30000.00
911,Darshan Mahajan,Male,29,Sales,Sales Executive,55,null,2023-07-06,28000.00
912,Sameer Shetty,Male,32,Sales,Sales Executive,55,null,2023-03-01,28000.00
913,Farhan Mukherjee,Male,30,Sales,Sales Executive,55,null,2023-08-04,28000.00
914,Komal Sharma,Female,31,Sales,Cashier,55,null,2023-09-02,22000.00
915,Avi Dubey,Male,33,Sales,Cashier,55,null,2023-11-25,22500.00
916,Diya Das,Female,29,Sales,Cashier,55,null,2023-06-21,21500.00
917,Abhinav Yadav,Male,32,Sales,Store Manager,56,null,2024-04-20,70000.00
918,Omkar George,Male,36,Sales,Sales Executive,56,null,2024-07-30,29000.00
919,Vivaan Srivastava,Male,45,Sales,Sales Executive,56,null,2024-01-25,29500.00
920,Madhav Srivastava,Male,41,Sales,Sales Executive,56,null,2024-05-24,28500.00
921,Saumya Bhat,Female,36,Sales,Sales Executive,56,null,2024-06-09,28500.00
922,Gaurav Gill,Male,38,Sales,Sales Executive,56,null,2024-04-11,28500.00
923,Lakshay Kaur,Male,30,Sales,Sales Executive,56,null,2024-12-23,26500.00
924,Ira D'Souza,Female,39,Sales,Sales Executive,56,null,2024-07-11,27500.00
925,Varun Krishnan,Male,26,Sales,Sales Executive,56,null,2024-10-25,25500.00
926,Zoya Thakur,Female,30,Sales,Sales Executive,56,null,2024-11-27,26000.00
927,Tushar Ghosh,Male,34,Sales,Sales Executive,56,null,2024-10-14,28500.00
928,Aanya Tripathi,Female,43,Sales,Sales Executive,56,null,2024-04-06,30000.00
929,Sameer Ahuja,Male,36,Sales,Cashier,56,null,2024-06-13,21500.00
930,Rajat Tyagi,Male,32,Sales,Cashier,56,null,2024-09-30,21500.00
931,Omkar Saxena,Male,37,Sales,Cashier,56,null,2024-02-28,22000.00
932,Tanya Pillai,Female,34,Sales,Store Manager,57,null,2025-11-05,66500.00
933,Neil Sinha,Male,42,Sales,Sales Executive,57,null,2025-11-10,27000.00
934,Geetika Malhotra,Female,45,Sales,Sales Executive,57,null,2025-09-20,27500.00
935,Harshil Tyagi,Male,43,Sales,Sales Executive,57,null,2025-08-09,27000.00
936,Akhil Mahajan,Male,41,Sales,Sales Executive,57,null,2025-12-08,27000.00
937,Juhi Roy,Female,43,Sales,Sales Executive,57,null,2025-12-14,28500.00
938,Tushar Agarwal,Male,42,Sales,Sales Executive,57,null,2025-11-10,27000.00
939,Radhika Shetty,Female,38,Sales,Sales Executive,57,null,2025-12-28,26000.00
940,Vaishnavi Verma,Female,36,Sales,Sales Executive,57,null,2025-09-21,26000.00
941,Samar Yadav,Male,42,Sales,Sales Executive,57,null,2025-09-26,28500.00
942,Bhavna Malhotra,Female,38,Sales,Sales Executive,57,null,2025-12-13,28000.00
943,Leena Gill,Female,38,Sales,Sales Executive,57,null,2025-10-09,26500.00
944,Naman D'Souza,Male,39,Sales,Sales Executive,57,null,2025-09-15,27000.00
945,Kabir Qureshi,Male,36,Sales,Sales Executive,57,null,2025-11-04,27000.00
946,Hemant Subramanian,Male,42,Sales,Cashier,57,null,2025-09-10,21000.00
947,Taj Suri,Other,36,Sales,Cashier,57,null,2025-12-02,21500.00
948,Madhav Malhotra,Male,36,Sales,Cashier,57,null,2025-09-04,21000.00
949,Divya Goel,Female,31,Sales,Store Manager,58,null,2025-09-10,66000.00
950,Kanika Thakur,Female,42,Sales,Sales Executive,58,null,2025-12-30,27500.00
951,Siddharth Khan,Male,48,Sales,Sales Executive,58,null,2025-05-30,29500.00
952,Aadesh Agarwal,Male,45,Sales,Sales Executive,58,null,2025-09-20,29000.00
953,Esha Khan,Female,58,Sales,Sales Executive,58,null,2025-05-08,29000.00
954,Ishaan Qureshi,Male,53,Sales,Sales Executive,58,null,2025-06-26,29500.00
955,Uday Thomas,Male,37,Sales,Sales Executive,58,null,2025-07-18,27000.00
956,Bharat Pandey,Male,43,Sales,Sales Executive,58,null,2025-10-12,27000.00
957,Parth Prasad,Male,56,Sales,Sales Executive,58,null,2025-05-06,31000.00
958,Rishi Siddiqui,Other,45,Sales,Sales Executive,58,null,2025-10-23,27000.00
959,Madhav Sandhu,Male,57,Sales,Sales Executive,58,null,2025-06-02,29000.00
960,Daya Malhotra,Other,50,Sales,Sales Executive,58,null,2025-06-29,28500.00
961,Deepti Goel,Other,45,Sales,Sales Executive,58,null,2025-10-26,27000.00
962,Hitesh Dubey,Male,38,Sales,Sales Executive,58,null,2025-11-05,26500.00
963,Ishita Banerjee,Female,49,Sales,Cashier,58,null,2025-06-11,22000.00
964,Bharat Gill,Male,56,Sales,Cashier,58,null,2025-05-22,23500.00
965,Rajiv Sinha,Male,57,Sales,Cashier,58,null,2025-04-25,23000.00
966,Saanvi Chauhan,Female,30,Sales,Store Manager,59,null,2022-08-13,71500.00
967,Bharat Jain,Male,22,Sales,Sales Executive,59,null,2022-11-10,28000.00
968,Vivaan Chatterjee,Male,23,Sales,Sales Executive,59,null,2022-08-04,29000.00
969,Vijay Hegde,Male,22,Sales,Sales Executive,59,null,2022-08-04,27500.00
970,Vivaan Agarwal,Male,22,Sales,Sales Executive,59,null,2022-09-23,28000.00
971,Farhan Sehgal,Male,24,Sales,Sales Executive,59,null,2022-08-30,27000.00
972,Akshay Pandey,Male,32,Sales,Sales Executive,59,null,2022-02-22,30000.00
973,Ajay Pai,Male,24,Sales,Sales Executive,59,null,2022-09-16,28500.00
974,Samar Desai,Male,25,Sales,Sales Executive,59,null,2022-09-24,27000.00
975,Akhil Saxena,Male,23,Sales,Sales Executive,59,null,2022-11-11,28500.00
976,Ajay Gupta,Male,26,Sales,Sales Executive,59,null,2022-03-11,29000.00
977,Hemant Shah,Male,22,Sales,Sales Executive,59,null,2022-09-23,27500.00
978,Samar Gill,Male,26,Sales,Cashier,59,null,2022-02-21,22000.00
979,Ojasvi Joshi,Female,30,Sales,Cashier,59,null,2022-03-12,23500.00
980,Tushar Pandey,Male,31,Sales,Store Manager,60,null,2023-04-11,69500.00
981,Naina Arora,Female,32,Sales,Sales Executive,60,null,2023-01-09,27500.00
982,Aarav Naidu,Male,33,Sales,Sales Executive,60,null,2023-06-12,29000.00
983,Chirag Puri,Male,30,Sales,Sales Executive,60,null,2023-07-23,28000.00
984,Eshan Dubey,Male,32,Sales,Sales Executive,60,null,2023-02-24,27500.00
985,Akhil Puri,Male,27,Sales,Sales Executive,60,null,2023-09-25,27000.00
986,Harpreet Siddiqui,Other,34,Sales,Sales Executive,60,null,2023-08-18,29500.00
987,Saanvi Dubey,Female,32,Sales,Sales Executive,60,null,2023-10-28,29000.00
988,Palak Jain,Female,34,Sales,Sales Executive,60,null,2023-03-28,28500.00
989,Hemant Goyal,Male,28,Sales,Sales Executive,60,null,2023-08-25,27000.00
990,Gaurav Ghosh,Male,28,Sales,Sales Executive,60,null,2023-06-16,28000.00
991,Varun Nambiar,Male,26,Sales,Sales Executive,60,null,2023-03-21,27000.00
992,Omkar Desai,Male,32,Sales,Cashier,60,null,2023-04-28,21500.00
993,Yamini Siddiqui,Female,30,Sales,Cashier,60,null,2023-06-01,22000.00
994,Shubham Bajaj,Male,31,Sales,Store Manager,61,null,2026-07-01,67000.00
995,Aarav Yadav,Male,57,Sales,Sales Executive,61,null,2026-06-21,28000.00
996,Aanya Verma,Female,60,Sales,Sales Executive,61,null,2026-04-07,29500.00
997,Shiv Tiwari,Other,55,Sales,Sales Executive,61,null,2026-06-19,28000.00
998,Chirag Bhat,Male,53,Sales,Sales Executive,61,null,2026-06-14,30000.00
999,Kiara Ali,Female,63,Sales,Sales Executive,61,null,2026-01-10,29500.00
1000,Jai Kaur,Male,64,Sales,Sales Executive,61,null,2026-01-24,30000.00
1001,Jai Subramanian,Male,46,Sales,Sales Executive,61,null,2026-05-02,27500.00
1002,Yash Goyal,Male,53,Sales,Sales Executive,61,null,2026-06-17,29500.00
1003,Palak Ghosh,Female,58,Sales,Sales Executive,61,null,2026-06-27,29500.00
1004,Tanya Fernandes,Female,51,Sales,Sales Executive,61,null,2026-06-13,27500.00
1005,Manav Krishnan,Male,58,Sales,Sales Executive,61,null,2026-05-24,29000.00
1006,Leena Chopra,Female,59,Sales,Cashier,61,null,2026-02-05,23000.00
1007,Aarav Shetty,Male,54,Sales,Cashier,61,null,2026-04-01,23000.00
1008,Lakshay Gupta,Male,33,Sales,Store Manager,62,null,2023-10-04,70500.00
1009,Rohan Dutta,Male,31,Sales,Sales Executive,62,null,2023-08-04,27000.00
1010,Bhavna Bajaj,Female,34,Sales,Sales Executive,62,null,2023-09-28,28000.00
1011,Hitesh Verma,Male,29,Sales,Sales Executive,62,null,2023-07-23,27500.00
1012,Tanvi George,Female,34,Sales,Sales Executive,62,null,2023-12-02,29500.00
1013,Hitesh Shetty,Male,32,Sales,Sales Executive,62,null,2023-11-05,28500.00
1014,Ritvik Khanna,Male,27,Sales,Sales Executive,62,null,2023-08-20,28000.00
1015,Ishita Shetty,Female,29,Sales,Sales Executive,62,null,2023-04-30,29500.00
1016,Ishita Siddiqui,Female,30,Sales,Sales Executive,62,null,2023-12-01,29000.00
1017,Ekta Shah,Female,35,Sales,Sales Executive,62,null,2023-03-02,28000.00
1018,Rajiv Goyal,Male,29,Sales,Sales Executive,62,null,2023-09-17,27000.00
1019,Varun Kumar,Male,33,Sales,Sales Executive,62,null,2023-04-16,29500.00
1020,Meera Siddiqui,Female,35,Sales,Cashier,62,null,2023-12-19,22500.00
1021,Lakshay Joshi,Male,30,Sales,Cashier,62,null,2023-04-16,21500.00
1022,Radhika Srivastava,Female,29,Sales,Store Manager,63,null,2025-01-09,68500.00
1023,Imran Yadav,Male,49,Sales,Sales Executive,63,null,2025-01-14,29500.00
1024,Jai Rana,Male,56,Sales,Sales Executive,63,null,2025-06-13,30500.00
1025,Ayesha Bhat,Female,56,Sales,Sales Executive,63,null,2025-03-06,29500.00
1026,Uday Chauhan,Male,59,Sales,Sales Executive,63,null,2025-05-15,29500.00
1027,Jatin Ansari,Male,49,Sales,Sales Executive,63,null,2025-06-28,28000.00
1028,Samar Pandey,Male,38,Sales,Sales Executive,63,null,2025-09-25,27500.00
1029,Krish Tyagi,Male,40,Sales,Sales Executive,63,null,2025-10-19,28500.00
1030,Palak Verma,Female,36,Sales,Sales Executive,63,null,2025-11-01,27000.00
1031,Naman Vohra,Male,41,Sales,Sales Executive,63,null,2025-08-08,28000.00
1032,Krish Siddiqui,Male,41,Sales,Sales Executive,63,null,2025-08-20,27000.00
1033,Jai Chatterjee,Male,50,Sales,Sales Executive,63,null,2025-05-21,29000.00
1034,Esha Mishra,Female,42,Sales,Cashier,63,null,2025-09-06,21500.00
1035,Aanya Chatterjee,Female,41,Sales,Cashier,63,null,2025-09-25,21000.00
1036,Ishaan Prasad,Male,32,Sales,Store Manager,64,null,2023-05-25,69000.00
1037,Tejas Tripathi,Male,28,Sales,Sales Executive,64,null,2023-03-18,27500.00
1038,Mani Mahajan,Other,30,Sales,Sales Executive,64,null,2023-03-02,29500.00
1039,Aadesh Goel,Male,28,Sales,Sales Executive,64,null,2023-02-23,29000.00
1040,Jay Kapoor,Male,35,Sales,Sales Executive,64,null,2023-05-27,29500.00
1041,Lavanya Mishra,Female,28,Sales,Sales Executive,64,null,2023-02-28,27500.00
1042,Bhavna Agarwal,Female,34,Sales,Sales Executive,64,null,2023-10-09,28000.00
1043,Ishaan Banerjee,Male,32,Sales,Sales Executive,64,null,2023-10-17,29000.00
1044,Saumya Mishra,Female,33,Sales,Sales Executive,64,null,2023-07-29,29500.00
1045,Abhinav Goyal,Male,31,Sales,Sales Executive,64,null,2023-10-22,28000.00
1046,Hemant Rana,Male,32,Sales,Sales Executive,64,null,2023-09-13,27000.00
1047,Yash Goel,Male,26,Sales,Sales Executive,64,null,2023-07-09,28000.00
1048,Sanjay Das,Male,30,Sales,Sales Executive,64,null,2023-11-13,28500.00
1049,Jay Mehta,Male,34,Sales,Sales Executive,64,null,2023-08-15,29000.00
1050,Rashi Tripathi,Female,30,Sales,Sales Executive,64,null,2023-11-01,27500.00
1051,Hina Desai,Female,34,Sales,Sales Executive,64,null,2023-07-12,28000.00
1052,Rajiv Mukherjee,Male,26,Sales,Cashier,64,null,2023-11-25,21500.00
1053,Rajat Krishnan,Male,35,Sales,Cashier,64,null,2023-10-03,22500.00
1054,Bharat George,Male,26,Sales,Cashier,64,null,2023-01-07,22500.00
1055,Abhinav Chatterjee,Male,33,Sales,Cashier,64,null,2023-07-22,21500.00
1056,Pranav Gupta,Male,34,Sales,Store Manager,65,null,2022-05-05,74500.00
1057,Shubham Reddy,Male,24,Sales,Sales Executive,65,null,2022-11-07,29000.00
1058,Ritvik Das,Male,24,Sales,Sales Executive,65,null,2022-12-10,27500.00
1059,Jay Bose,Male,35,Sales,Sales Executive,65,null,2022-02-17,29000.00
1060,Parth Goyal,Male,29,Sales,Sales Executive,65,null,2022-02-21,29500.00
1061,Yash Srivastava,Male,22,Sales,Sales Executive,65,null,2022-11-14,28000.00
1062,Leena Sethi,Female,25,Sales,Sales Executive,65,null,2022-12-30,28000.00
1063,Tushar Srivastava,Male,23,Sales,Sales Executive,65,null,2022-10-15,27000.00
1064,Eshan Mishra,Male,30,Sales,Sales Executive,65,null,2022-05-24,30000.00
1065,Siddharth Siddiqui,Male,25,Sales,Sales Executive,65,null,2022-11-13,28500.00
1066,Siddharth Arora,Male,27,Sales,Sales Executive,65,null,2022-03-29,29500.00
1067,Vijay Qureshi,Male,33,Sales,Sales Executive,65,null,2022-02-02,30500.00
1068,Rishabh Shah,Male,24,Sales,Sales Executive,65,null,2022-11-12,29000.00
1069,Falguni Singh,Female,32,Sales,Sales Executive,65,null,2022-05-24,30000.00
1070,Leena Ghosh,Female,28,Sales,Sales Executive,65,null,2022-07-13,28000.00
1071,Geetika Thomas,Female,22,Sales,Cashier,65,null,2022-08-20,21500.00
1072,Ritvik Dutta,Male,22,Sales,Cashier,65,null,2022-09-01,22000.00
1073,Samar Bansal,Male,29,Sales,Cashier,65,null,2022-04-05,23000.00
1074,Falguni Goyal,Female,26,Sales,Cashier,65,null,2022-07-08,22500.00
1075,Falguni Kulkarni,Female,30,Sales,Store Manager,66,null,2023-11-15,68500.00
1076,Naman Mishra,Male,33,Sales,Sales Executive,66,null,2023-07-23,28500.00
1077,Eshan Sharma,Male,27,Sales,Sales Executive,66,null,2023-01-14,28500.00
1078,Lakshay Qureshi,Male,29,Sales,Sales Executive,66,null,2023-11-01,28000.00
1079,Jatin Goyal,Male,33,Sales,Sales Executive,66,null,2023-11-03,28000.00
1080,Aditya Puri,Male,34,Sales,Sales Executive,66,null,2023-02-10,30000.00
1081,Aditi George,Female,28,Sales,Sales Executive,66,null,2023-06-22,27500.00
1082,Dev Shetty,Male,29,Sales,Sales Executive,66,null,2023-08-14,29000.00
1083,Akshay Rao,Male,30,Sales,Sales Executive,66,null,2023-01-13,30000.00
1084,Charu Raman,Female,26,Sales,Sales Executive,66,null,2023-02-20,27000.00
1085,Riya Dutta,Female,28,Sales,Sales Executive,66,null,2023-08-04,28500.00
1086,Kabir Mathew,Male,27,Sales,Sales Executive,66,null,2023-06-30,28500.00
1087,Vivaan Ahuja,Male,27,Sales,Sales Executive,66,null,2023-08-15,28500.00
1088,Gaurav Subramanian,Male,28,Sales,Sales Executive,66,null,2023-10-05,26500.00
1089,Varun Singh,Male,30,Sales,Sales Executive,66,null,2023-08-16,28000.00
1090,Saumya Suri,Female,35,Sales,Cashier,66,null,2023-12-20,22000.00
1091,Charu Arora,Female,31,Sales,Cashier,66,null,2023-08-31,21500.00
1092,Pari Agarwal,Female,29,Sales,Cashier,66,null,2023-05-15,21500.00
1093,Aarav Agarwal,Male,32,Sales,Cashier,66,null,2023-08-24,22000.00
1094,Akshay Kapoor,Male,28,Sales,Store Manager,67,null,2026-06-08,66500.00
1095,Vivaan Jain,Male,51,Sales,Sales Executive,67,null,2026-03-22,29500.00
1096,Arjun Vohra,Male,47,Sales,Sales Executive,67,null,2026-03-04,28000.00
1097,Manav Das,Male,54,Sales,Sales Executive,67,null,2026-02-16,30000.00
1098,Hitesh Agarwal,Male,51,Sales,Sales Executive,67,null,2026-04-04,29500.00
1099,Dev Kulkarni,Male,54,Sales,Sales Executive,67,null,2026-04-06,29500.00
1100,Vijay Mahajan,Male,47,Sales,Sales Executive,67,null,2026-04-19,27500.00
1101,Deepika Goel,Female,65,Sales,Sales Executive,67,null,2026-01-17,30500.00
1102,Pranav Mishra,Male,48,Sales,Sales Executive,67,null,2026-06-06,27000.00
1103,Vivaan Raman,Male,49,Sales,Sales Executive,67,null,2026-02-18,28500.00
1104,Shalini Mirza,Female,65,Sales,Sales Executive,67,null,2026-01-26,31500.00
1105,Aarohi Bhat,Female,64,Sales,Sales Executive,67,null,2026-01-08,30000.00
1106,Ankit Desai,Male,52,Sales,Sales Executive,67,null,2026-05-07,27500.00
1107,Yash Mathew,Male,47,Sales,Sales Executive,67,null,2026-06-20,28000.00
1108,Upasana Qureshi,Female,57,Sales,Sales Executive,67,null,2026-05-01,28000.00
1109,Komal Gupta,Female,60,Sales,Cashier,67,null,2026-06-27,23000.00
1110,Bharat Qureshi,Male,58,Sales,Cashier,67,null,2026-04-28,23000.00
1111,Vivaan Dutta,Male,62,Sales,Cashier,67,null,2026-01-22,23500.00
1112,Hitesh Fernandes,Male,48,Sales,Cashier,67,null,2026-02-17,22000.00
1113,Parth Bansal,Male,33,Sales,Store Manager,68,null,2025-06-09,65500.00
1114,Bharat Patel,Male,50,Sales,Sales Executive,68,null,2025-04-21,30000.00
1115,Garima Saxena,Female,38,Sales,Sales Executive,68,null,2025-08-24,28000.00
1116,Farhan Dutta,Male,45,Sales,Sales Executive,68,null,2025-08-07,27500.00
1117,Rajiv Thakur,Male,57,Sales,Sales Executive,68,null,2025-04-02,31500.00
1118,Hitesh Thomas,Male,60,Sales,Sales Executive,68,null,2025-01-11,30000.00
1119,Tejas Kaur,Male,41,Sales,Sales Executive,68,null,2025-10-07,27500.00
1120,Hemant Menon,Male,48,Sales,Sales Executive,68,null,2025-02-11,28000.00
1121,Ankit Ali,Male,40,Sales,Sales Executive,68,null,2025-09-09,27000.00
1122,Jhanvi Khanna,Female,55,Sales,Sales Executive,68,null,2025-07-07,29000.00
1123,Harshil Saxena,Male,49,Sales,Sales Executive,68,null,2025-06-07,30000.00
1124,Sanjay Rana,Male,40,Sales,Sales Executive,68,null,2025-12-10,26500.00
1125,Naman Nair,Male,40,Sales,Sales Executive,68,null,2025-09-10,28000.00
1126,Neil Dubey,Male,37,Sales,Sales Executive,68,null,2025-11-08,26500.00
1127,Girish Chatterjee,Male,42,Sales,Sales Executive,68,null,2025-11-16,28500.00
1128,Falguni Sinha,Female,41,Sales,Cashier,68,null,2025-08-25,21500.00
1129,Siddharth Sethi,Male,39,Sales,Cashier,68,null,2025-12-13,22000.00
1130,Dhruv Joshi,Male,45,Sales,Cashier,68,null,2025-10-30,22000.00
1131,Ayesha Khanna,Female,37,Sales,Cashier,68,null,2025-08-03,21000.00
1132,Tanvi Banerjee,Female,33,Sales,Store Manager,69,null,2024-07-21,68000.00
1133,Tanya Menon,Female,34,Sales,Sales Executive,69,null,2024-09-21,27000.00
1134,Karan Malhotra,Male,43,Sales,Sales Executive,69,null,2024-06-15,28500.00
1135,Tejas Qureshi,Male,37,Sales,Sales Executive,69,null,2024-08-07,29500.00
1136,Rudra Kulkarni,Male,34,Sales,Sales Executive,69,null,2024-09-01,26500.00
1137,Gauri Reddy,Female,28,Sales,Sales Executive,69,null,2024-09-10,25500.00
1138,Imran Bhat,Male,27,Sales,Sales Executive,69,null,2024-12-05,27500.00
1139,Neil Arora,Male,26,Sales,Sales Executive,69,null,2024-12-16,26000.00
1140,Sasha Puri,Other,29,Sales,Sales Executive,69,null,2024-11-15,27500.00
1141,Meera Dutta,Female,41,Sales,Sales Executive,69,null,2024-07-13,28000.00
1142,Omkar Sehgal,Male,30,Sales,Sales Executive,69,null,2024-10-14,26000.00
1143,Heena Ansari,Female,30,Sales,Sales Executive,69,null,2024-12-18,26500.00
1144,Aadesh Siddiqui,Male,40,Sales,Cashier,69,null,2024-05-12,22000.00
1145,Harini Desai,Female,41,Sales,Cashier,69,null,2024-07-05,23000.00
1146,Madhav Mirza,Male,36,Sales,Cashier,69,null,2024-08-03,22500.00
1147,Imran Patel,Male,33,Sales,Store Manager,70,null,2024-12-21,68500.00
1148,Dhruv Yadav,Male,44,Sales,Sales Executive,70,null,2024-03-21,28000.00
1149,Divya Bansal,Female,33,Sales,Sales Executive,70,null,2024-10-23,28500.00
1150,Tejas Bajaj,Male,34,Sales,Sales Executive,70,null,2024-12-04,28500.00
1151,Samar Suri,Male,34,Sales,Sales Executive,70,null,2024-12-14,28000.00
1152,Jay George,Male,32,Sales,Sales Executive,70,null,2024-10-06,27000.00
1153,Neil Shetty,Male,44,Sales,Sales Executive,70,null,2024-04-18,28500.00
1154,Jhanvi Sehgal,Female,28,Sales,Sales Executive,70,null,2024-11-27,26000.00
1155,Aadesh Mehta,Male,43,Sales,Sales Executive,70,null,2024-01-17,28500.00
1156,Ishaan Bose,Male,45,Sales,Sales Executive,70,null,2024-02-24,29000.00
1157,Palak Kaur,Female,43,Sales,Sales Executive,70,null,2024-07-03,30000.00
1158,Bhumika Vohra,Female,29,Sales,Sales Executive,70,null,2024-09-05,27500.00
1159,Chahat Sinha,Other,41,Sales,Cashier,70,null,2024-03-12,22500.00
1160,Rohan Kapoor,Male,45,Sales,Cashier,70,null,2024-06-13,22000.00
1161,Samar Rana,Male,32,Sales,Cashier,70,null,2024-12-22,21000.00
1162,Nikhil Krishnan,Male,31,Sales,Store Manager,71,null,2024-05-31,69000.00
1163,Trisha Sethi,Female,37,Sales,Sales Executive,71,null,2024-04-04,29000.00
1164,Madhav Qureshi,Male,41,Sales,Sales Executive,71,null,2024-02-28,28000.00
1165,Mansi Jain,Female,36,Sales,Sales Executive,71,null,2024-02-05,29000.00
1166,Girish Hegde,Male,45,Sales,Sales Executive,71,null,2024-05-17,30500.00
1167,Imran Shetty,Male,35,Sales,Sales Executive,71,null,2024-10-10,28500.00
1168,Aanya Puri,Female,39,Sales,Sales Executive,71,null,2024-03-20,29500.00
1169,Tanvi Subramanian,Female,29,Sales,Sales Executive,71,null,2024-11-03,27000.00
1170,Aadesh Banerjee,Male,42,Sales,Sales Executive,71,null,2024-08-08,28500.00
1171,Upasana Mahajan,Female,38,Sales,Sales Executive,71,null,2024-08-22,28500.00
1172,Rudra Mahajan,Male,36,Sales,Sales Executive,71,null,2024-06-06,28500.00
1173,Rajiv Krishnan,Male,42,Sales,Sales Executive,71,null,2024-03-31,28500.00
1174,Omkar Srivastava,Male,42,Sales,Cashier,71,null,2024-06-11,23000.00
1175,Diya Mahajan,Female,45,Sales,Cashier,71,null,2024-06-04,23500.00
1176,Mahima Yadav,Female,43,Sales,Cashier,71,null,2024-05-12,22500.00
1177,Jatin Mathew,Male,35,Sales,Store Manager,72,null,2021-07-01,74000.00
1178,Urvi Agarwal,Female,23,Sales,Sales Executive,72,null,2021-01-28,29000.00
1179,Akshay Arora,Male,24,Sales,Sales Executive,72,null,2021-01-28,28500.00
1180,Ajay Reddy,Male,25,Sales,Sales Executive,72,null,2021-02-05,29000.00
1181,Anika Bose,Female,24,Sales,Sales Executive,72,null,2021-01-18,29500.00
1182,Vijay Mukherjee,Male,24,Sales,Sales Executive,72,null,2021-05-03,30500.00
1183,Anirudh Mukherjee,Male,23,Sales,Sales Executive,72,null,2021-05-23,30000.00
1184,Varun Srivastava,Male,24,Sales,Sales Executive,72,null,2021-11-26,29500.00
1185,Ankit Kaur,Male,24,Sales,Sales Executive,72,null,2021-02-13,28500.00
1186,Darshan Saxena,Male,24,Sales,Sales Executive,72,null,2021-10-25,29500.00
1187,Jatin Gill,Male,25,Sales,Sales Executive,72,null,2021-07-24,29000.00
1188,Siddharth Rana,Male,24,Sales,Sales Executive,72,null,2021-06-05,29000.00
1189,Vijay Nambiar,Male,24,Sales,Sales Executive,72,null,2021-11-06,29000.00
1190,Darshan Chauhan,Male,25,Sales,Sales Executive,72,null,2021-06-29,29500.00
1191,Garima Shah,Female,23,Sales,Sales Executive,72,null,2021-05-20,29500.00
1192,Aryan Bansal,Male,23,Sales,Cashier,72,null,2021-04-12,22000.00
1193,Akshay Goel,Male,23,Sales,Cashier,72,null,2021-08-27,22000.00
1194,Dhruv D'Souza,Male,23,Sales,Cashier,72,null,2021-10-08,22000.00
1195,Bharat Ghosh,Male,24,Sales,Cashier,72,null,2021-08-06,22000.00
1196,Manav Dutta,Male,33,Sales,Store Manager,73,null,2024-09-02,69500.00
1197,Hemant Bose,Male,37,Sales,Sales Executive,73,null,2024-07-25,28500.00
1198,Yash Bhat,Male,26,Sales,Sales Executive,73,null,2024-11-02,25500.00
1199,Akshay Krishnan,Male,30,Sales,Sales Executive,73,null,2024-09-04,27500.00
1200,Hemant Agarwal,Male,40,Sales,Sales Executive,73,null,2024-07-06,28000.00
1201,Akhil Shetty,Male,26,Sales,Sales Executive,73,null,2024-11-21,25500.00
1202,Rishabh Pai,Male,35,Sales,Sales Executive,73,null,2024-11-27,26500.00
1203,Anika Bajaj,Female,33,Sales,Sales Executive,73,null,2024-10-10,27000.00
1204,Harshil Bansal,Male,31,Sales,Sales Executive,73,null,2024-09-07,28000.00
1205,Madhav Gill,Male,30,Sales,Sales Executive,73,null,2024-12-11,26500.00
1206,Shubham Rao,Male,28,Sales,Sales Executive,73,null,2024-12-06,27500.00
1207,Jatin Iyer,Male,30,Sales,Sales Executive,73,null,2024-10-13,27500.00
1208,Tanya Reddy,Female,34,Sales,Sales Executive,73,null,2024-11-30,28500.00
1209,Mayank Banerjee,Male,30,Sales,Sales Executive,73,null,2024-10-04,26500.00
1210,Imran Goyal,Male,30,Sales,Sales Executive,73,null,2024-11-05,27500.00
1211,Yashika Rao,Female,27,Sales,Cashier,73,null,2024-12-08,21500.00
1212,Vidhi Desai,Female,28,Sales,Cashier,73,null,2024-08-24,21500.00
1213,Ishani Shah,Female,30,Sales,Cashier,73,null,2024-10-06,21500.00
1214,Dev Hegde,Male,32,Sales,Cashier,73,null,2024-12-10,20500.00
1215,Yash Nair,Male,30,Sales,Store Manager,74,null,2025-07-26,68000.00
1216,Hina Kaur,Female,58,Sales,Sales Executive,74,null,2025-05-18,30000.00
1217,Ankit Gill,Male,45,Sales,Sales Executive,74,null,2025-12-08,28500.00
1218,Fatima Nambiar,Female,42,Sales,Sales Executive,74,null,2025-07-19,27000.00
1219,Ankit Nair,Male,42,Sales,Sales Executive,74,null,2025-08-27,28000.00
1220,Anika Rana,Female,54,Sales,Sales Executive,74,null,2025-06-02,29000.00
1221,Ankit Tripathi,Male,39,Sales,Sales Executive,74,null,2025-08-15,27000.00
1222,Naman Reddy,Male,39,Sales,Sales Executive,74,null,2025-11-10,27000.00
1223,Ishaan Khanna,Male,60,Sales,Sales Executive,74,null,2025-05-15,29500.00
1224,Aanya Shah,Female,46,Sales,Sales Executive,74,null,2025-05-21,28000.00
1225,Aarohi Pandey,Female,44,Sales,Sales Executive,74,null,2025-09-12,29000.00
1226,Aadesh Khanna,Male,58,Sales,Sales Executive,74,null,2025-03-10,31500.00
1227,Harini Shah,Female,60,Sales,Sales Executive,74,null,2025-04-04,31500.00
1228,Aryan Reddy,Male,56,Sales,Sales Executive,74,null,2025-03-22,29000.00
1229,Lakshay Bajaj,Male,59,Sales,Sales Executive,74,null,2025-05-23,29500.00
1230,Dev Raman,Male,40,Sales,Cashier,74,null,2025-08-17,22000.00
1231,Riya Malhotra,Female,38,Sales,Cashier,74,null,2025-10-08,21500.00
1232,Ishita Ahuja,Female,42,Sales,Cashier,74,null,2025-10-22,22000.00
1233,Abhinav Krishnan,Male,38,Sales,Cashier,74,null,2025-11-07,22000.00
1234,Yash Ali,Male,31,Sales,Store Manager,75,null,2024-08-14,66000.00
1235,Vivaan Roy,Male,45,Sales,Sales Executive,75,null,2024-05-28,29500.00
1236,Farhan George,Male,43,Sales,Sales Executive,75,null,2024-05-09,29500.00
1237,Ankit Sandhu,Male,36,Sales,Sales Executive,75,null,2024-08-14,29000.00
1238,Anika Verma,Female,44,Sales,Sales Executive,75,null,2024-01-08,30000.00
1239,Mayank Goel,Male,33,Sales,Sales Executive,75,null,2024-10-03,26500.00
1240,Deepika Mishra,Female,35,Sales,Sales Executive,75,null,2024-11-20,28500.00
1241,Chirag Prasad,Male,40,Sales,Sales Executive,75,null,2024-07-21,29000.00
1242,Varun Mahajan,Male,33,Sales,Sales Executive,75,null,2024-10-11,27000.00
1243,Radhika Mehta,Female,39,Sales,Sales Executive,75,null,2024-06-15,29000.00
1244,Bhumika Kulkarni,Female,35,Sales,Sales Executive,75,null,2024-09-17,27500.00
1245,Chahat Kulkarni,Other,31,Sales,Sales Executive,75,null,2024-10-23,28500.00
1246,Rohan Sandhu,Male,36,Sales,Cashier,75,null,2024-03-29,22000.00
1247,Chirag Bose,Male,32,Sales,Cashier,75,null,2024-11-14,21500.00
1248,Abhinav Agarwal,Male,32,Sales,Cashier,75,null,2024-12-06,21500.00
1249,Ankit Vohra,Male,28,Sales,Store Manager,76,null,2022-03-16,69000.00
1250,Rajat Chauhan,Male,25,Sales,Sales Executive,76,null,2022-08-17,29500.00
1251,Aadhya Sinha,Female,22,Sales,Sales Executive,76,null,2022-11-29,27000.00
1252,Deepika Ahuja,Female,33,Sales,Sales Executive,76,null,2022-04-15,30000.00
1253,Rajat Rao,Male,27,Sales,Sales Executive,76,null,2022-06-08,30000.00
1254,Radhika Suri,Female,25,Sales,Sales Executive,76,null,2022-12-29,29000.00
1255,Krish Tripathi,Male,33,Sales,Sales Executive,76,null,2022-01-14,30000.00
1256,Tejas Menon,Male,24,Sales,Sales Executive,76,null,2022-08-05,28000.00
1257,Sanjay Malhotra,Male,24,Sales,Sales Executive,76,null,2022-10-04,28000.00
1258,Neil Banerjee,Male,26,Sales,Sales Executive,76,null,2022-01-22,29500.00
1259,Aditya Ali,Male,22,Sales,Sales Executive,76,null,2022-07-23,27000.00
1260,Sanjay Mukherjee,Male,25,Sales,Sales Executive,76,null,2022-08-04,29000.00
1261,Ishani Bansal,Female,24,Sales,Cashier,76,null,2022-09-27,21500.00
1262,Sameer Siddiqui,Male,31,Sales,Cashier,76,null,2022-03-22,23000.00
1263,Farhan Patel,Male,24,Sales,Cashier,76,null,2022-12-28,21000.00
1264,Upasana Krishnan,Female,28,Sales,Store Manager,77,null,2023-03-26,67500.00
1265,Aadesh Nair,Male,34,Sales,Sales Executive,77,null,2023-09-03,27500.00
1266,Yamini Desai,Female,34,Sales,Sales Executive,77,null,2023-03-10,29000.00
1267,Aadesh Sethi,Male,35,Sales,Sales Executive,77,null,2023-01-12,29500.00
1268,Deepika Suri,Female,33,Sales,Sales Executive,77,null,2023-02-03,28000.00
1269,Ankit Fernandes,Male,33,Sales,Sales Executive,77,null,2023-03-25,28000.00
1270,Hitesh Goyal,Male,31,Sales,Sales Executive,77,null,2023-04-08,29000.00
1271,Kabir Kumar,Male,34,Sales,Sales Executive,77,null,2023-03-27,28500.00
1272,Ritvik Bhat,Male,34,Sales,Sales Executive,77,null,2023-08-29,29500.00
1273,Farhan Subramanian,Male,30,Sales,Sales Executive,77,null,2023-12-04,28000.00
1274,Tejas Fernandes,Male,32,Sales,Sales Executive,77,null,2023-04-05,27500.00
1275,Vaishnavi Banerjee,Female,32,Sales,Sales Executive,77,null,2023-09-05,29000.00
1276,Kabir George,Male,29,Sales,Cashier,77,null,2023-06-04,22000.00
1277,Jhanvi George,Female,32,Sales,Cashier,77,null,2023-07-22,22000.00
1278,Deepika Pai,Female,27,Sales,Cashier,77,null,2023-11-26,21000.00
1279,Chirag Reddy,Male,32,Sales,Store Manager,78,null,2025-04-17,68000.00
1280,Dev Ghosh,Male,52,Sales,Sales Executive,78,null,2025-05-12,30500.00
1281,Yash Khan,Male,58,Sales,Sales Executive,78,null,2025-04-13,31000.00
1282,Ishita Saxena,Female,55,Sales,Sales Executive,78,null,2025-04-02,29500.00
1283,Harini Ghosh,Female,42,Sales,Sales Executive,78,null,2025-08-24,28000.00
1284,Vivaan Subramanian,Male,58,Sales,Sales Executive,78,null,2025-03-23,31000.00
1285,Leena Krishnan,Female,45,Sales,Sales Executive,78,null,2025-07-20,28500.00
1286,Rashi Mahajan,Female,60,Sales,Sales Executive,78,null,2025-04-12,30000.00
1287,Lakshay Gill,Male,40,Sales,Sales Executive,78,null,2025-08-17,26500.00
1288,Inder Nair,Other,43,Sales,Sales Executive,78,null,2025-11-22,29000.00
1289,Garima Shetty,Female,47,Sales,Sales Executive,78,null,2025-03-05,30000.00
1290,Avi Verma,Male,41,Sales,Sales Executive,78,null,2025-11-12,28000.00
1291,Manav Vohra,Male,37,Sales,Cashier,78,null,2025-12-23,20500.00
1292,Girish Joshi,Male,44,Sales,Cashier,78,null,2025-11-20,22000.00
1293,Ekta Thomas,Female,29,Sales,Store Manager,79,null,2026-02-16,66500.00
1294,Meera Sethi,Female,57,Sales,Sales Executive,79,null,2026-05-29,30000.00
1295,Aryan Hegde,Male,64,Sales,Sales Executive,79,null,2026-01-07,31500.00
1296,Ritvik Pandey,Male,56,Sales,Sales Executive,79,null,2026-02-09,29500.00
1297,Aadhya Shetty,Female,48,Sales,Sales Executive,79,null,2026-06-23,27500.00
1298,Bharat Subramanian,Male,51,Sales,Sales Executive,79,null,2026-07-03,27500.00
1299,Neil Sehgal,Male,52,Sales,Sales Executive,79,null,2026-06-11,28000.00
1300,Urvi Shetty,Female,64,Sales,Sales Executive,79,null,2026-02-05,31000.00
1301,Dhruv Chauhan,Male,49,Sales,Sales Executive,79,null,2026-06-04,27000.00
1302,Imran Mirza,Male,57,Sales,Sales Executive,79,null,2026-05-06,28500.00
1303,Rishabh Bose,Male,48,Sales,Sales Executive,79,null,2026-03-23,28000.00
1304,Nikhil Saxena,Male,60,Sales,Sales Executive,79,null,2026-05-08,29000.00
1305,Eshan Pai,Male,61,Sales,Cashier,79,null,2026-01-22,23000.00
1306,Avi Desai,Male,49,Sales,Cashier,79,null,2026-07-06,22000.00
1307,Leena Raman,Female,33,Sales,Store Manager,80,null,2023-06-24,68500.00
1308,Darshan Iyer,Male,32,Sales,Sales Executive,80,null,2023-12-05,29000.00
1309,Uday Gill,Male,26,Sales,Sales Executive,80,null,2023-11-24,26500.00
1310,Meera Bajaj,Female,29,Sales,Sales Executive,80,null,2023-11-16,27000.00
1311,Ekta Naidu,Female,27,Sales,Sales Executive,80,null,2023-05-17,29000.00
1312,Jhanvi Chatterjee,Female,35,Sales,Sales Executive,80,null,2023-03-14,28000.00
1313,Gaurav Joshi,Male,27,Sales,Sales Executive,80,null,2023-11-04,28500.00
1314,Girish Siddiqui,Male,26,Sales,Sales Executive,80,null,2023-06-17,27500.00
1315,Jay Tyagi,Male,32,Sales,Sales Executive,80,null,2023-10-07,28000.00
1316,Ritvik Arora,Male,28,Sales,Sales Executive,80,null,2023-06-08,29000.00
1317,Dhruv Bhat,Male,33,Sales,Sales Executive,80,null,2023-11-08,29000.00
1318,Mayank Chatterjee,Male,30,Sales,Sales Executive,80,null,2023-01-08,27500.00
1319,Ishaan Srivastava,Male,28,Sales,Cashier,80,null,2023-11-14,21500.00
1320,Madhav Thakur,Male,29,Sales,Cashier,80,null,2023-11-28,21000.00
1321,Anirudh Bhat,Male,28,Sales,Store Manager,81,null,2022-06-30,70500.00
1322,Shubham Tyagi,Male,24,Sales,Sales Executive,81,null,2022-12-18,27000.00
1323,Meera Thakur,Female,23,Sales,Sales Executive,81,null,2022-11-24,28000.00
1324,Farhan Bajaj,Male,23,Sales,Sales Executive,81,null,2022-10-01,28000.00
1325,Gaurav Ansari,Male,24,Sales,Sales Executive,81,null,2022-12-23,27500.00
1326,Chirag Hegde,Male,33,Sales,Sales Executive,81,null,2022-01-05,29000.00
1327,Bhumika Singh,Female,25,Sales,Sales Executive,81,null,2022-08-03,29000.00
1328,Mayank Kumar,Male,24,Sales,Sales Executive,81,null,2022-11-02,29000.00
1329,Kriti Khan,Female,24,Sales,Sales Executive,81,null,2022-11-20,29000.00
1330,Avi Tiwari,Male,33,Sales,Sales Executive,81,null,2022-05-20,30500.00
1331,Saumya Krishnan,Female,23,Sales,Sales Executive,81,null,2022-12-10,28500.00
1332,Dev Tiwari,Male,35,Sales,Sales Executive,81,null,2022-03-07,31000.00
1333,Vijay Khan,Male,25,Sales,Sales Executive,81,null,2022-09-29,27500.00
1334,Nikhil Kumar,Male,29,Sales,Sales Executive,81,null,2022-07-11,28000.00
1335,Vivaan Mehta,Male,24,Sales,Sales Executive,81,null,2022-12-11,27000.00
1336,Mayank Patel,Male,22,Sales,Cashier,81,null,2022-11-05,21000.00
1337,Ishani Suri,Female,33,Sales,Cashier,81,null,2022-06-12,23000.00
1338,Zoya Ahuja,Female,29,Sales,Cashier,81,null,2022-07-17,22500.00
1339,Kabir Shetty,Male,29,Sales,Cashier,81,null,2022-07-21,23000.00
1340,Arjun Singh,Male,32,Sales,Store Manager,82,null,2026-02-02,63500.00
1341,Aditya Sehgal,Male,55,Sales,Sales Executive,82,null,2026-02-09,28000.00
1342,Rohan Pandey,Male,60,Sales,Sales Executive,82,null,2026-06-05,31000.00
1343,Siddharth Dutta,Male,53,Sales,Sales Executive,82,null,2026-06-02,27500.00
1344,Pranav Singh,Male,57,Sales,Sales Executive,82,null,2026-06-29,29000.00
1345,Divya Chatterjee,Female,61,Sales,Sales Executive,82,null,2026-01-27,29500.00
1346,Aadi Nair,Other,55,Sales,Sales Executive,82,null,2026-04-15,30000.00
1347,Anirudh Krishnan,Male,46,Sales,Sales Executive,82,null,2026-02-19,27000.00
1348,Juhi Pillai,Female,59,Sales,Sales Executive,82,null,2026-06-25,30000.00
1349,Madhav Sethi,Male,64,Sales,Sales Executive,82,null,2026-01-10,29500.00
1350,Shalini Goel,Female,49,Sales,Sales Executive,82,null,2026-02-28,28500.00
1351,Darshan Ali,Male,52,Sales,Sales Executive,82,null,2026-02-23,28500.00
1352,Komal Tiwari,Female,55,Sales,Sales Executive,82,null,2026-03-15,29500.00
1353,Abhinav Siddiqui,Male,64,Sales,Sales Executive,82,null,2026-02-01,30500.00
1354,Dhruv Ahuja,Male,50,Sales,Sales Executive,82,null,2026-06-05,27500.00
1355,Yash Prasad,Male,47,Sales,Cashier,82,null,2026-05-12,21500.00
1356,Juhi Chauhan,Female,61,Sales,Cashier,82,null,2026-01-27,23500.00
1357,Ajay Sehgal,Male,51,Sales,Cashier,82,null,2026-02-17,23000.00
1358,Rashi Iyer,Female,53,Sales,Cashier,82,null,2026-07-03,22500.00
1359,Lavanya Tripathi,Female,35,Sales,Store Manager,83,null,2024-10-03,70000.00
1360,Rajat Shah,Male,42,Sales,Sales Executive,83,null,2024-03-15,29000.00
1361,Saumya Chauhan,Female,43,Sales,Sales Executive,83,null,2024-04-04,28500.00
1362,Avni Khanna,Female,42,Sales,Sales Executive,83,null,2024-07-03,29500.00
1363,Ajay Kulkarni,Male,33,Sales,Sales Executive,83,null,2024-12-16,28500.00
1364,Aditya Khanna,Male,36,Sales,Sales Executive,83,null,2024-07-24,27000.00
1365,Lakshay Jain,Male,29,Sales,Sales Executive,83,null,2024-09-25,27500.00
1366,Farhan Krishnan,Male,35,Sales,Sales Executive,83,null,2024-10-03,28500.00
1367,Tushar Gill,Male,32,Sales,Sales Executive,83,null,2024-12-04,26500.00
1368,Ojasvi Pillai,Female,38,Sales,Sales Executive,83,null,2024-01-06,29500.00
1369,Yashika Reddy,Female,33,Sales,Sales Executive,83,null,2024-09-19,26500.00
1370,Lakshay Rao,Male,37,Sales,Sales Executive,83,null,2024-02-07,28000.00
1371,Harshil Shah,Male,42,Sales,Sales Executive,83,null,2024-01-15,30000.00
1372,Rajat Nambiar,Male,34,Sales,Sales Executive,83,null,2024-12-08,28500.00
1373,Ayesha Mukherjee,Female,42,Sales,Sales Executive,83,null,2024-03-05,29000.00
1374,Radhika Kaur,Female,33,Sales,Cashier,83,null,2024-10-26,22000.00
1375,Pari Rana,Female,39,Sales,Cashier,83,null,2024-05-26,22500.00
1376,Garima Agarwal,Female,40,Sales,Cashier,83,null,2024-06-30,22500.00
1377,Tanya Gupta,Female,42,Sales,Cashier,83,null,2024-01-29,22500.00
1378,Daya Khan,Other,35,Sales,Store Manager,84,null,2024-12-22,70500.00
1379,Gaurav Gupta,Male,33,Sales,Sales Executive,84,null,2024-09-23,27000.00
1380,Abhinav Tripathi,Male,30,Sales,Sales Executive,84,null,2024-09-28,26500.00
1381,Mansi Reddy,Female,37,Sales,Sales Executive,84,null,2024-05-18,29000.00
1382,Kiara Chopra,Female,30,Sales,Sales Executive,84,null,2024-12-30,27500.00
1383,Farhan Dubey,Male,28,Sales,Sales Executive,84,null,2024-12-08,26000.00
1384,Omkar Pandey,Male,42,Sales,Sales Executive,84,null,2024-08-04,28500.00
1385,Mayank Goyal,Male,41,Sales,Sales Executive,84,null,2024-06-05,28500.00
1386,Vani Ansari,Other,28,Sales,Sales Executive,84,null,2024-11-06,28000.00
1387,Raman Ansari,Other,29,Sales,Sales Executive,84,null,2024-12-19,26000.00
1388,Leena Shah,Female,28,Sales,Sales Executive,84,null,2024-10-02,27000.00
1389,Ankit Mukherjee,Male,42,Sales,Sales Executive,84,null,2024-08-16,30000.00
1390,Rishabh Khanna,Male,43,Sales,Cashier,84,null,2024-07-14,22500.00
1391,Hemant Thakur,Male,27,Sales,Cashier,84,null,2024-10-12,20500.00
1392,Divya Thakur,Female,39,Sales,Cashier,84,null,2024-05-26,22500.00
1393,Hitesh Iyer,Male,31,Sales,Store Manager,85,null,2025-10-31,66000.00
1394,Diya Bhat,Female,37,Sales,Sales Executive,85,null,2025-11-10,28000.00
1395,Krish Agarwal,Male,51,Sales,Sales Executive,85,null,2025-07-04,30000.00
1396,Vidhi Ansari,Female,44,Sales,Sales Executive,85,null,2025-09-03,28000.00
1397,Siddharth Mathew,Male,57,Sales,Sales Executive,85,null,2025-07-01,29500.00
1398,Saanvi Bajaj,Female,60,Sales,Sales Executive,85,null,2025-07-12,30500.00
1399,Geet Raman,Other,40,Sales,Sales Executive,85,null,2025-09-12,27000.00
1400,Tanvi Vohra,Female,47,Sales,Sales Executive,85,null,2025-05-08,29500.00
1401,Aryan Pillai,Male,57,Sales,Sales Executive,85,null,2025-03-15,30000.00
1402,Madhav Nair,Male,36,Sales,Sales Executive,85,null,2025-11-10,27000.00
1403,Samar Khan,Male,56,Sales,Sales Executive,85,null,2025-03-19,29000.00
1404,Darshan Banerjee,Male,44,Sales,Sales Executive,85,null,2025-09-23,29500.00
1405,Aarav Nambiar,Male,54,Sales,Cashier,85,null,2025-06-07,23000.00
1406,Tushar Malhotra,Male,51,Sales,Cashier,85,null,2025-05-16,22500.00
1407,Akshay Mirza,Male,41,Sales,Cashier,85,null,2025-11-15,21000.00
1408,Rohan Gupta,Male,28,Sales,Store Manager,86,null,2022-06-14,73000.00
1409,Jatin Bansal,Male,34,Sales,Sales Executive,86,null,2022-02-17,31000.00
1410,Tejas Bansal,Male,27,Sales,Sales Executive,86,null,2022-01-15,29500.00
1411,Avi Sethi,Male,30,Sales,Sales Executive,86,null,2022-07-17,29000.00
1412,Tushar Rana,Male,24,Sales,Sales Executive,86,null,2022-07-28,28500.00
1413,Rishabh Naidu,Male,34,Sales,Sales Executive,86,null,2022-06-09,29000.00
1414,Ritvik Goel,Male,33,Sales,Sales Executive,86,null,2022-03-20,31000.00
1415,Pranav Jain,Male,22,Sales,Sales Executive,86,null,2022-09-05,28500.00
1416,Aarav Bajaj,Male,27,Sales,Sales Executive,86,null,2022-01-09,28500.00
1417,Aryan Kulkarni,Male,31,Sales,Sales Executive,86,null,2022-01-17,31000.00
1418,Nikhil Rana,Male,23,Sales,Sales Executive,86,null,2022-09-04,29000.00
1419,Krish Qureshi,Male,32,Sales,Sales Executive,86,null,2022-03-09,28500.00
1420,Manav Bhat,Male,26,Sales,Cashier,86,null,2022-05-21,22500.00
1421,Sameer Gupta,Male,25,Sales,Cashier,86,null,2022-09-20,22000.00
1422,Yamini George,Female,24,Sales,Cashier,86,null,2022-10-26,22000.00
1423,Rishabh Goyal,Male,31,Sales,Store Manager,87,null,2024-12-05,67500.00
1424,Girish Reddy,Male,38,Sales,Sales Executive,87,null,2024-07-08,28000.00
1425,Aditi Gupta,Female,33,Sales,Sales Executive,87,null,2024-09-30,27000.00
1426,Bhavna Roy,Female,40,Sales,Sales Executive,87,null,2024-08-04,29500.00
1427,Bharat Suri,Male,34,Sales,Sales Executive,87,null,2024-10-04,28500.00
1428,Girish Das,Male,31,Sales,Sales Executive,87,null,2024-08-30,26500.00
1429,Aarav Chatterjee,Male,31,Sales,Sales Executive,87,null,2024-10-30,28500.00
1430,Aditi Dubey,Female,37,Sales,Sales Executive,87,null,2024-08-18,28000.00
1431,Madhav Mehta,Male,34,Sales,Sales Executive,87,null,2024-09-23,26500.00
1432,Ekta Fernandes,Female,44,Sales,Sales Executive,87,null,2024-07-14,29500.00
1433,Riya Jain,Female,55,Sales,Sales Executive,87,null,2025-02-08,29000.00
1434,Jatin Yadav,Male,29,Sales,Sales Executive,87,null,2024-11-12,27500.00
1435,Tejas Suri,Male,45,Sales,Sales Executive,87,null,2024-07-30,28000.00
1436,Chirag Saxena,Male,39,Sales,Sales Executive,87,null,2024-08-20,28000.00
1437,Jhanvi Desai,Female,33,Sales,Cashier,87,null,2024-10-14,21000.00
1438,Kabir Sharma,Male,32,Sales,Cashier,87,null,2024-11-11,20500.00
1439,Ishaan Puri,Male,31,Sales,Cashier,87,null,2024-12-03,20500.00
1440,Neil Gill,Male,32,Sales,Store Manager,88,null,2025-10-28,66000.00
1441,Aadesh Naidu,Male,40,Sales,Sales Executive,88,null,2025-11-24,26500.00
1442,Aryan Raman,Male,59,Sales,Sales Executive,88,null,2025-06-16,30000.00
1443,Mayank Chopra,Male,36,Sales,Sales Executive,88,null,2025-09-12,26500.00
1444,Anirudh Tyagi,Male,42,Sales,Sales Executive,88,null,2025-12-21,27500.00
1445,Manav Naidu,Male,44,Sales,Sales Executive,88,null,2025-12-19,28000.00
1446,Mayank Rana,Male,52,Sales,Sales Executive,88,null,2025-04-25,30500.00
1447,Vaishnavi Mirza,Female,44,Sales,Sales Executive,88,null,2025-08-17,29500.00
1448,Rishabh Mishra,Male,53,Sales,Sales Executive,88,null,2025-05-08,29000.00
1449,Deepika Chatterjee,Female,59,Sales,Sales Executive,88,null,2025-04-30,31500.00
1450,Gaurav Naidu,Male,59,Sales,Sales Executive,88,null,2025-07-17,30000.00
1451,Mayank Gupta,Male,50,Sales,Sales Executive,88,null,2025-07-06,28500.00
1452,Rudra George,Male,42,Sales,Cashier,88,null,2025-09-26,21500.00
1453,Uday Sethi,Male,54,Sales,Cashier,88,null,2025-06-25,23000.00
1454,Arjun Sehgal,Male,29,Sales,Store Manager,89,null,2024-12-26,66500.00
1455,Akshay Khanna,Male,30,Sales,Sales Executive,89,null,2024-12-15,26500.00
1456,Tanya Das,Female,36,Sales,Sales Executive,89,null,2024-01-19,28000.00
1457,Jai Mishra,Male,41,Sales,Sales Executive,89,null,2024-07-24,28000.00
1458,Rohan Krishnan,Male,43,Sales,Sales Executive,89,null,2024-05-30,29500.00
1459,Juhi Goyal,Female,37,Sales,Sales Executive,89,null,2024-07-03,28500.00
1460,Hemant Pandey,Male,44,Sales,Sales Executive,89,null,2024-03-05,30500.00
1461,Garima Chopra,Female,43,Sales,Sales Executive,89,null,2024-04-07,30000.00
1462,Divya Arora,Female,29,Sales,Sales Executive,89,null,2024-10-27,27500.00
1463,Bhumika Patel,Female,45,Sales,Sales Executive,89,null,2024-04-09,30500.00
1464,Rajiv Hegde,Male,43,Sales,Sales Executive,89,null,2024-05-22,29500.00
1465,Kamal Mukherjee,Other,44,Sales,Sales Executive,89,null,2024-02-23,29000.00
1466,Ojasvi Shetty,Female,43,Sales,Cashier,89,null,2024-06-14,22500.00
1467,Rajat Mishra,Male,45,Sales,Cashier,89,null,2024-06-20,23500.00
1468,Tanya Vohra,Female,30,Sales,Store Manager,90,null,2025-08-16,66000.00
1469,Yash Thomas,Male,51,Sales,Sales Executive,90,null,2025-03-18,30000.00
1470,Meera Krishnan,Female,60,Sales,Sales Executive,90,null,2025-02-18,30000.00
1471,Upasana Singh,Female,47,Sales,Sales Executive,90,null,2025-06-03,29000.00
1472,Charu Patel,Female,46,Sales,Sales Executive,90,null,2025-01-16,28500.00
1473,Eshan Thomas,Male,56,Sales,Sales Executive,90,null,2025-07-09,31000.00
1474,Yash Qureshi,Male,59,Sales,Sales Executive,90,null,2025-05-23,30500.00
1475,Eshan Bose,Male,39,Sales,Sales Executive,90,null,2025-11-19,28500.00
1476,Pari Tripathi,Female,48,Sales,Sales Executive,90,null,2025-07-17,29000.00
1477,Shubham Verma,Male,41,Sales,Sales Executive,90,null,2025-07-26,29000.00
1478,Kabir Thomas,Male,36,Sales,Sales Executive,90,null,2025-08-22,28000.00
1479,Ishani Das,Female,54,Sales,Sales Executive,90,null,2025-05-30,29000.00
1480,Heena Mirza,Female,39,Sales,Cashier,90,null,2025-12-25,22000.00
1481,Jatin Ghosh,Male,39,Sales,Cashier,90,null,2025-09-05,21500.00
1482,Yash Thakur,Male,31,Sales,Store Manager,91,null,2025-02-22,66500.00
1483,Esha Bajaj,Female,43,Sales,Sales Executive,91,null,2025-10-08,27000.00
1484,Abhinav Bhat,Male,38,Sales,Sales Executive,91,null,2025-07-31,28500.00
1485,Sameer Malhotra,Male,60,Sales,Sales Executive,91,null,2025-06-05,31500.00
1486,Divya Sinha,Female,57,Sales,Sales Executive,91,null,2025-04-26,30500.00
1487,Uday Qureshi,Male,45,Sales,Sales Executive,91,null,2025-09-07,29000.00
1488,Jay Banerjee,Male,41,Sales,Sales Executive,91,null,2025-12-20,28000.00
1489,Vivaan Shah,Male,50,Sales,Sales Executive,91,null,2025-06-29,30000.00
1490,Mahima Singh,Female,59,Sales,Sales Executive,91,null,2025-01-16,30500.00
1491,Farhan Nair,Male,45,Sales,Sales Executive,91,null,2025-12-01,29500.00
1492,Varun Tiwari,Male,38,Sales,Sales Executive,91,null,2025-11-14,27000.00
1493,Bharat Rana,Male,40,Sales,Sales Executive,91,null,2025-12-18,28500.00
1494,Chirag Verma,Male,50,Sales,Cashier,91,null,2025-07-17,23000.00
1495,Bharat Shetty,Male,44,Sales,Cashier,91,null,2025-12-08,22000.00
1496,Kabir Nambiar,Male,31,Sales,Store Manager,92,null,2023-02-23,72000.00
1497,Rishabh Nair,Male,35,Sales,Sales Executive,92,null,2023-01-09,28500.00
1498,Rajiv Shetty,Male,32,Sales,Sales Executive,92,null,2023-09-22,29000.00
1499,Rajat Ali,Male,29,Sales,Sales Executive,92,null,2023-03-14,29000.00
1500,Arjun Chauhan,Male,29,Sales,Sales Executive,92,null,2023-03-10,29500.00
1501,Ankit Mishra,Male,29,Sales,Sales Executive,92,null,2023-11-16,28000.00
1502,Omkar Bansal,Male,34,Sales,Sales Executive,92,null,2023-03-14,29500.00
1503,Chirag Roy,Male,31,Sales,Sales Executive,92,null,2023-02-05,30000.00
1504,Anirudh Patel,Male,30,Sales,Sales Executive,92,null,2023-06-29,29500.00
1505,Uday Bhat,Male,28,Sales,Sales Executive,92,null,2023-02-06,28000.00
1506,Parth Tiwari,Male,30,Sales,Sales Executive,92,null,2023-08-03,28500.00
1507,Siddharth Tiwari,Male,33,Sales,Sales Executive,92,null,2023-12-29,28500.00
1508,Esha Thakur,Female,27,Sales,Cashier,92,null,2023-07-16,22000.00
1509,Kavya Puri,Female,35,Sales,Cashier,92,null,2023-02-14,22000.00
1510,Naman Desai,Male,33,Sales,Store Manager,93,null,2022-10-31,72000.00
1511,Abhinav Mathew,Male,35,Sales,Sales Executive,93,null,2022-07-19,31000.00
1512,Aanya Khan,Female,30,Sales,Sales Executive,93,null,2022-01-29,29000.00
1513,Heena Prasad,Female,30,Sales,Sales Executive,93,null,2022-04-24,28500.00
1514,Jay D'Souza,Male,22,Sales,Sales Executive,93,null,2022-11-22,27000.00
1515,Bhavna Kulkarni,Female,23,Sales,Sales Executive,93,null,2022-09-22,27500.00
1516,Chhavi Rana,Female,34,Sales,Sales Executive,93,null,2022-06-26,30000.00
1517,Lakshay Bansal,Male,35,Sales,Sales Executive,93,null,2022-06-30,30000.00
1518,Sameer Goyal,Male,23,Sales,Sales Executive,93,null,2022-09-24,28500.00
1519,Sameer Hegde,Male,24,Sales,Sales Executive,93,null,2022-10-08,29000.00
1520,Rajat Qureshi,Male,31,Sales,Sales Executive,93,null,2022-01-07,30000.00
1521,Siddharth Kumar,Male,33,Sales,Sales Executive,93,null,2022-04-12,29000.00
1522,Ajay Kaur,Male,24,Sales,Cashier,93,null,2022-11-29,21000.00
1523,Gaurav Ahuja,Male,22,Sales,Cashier,93,null,2022-11-15,21000.00
1524,Meera Malhotra,Female,31,Sales,Store Manager,94,null,2026-03-11,67000.00
1525,Rajiv Raman,Male,55,Sales,Sales Executive,94,null,2026-06-24,29500.00
1526,Madhav Joshi,Male,53,Sales,Sales Executive,94,null,2026-05-25,28500.00
1527,Tejas Khanna,Male,53,Sales,Sales Executive,94,null,2026-02-11,30000.00
1528,Aadhya Pai,Female,58,Sales,Sales Executive,94,null,2026-02-14,30000.00
1529,Meera Saxena,Female,48,Sales,Sales Executive,94,null,2026-07-07,28500.00
1530,Mahima Raman,Female,53,Sales,Sales Executive,94,null,2026-02-17,29000.00
1531,Hitesh Prasad,Male,47,Sales,Sales Executive,94,null,2026-03-11,28500.00
1532,Samar Dubey,Male,57,Sales,Sales Executive,94,null,2026-07-23,29000.00
1533,Hitesh Sehgal,Male,57,Sales,Sales Executive,94,null,2026-06-27,30000.00
1534,Sameer Srivastava,Male,53,Sales,Sales Executive,94,null,2026-05-22,29500.00
1535,Darshan Sinha,Male,62,Sales,Sales Executive,94,null,2026-01-21,31000.00
1536,Vaishnavi Nambiar,Female,48,Sales,Cashier,94,null,2026-02-14,21500.00
1537,Bhumika Chopra,Female,58,Sales,Cashier,94,null,2026-05-02,22500.00
1538,Karan Nambiar,Male,33,Sales,Store Manager,95,null,2024-10-30,67000.00
1539,Avni Malhotra,Female,40,Sales,Sales Executive,95,null,2024-07-13,29500.00
1540,Nikhil Shah,Male,41,Sales,Sales Executive,95,null,2024-07-28,27500.00
1541,Aadesh Shetty,Male,30,Sales,Sales Executive,95,null,2024-12-09,28500.00
1542,Harshil D'Souza,Male,29,Sales,Sales Executive,95,null,2024-11-04,27500.00
1543,Palak Mirza,Female,45,Sales,Sales Executive,95,null,2024-06-20,29500.00
1544,Eshan Reddy,Male,30,Sales,Sales Executive,95,null,2024-10-24,28000.00
1545,Rajiv Srivastava,Male,33,Sales,Sales Executive,95,null,2024-11-10,28000.00
1546,Chhavi Sehgal,Female,29,Sales,Sales Executive,95,null,2024-11-04,26000.00
1547,Yamini Das,Female,30,Sales,Sales Executive,95,null,2024-12-22,26000.00
1548,Heena Dutta,Female,33,Sales,Sales Executive,95,null,2024-10-29,28500.00
1549,Tanya Tripathi,Female,26,Sales,Sales Executive,95,null,2024-10-29,27000.00
1550,Naman Ahuja,Male,29,Sales,Cashier,95,null,2024-12-15,21500.00
1551,Karan Sethi,Male,42,Sales,Cashier,95,null,2024-08-06,21500.00
1552,Neil Roy,Male,33,Sales,Store Manager,96,null,2023-08-11,72000.00
1553,Akshay Bajaj,Male,31,Sales,Sales Executive,96,null,2023-08-10,27500.00
1554,Aarav Khanna,Male,27,Sales,Sales Executive,96,null,2023-12-26,28500.00
1555,Rohan Kulkarni,Male,30,Sales,Sales Executive,96,null,2023-11-22,28500.00
1556,Mansi Nair,Female,30,Sales,Sales Executive,96,null,2023-12-08,27500.00
1557,Mayank Agarwal,Male,31,Sales,Sales Executive,96,null,2023-08-28,29000.00
1558,Samar Sandhu,Male,33,Sales,Sales Executive,96,null,2023-05-01,28500.00
1559,Bharat Mehta,Male,31,Sales,Sales Executive,96,null,2023-08-22,28000.00
1560,Chirag Goel,Male,28,Sales,Sales Executive,96,null,2023-08-08,28500.00
1561,Omkar Verma,Male,34,Sales,Sales Executive,96,null,2023-11-01,29500.00
1562,Ojasvi Chopra,Female,26,Sales,Sales Executive,96,null,2023-09-27,27000.00
1563,Aadhya Mishra,Female,33,Sales,Sales Executive,96,null,2023-06-02,27500.00
1564,Harshil Mathew,Male,35,Sales,Sales Executive,96,null,2023-09-12,27500.00
1565,Chirag Agarwal,Male,34,Sales,Sales Executive,96,null,2023-01-25,29500.00
1566,Gaurav Rao,Male,28,Sales,Sales Executive,96,null,2023-01-13,28500.00
1567,Anirudh Raman,Male,26,Sales,Cashier,96,null,2023-05-24,22500.00
1568,Komal Qureshi,Female,26,Sales,Cashier,96,null,2023-01-08,22500.00
1569,Vidhi D'Souza,Female,33,Sales,Cashier,96,null,2023-08-16,22500.00
1570,Aarav Desai,Male,32,Sales,Cashier,96,null,2023-11-02,22000.00
1571,Madhav Siddiqui,Male,33,Sales,Store Manager,97,null,2024-03-23,68000.00
1572,Harini Menon,Female,27,Sales,Sales Executive,97,null,2024-09-17,28000.00
1573,Tejas Tyagi,Male,36,Sales,Sales Executive,97,null,2024-01-23,29000.00
1574,Krish Jain,Male,34,Sales,Sales Executive,97,null,2024-11-12,28500.00
1575,Dhruv Tripathi,Male,38,Sales,Sales Executive,97,null,2024-07-18,27000.00
1576,Hemant Prasad,Male,41,Sales,Sales Executive,97,null,2024-04-08,28000.00
1577,Ojasvi Kulkarni,Female,38,Sales,Sales Executive,97,null,2024-06-09,27000.00
1578,Omkar Menon,Male,34,Sales,Sales Executive,97,null,2024-12-20,26500.00
1579,Rashi Puri,Female,38,Sales,Sales Executive,97,null,2024-08-18,29500.00
1580,Hitesh Gill,Male,42,Sales,Sales Executive,97,null,2024-05-10,30000.00
1581,Uday Chatterjee,Male,42,Sales,Sales Executive,97,null,2024-07-14,29000.00
1582,Harshil Khan,Male,45,Sales,Sales Executive,97,null,2024-02-27,29500.00
1583,Urvi Jain,Female,33,Sales,Sales Executive,97,null,2024-11-18,27000.00
1584,Ritvik Mukherjee,Male,37,Sales,Sales Executive,97,null,2024-01-20,29500.00
1585,Avni Iyer,Female,32,Sales,Cashier,97,null,2024-12-07,21000.00
1586,Garima Sandhu,Female,42,Sales,Cashier,97,null,2024-06-04,23000.00
1587,Zoya Mishra,Female,32,Sales,Cashier,97,null,2024-12-08,21000.00
1588,Ishaan Kulkarni,Male,37,Sales,Cashier,97,null,2024-05-30,22500.00
1589,Uday Tripathi,Male,31,Sales,Store Manager,98,null,2026-05-25,65500.00
1590,Yash Menon,Male,60,Sales,Sales Executive,98,null,2026-02-28,30500.00
1591,Geetika Fernandes,Female,48,Sales,Sales Executive,98,null,2026-04-21,29000.00
1592,Gaurav Bansal,Male,58,Sales,Sales Executive,98,null,2026-03-09,29500.00
1593,Hitesh Bose,Male,55,Sales,Sales Executive,98,null,2026-07-19,28500.00
1594,Ajay Ahuja,Male,63,Sales,Sales Executive,98,null,2026-01-21,29000.00
1595,Anika Kapoor,Female,48,Sales,Sales Executive,98,null,2026-03-04,29000.00
1596,Kiara Hegde,Female,65,Sales,Sales Executive,98,null,2026-01-15,30000.00
1597,Aadhya Chopra,Female,58,Sales,Sales Executive,98,null,2026-07-13,29500.00
1598,Navya Kaur,Female,53,Sales,Sales Executive,98,null,2026-03-20,29000.00
1599,Gaurav Saxena,Male,55,Sales,Sales Executive,98,null,2026-07-01,29500.00
1600,Varun Pillai,Male,58,Sales,Sales Executive,98,null,2026-07-06,29000.00
1601,Kiara Subramanian,Female,59,Sales,Sales Executive,98,null,2026-06-08,29000.00
1602,Samar Kapoor,Male,46,Sales,Sales Executive,98,null,2026-03-31,28000.00
1603,Deepika Chopra,Female,51,Sales,Cashier,98,null,2026-05-06,22500.00
1604,Abhinav Vohra,Male,56,Sales,Cashier,98,null,2026-06-10,23000.00
1605,Karan Rao,Male,59,Sales,Cashier,98,null,2026-06-24,22000.00
1606,Ankit Sharma,Male,57,Sales,Cashier,98,null,2026-02-10,23000.00
1607,Farhan Jain,Male,30,Sales,Store Manager,99,null,2026-04-04,64500.00
1608,Aditya Tyagi,Male,49,Sales,Sales Executive,99,null,2026-03-17,28000.00
1609,Ritvik Pai,Male,47,Sales,Sales Executive,99,null,2026-04-17,28500.00
1610,Parth Iyer,Male,62,Sales,Sales Executive,99,null,2026-02-05,29500.00
1611,Manav Puri,Male,46,Sales,Sales Executive,99,null,2026-04-22,27500.00
1612,Mahima Chopra,Female,47,Sales,Sales Executive,99,null,2026-05-19,29000.00
1613,Manav George,Male,56,Sales,Sales Executive,99,null,2026-06-18,29500.00
1614,Aadesh Qureshi,Male,61,Sales,Sales Executive,99,null,2026-02-01,30000.00
1615,Shubham Pandey,Male,49,Sales,Sales Executive,99,null,2026-05-24,29000.00
1616,Neil Rao,Male,57,Sales,Sales Executive,99,null,2026-04-23,29000.00
1617,Siddharth Khanna,Male,57,Sales,Sales Executive,99,null,2026-04-20,28500.00
1618,Pawan Tiwari,Other,60,Sales,Sales Executive,99,null,2026-03-18,29500.00
1619,Rishabh Banerjee,Male,47,Sales,Cashier,99,null,2026-06-11,22500.00
1620,Rohan Mishra,Male,48,Sales,Cashier,99,null,2026-07-14,22000.00
1621,Karan Raman,Male,54,Sales,Cashier,99,null,2026-06-11,23000.00
1622,Manav Patel,Male,35,Sales,Store Manager,100,null,2023-11-22,71000.00
1623,Aanya Ali,Female,32,Sales,Sales Executive,100,null,2023-07-03,29000.00
1624,Geetika Kumar,Female,32,Sales,Sales Executive,100,null,2023-06-30,28500.00
1625,Upasana Bhat,Female,30,Sales,Sales Executive,100,null,2023-10-09,27000.00
1626,Harshil Banerjee,Male,28,Sales,Sales Executive,100,null,2023-05-27,29000.00
1627,Aryan Shah,Male,27,Sales,Sales Executive,100,null,2023-06-12,28500.00
1628,Saumya Kapoor,Female,31,Sales,Sales Executive,100,null,2023-01-11,29500.00
1629,Parth Sehgal,Male,27,Sales,Sales Executive,100,null,2023-05-06,29500.00
1630,Jatin Banerjee,Male,35,Sales,Sales Executive,100,null,2023-10-19,29500.00
1631,Komal Krishnan,Female,26,Sales,Sales Executive,100,null,2023-03-10,28000.00
1632,Radhika Kulkarni,Female,35,Sales,Sales Executive,100,null,2023-09-28,28000.00
1633,Jai Sethi,Male,30,Sales,Sales Executive,100,null,2023-03-13,28000.00
1634,Krish Mirza,Male,27,Sales,Cashier,100,null,2023-01-25,21500.00
1635,Uday Bansal,Male,32,Sales,Cashier,100,null,2023-06-20,22500.00
1636,Dev Dubey,Male,35,Sales,Cashier,100,null,2023-01-28,22000.00
1637,Rohan Hegde,Male,35,Sales,Store Manager,101,null,2024-05-27,70000.00
1638,Karan Thakur,Male,41,Sales,Sales Executive,101,null,2024-06-21,29500.00
1639,Abhinav Tiwari,Male,36,Sales,Sales Executive,101,null,2024-04-10,28000.00
1640,Ritvik Mehta,Male,32,Sales,Sales Executive,101,null,2024-11-27,27000.00
1641,Harshil Sharma,Male,34,Sales,Sales Executive,101,null,2024-12-10,28500.00
1642,Upasana Verma,Female,38,Sales,Sales Executive,101,null,2024-02-26,28500.00
1643,Bhavna Tripathi,Female,39,Sales,Sales Executive,101,null,2024-08-17,28000.00
1644,Jay Vohra,Male,37,Sales,Sales Executive,101,null,2024-04-14,27500.00
1645,Harshil Nair,Male,38,Sales,Sales Executive,101,null,2024-04-24,29000.00
1646,Vidhi Rana,Female,45,Sales,Sales Executive,101,null,2024-07-03,28500.00
1647,Esha Patel,Female,36,Sales,Sales Executive,101,null,2024-04-15,28500.00
1648,Heena Shah,Female,40,Sales,Sales Executive,101,null,2024-02-13,30000.00
1649,Upasana Khan,Female,28,Sales,Cashier,101,null,2024-11-17,21500.00
1650,Lakshay Shah,Male,36,Sales,Cashier,101,null,2024-02-15,21500.00
1651,Diya Fernandes,Female,33,Sales,Cashier,101,null,2024-12-10,22000.00
1652,Tejas Banerjee,Male,32,Sales,Store Manager,102,null,2024-07-26,69000.00
1653,Jay Thomas,Male,36,Sales,Sales Executive,102,null,2024-07-19,29000.00
1654,Saanvi Siddiqui,Female,37,Sales,Sales Executive,102,null,2024-04-11,27500.00
1655,Navya Singh,Female,45,Sales,Sales Executive,102,null,2024-04-19,29000.00
1656,Girish Sehgal,Male,34,Sales,Sales Executive,102,null,2024-10-29,28500.00
1657,Bharat Verma,Male,30,Sales,Sales Executive,102,null,2024-12-08,28000.00
1658,Uday Sharma,Male,30,Sales,Sales Executive,102,null,2024-11-10,28500.00
1659,Kavya Mukherjee,Female,26,Sales,Sales Executive,102,null,2024-12-03,26500.00
1660,Rohan Rao,Male,27,Sales,Sales Executive,102,null,2024-11-25,28000.00
1661,Gauri Rao,Female,28,Sales,Sales Executive,102,null,2024-10-29,26000.00
1662,Urvi Singh,Female,36,Sales,Sales Executive,102,null,2024-06-21,27500.00
1663,Hitesh Dutta,Male,37,Sales,Sales Executive,102,null,2024-04-10,27500.00
1664,Ira Chauhan,Female,27,Sales,Cashier,102,null,2024-12-31,21000.00
1665,Aadhya Tyagi,Female,32,Sales,Cashier,102,null,2024-11-16,21500.00
1666,Pari Nair,Female,35,Sales,Store Manager,103,null,2021-07-22,72000.00
1667,Diya Mirza,Female,23,Sales,Sales Executive,103,null,2021-11-27,29500.00
1668,Chhavi Kulkarni,Female,24,Sales,Sales Executive,103,null,2021-09-30,30000.00
1669,Parth Subramanian,Male,23,Sales,Sales Executive,103,null,2021-02-09,30000.00
1670,Rajat Rana,Male,23,Sales,Sales Executive,103,null,2021-05-27,30000.00
1671,Hina Rana,Female,24,Sales,Sales Executive,103,null,2021-10-20,28000.00
1672,Darshan Ansari,Male,25,Sales,Sales Executive,103,null,2021-08-06,28000.00
1673,Deepika Dutta,Female,25,Sales,Sales Executive,103,null,2021-02-03,28500.00
1674,Aadhya Mahajan,Female,25,Sales,Sales Executive,103,null,2021-03-11,30000.00
1675,Arjun Ansari,Male,23,Sales,Sales Executive,103,null,2021-09-12,30000.00
1676,Karan Das,Male,24,Sales,Sales Executive,103,null,2021-05-04,30500.00
1677,Trisha Sehgal,Female,24,Sales,Sales Executive,103,null,2021-09-17,28500.00
1678,Saumya Mathew,Female,25,Sales,Cashier,103,null,2021-04-08,22500.00
1679,Sanjay Mirza,Male,25,Sales,Cashier,103,null,2021-07-13,22000.00
1680,Falguni Ghosh,Female,29,Sales,Store Manager,104,null,2023-08-20,71000.00
1681,Rajat Srivastava,Male,31,Sales,Sales Executive,104,null,2023-01-20,29000.00
1682,Krish Suri,Male,35,Sales,Sales Executive,104,null,2023-02-23,30500.00
1683,Krish Mehta,Male,30,Sales,Sales Executive,104,null,2023-02-11,29500.00
1684,Bobby Pandey,Other,29,Sales,Sales Executive,104,null,2023-09-12,27500.00
1685,Ishaan Tripathi,Male,34,Sales,Sales Executive,104,null,2023-08-12,28500.00
1686,Avi Pillai,Male,28,Sales,Sales Executive,104,null,2023-10-20,27500.00
1687,Aadesh Mukherjee,Male,35,Sales,Sales Executive,104,null,2023-02-12,28500.00
1688,Leena Tripathi,Female,28,Sales,Sales Executive,104,null,2023-06-06,27000.00
1689,Lavanya Naidu,Female,32,Sales,Sales Executive,104,null,2023-12-26,27000.00
1690,Kavya Jain,Female,35,Sales,Sales Executive,104,null,2023-06-23,28000.00
1691,Girish Bose,Male,29,Sales,Sales Executive,104,null,2023-03-14,27500.00
1692,Jai Thakur,Male,35,Sales,Cashier,104,null,2023-10-17,23000.00
1693,Vijay Yadav,Male,26,Sales,Cashier,104,null,2023-02-19,21500.00
1694,Eshan Dutta,Male,31,Sales,Store Manager,105,null,2026-01-27,65500.00
1695,Aryan Malhotra,Male,48,Sales,Sales Executive,105,null,2026-07-17,29000.00
1696,Darshan Mirza,Male,58,Sales,Sales Executive,105,null,2026-02-08,29500.00
1697,Saumya Gupta,Female,55,Sales,Sales Executive,105,null,2026-07-02,29500.00
1698,Zoya Mukherjee,Female,47,Sales,Sales Executive,105,null,2026-03-11,28500.00
1699,Naina Jain,Female,46,Sales,Sales Executive,105,null,2026-06-04,27000.00
1700,Mansi Hegde,Female,57,Sales,Sales Executive,105,null,2026-05-21,29000.00
1701,Kabir Malhotra,Male,50,Sales,Sales Executive,105,null,2026-05-27,29500.00
1702,Manav Ghosh,Male,62,Sales,Sales Executive,105,null,2026-01-03,29000.00
1703,Upasana Naidu,Female,48,Sales,Sales Executive,105,null,2026-05-21,27500.00
1704,Ojasvi Thakur,Female,63,Sales,Sales Executive,105,null,2026-01-15,30000.00
1705,Tejas Goyal,Male,62,Sales,Sales Executive,105,null,2026-01-30,31000.00
1706,Mahima Naidu,Female,51,Sales,Cashier,105,null,2026-06-13,22500.00
1707,Ojasvi Ghosh,Female,65,Sales,Cashier,105,null,2026-01-02,23500.00
1708,Jai Naidu,Male,33,Sales,Store Manager,106,null,2023-01-03,71500.00
1709,Rudra Ansari,Male,33,Sales,Sales Executive,106,null,2023-06-19,28500.00
1710,Rishabh Srivastava,Male,26,Sales,Sales Executive,106,null,2023-10-17,26500.00
1711,Yamini Reddy,Female,29,Sales,Sales Executive,106,null,2023-03-21,28500.00
1712,Rudra Khanna,Male,26,Sales,Sales Executive,106,null,2023-12-20,27500.00
1713,Karan Desai,Male,26,Sales,Sales Executive,106,null,2023-07-31,27500.00
1714,Sameer Bansal,Male,33,Sales,Sales Executive,106,null,2023-11-07,29000.00
1715,Eshan Subramanian,Male,26,Sales,Sales Executive,106,null,2023-03-27,28500.00
1716,Naman Mahajan,Male,31,Sales,Sales Executive,106,null,2023-08-27,27000.00
1717,Aryan Dutta,Male,35,Sales,Sales Executive,106,null,2023-06-01,28000.00
1718,Hemant Nambiar,Male,28,Sales,Sales Executive,106,null,2023-08-27,28000.00
1719,Harshil Kapoor,Male,29,Sales,Sales Executive,106,null,2023-05-25,27000.00
1720,Nikhil Khan,Male,33,Sales,Cashier,106,null,2023-12-01,22000.00
1721,Fatima Siddiqui,Female,29,Sales,Cashier,106,null,2023-10-03,22000.00
1722,Yashika Rana,Female,32,Sales,Store Manager,107,null,2025-10-18,65000.00
1723,Ajay Raman,Male,43,Sales,Sales Executive,107,null,2025-07-26,28000.00
1724,Ankit Sehgal,Male,44,Sales,Sales Executive,107,null,2025-11-11,28500.00
1725,Imran Arora,Male,39,Sales,Sales Executive,107,null,2025-10-15,28000.00
1726,Aditi Bhat,Female,43,Sales,Sales Executive,107,null,2025-12-22,28500.00
1727,Navya Saxena,Female,43,Sales,Sales Executive,107,null,2025-10-04,28500.00
1728,Yash Tiwari,Male,40,Sales,Sales Executive,107,null,2025-10-13,27000.00
1729,Nihar Sethi,Other,41,Sales,Sales Executive,107,null,2025-09-18,27000.00
1730,Yashika Srivastava,Female,45,Sales,Sales Executive,107,null,2025-11-29,28000.00
1731,Rashi George,Female,42,Sales,Sales Executive,107,null,2025-10-02,28500.00
1732,Mayank Raman,Male,37,Sales,Sales Executive,107,null,2025-11-13,27500.00
1733,Ishaan Pandey,Male,41,Sales,Sales Executive,107,null,2025-07-25,28000.00
1734,Pawan Goyal,Other,43,Sales,Cashier,107,null,2025-08-30,22500.00
1735,Sanjay Dubey,Male,44,Sales,Cashier,107,null,2025-11-01,22000.00
1736,Rajat Kapoor,Male,29,Sales,Store Manager,108,null,2023-12-14,68000.00
1737,Ishita Mahajan,Female,33,Sales,Sales Executive,108,null,2023-11-17,28000.00
1738,Dev Mishra,Male,32,Sales,Sales Executive,108,null,2023-02-09,28500.00
1739,Uday Siddiqui,Male,29,Sales,Sales Executive,108,null,2023-11-26,27000.00
1740,Dhruv Pandey,Male,30,Sales,Sales Executive,108,null,2023-06-11,28000.00
1741,Riya Goel,Female,31,Sales,Sales Executive,108,null,2023-10-31,28000.00
1742,Ishaan Fernandes,Male,33,Sales,Sales Executive,108,null,2023-08-12,29500.00
1743,Arjun Hegde,Male,35,Sales,Sales Executive,108,null,2023-03-05,28500.00
1744,Geetika Naidu,Female,27,Sales,Sales Executive,108,null,2023-05-08,27000.00
1745,Akhil Rao,Male,27,Sales,Sales Executive,108,null,2023-11-29,28500.00
1746,Vijay Das,Male,27,Sales,Sales Executive,108,null,2023-09-07,28000.00
1747,Omkar Mirza,Male,28,Sales,Sales Executive,108,null,2023-04-17,28500.00
1748,Hitesh Tyagi,Male,30,Sales,Cashier,108,null,2023-10-05,21000.00
1749,Aadesh Saxena,Male,30,Sales,Cashier,108,null,2023-01-03,22500.00
1750,Yamini Chauhan,Female,35,Sales,Store Manager,109,null,2022-04-12,72000.00
1751,Ojasvi Prasad,Female,31,Sales,Sales Executive,109,null,2022-07-08,28500.00
1752,Vivaan Sandhu,Male,24,Sales,Sales Executive,109,null,2022-12-30,28000.00
1753,Kabir Agarwal,Male,24,Sales,Sales Executive,109,null,2022-09-14,29000.00
1754,Bharat Khan,Male,29,Sales,Sales Executive,109,null,2022-04-23,30000.00
1755,Naman Rao,Male,27,Sales,Sales Executive,109,null,2022-02-15,28000.00
1756,Vijay Sharma,Male,22,Sales,Sales Executive,109,null,2022-07-26,28500.00
1757,Shubham Shah,Male,24,Sales,Sales Executive,109,null,2022-10-23,28000.00
1758,Lakshay Tiwari,Male,22,Sales,Sales Executive,109,null,2022-12-12,28500.00
1759,Tejas Shah,Male,25,Sales,Sales Executive,109,null,2022-08-09,28000.00
1760,Juhi Sharma,Female,35,Sales,Sales Executive,109,null,2022-02-11,30000.00
1761,Divya Nambiar,Female,23,Sales,Sales Executive,109,null,2022-10-17,29000.00
1762,Vaishnavi Sethi,Female,29,Sales,Cashier,109,null,2022-03-26,23000.00
1763,Yashika Ansari,Female,22,Sales,Cashier,109,null,2022-09-16,22500.00
1764,Shubham Malhotra,Male,32,Sales,Store Manager,110,null,2023-08-24,68500.00
1765,Heena Iyer,Female,29,Sales,Sales Executive,110,null,2023-02-17,28000.00
1766,Meera Chatterjee,Female,33,Sales,Sales Executive,110,null,2023-11-03,29500.00
1767,Gauri Desai,Female,31,Sales,Sales Executive,110,null,2023-11-29,27500.00
1768,Arjun Chopra,Male,34,Sales,Sales Executive,110,null,2023-07-29,29000.00
1769,Akhil Ghosh,Male,34,Sales,Sales Executive,110,null,2023-11-27,29500.00
1770,Girish Saxena,Male,27,Sales,Sales Executive,110,null,2023-03-25,27500.00
1771,Avi Mishra,Male,27,Sales,Sales Executive,110,null,2023-08-13,28000.00
1772,Shubham Gupta,Male,31,Sales,Sales Executive,110,null,2023-09-01,29000.00
1773,Tejas Pandey,Male,27,Sales,Sales Executive,110,null,2023-07-19,27500.00
1774,Hitesh Siddiqui,Male,35,Sales,Sales Executive,110,null,2023-02-03,28000.00
1775,Akshay Qureshi,Male,33,Sales,Sales Executive,110,null,2023-08-13,27500.00
1776,Hemant Mehta,Male,28,Sales,Cashier,110,null,2023-09-08,22000.00
1777,Kanika Krishnan,Female,31,Sales,Cashier,110,null,2023-10-21,21000.00
1778,Ishaan Ali,Male,34,Sales,Store Manager,111,null,2022-09-24,71000.00
1779,Abhinav Joshi,Male,30,Sales,Sales Executive,111,null,2022-06-18,28500.00
1780,Ajay Ansari,Male,24,Sales,Sales Executive,111,null,2022-11-20,28500.00
1781,Kiara Patel,Female,28,Sales,Sales Executive,111,null,2022-02-27,30500.00
1782,Karan Kapoor,Male,23,Sales,Sales Executive,111,null,2022-11-17,28500.00
1783,Chirag Ansari,Male,22,Sales,Sales Executive,111,null,2022-12-18,26500.00
1784,Siddharth Vohra,Male,24,Sales,Sales Executive,111,null,2022-12-09,28000.00
1785,Fatima Dubey,Female,25,Sales,Sales Executive,111,null,2022-12-01,29000.00
1786,Vijay Ahuja,Male,29,Sales,Sales Executive,111,null,2022-02-07,30000.00
1787,Krish Gill,Male,32,Sales,Sales Executive,111,null,2022-05-17,30000.00
1788,Avi Chauhan,Male,31,Sales,Sales Executive,111,null,2022-04-11,28500.00
1789,Neil Sharma,Male,27,Sales,Sales Executive,111,null,2022-02-17,29500.00
1790,Fatima Sandhu,Female,32,Sales,Sales Executive,111,null,2022-03-13,29500.00
1791,Vivaan Kumar,Male,29,Sales,Sales Executive,111,null,2022-04-13,30000.00
1792,Geetika Rana,Female,24,Sales,Cashier,111,null,2022-09-09,21500.00
1793,Ritvik D'Souza,Male,29,Sales,Cashier,111,null,2022-06-11,23000.00
1794,Saanvi Malhotra,Female,22,Sales,Cashier,111,null,2022-12-17,22000.00
1795,Yash Pillai,Male,30,Sales,Store Manager,112,null,2022-05-04,70500.00
1796,Shubham Kumar,Male,34,Sales,Sales Executive,112,null,2022-02-24,29500.00
1797,Rohan Saxena,Male,25,Sales,Sales Executive,112,null,2022-08-24,27500.00
1798,Kabir Arora,Male,30,Sales,Sales Executive,112,null,2022-06-10,29500.00
1799,Hitesh Khanna,Male,30,Sales,Sales Executive,112,null,2022-04-08,29000.00
1800,Kanika D'Souza,Female,30,Sales,Sales Executive,112,null,2022-04-04,28500.00
1801,Siddharth Ansari,Male,25,Sales,Sales Executive,112,null,2022-12-28,27000.00
1802,Aditya Shah,Male,25,Sales,Sales Executive,112,null,2022-11-09,29500.00
1803,Mayank D'Souza,Male,26,Sales,Sales Executive,112,null,2022-07-17,28500.00
1804,Tanya Kaur,Female,24,Sales,Sales Executive,112,null,2022-09-03,28000.00
1805,Rajiv Rao,Male,24,Sales,Sales Executive,112,null,2022-11-27,28000.00
1806,Ritvik Khan,Male,28,Sales,Sales Executive,112,null,2022-03-06,28000.00
1807,Hitesh Raman,Male,32,Sales,Cashier,112,null,2022-02-05,22500.00
1808,Hitesh Chauhan,Male,26,Sales,Cashier,112,null,2022-07-20,21500.00
1809,Parth Suri,Male,32,Sales,Store Manager,113,null,2024-11-20,68000.00
1810,Madhav Patel,Male,30,Sales,Sales Executive,113,null,2024-08-23,26500.00
1811,Shalini Joshi,Female,30,Sales,Sales Executive,113,null,2024-12-11,26000.00
1812,Aarohi Prasad,Female,34,Sales,Sales Executive,113,null,2024-11-13,28500.00
1813,Harini Nair,Female,27,Sales,Sales Executive,113,null,2024-12-19,26000.00
1814,Radhika Krishnan,Female,31,Sales,Sales Executive,113,null,2024-12-16,27000.00
1815,Hemant Puri,Male,29,Sales,Sales Executive,113,null,2024-10-11,28000.00
1816,Manav Hegde,Male,41,Sales,Sales Executive,113,null,2024-07-22,28500.00
1817,Aadesh Krishnan,Male,33,Sales,Sales Executive,113,null,2024-12-05,28000.00
1818,Mayank Singh,Male,40,Sales,Sales Executive,113,null,2024-07-19,29000.00
1819,Kriti Mishra,Female,36,Sales,Sales Executive,113,null,2024-08-18,29000.00
1820,Navya Khanna,Female,40,Sales,Sales Executive,113,null,2024-04-24,30000.00
1821,Nikhil Mehta,Male,32,Sales,Cashier,113,null,2024-11-08,21000.00
1822,Krish Khan,Male,44,Sales,Cashier,113,null,2024-06-15,23000.00
1823,Mahima Sehgal,Female,31,Sales,Store Manager,114,null,2022-11-08,72500.00
1824,Dev D'Souza,Male,26,Sales,Sales Executive,114,null,2022-02-18,29000.00
1825,Saanvi Subramanian,Female,26,Sales,Sales Executive,114,null,2022-05-31,29500.00
1826,Kavya Khanna,Female,35,Sales,Sales Executive,114,null,2022-04-24,30500.00
1827,Chhavi Chatterjee,Female,22,Sales,Sales Executive,114,null,2022-08-24,28000.00
1828,Rajat Chatterjee,Male,25,Sales,Sales Executive,114,null,2022-11-04,29000.00
1829,Urvi Mukherjee,Female,22,Sales,Sales Executive,114,null,2022-09-14,28500.00
1830,Girish Singh,Male,25,Sales,Sales Executive,114,null,2022-12-29,28000.00
1831,Leena D'Souza,Female,32,Sales,Sales Executive,114,null,2022-02-14,30000.00
1832,Lavanya Mahajan,Female,25,Sales,Sales Executive,114,null,2022-07-28,28000.00
1833,Navya Tiwari,Female,24,Sales,Sales Executive,114,null,2022-08-14,27500.00
1834,Aarohi Krishnan,Female,24,Sales,Sales Executive,114,null,2022-07-31,28000.00
1835,Leena Dubey,Female,24,Sales,Cashier,114,null,2022-09-10,22000.00
1836,Anirudh Saxena,Male,23,Sales,Cashier,114,null,2022-10-31,22500.00
1837,Siddharth Dubey,Male,35,Sales,Store Manager,115,null,2025-10-11,65500.00
1838,Harini Kaur,Female,52,Sales,Sales Executive,115,null,2025-04-14,28500.00
1839,Madhav Fernandes,Male,44,Sales,Sales Executive,115,null,2025-08-23,27500.00
1840,Aarav Hegde,Male,39,Sales,Sales Executive,115,null,2025-11-17,28000.00
1841,Aarohi Ansari,Female,52,Sales,Sales Executive,115,null,2025-05-12,30500.00
1842,Farhan Sandhu,Male,56,Sales,Sales Executive,115,null,2025-05-09,29000.00
1843,Ira Ahuja,Female,38,Sales,Sales Executive,115,null,2025-12-11,27500.00
1844,Ishaan Chatterjee,Male,45,Sales,Sales Executive,115,null,2025-12-22,29000.00
1845,Kamal Suri,Other,40,Sales,Sales Executive,115,null,2025-12-26,27000.00
1846,Aarav Bose,Male,39,Sales,Sales Executive,115,null,2025-12-12,27000.00
1847,Darshan Agarwal,Male,38,Sales,Sales Executive,115,null,2025-07-25,28000.00
1848,Nikhil Puri,Male,60,Sales,Sales Executive,115,null,2025-01-27,31500.00
1849,Ishani Mahajan,Female,36,Sales,Cashier,115,null,2025-11-16,20500.00
1850,Jhanvi Shah,Female,48,Sales,Cashier,115,null,2025-01-04,23000.00
1851,Radhika Naidu,Female,33,Sales,Store Manager,116,null,2024-08-28,68500.00
1852,Pari Khan,Female,31,Sales,Sales Executive,116,null,2023-11-13,27500.00
1853,Trisha Puri,Female,30,Sales,Sales Executive,116,null,2024-11-02,26500.00
1854,Vivaan Tiwari,Male,27,Sales,Sales Executive,116,null,2023-05-06,27500.00
1855,Bharat Bose,Male,29,Sales,Sales Executive,116,null,2024-11-26,26000.00
1856,Avi Saxena,Male,27,Sales,Sales Executive,116,null,2023-03-13,28000.00
1857,Arjun Kaur,Male,26,Sales,Sales Executive,116,null,2023-06-22,27000.00
1858,Yash Sehgal,Male,26,Sales,Sales Executive,116,null,2024-11-07,27000.00
1859,Nikhil Raman,Male,38,Sales,Sales Executive,116,null,2024-08-06,29500.00
1860,Mansi Rao,Female,27,Sales,Sales Executive,116,null,2023-11-16,27000.00
1861,Kabir Bansal,Male,34,Sales,Sales Executive,116,null,2023-09-24,27500.00
1862,Pranav Kulkarni,Male,45,Sales,Sales Executive,116,null,2024-01-19,30500.00
1863,Vivaan Yadav,Male,42,Sales,Cashier,116,null,2024-06-19,22500.00
1864,Radhika Vohra,Female,28,Sales,Cashier,116,null,2024-12-10,20500.00
1865,Nikhil Fernandes,Male,33,Sales,Store Manager,117,null,2024-10-01,70000.00
1866,Komal Roy,Female,30,Sales,Sales Executive,117,null,2024-08-28,28000.00
1867,Jatin Sharma,Male,37,Sales,Sales Executive,117,null,2024-05-18,28000.00
1868,Ajay Pillai,Male,38,Sales,Sales Executive,117,null,2024-02-13,28000.00
1869,Akhil Prasad,Male,29,Sales,Sales Executive,117,null,2024-12-24,27000.00
1870,Rajat Singh,Male,34,Sales,Sales Executive,117,null,2024-11-06,28000.00
1871,Zoya Dutta,Female,33,Sales,Sales Executive,117,null,2024-12-22,27500.00
1872,Chhavi Rao,Female,39,Sales,Sales Executive,117,null,2024-05-22,29500.00
1873,Girish Dubey,Male,42,Sales,Sales Executive,117,null,2024-05-08,28500.00
1874,Darshan Tripathi,Male,37,Sales,Sales Executive,117,null,2024-02-17,28500.00
1875,Komal Tyagi,Female,34,Sales,Sales Executive,117,null,2024-10-06,27000.00
1876,Mayank Mukherjee,Male,43,Sales,Sales Executive,117,null,2024-02-08,30000.00
1877,Varun Chopra,Male,43,Sales,Cashier,117,null,2024-02-28,23500.00
1878,Manav Ali,Male,45,Sales,Cashier,117,null,2024-03-13,22000.00
1879,Abhinav Banerjee,Male,32,Sales,Store Manager,118,null,2024-10-27,67000.00
1880,Vaishnavi Yadav,Female,42,Sales,Sales Executive,118,null,2024-01-11,28500.00
1881,Ishaan Gill,Male,38,Sales,Sales Executive,118,null,2024-01-29,28500.00
1882,Sanjay Goel,Male,42,Sales,Sales Executive,118,null,2024-01-13,29000.00
1883,Jay Jain,Male,41,Sales,Sales Executive,118,null,2024-07-11,29500.00
1884,Sameer Fernandes,Male,27,Sales,Sales Executive,118,null,2024-11-15,26000.00
1885,Nikhil Goyal,Male,36,Sales,Sales Executive,118,null,2024-03-06,29000.00
1886,Rashi Siddiqui,Female,43,Sales,Sales Executive,118,null,2024-04-11,29000.00
1887,Rishabh Mehta,Male,38,Sales,Sales Executive,118,null,2024-07-05,29500.00
1888,Neil Rana,Male,32,Sales,Sales Executive,118,null,2024-11-28,28000.00
1889,Hina Fernandes,Female,39,Sales,Sales Executive,118,null,2024-02-16,29000.00
1890,Ayesha Sethi,Female,28,Sales,Sales Executive,118,null,2024-09-10,27000.00
1891,Abhinav Sinha,Male,34,Sales,Cashier,118,null,2024-12-20,22000.00
1892,Ritvik Suri,Male,30,Sales,Cashier,118,null,2024-12-27,22000.00
1893,Sameer Ali,Male,33,Sales,Store Manager,119,null,2022-02-10,70500.00
1894,Yamini Nair,Female,27,Sales,Sales Executive,119,null,2022-02-25,30000.00
1895,Yash Shah,Male,35,Sales,Sales Executive,119,null,2022-03-16,30000.00
1896,Nikhil Rao,Male,23,Sales,Sales Executive,119,null,2022-09-06,27000.00
1897,Siddharth Rao,Male,29,Sales,Sales Executive,119,null,2022-07-14,28500.00
1898,Dhruv Shah,Male,32,Sales,Sales Executive,119,null,2022-06-08,29000.00
1899,Geetika Gill,Female,25,Sales,Sales Executive,119,null,2022-12-16,28000.00
1900,Arjun Pillai,Male,24,Sales,Sales Executive,119,null,2022-11-25,28000.00
1901,Vaishnavi Siddiqui,Female,27,Sales,Sales Executive,119,null,2022-07-17,28500.00
1902,Vaishnavi George,Female,26,Sales,Sales Executive,119,null,2022-04-21,29000.00
1903,Upasana Saxena,Female,22,Sales,Sales Executive,119,null,2022-08-29,28000.00
1904,Bharat Tripathi,Male,25,Sales,Sales Executive,119,null,2022-07-22,28000.00
1905,Omkar Mukherjee,Male,35,Sales,Cashier,119,null,2022-04-26,22500.00
1906,Garima Raman,Female,35,Sales,Cashier,119,null,2022-01-25,23500.00
1907,Naman Gupta,Male,32,Sales,Store Manager,120,null,2023-09-06,71000.00
1908,Rudra Thakur,Male,26,Sales,Sales Executive,120,null,2023-09-10,28500.00
1909,Omkar Bhat,Male,34,Sales,Sales Executive,120,null,2023-10-16,29000.00
1910,Juhi Saxena,Female,30,Sales,Sales Executive,120,null,2023-01-18,28000.00
1911,Neil Kaur,Male,34,Sales,Sales Executive,120,null,2023-02-26,29000.00
1912,Krish Mahajan,Male,33,Sales,Sales Executive,120,null,2023-01-19,29000.00
1913,Yash Tripathi,Male,34,Sales,Sales Executive,120,null,2023-05-19,28000.00
1914,Jhanvi Sandhu,Female,26,Sales,Sales Executive,120,null,2023-06-29,28000.00
1915,Anirudh Ansari,Male,33,Sales,Sales Executive,120,null,2023-10-02,29000.00
1916,Diya Bose,Female,29,Sales,Sales Executive,120,null,2023-04-16,29000.00
1917,Lavanya Goel,Female,31,Sales,Sales Executive,120,null,2023-04-17,28500.00
1918,Anirudh Shetty,Male,30,Sales,Sales Executive,120,null,2023-02-04,28000.00
1919,Girish Jain,Male,33,Sales,Cashier,120,null,2023-07-29,22000.00
1920,Heena Sharma,Female,29,Sales,Cashier,120,null,2023-11-06,22000.00
1921,Mansi Naidu,Female,31,Warehouse,Warehouse Manager,null,1,2020-06-24,78500.00
1922,Rajat Ansari,Male,33,Warehouse,Warehouse Executive,null,1,2016-09-02,31500.00
1923,Parth Reddy,Male,29,Warehouse,Warehouse Executive,null,1,2017-09-24,30500.00
1924,Shubham Menon,Male,25,Warehouse,Warehouse Executive,null,1,2019-08-27,29000.00
1925,Chirag Pandey,Male,33,Warehouse,Warehouse Executive,null,1,2018-05-22,31500.00
1926,Sameer Chatterjee,Male,25,Warehouse,Warehouse Executive,null,1,2019-11-12,29500.00
1927,Jatin Verma,Male,25,Warehouse,Warehouse Executive,null,1,2020-08-18,28500.00
1928,Upasana Desai,Female,24,Warehouse,Warehouse Executive,null,1,2020-01-03,29000.00
1929,Samar Sehgal,Male,28,Warehouse,Warehouse Executive,null,1,2017-02-13,32500.00
1930,Hemant Ahuja,Male,23,Warehouse,Warehouse Executive,null,1,2021-06-01,27500.00
1931,Aadesh Mathew,Male,25,Warehouse,Warehouse Executive,null,1,2019-03-01,29000.00
1932,Bhumika Gill,Female,31,Warehouse,Warehouse Executive,null,1,2016-01-25,33000.00
1933,Hina Subramanian,Female,24,Warehouse,Warehouse Executive,null,1,2021-05-08,27500.00
1934,Sameer Bhat,Male,25,Warehouse,Warehouse Executive,null,1,2020-09-09,29000.00
1935,Chirag Desai,Male,26,Warehouse,Warehouse Executive,null,1,2018-11-04,30500.00
1936,Pari Malhotra,Female,35,Warehouse,Warehouse Executive,null,1,2017-06-27,31500.00
1937,Charu Fernandes,Female,29,Warehouse,Warehouse Executive,null,1,2018-12-24,31000.00
1938,Rajat Bhat,Male,26,Warehouse,Warehouse Executive,null,1,2018-06-28,29500.00
1939,Siddharth D'Souza,Male,25,Warehouse,Warehouse Executive,null,1,2021-03-09,28000.00
1940,Abhinav Bose,Male,24,Warehouse,Warehouse Executive,null,1,2020-03-06,28000.00
1941,Aadhya Sehgal,Female,25,Warehouse,Warehouse Executive,null,1,2021-05-07,28500.00
1942,Rudra Krishnan,Male,25,Warehouse,Warehouse Executive,null,1,2020-08-27,28000.00
1943,Vivaan Ansari,Male,25,Warehouse,Warehouse Executive,null,1,2019-02-07,29000.00
1944,Deepika Prasad,Female,32,Warehouse,Warehouse Manager,null,2,2020-04-22,81000.00
1945,Dhruv Kumar,Male,25,Warehouse,Warehouse Executive,null,2,2020-09-16,28000.00
1946,Tejas Kapoor,Male,25,Warehouse,Warehouse Executive,null,2,2020-03-05,28000.00
1947,Rohan Sehgal,Male,25,Warehouse,Warehouse Executive,null,2,2019-02-01,29000.00
1948,Gauri Ali,Female,25,Warehouse,Warehouse Executive,null,2,2020-06-21,29000.00
1949,Kriti Naidu,Female,24,Warehouse,Warehouse Executive,null,2,2020-09-27,28000.00
1950,Deepika Gill,Female,24,Warehouse,Warehouse Executive,null,2,2021-04-18,28000.00
1951,Geetika Kaur,Female,25,Warehouse,Warehouse Executive,null,2,2019-10-26,29000.00
1952,Komal Chopra,Female,25,Warehouse,Warehouse Executive,null,2,2019-07-25,30500.00
1953,Mayank Srivastava,Male,25,Warehouse,Warehouse Executive,null,2,2019-03-31,29000.00
1954,Harshil Mukherjee,Male,25,Warehouse,Warehouse Executive,null,2,2019-04-02,30500.00
1955,Samar Bose,Male,24,Warehouse,Warehouse Executive,null,2,2020-04-13,28000.00
1956,Navya Suri,Female,25,Warehouse,Warehouse Executive,null,2,2021-01-23,28500.00
1957,Radhika Thomas,Female,24,Warehouse,Warehouse Executive,null,2,2020-03-22,28000.00
1958,Aditi Gill,Female,25,Warehouse,Warehouse Executive,null,2,2019-02-28,29000.00
1959,Yamini Shetty,Female,31,Warehouse,Warehouse Executive,null,2,2018-01-23,31000.00
1960,Aadi George,Other,35,Warehouse,Warehouse Manager,null,3,2019-05-31,84500.00
1961,Mahima Verma,Female,25,Warehouse,Warehouse Executive,null,3,2021-11-03,28500.00
1962,Jyoti Banerjee,Other,25,Warehouse,Warehouse Executive,null,3,2019-02-24,30500.00
1963,Parth Kaur,Male,25,Warehouse,Warehouse Executive,null,3,2019-12-03,28000.00
1964,Aadesh Tyagi,Male,24,Warehouse,Warehouse Executive,null,3,2021-09-22,28500.00
1965,Parth Kulkarni,Male,24,Warehouse,Warehouse Executive,null,3,2020-03-18,28000.00
1966,Gauri Vohra,Female,25,Warehouse,Warehouse Executive,null,3,2019-10-10,29500.00
1967,Komal D'Souza,Female,25,Warehouse,Warehouse Executive,null,3,2021-08-10,27000.00
1968,Lavanya Kumar,Female,25,Warehouse,Warehouse Executive,null,3,2019-12-27,30000.00
1969,Jai George,Male,24,Warehouse,Warehouse Executive,null,3,2021-01-03,29500.00
1970,Imran Mathew,Male,23,Warehouse,Warehouse Executive,null,3,2021-02-28,29000.00
1971,Aryan Suri,Male,23,Warehouse,Warehouse Executive,null,3,2021-01-10,28000.00
1972,Aditya D'Souza,Male,30,Warehouse,Warehouse Manager,null,4,2021-10-23,75500.00
1973,Kanika Joshi,Female,25,Warehouse,Warehouse Executive,null,4,2020-02-15,28000.00
1974,Avni Ahuja,Female,24,Warehouse,Warehouse Executive,null,4,2020-02-15,29500.00
1975,Hitesh Desai,Male,25,Warehouse,Warehouse Executive,null,4,2019-05-09,28500.00
1976,Hemant Ghosh,Male,31,Warehouse,Warehouse Executive,null,4,2016-06-28,31000.00
1977,Meera Mukherjee,Female,25,Warehouse,Warehouse Executive,null,4,2020-10-07,29000.00
1978,Uday Joshi,Male,25,Warehouse,Warehouse Executive,null,4,2019-05-02,30500.00
1979,Radhika Menon,Female,31,Warehouse,Warehouse Executive,null,4,2016-01-16,33000.00
1980,Imran Rana,Male,24,Warehouse,Warehouse Executive,null,4,2020-07-22,29000.00
1981,Aryan Chatterjee,Male,25,Warehouse,Warehouse Executive,null,4,2019-09-24,30000.00
1982,Vijay Puri,Male,25,Warehouse,Warehouse Executive,null,4,2019-03-10,30500.00
1983,Jay Prasad,Male,27,Warehouse,Warehouse Executive,null,4,2018-03-14,30500.00
1984,Abhinav Ahuja,Male,32,Warehouse,Warehouse Manager,null,5,2018-11-15,82500.00
1985,Rishabh Iyer,Male,28,Warehouse,Warehouse Executive,null,5,2017-05-31,30500.00
1986,Tushar Bajaj,Male,23,Warehouse,Warehouse Executive,null,5,2021-11-04,26500.00
1987,Karan Kumar,Male,23,Warehouse,Warehouse Executive,null,5,2021-02-15,28000.00
1988,Parth George,Male,25,Warehouse,Warehouse Executive,null,5,2021-03-07,29000.00
1989,Eshan Mirza,Male,24,Warehouse,Warehouse Executive,null,5,2021-10-09,28500.00
1990,Ritvik Tripathi,Male,25,Warehouse,Warehouse Executive,null,5,2019-05-01,29500.00
1991,Tanvi Tripathi,Female,31,Warehouse,Warehouse Executive,null,5,2017-11-02,31000.00
1992,Eshan Goyal,Male,25,Warehouse,Warehouse Executive,null,5,2019-07-15,29500.00
1993,Jay Goel,Male,25,Warehouse,Warehouse Executive,null,5,2019-06-16,30000.00
1994,Dhruv Mirza,Male,26,Warehouse,Warehouse Executive,null,5,2018-09-24,29000.00
1995,Varun Qureshi,Male,25,Warehouse,Warehouse Executive,null,5,2019-09-06,30000.00
1996,Ajay Rao,Male,25,Warehouse,Warehouse Executive,null,5,2019-02-13,29000.00
1997,Rajiv Mehta,Male,23,Warehouse,Warehouse Executive,null,5,2021-10-16,27500.00
1998,Jay Ahuja,Male,29,Warehouse,Warehouse Executive,null,5,2018-09-26,31000.00
1999,Pranav Ahuja,Male,23,Warehouse,Warehouse Executive,null,5,2021-07-29,28500.00
2000,Girish Yadav,Male,29,Warehouse,Warehouse Executive,null,5,2018-08-20,31500.00
2001,Pranav Goyal,Male,27,Warehouse,Warehouse Executive,null,5,2017-11-29,30500.00
2002,Lavanya Pillai,Female,25,Warehouse,Warehouse Executive,null,5,2019-03-16,29000.00
2003,Sanjay Mehta,Male,25,Warehouse,Warehouse Executive,null,5,2019-10-10,29500.00
2004,Pranav Sinha,Male,25,Warehouse,Warehouse Executive,null,5,2021-02-10,28500.00
2005,Ishita Thakur,Female,27,Warehouse,Warehouse Executive,null,5,2017-05-24,32000.00
2006,Naina Iyer,Female,24,Warehouse,Warehouse Executive,null,5,2020-03-20,28000.00
2007,Tejas Raman,Male,31,Warehouse,Warehouse Manager,null,6,2019-12-15,81500.00
2008,Arjun Ahuja,Male,24,Warehouse,Warehouse Executive,null,6,2020-01-12,29500.00
2009,Ira Krishnan,Female,25,Warehouse,Warehouse Executive,null,6,2019-07-20,29000.00
2010,Sanjay Raman,Male,25,Warehouse,Warehouse Executive,null,6,2020-03-12,29000.00
2011,Rohan Thakur,Male,24,Warehouse,Warehouse Executive,null,6,2020-02-12,29000.00
2012,Hina Reddy,Female,25,Warehouse,Warehouse Executive,null,6,2021-03-15,27500.00
2013,Ankit Mahajan,Male,34,Warehouse,Warehouse Executive,null,6,2017-02-13,33000.00
2014,Divya Hegde,Female,25,Warehouse,Warehouse Executive,null,6,2019-04-28,29000.00
2015,Dev Rao,Male,25,Warehouse,Warehouse Executive,null,6,2021-09-12,28000.00
2016,Diya Joshi,Female,34,Warehouse,Warehouse Executive,null,6,2018-11-17,30000.00
2017,Darshan Verma,Male,25,Warehouse,Warehouse Executive,null,6,2019-07-14,29500.00
2018,Diya Patel,Female,35,Warehouse,Warehouse Executive,null,6,2018-07-14,30000.00
2019,Rajat Gupta,Male,32,Warehouse,Warehouse Manager,null,7,2019-04-11,82500.00
2020,Darshan Kaur,Male,25,Warehouse,Warehouse Executive,null,7,2019-12-01,28500.00
2021,Tushar Chatterjee,Male,24,Warehouse,Warehouse Executive,null,7,2021-04-11,28000.00
2022,Dev Mukherjee,Male,35,Warehouse,Warehouse Executive,null,7,2017-11-05,31500.00
2023,Rudra Tiwari,Male,35,Warehouse,Warehouse Executive,null,7,2018-10-09,30000.00
2024,Manav Desai,Male,25,Warehouse,Warehouse Executive,null,7,2020-07-27,29500.00
2025,Gaurav Mirza,Male,25,Warehouse,Warehouse Executive,null,7,2019-12-25,30000.00
2026,Eshan Prasad,Male,25,Warehouse,Warehouse Executive,null,7,2020-12-30,29000.00
2027,Akshay Sinha,Male,32,Warehouse,Warehouse Executive,null,7,2018-07-26,32000.00
2028,Urvi Ghosh,Female,30,Warehouse,Warehouse Executive,null,7,2018-08-16,30000.00
2029,Meera Raman,Female,24,Warehouse,Warehouse Executive,null,7,2020-10-28,27500.00
2030,Naina Banerjee,Female,23,Warehouse,Warehouse Executive,null,7,2021-05-03,28500.00
2031,Nikhil Subramanian,Male,34,Warehouse,Warehouse Executive,null,7,2018-05-29,32000.00
2032,Urvi Pillai,Female,35,Warehouse,Warehouse Executive,null,7,2018-04-11,30500.00
2033,Kanika Shetty,Female,24,Warehouse,Warehouse Executive,null,7,2020-10-15,28500.00
2034,Vijay Chauhan,Male,23,Warehouse,Warehouse Executive,null,7,2021-01-15,28000.00
2035,Yash Nambiar,Male,34,Warehouse,Warehouse Manager,null,8,2016-01-11,88500.00
2036,Ishaan Shah,Male,23,Warehouse,Warehouse Executive,null,8,2021-01-10,27500.00
2037,Trisha Subramanian,Female,24,Warehouse,Warehouse Executive,null,8,2020-07-11,29000.00
2038,Meera Tripathi,Female,30,Warehouse,Warehouse Executive,null,8,2018-12-05,31000.00
2039,Jhanvi Goel,Female,25,Warehouse,Warehouse Executive,null,8,2019-03-15,29000.00
2040,Rishabh Pandey,Male,25,Warehouse,Warehouse Executive,null,8,2020-09-21,29000.00
2041,Farhan Bhat,Male,25,Warehouse,Warehouse Executive,null,8,2019-03-08,30000.00
2042,Zoya Mirza,Female,31,Warehouse,Warehouse Executive,null,8,2018-12-11,31000.00
2043,Aryan Bhat,Male,24,Warehouse,Warehouse Executive,null,8,2020-04-24,28000.00
2044,Naman Dutta,Male,32,Warehouse,Warehouse Executive,null,8,2018-01-06,32000.00
2045,Ojasvi Puri,Female,25,Warehouse,Warehouse Executive,null,8,2019-10-27,30000.00
2046,Trisha Prasad,Female,32,Warehouse,Warehouse Executive,null,8,2016-02-07,33000.00
2047,Rishabh D'Souza,Male,23,Warehouse,Warehouse Executive,null,8,2021-06-04,28500.00
2048,Rajat Ahuja,Male,24,Warehouse,Warehouse Executive,null,8,2020-05-16,28000.00
2049,Eshan Gupta,Male,24,Warehouse,Warehouse Executive,null,8,2020-02-12,29000.00
2050,Bharat Malhotra,Male,25,Warehouse,Warehouse Executive,null,8,2019-11-02,28500.00
2051,Ajay Bansal,Male,33,Warehouse,Warehouse Executive,null,8,2017-10-02,30500.00
2052,Avi Puri,Male,25,Warehouse,Warehouse Executive,null,8,2019-12-12,28500.00
2053,Rajiv Ahuja,Male,23,Warehouse,Warehouse Executive,null,8,2021-01-08,28000.00
2054,Kiara Dubey,Female,25,Warehouse,Warehouse Executive,null,8,2019-07-07,29500.00
2055,Geetika Menon,Female,24,Warehouse,Warehouse Executive,null,8,2020-10-27,27500.00
2056,Ajay Sinha,Male,24,Warehouse,Warehouse Executive,null,8,2020-05-21,29500.00
2057,Rajat Tiwari,Male,25,Warehouse,Warehouse Executive,null,8,2021-01-28,28500.00
2058,Rajiv Nambiar,Male,35,Warehouse,Warehouse Manager,null,9,2021-05-22,77500.00
2059,Rajiv Ali,Male,33,Warehouse,Warehouse Executive,null,9,2018-07-03,30000.00
2060,Ojasvi Mehta,Female,25,Warehouse,Warehouse Executive,null,9,2019-05-27,29500.00
2061,Rohan Sharma,Male,24,Warehouse,Warehouse Executive,null,9,2021-08-01,28500.00
2062,Trisha Naidu,Female,24,Warehouse,Warehouse Executive,null,9,2020-04-23,29000.00
2063,Sameer Mukherjee,Male,27,Warehouse,Warehouse Executive,null,9,2018-08-22,29500.00
2064,Ishaan Das,Male,25,Warehouse,Warehouse Executive,null,9,2020-05-02,28000.00
2065,Jai Siddiqui,Male,25,Warehouse,Warehouse Executive,null,9,2019-02-12,30000.00
2066,Kabir Nair,Male,25,Warehouse,Warehouse Executive,null,9,2021-10-16,28000.00
2067,Siddharth Gupta,Male,24,Warehouse,Warehouse Executive,null,9,2021-12-06,28500.00
2068,Rishabh Tripathi,Male,25,Warehouse,Warehouse Executive,null,9,2020-11-09,28500.00
2069,Sanjay Bose,Male,25,Warehouse,Warehouse Executive,null,9,2019-06-05,30000.00
2070,Komal Hegde,Female,27,Warehouse,Warehouse Executive,null,9,2018-02-06,31000.00
2071,Darshan Subramanian,Male,25,Warehouse,Warehouse Executive,null,9,2019-10-21,30000.00
2072,Abhinav Verma,Male,28,Warehouse,Warehouse Executive,null,9,2017-09-25,31500.00
2073,Uday Hegde,Male,25,Warehouse,Warehouse Executive,null,9,2019-11-29,30000.00
2074,Akshay Srivastava,Male,35,Warehouse,Warehouse Manager,null,10,2017-07-04,86500.00
2075,Tejas Kumar,Male,25,Warehouse,Warehouse Executive,null,10,2020-08-11,29000.00
2076,Neil Qureshi,Male,25,Warehouse,Warehouse Executive,null,10,2019-10-09,28500.00
2077,Aditya Rana,Male,25,Warehouse,Warehouse Executive,null,10,2019-07-27,30500.00
2078,Ishani Goyal,Female,25,Warehouse,Warehouse Executive,null,10,2020-11-07,28500.00
2079,Naina Chauhan,Female,25,Warehouse,Warehouse Executive,null,10,2020-05-19,29000.00
2080,Aadesh Bose,Male,24,Warehouse,Warehouse Executive,null,10,2020-05-21,28500.00
2081,Chhavi Goyal,Female,27,Warehouse,Warehouse Executive,null,10,2018-08-26,30500.00
2082,Rudra Malhotra,Male,25,Warehouse,Warehouse Executive,null,10,2021-06-22,28500.00
2083,Ishaan Dubey,Male,25,Warehouse,Warehouse Executive,null,10,2021-03-29,27000.00
2084,Ira Nair,Female,24,Warehouse,Warehouse Executive,null,10,2020-09-02,29500.00
2085,Yamini Gupta,Female,25,Warehouse,Warehouse Executive,null,10,2019-12-08,29000.00
2086,Geetika Mahajan,Female,23,Warehouse,Warehouse Executive,null,10,2021-03-18,28000.00
2087,Ishani George,Female,33,Warehouse,Warehouse Executive,null,10,2018-03-10,31000.00
2088,Komal Ali,Female,25,Warehouse,Warehouse Executive,null,10,2020-08-19,28500.00
2089,Madhav Pai,Male,23,Warehouse,Warehouse Executive,null,10,2021-01-06,29000.00
2090,Divya Bose,Female,30,Warehouse,Warehouse Manager,null,11,2021-12-21,77000.00
2091,Anika Kumar,Female,24,Warehouse,Warehouse Executive,null,11,2021-12-04,28000.00
2092,Chirag Sinha,Male,28,Warehouse,Warehouse Executive,null,11,2018-12-07,30500.00
2093,Akhil Yadav,Male,25,Warehouse,Warehouse Executive,null,11,2019-09-17,29000.00
2094,Avi Joshi,Male,24,Warehouse,Warehouse Executive,null,11,2020-12-06,27500.00
2095,Geetika Singh,Female,24,Warehouse,Warehouse Executive,null,11,2020-07-12,28000.00
2096,Anika Tripathi,Female,24,Warehouse,Warehouse Executive,null,11,2020-07-02,28000.00
2097,Saanvi Mukherjee,Female,25,Warehouse,Warehouse Executive,null,11,2019-04-11,29500.00
2098,Kabir Sandhu,Male,25,Warehouse,Warehouse Executive,null,11,2019-06-07,30500.00
2099,Dev Mehta,Male,25,Warehouse,Warehouse Executive,null,11,2020-11-04,28000.00
2100,Aarav Joshi,Male,27,Warehouse,Warehouse Executive,null,11,2017-11-25,30000.00
2101,Meera Rao,Female,25,Warehouse,Warehouse Executive,null,11,2019-01-18,30500.00
2102,Hemant Sinha,Male,30,Warehouse,Warehouse Manager,null,12,2020-11-26,79000.00
2103,Vijay Pandey,Male,24,Warehouse,Warehouse Executive,null,12,2021-09-24,27000.00
2104,Gauri Bansal,Female,24,Warehouse,Warehouse Executive,null,12,2020-02-06,29500.00
2105,Aryan Mukherjee,Male,25,Warehouse,Warehouse Executive,null,12,2019-08-10,28500.00
2106,Kanika Bose,Female,24,Warehouse,Warehouse Executive,null,12,2020-04-20,30000.00
2107,Ishaan George,Male,24,Warehouse,Warehouse Executive,null,12,2021-03-27,28000.00
2108,Harini Kapoor,Female,33,Warehouse,Warehouse Executive,null,12,2018-01-19,32000.00
2109,Vivaan Kaur,Male,25,Warehouse,Warehouse Executive,null,12,2019-03-05,29000.00
2110,Leena Sehgal,Female,25,Warehouse,Warehouse Executive,null,12,2020-07-12,29000.00
2111,Jai Sharma,Male,28,Warehouse,Warehouse Executive,null,12,2018-11-19,31000.00
2112,Avni Prasad,Female,29,Warehouse,Warehouse Executive,null,12,2018-11-11,31000.00
2113,Anirudh Suri,Male,32,Finance,Finance Manager,null,null,2020-08-02,130000.00
2114,Ishani Naidu,Female,33,Finance,Finance Manager,null,null,2021-08-29,128500.00
2115,Kabir Raman,Male,32,Finance,Finance Manager,null,null,2017-02-20,141000.00
2116,Ekta Mirza,Female,23,Finance,Finance Executive,null,null,2021-07-24,47000.00
2117,Riya Sehgal,Female,35,Finance,Finance Executive,null,null,2016-07-03,54500.00
2118,Omkar Yadav,Male,28,Finance,Finance Executive,null,null,2018-11-04,52500.00
2119,Komal Khanna,Female,25,Finance,Finance Executive,null,null,2019-09-09,49000.00
2120,Tanvi Rana,Female,25,Finance,Finance Executive,null,null,2019-01-06,51000.00
2121,Aadesh Kumar,Male,24,Finance,Finance Executive,null,null,2020-12-20,47000.00
2122,Darshan Mukherjee,Male,23,Finance,Finance Executive,null,null,2021-07-05,46000.00
2123,Uday Puri,Male,25,Finance,Finance Executive,null,null,2020-02-23,49500.00
2124,Kanika Chatterjee,Female,25,Finance,Finance Executive,null,null,2019-10-15,50500.00
2125,Varun Pandey,Male,29,Finance,Finance Executive,null,null,2018-09-23,51000.00
2126,Ajay Joshi,Male,25,Finance,Finance Executive,null,null,2020-11-22,46000.00
2127,Arjun Siddiqui,Male,25,Finance,Finance Executive,null,null,2020-01-09,49500.00
2128,Farhan Banerjee,Male,24,Finance,Finance Executive,null,null,2020-09-07,49000.00
2129,Ritvik Bansal,Male,24,Finance,Finance Executive,null,null,2020-03-15,48000.00
2130,Jhanvi Tyagi,Female,23,Finance,Finance Executive,null,null,2021-11-17,46000.00
2131,Sameer Desai,Male,23,Finance,Finance Executive,null,null,2021-07-23,45000.00
2132,Naman Goel,Male,25,Finance,Finance Executive,null,null,2019-05-06,49000.00
2133,Girish Naidu,Male,23,Finance,Finance Executive,null,null,2021-05-02,46000.00
2134,Riya Subramanian,Female,25,Finance,Finance Executive,null,null,2019-06-18,51000.00
2135,Bhumika Mukherjee,Female,31,Finance,Finance Executive,null,null,2017-02-12,55000.00
2136,Lavanya Singh,Female,24,Finance,Finance Executive,null,null,2020-03-21,48000.00
2137,Karan Pai,Male,24,Finance,Finance Executive,null,null,2021-05-20,45000.00
2138,Shubham Shetty,Male,25,Finance,Finance Executive,null,null,2019-06-26,50000.00
2139,Akhil Patel,Male,25,Finance,Finance Executive,null,null,2019-06-21,49500.00
2140,Darshan Bansal,Male,24,Finance,Finance Executive,null,null,2020-05-16,46000.00
2141,Hina Mathew,Female,28,Finance,Finance Executive,null,null,2018-02-28,52000.00
2142,Anika Mahajan,Female,35,Finance,Finance Executive,null,null,2016-05-27,54000.00
2143,Siddharth Ahuja,Male,25,Finance,Finance Executive,null,null,2020-10-28,47000.00
2144,Diya Tiwari,Female,28,Finance,Finance Executive,null,null,2018-12-01,52500.00
2145,Kabir Chauhan,Male,32,Finance,Finance Executive,null,null,2017-03-16,55500.00
2146,Imran Krishnan,Male,25,Finance,Finance Executive,null,null,2021-07-29,46500.00
2147,Mayank Mathew,Male,24,Finance,Finance Executive,null,null,2020-01-03,47500.00
2148,Leena Singh,Female,25,Finance,Finance Executive,null,null,2019-08-01,50500.00
2149,Avi Bajaj,Male,25,Finance,Finance Executive,null,null,2019-10-11,49500.00
2150,Aditya Nair,Male,25,Finance,Finance Executive,null,null,2020-10-30,48500.00
2151,Girish Sharma,Male,25,Finance,Finance Executive,null,null,2020-05-21,47000.00
2152,Dev Ansari,Male,25,Finance,Finance Executive,null,null,2021-09-14,46500.00
2153,Bharat Sinha,Male,25,Finance,Finance Executive,null,null,2021-03-31,47500.00
2154,Krish Gupta,Male,25,Finance,Finance Executive,null,null,2019-03-31,50500.00
2155,Manav Khanna,Male,25,Finance,Finance Executive,null,null,2021-04-09,48500.00
2156,Aryan Dubey,Male,34,Finance,Finance Executive,null,null,2018-05-09,51000.00
2157,Rajat Bansal,Male,25,Finance,Finance Executive,null,null,2019-07-24,48500.00
2158,Aarohi Jain,Female,24,Finance,Finance Executive,null,null,2020-01-25,50000.00
2159,Hitesh Krishnan,Male,33,Finance,Finance Executive,null,null,2017-11-23,51500.00
2160,Hitesh Menon,Male,25,Finance,Finance Executive,null,null,2020-09-13,49500.00
2161,Deepti Bose,Other,25,Finance,Finance Executive,null,null,2020-04-17,48500.00
2162,Ritvik Gupta,Male,25,Finance,Finance Executive,null,null,2019-10-05,49000.00
2163,Gaurav Sandhu,Male,25,Finance,Finance Executive,null,null,2020-02-06,47000.00
2164,Naman Iyer,Male,31,Finance,Finance Executive,null,null,2017-02-23,55500.00
2165,Ishita Fernandes,Female,25,Finance,Finance Executive,null,null,2019-01-17,52000.00
2166,Kabir Iyer,Male,25,Finance,Finance Executive,null,null,2019-04-05,50000.00
2167,Akshay Tripathi,Male,24,Finance,Finance Executive,null,null,2020-10-10,46500.00
2168,Yamini Hegde,Female,25,Finance,Finance Executive,null,null,2019-12-06,50000.00
2169,Lavanya Bhat,Female,23,Finance,Finance Executive,null,null,2021-11-11,44000.00
2170,Divya George,Female,24,Finance,Finance Executive,null,null,2020-05-04,47000.00
2171,Chirag Rana,Male,25,Finance,Finance Executive,null,null,2019-11-12,49500.00
2172,Mansi Srivastava,Female,27,Finance,Finance Executive,null,null,2018-09-07,49000.00
2173,Vijay Roy,Male,35,Finance,Finance Executive,null,null,2018-02-09,54000.00
2174,Mahima George,Female,25,Finance,Finance Executive,null,null,2020-06-15,48000.00
2175,Aryan Siddiqui,Male,31,Finance,Finance Executive,null,null,2018-12-20,51000.00
2176,Omkar Siddiqui,Male,24,Finance,Finance Executive,null,null,2020-05-05,46000.00
2177,Abhinav Nambiar,Male,25,Finance,Finance Executive,null,null,2019-05-26,50000.00
2178,Karan Chauhan,Male,33,Finance,Finance Executive,null,null,2017-01-29,54500.00
2179,Manav Chatterjee,Male,25,Finance,Finance Executive,null,null,2019-06-25,49000.00
2180,Neil Kumar,Male,25,Finance,Finance Executive,null,null,2020-10-20,48000.00
2181,Dev Jain,Male,24,Finance,Finance Executive,null,null,2020-03-15,47500.00
2182,Kabir Singh,Male,24,Finance,Finance Executive,null,null,2020-08-01,46000.00
2183,Tejas Khan,Male,27,Finance,Finance Executive,null,null,2018-10-08,52500.00
2184,Ishani Joshi,Female,25,Finance,Finance Executive,null,null,2019-05-21,51500.00
2185,Falguni Prasad,Female,25,Finance,Finance Executive,null,null,2021-10-13,48000.00
2186,Akhil Nair,Male,25,Finance,Finance Executive,null,null,2019-03-30,51000.00
2187,Rishabh Patel,Male,23,Finance,Finance Executive,null,null,2021-11-01,45000.00
2188,Sanjay Iyer,Male,25,Finance,Finance Executive,null,null,2020-12-05,46500.00
2189,Vivaan Banerjee,Male,24,Finance,Finance Executive,null,null,2020-02-03,46500.00
2190,Chirag Dubey,Male,25,Finance,Finance Executive,null,null,2019-06-28,49500.00
2191,Avni Desai,Female,28,Finance,Finance Executive,null,null,2018-08-18,52500.00
2192,Shubham Patel,Male,24,Finance,Finance Executive,null,null,2020-03-17,46500.00
2193,Manav Tripathi,Male,34,HR,HR Manager,null,null,2016-12-06,127500.00
2194,Karan Pandey,Male,32,HR,HR Manager,null,null,2019-10-28,117500.00
2195,Radhika Mukherjee,Female,25,HR,HR Executive,null,null,2019-03-15,40500.00
2196,Kiara Reddy,Female,26,HR,HR Executive,null,null,2018-01-06,44000.00
2197,Shubham Hegde,Male,25,HR,HR Executive,null,null,2020-08-27,41500.00
2198,Dhruv Subramanian,Male,24,HR,HR Executive,null,null,2020-02-16,39000.00
2199,Hitesh Kulkarni,Male,26,HR,HR Executive,null,null,2018-11-23,42000.00
2200,Jay Saxena,Male,25,HR,HR Executive,null,null,2020-06-10,39500.00
2201,Vijay Ansari,Male,25,HR,HR Executive,null,null,2019-10-14,42500.00
2202,Akhil Sharma,Male,25,HR,HR Executive,null,null,2021-06-21,38000.00
2203,Urvi Saxena,Female,25,HR,HR Executive,null,null,2021-03-10,40500.00
2204,Farhan Agarwal,Male,25,HR,HR Executive,null,null,2020-12-06,40500.00
2205,Aadesh Mishra,Male,24,HR,HR Executive,null,null,2021-07-17,39500.00
2206,Dhruv Qureshi,Male,24,HR,HR Executive,null,null,2020-10-11,38500.00
2207,Uday Ahuja,Male,25,HR,HR Executive,null,null,2019-03-08,42500.00
2208,Tushar Chopra,Male,25,HR,HR Executive,null,null,2019-04-21,40500.00
2209,Ankit Pillai,Male,25,HR,HR Executive,null,null,2021-01-17,38500.00
2210,Ajay Chauhan,Male,30,HR,HR Executive,null,null,2018-02-01,43500.00
2211,Kabir Sehgal,Male,24,HR,HR Executive,null,null,2020-01-22,39500.00
2212,Pranav Suri,Male,25,HR,HR Executive,null,null,2019-04-15,43000.00
2213,Girish Sinha,Male,23,HR,HR Executive,null,null,2021-01-17,41000.00
2214,Bhavna Mathew,Female,25,HR,HR Executive,null,null,2021-01-22,38500.00
2215,Juhi Vohra,Female,23,HR,HR Executive,null,null,2021-06-18,40000.00
2216,Ritvik Sethi,Male,28,HR,HR Executive,null,null,2016-12-10,45500.00
2217,Jai Fernandes,Male,24,HR,HR Executive,null,null,2020-01-15,39500.00
2218,Urvi Khan,Female,25,HR,HR Executive,null,null,2019-04-28,41500.00
2219,Tanya Sharma,Female,25,HR,HR Executive,null,null,2019-02-13,40500.00
2220,Charu Puri,Female,25,HR,HR Executive,null,null,2021-12-17,37500.00
2221,Tanya Kulkarni,Female,30,HR,HR Executive,null,null,2017-08-26,44000.00
2222,Tejas Ahuja,Male,25,HR,HR Executive,null,null,2019-03-26,40500.00
2223,Garima Nair,Female,25,HR,HR Executive,null,null,2019-10-25,41500.00
2224,Kriti Pillai,Female,25,HR,HR Executive,null,null,2021-11-26,39000.00
2225,Navya Das,Female,31,HR,HR Executive,null,null,2017-07-01,44500.00
2226,Rudra Chauhan,Male,35,HR,HR Executive,null,null,2016-06-23,46000.00
2227,Hitesh Joshi,Male,25,HR,HR Executive,null,null,2019-05-30,40500.00
2228,Abhinav Pillai,Male,34,HR,HR Executive,null,null,2018-08-18,44500.00
2229,Aryan Thomas,Male,23,HR,HR Executive,null,null,2021-07-27,38000.00
2230,Aditi Rana,Female,25,HR,HR Executive,null,null,2019-07-01,43000.00
2231,Jai Gupta,Male,25,HR,HR Executive,null,null,2019-04-03,41500.00
2232,Diya Chauhan,Female,25,HR,HR Executive,null,null,2020-04-30,40000.00
2233,Vivaan Malhotra,Male,25,HR,HR Executive,null,null,2019-10-02,42500.00
2234,Ojasvi Sandhu,Female,35,HR,HR Executive,null,null,2017-11-08,45500.00
2235,Shalini Mahajan,Female,25,HR,HR Executive,null,null,2019-09-27,42500.00
2236,Yash Arora,Male,25,HR,HR Executive,null,null,2019-01-13,40500.00
2237,Kabir Desai,Male,35,HR,HR Executive,null,null,2017-08-20,44500.00
2238,Vidhi Chopra,Female,25,HR,HR Executive,null,null,2019-12-24,41000.00
2239,Avni Hegde,Female,32,HR,HR Executive,null,null,2018-10-28,44500.00
2240,Pranav Arora,Male,25,HR,HR Executive,null,null,2019-02-27,42000.00
2241,Naman Nambiar,Male,23,HR,HR Executive,null,null,2021-03-25,40500.00
2242,Aanya Dubey,Female,28,HR,HR Executive,null,null,2018-10-05,44000.00
2243,Uday Banerjee,Male,24,HR,HR Executive,null,null,2020-03-19,42000.00
2244,Bhumika Khanna,Female,33,HR,HR Executive,null,null,2017-11-20,45000.00
2245,Kabir Pai,Male,25,HR,HR Executive,null,null,2021-12-23,39500.00
2246,Aryan Rao,Male,25,HR,HR Executive,null,null,2020-01-24,41500.00
2247,Avni Verma,Female,25,HR,HR Executive,null,null,2020-08-15,41500.00
2248,Harshil Sinha,Male,24,HR,HR Executive,null,null,2020-08-20,39500.00
2249,Naina Reddy,Female,26,HR,HR Executive,null,null,2018-04-07,42500.00
2250,Saumya Shah,Female,25,HR,HR Executive,null,null,2019-12-28,40000.00
2251,Akshay Pai,Male,25,HR,HR Executive,null,null,2020-04-07,42000.00
2252,Anirudh Siddiqui,Male,28,HR,HR Executive,null,null,2018-11-15,44000.00
2253,Lakshay Goyal,Male,32,IT,IT Manager,null,null,2021-02-09,169500.00
2254,Darshan Sandhu,Male,33,IT,IT Manager,null,null,2020-05-14,179000.00
2255,Komal Subramanian,Female,34,IT,IT Manager,null,null,2021-05-06,161000.00
2256,Taj Subramanian,Other,32,IT,IT Manager,null,null,2019-04-30,177500.00
2257,Uday Sandhu,Male,24,IT,IT Executive,null,null,2021-11-30,58000.00
2258,Saumya Khanna,Female,24,IT,IT Executive,null,null,2021-03-02,63000.00
2259,Aditya Vohra,Male,25,IT,IT Executive,null,null,2019-10-23,63500.00
2260,Rajat Thomas,Male,25,IT,IT Executive,null,null,2021-01-15,64500.00
2261,Urvi Malhotra,Female,30,IT,IT Executive,null,null,2018-09-09,69500.00
2262,Ishani Khan,Female,24,IT,IT Executive,null,null,2021-08-28,62000.00
2263,Kanika Kaur,Female,25,IT,IT Executive,null,null,2019-07-28,67500.00
2264,Tushar Mahajan,Male,28,IT,IT Executive,null,null,2017-11-29,69500.00
2265,Akhil Goyal,Male,25,IT,IT Executive,null,null,2021-11-02,62000.00
2266,Girish Ahuja,Male,25,IT,IT Executive,null,null,2021-12-22,57500.00
2267,Madhav Kumar,Male,25,IT,IT Executive,null,null,2020-05-11,66000.00
2268,Darshan Menon,Male,25,IT,IT Executive,null,null,2020-08-08,63000.00
2269,Saanvi Dutta,Female,24,IT,IT Executive,null,null,2020-11-10,64000.00
2270,Hemant Siddiqui,Male,25,IT,IT Executive,null,null,2019-07-20,65500.00
2271,Rajiv Tyagi,Male,23,IT,IT Executive,null,null,2021-10-11,59000.00
2272,Rishabh Nambiar,Male,28,IT,IT Executive,null,null,2017-03-18,72500.00
2273,Ankit Dutta,Male,25,IT,IT Executive,null,null,2021-12-05,59500.00
2274,Lavanya D'Souza,Female,34,IT,IT Executive,null,null,2017-03-18,74000.00
2275,Uday Malhotra,Male,25,IT,IT Executive,null,null,2021-06-22,61000.00
2276,Ajay Siddiqui,Male,26,IT,IT Executive,null,null,2018-06-27,66500.00
2277,Mayank Ansari,Male,33,IT,IT Executive,null,null,2018-04-22,68500.00
2278,Mansi Khan,Female,25,IT,IT Executive,null,null,2019-01-10,63500.00
2279,Chhavi George,Female,25,IT,IT Executive,null,null,2019-02-03,63500.00
2280,Trisha Yadav,Female,25,IT,IT Executive,null,null,2021-02-07,63000.00
2281,Kabir Goyal,Male,25,IT,IT Executive,null,null,2019-09-21,62000.00
2282,Dhruv Chopra,Male,25,IT,IT Executive,null,null,2019-06-01,67000.00
2283,Ishani Nair,Female,28,IT,IT Executive,null,null,2017-11-30,71000.00
2284,Madhav Ahuja,Male,25,IT,IT Executive,null,null,2021-09-19,61500.00
2285,Jai Khanna,Male,25,IT,IT Executive,null,null,2020-04-18,61500.00
2286,Aarav Dutta,Male,24,IT,IT Executive,null,null,2020-10-15,64000.00
2287,Aryan Kaur,Male,30,IT,IT Executive,null,null,2018-05-30,69000.00
2288,Chhavi Saxena,Female,34,IT,IT Executive,null,null,2018-08-29,68000.00
2289,Aarav Singh,Male,26,IT,IT Executive,null,null,2018-08-30,66500.00
2290,Mansi Agarwal,Female,25,IT,IT Executive,null,null,2019-05-19,67000.00
2291,Varun Reddy,Male,25,IT,IT Executive,null,null,2019-10-03,64000.00
2292,Varun Vohra,Male,24,IT,IT Executive,null,null,2020-02-26,61000.00
2293,Shalini Yadav,Female,25,IT,IT Executive,null,null,2019-01-10,68000.00
2294,Eshan Sandhu,Male,32,IT,IT Executive,null,null,2018-06-08,71000.00
2295,Sanjay Shetty,Male,30,IT,IT Executive,null,null,2018-06-08,70500.00
2296,Vivaan Kulkarni,Male,33,IT,IT Executive,null,null,2017-12-20,72000.00
2297,Sameer Shah,Male,28,IT,IT Executive,null,null,2017-02-25,68500.00
2298,Rohan Mathew,Male,25,IT,IT Executive,null,null,2020-01-06,62000.00
2299,Tushar Banerjee,Male,34,IT,IT Executive,null,null,2018-07-24,70500.00
2300,Dev Das,Male,30,IT,IT Executive,null,null,2017-07-15,70000.00
2301,Naman Chopra,Male,29,IT,IT Executive,null,null,2017-03-29,72000.00
2302,Chhavi Srivastava,Female,29,IT,IT Executive,null,null,2016-08-09,71500.00
2303,Falguni Jain,Female,25,IT,IT Executive,null,null,2019-04-26,65000.00
2304,Mansi Mahajan,Female,25,IT,IT Executive,null,null,2019-05-05,63500.00
2305,Riya Bhat,Female,24,IT,IT Executive,null,null,2020-12-27,60500.00
2306,Mahima Desai,Female,25,IT,IT Executive,null,null,2020-02-19,65000.00
2307,Yash D'Souza,Male,25,IT,IT Executive,null,null,2020-10-29,65500.00
2308,Vijay Chopra,Male,25,IT,IT Executive,null,null,2019-04-28,67500.00
2309,Omkar Mehta,Male,25,IT,IT Executive,null,null,2020-12-15,60000.00
2310,Nikhil Kaur,Male,25,IT,IT Executive,null,null,2019-06-26,64000.00
2311,Juhi George,Female,25,IT,IT Executive,null,null,2020-08-25,65000.00
2312,Ishaan Goel,Male,23,IT,IT Executive,null,null,2021-03-31,60500.00
2313,Chhavi Chopra,Female,25,IT,IT Executive,null,null,2019-06-04,65000.00
2314,Ishita Desai,Female,25,IT,IT Executive,null,null,2020-08-21,64000.00
2315,Rudra Rana,Male,25,IT,IT Executive,null,null,2019-10-09,66500.00
2316,Deepti Banerjee,Other,25,IT,IT Executive,null,null,2019-09-01,65500.00
2317,Mahima Rana,Female,24,IT,IT Executive,null,null,2021-01-14,62000.00
2318,Ritvik Nambiar,Male,29,IT,IT Executive,null,null,2017-06-28,70000.00
2319,Karan Khan,Male,27,IT,IT Executive,null,null,2018-05-05,68500.00
2320,Charu Agarwal,Female,28,IT,IT Executive,null,null,2017-07-17,67000.00
2321,Rajiv Dutta,Male,25,IT,IT Executive,null,null,2021-08-08,62000.00
2322,Jay Thakur,Male,25,IT,IT Executive,null,null,2020-06-05,63000.00
2323,Siddharth Qureshi,Male,24,IT,IT Executive,null,null,2020-01-18,65500.00
2324,Siddharth Bhat,Male,25,IT,IT Executive,null,null,2020-10-02,60500.00
2325,Lavanya Tiwari,Female,24,IT,IT Executive,null,null,2021-03-18,64000.00
2326,Anirudh Yadav,Male,24,IT,IT Executive,null,null,2020-04-09,60500.00
2327,Ayesha Bansal,Female,25,IT,IT Executive,null,null,2019-05-25,65000.00
2328,Girish Mathew,Male,23,IT,IT Executive,null,null,2021-05-02,59000.00
2329,Aarohi Gupta,Female,25,IT,IT Executive,null,null,2019-02-11,63500.00
2330,Ayesha Prasad,Female,25,IT,IT Executive,null,null,2019-04-09,65500.00
2331,Trisha Kulkarni,Female,25,IT,IT Executive,null,null,2019-09-19,67000.00
2332,Naman Qureshi,Male,25,IT,IT Executive,null,null,2020-08-10,61500.00
2333,Neil Singh,Male,25,IT,IT Executive,null,null,2019-01-30,65500.00
2334,Kriti Mehta,Female,24,IT,IT Executive,null,null,2020-12-08,60500.00
2335,Rashi Gill,Female,25,IT,IT Executive,null,null,2020-01-03,63500.00
2336,Chirag Tyagi,Male,25,IT,IT Executive,null,null,2020-08-29,62000.00
2337,Upasana Patel,Female,25,IT,IT Executive,null,null,2019-08-05,63000.00
2338,Ishaan Bansal,Male,24,IT,IT Executive,null,null,2020-02-02,63500.00
2339,Rohan Ali,Male,25,IT,IT Executive,null,null,2019-01-19,63500.00
2340,Aadesh Tripathi,Male,23,IT,IT Executive,null,null,2021-09-13,61500.00
2341,Gaurav Malhotra,Male,25,IT,IT Executive,null,null,2020-09-30,62500.00
2342,Tanvi Jain,Female,35,IT,IT Executive,null,null,2018-01-21,69000.00
2343,Lakshay Khanna,Male,24,IT,IT Executive,null,null,2020-10-17,62500.00
2344,Kanika Suri,Female,23,IT,IT Executive,null,null,2021-05-22,59000.00
2345,Yashika Joshi,Female,23,IT,IT Executive,null,null,2021-08-13,58000.00
2346,Aanya Patel,Female,24,IT,IT Executive,null,null,2020-03-17,66000.00
2347,Diya Ghosh,Female,35,IT,IT Executive,null,null,2018-08-20,67500.00
2348,Aarohi Bansal,Female,25,IT,IT Executive,null,null,2020-04-23,62000.00
2349,Fatima Srivastava,Female,23,IT,IT Executive,null,null,2021-12-15,60000.00
2350,Varun Menon,Male,25,IT,IT Executive,null,null,2019-12-22,65500.00
2351,Sameer Roy,Male,24,IT,IT Executive,null,null,2021-09-19,62000.00
2352,Rishabh George,Male,33,IT,IT Executive,null,null,2018-03-15,71000.00
2353,Uday Khan,Male,24,IT,IT Executive,null,null,2020-11-26,61500.00
2354,Jay Ansari,Male,24,IT,IT Executive,null,null,2021-11-03,58000.00
2355,Naina Tyagi,Female,34,IT,IT Executive,null,null,2018-11-04,68000.00
2356,Ishaan Shetty,Male,27,IT,IT Executive,null,null,2017-08-13,71000.00
2357,Lakshay Ali,Male,24,IT,IT Executive,null,null,2020-12-03,64000.00
2358,Abhinav Dubey,Male,25,IT,IT Executive,null,null,2019-08-31,66500.00
2359,Pranav Pillai,Male,24,IT,IT Executive,null,null,2020-03-13,62000.00
2360,Avi Goyal,Male,25,IT,IT Executive,null,null,2020-02-01,66000.00
2361,Lavanya Mathew,Female,25,IT,IT Executive,null,null,2019-08-24,62000.00
2362,Anirudh Mirza,Male,25,IT,IT Executive,null,null,2020-11-04,65000.00
2363,Girish Rana,Male,24,IT,IT Executive,null,null,2020-09-17,63500.00
2364,Neil Bhat,Male,34,IT,IT Executive,null,null,2016-05-22,72000.00
2365,Ekta Saxena,Female,31,IT,IT Executive,null,null,2017-08-23,71000.00
2366,Rishi Menon,Other,28,IT,IT Executive,null,null,2016-05-11,71500.00
2367,Bharat Das,Male,31,IT,IT Executive,null,null,2018-08-04,67500.00
2368,Sameer Mathew,Male,25,IT,IT Executive,null,null,2019-12-03,62000.00
2369,Falguni Qureshi,Female,24,IT,IT Executive,null,null,2020-04-28,61000.00
2370,Aditya Thakur,Male,25,IT,IT Executive,null,null,2019-07-01,67500.00
2371,Krish Puri,Male,25,IT,IT Executive,null,null,2020-06-06,61000.00
2372,Komal Patel,Female,25,IT,IT Executive,null,null,2019-11-21,65000.00
2373,Jatin Vohra,Male,34,Operations,Operations Manager,null,null,2019-12-12,154500.00
2374,Riya Banerjee,Female,35,Operations,Operations Manager,null,null,2018-01-22,156500.00
2375,Garima Pai,Female,33,Operations,Operations Manager,null,null,2020-11-08,148500.00
2376,Darshan Yadav,Male,32,Operations,Operations Manager,null,null,2020-02-24,151000.00
2377,Ishaan Bhat,Male,32,Operations,Operations Manager,null,null,2021-09-16,146000.00
2378,Nikhil Prasad,Male,24,Operations,Operations Executive,null,null,2021-04-16,55500.00
2379,Ritvik Kulkarni,Male,25,Operations,Operations Executive,null,null,2021-11-08,55000.00
2380,Ayesha Ali,Female,24,Operations,Operations Executive,null,null,2020-11-20,54000.00
2381,Nikhil Gupta,Male,27,Operations,Operations Executive,null,null,2017-02-17,60500.00
2382,Chirag Chauhan,Male,24,Operations,Operations Executive,null,null,2020-09-17,56000.00
2383,Tushar Mathew,Male,33,Operations,Operations Executive,null,null,2016-06-04,66000.00
2384,Abhinav Fernandes,Male,24,Operations,Operations Executive,null,null,2020-05-03,53500.00
2385,Omkar Reddy,Male,24,Operations,Operations Executive,null,null,2020-10-09,57000.00
2386,Mahima Khanna,Female,23,Operations,Operations Executive,null,null,2021-03-06,53500.00
2387,Akhil Ali,Male,25,Operations,Operations Executive,null,null,2020-04-05,55000.00
2388,Rohan Roy,Male,24,Operations,Operations Executive,null,null,2020-01-04,58000.00
2389,Abhinav Thakur,Male,25,Operations,Operations Executive,null,null,2019-12-25,57000.00
2390,Imran Srivastava,Male,35,Operations,Operations Executive,null,null,2016-04-06,64000.00
2391,Deepika Khan,Female,24,Operations,Operations Executive,null,null,2021-10-11,51500.00
2392,Mayank Ali,Male,31,Operations,Operations Executive,null,null,2018-06-15,58500.00
2393,Ankit Verma,Male,24,Operations,Operations Executive,null,null,2021-03-28,55000.00
2394,Varun Subramanian,Male,25,Operations,Operations Executive,null,null,2020-09-02,55000.00
2395,Imran Agarwal,Male,26,Operations,Operations Executive,null,null,2018-05-21,59500.00
2396,Gauri Sehgal,Female,24,Operations,Operations Executive,null,null,2020-05-18,56500.00
2397,Vaishnavi Mukherjee,Female,31,Operations,Operations Executive,null,null,2018-05-31,62500.00
2398,Madhav Ansari,Male,24,Operations,Operations Executive,null,null,2021-10-08,51500.00
2399,Bhavna Srivastava,Female,25,Operations,Operations Executive,null,null,2020-08-30,53000.00
2400,Aditya Menon,Male,25,Operations,Operations Executive,null,null,2019-11-10,57000.00
2401,Jai Krishnan,Male,30,Operations,Operations Executive,null,null,2016-10-06,63500.00
2402,Gauri Shah,Female,23,Operations,Operations Executive,null,null,2021-03-30,53500.00
2403,Ayesha Pai,Female,25,Operations,Operations Executive,null,null,2019-09-21,58500.00
2404,Chirag Chopra,Male,23,Operations,Operations Executive,null,null,2021-11-19,52500.00
2405,Vivaan Nambiar,Male,23,Operations,Operations Executive,null,null,2021-10-21,55000.00
2406,Chahat Bajaj,Other,24,Operations,Operations Executive,null,null,2020-09-11,55500.00
2407,Krish Sethi,Male,24,Operations,Operations Executive,null,null,2020-04-13,53500.00
2408,Pari Jain,Female,24,Operations,Operations Executive,null,null,2020-01-11,57500.00
2409,Bhavna Ansari,Female,25,Operations,Operations Executive,null,null,2019-08-23,59000.00
2410,Falguni Arora,Female,25,Operations,Operations Executive,null,null,2019-09-03,57500.00
2411,Garima Dutta,Female,23,Operations,Operations Executive,null,null,2021-10-16,53000.00
2412,Manav Chauhan,Male,24,Operations,Operations Executive,null,null,2020-08-30,56000.00
2413,Rohan Chatterjee,Male,25,Operations,Operations Executive,null,null,2020-02-21,55500.00
2414,Pranav Mathew,Male,25,Operations,Operations Executive,null,null,2020-10-30,53500.00
2415,Bhumika Banerjee,Female,24,Operations,Operations Executive,null,null,2021-03-15,52500.00
2416,Krish Rao,Male,29,Operations,Operations Executive,null,null,2017-02-10,63000.00
2417,Pari Mishra,Female,23,Operations,Operations Executive,null,null,2021-06-08,55500.00
2418,Ankit Raman,Male,27,Operations,Operations Executive,null,null,2017-06-17,62500.00
2419,Vaishnavi Roy,Female,24,Operations,Operations Executive,null,null,2021-07-04,52000.00
2420,Siddharth Kapoor,Male,32,Operations,Operations Executive,null,null,2016-03-12,66000.00
2421,Yashika Tiwari,Female,32,Operations,Operations Executive,null,null,2018-03-17,63500.00
2422,Aadesh Shah,Male,25,Operations,Operations Executive,null,null,2019-03-28,60000.00
2423,Karan Reddy,Male,25,Operations,Operations Executive,null,null,2021-02-05,53000.00
2424,Siddharth Tyagi,Male,23,Operations,Operations Executive,null,null,2021-05-25,52500.00
2425,Vivaan Ghosh,Male,31,Operations,Operations Executive,null,null,2018-01-05,63500.00
2426,Aarav Kumar,Male,35,Operations,Operations Executive,null,null,2018-08-22,58500.00
2427,Yashika Roy,Female,32,Operations,Operations Executive,null,null,2018-07-01,60500.00
2428,Charu Gill,Female,32,Operations,Operations Executive,null,null,2018-02-20,62000.00
2429,Darshan Sehgal,Male,25,Operations,Operations Executive,null,null,2019-12-12,54000.00
2430,Rashi Ghosh,Female,25,Operations,Operations Executive,null,null,2021-05-24,55000.00
2431,Ishita Gupta,Female,25,Operations,Operations Executive,null,null,2021-05-14,55000.00
2432,Avni Arora,Female,24,Operations,Operations Executive,null,null,2020-10-07,55500.00
2433,Girish Iyer,Male,25,Operations,Operations Executive,null,null,2020-09-04,56000.00
2434,Shalini Patel,Female,25,Operations,Operations Executive,null,null,2019-11-27,54000.00
2435,Karan Chatterjee,Male,27,Operations,Operations Executive,null,null,2018-05-07,59000.00
2436,Jay Gill,Male,25,Operations,Operations Executive,null,null,2019-04-24,57500.00
2437,Lakshay Sinha,Male,26,Operations,Operations Executive,null,null,2018-12-21,57000.00
2438,Rishabh Singh,Male,35,Operations,Operations Executive,null,null,2018-06-27,62500.00
2439,Vijay Iyer,Male,33,Operations,Operations Executive,null,null,2018-09-29,59000.00
2440,Farhan Khan,Male,28,Operations,Operations Executive,null,null,2016-03-18,61000.00
2441,Samar Verma,Male,25,Operations,Operations Executive,null,null,2019-11-05,56000.00
2442,Girish Kulkarni,Male,25,Operations,Operations Executive,null,null,2020-11-01,56000.00
2443,Mayank Ahuja,Male,24,Operations,Operations Executive,null,null,2020-01-17,55500.00
2444,Akshay Bansal,Male,23,Operations,Operations Executive,null,null,2021-04-17,53000.00
2445,Gaurav Banerjee,Male,25,Operations,Operations Executive,null,null,2020-01-02,56000.00
2446,Fatima Saxena,Female,23,Operations,Operations Executive,null,null,2021-12-18,52500.00
2447,Ojasvi Rao,Female,25,Operations,Operations Executive,null,null,2020-06-02,56500.00
2448,Dev Khanna,Male,23,Operations,Operations Executive,null,null,2021-06-25,51000.00
2449,Chhavi Kumar,Female,28,Operations,Operations Executive,null,null,2018-10-30,61000.00
2450,Aryan Fernandes,Male,25,Operations,Operations Executive,null,null,2019-05-31,56000.00
2451,Jhanvi Ahuja,Female,23,Operations,Operations Executive,null,null,2021-10-31,52500.00
2452,Bharat Thakur,Male,33,Operations,Operations Executive,null,null,2016-09-16,64500.00
2453,Kriti Shah,Female,25,Operations,Operations Executive,null,null,2019-01-31,58000.00
2454,Anirudh Khanna,Male,24,Operations,Operations Executive,null,null,2021-11-15,52000.00
2455,Karan Bhat,Male,25,Operations,Operations Executive,null,null,2020-03-24,58000.00
2456,Vidhi Joshi,Female,25,Operations,Operations Executive,null,null,2021-02-12,56500.00
2457,Pari Sinha,Female,25,Operations,Operations Executive,null,null,2019-06-30,56000.00
2458,Sameer Patel,Male,25,Operations,Operations Executive,null,null,2020-01-06,56000.00
2459,Avni Kulkarni,Female,25,Operations,Operations Executive,null,null,2019-11-26,57000.00
2460,Ojasvi Mukherjee,Female,35,Operations,Operations Executive,null,null,2017-01-06,65000.00
2461,Naman Shetty,Male,25,Operations,Operations Executive,null,null,2019-10-23,57000.00
2462,Lavanya Sharma,Female,29,Operations,Operations Executive,null,null,2018-01-14,60500.00
2463,Dhruv Siddiqui,Male,25,Operations,Operations Executive,null,null,2021-09-20,52500.00
2464,Rajat Patel,Male,24,Operations,Operations Executive,null,null,2020-09-26,53000.00
2465,Jai Desai,Male,25,Operations,Operations Executive,null,null,2019-03-25,56000.00
2466,Yash Khanna,Male,24,Operations,Operations Executive,null,null,2021-02-06,53000.00
2467,Aditya Desai,Male,30,Operations,Operations Executive,null,null,2018-04-12,60000.00
2468,Ishaan Bajaj,Male,30,Operations,Operations Executive,null,null,2017-03-21,63500.00
2469,Eshan Thakur,Male,24,Operations,Operations Executive,null,null,2021-03-28,52500.00
2470,Vijay Shetty,Male,31,Operations,Operations Executive,null,null,2018-01-19,62500.00
2471,Dhruv Thomas,Male,25,Operations,Operations Executive,null,null,2020-01-02,56000.00
2472,Varun George,Male,26,Operations,Operations Executive,null,null,2018-07-29,60500.00
2473,Anirudh Rao,Male,25,Operations,Operations Executive,null,null,2019-05-12,56500.00
2474,Rohan Jain,Male,24,Operations,Operations Executive,null,null,2020-12-28,52500.00
2475,Mahima Kaur,Female,23,Operations,Operations Executive,null,null,2021-09-02,52500.00
2476,Bharat Dubey,Male,25,Operations,Operations Executive,null,null,2020-09-15,53000.00
2477,Arjun Patel,Male,25,Operations,Operations Executive,null,null,2020-05-23,53500.00
2478,Navya Bajaj,Female,28,Operations,Operations Executive,null,null,2016-04-25,65000.00
2479,Ira Chopra,Female,25,Operations,Operations Executive,null,null,2021-11-25,54500.00
2480,Girish Bhat,Male,29,Operations,Operations Executive,null,null,2018-05-22,60000.00
2481,Arjun Khan,Male,25,Operations,Operations Executive,null,null,2019-09-01,59000.00
2482,Aditya Mathew,Male,23,Operations,Operations Executive,null,null,2021-01-13,54500.00
2483,Ojasvi Goel,Female,25,Operations,Operations Executive,null,null,2019-10-07,58000.00
2484,Aditya Chatterjee,Male,25,Operations,Operations Executive,null,null,2020-10-01,53500.00
2485,Manav Sehgal,Male,28,Operations,Operations Executive,null,null,2018-06-28,61000.00
2486,Esha Suri,Female,25,Operations,Operations Executive,null,null,2019-07-27,55500.00
2487,Tushar Kulkarni,Male,25,Operations,Operations Executive,null,null,2020-04-12,55500.00
2488,Harshil Ansari,Male,24,Operations,Operations Executive,null,null,2020-01-16,56500.00
2489,Charu Gupta,Female,25,Operations,Operations Executive,null,null,2019-02-17,56000.00
2490,Kriti Arora,Female,32,Operations,Operations Executive,null,null,2018-03-26,62500.00
2491,Urvi Iyer,Female,24,Operations,Operations Executive,null,null,2020-12-21,54000.00
2492,Pawan George,Other,25,Operations,Operations Executive,null,null,2019-10-26,57500.00
2493,Urvi Subramanian,Female,24,Operations,Operations Executive,null,null,2020-11-07,55500.00
2494,Neil Raman,Male,25,Operations,Operations Executive,null,null,2021-08-20,52500.00
2495,Anirudh Ahuja,Male,25,Operations,Operations Executive,null,null,2020-04-18,54000.00
2496,Hemant Bhat,Male,25,Operations,Operations Executive,null,null,2020-01-30,57500.00
2497,Kavya Verma,Female,24,Operations,Operations Executive,null,null,2020-02-18,56500.00
2498,Anika Thomas,Female,28,Operations,Operations Executive,null,null,2018-10-21,61000.00
2499,Aditya Dubey,Male,24,Operations,Operations Executive,null,null,2020-01-05,58000.00
2500,Akshay Joshi,Male,25,Operations,Operations Executive,null,null,2020-06-28,55500.00
2501,Krish Kumar,Male,25,Operations,Operations Executive,null,null,2020-04-16,53500.00
2502,Ira Arora,Female,25,Operations,Operations Executive,null,null,2019-01-08,59500.00
2503,Samar Pai,Male,25,Operations,Operations Executive,null,null,2019-11-10,57000.00
2504,Juhi Krishnan,Female,25,Operations,Operations Executive,null,null,2020-12-13,57000.00
2505,Jatin Roy,Male,25,Operations,Operations Executive,null,null,2019-12-13,57500.00
2506,Rohan Reddy,Male,24,Operations,Operations Executive,null,null,2020-12-22,55500.00
2507,Deepika Kulkarni,Female,24,Operations,Operations Executive,null,null,2021-11-15,55000.00
2508,Ishita Jain,Female,23,Operations,Operations Executive,null,null,2021-05-12,52000.00
2509,Vijay Kulkarni,Male,24,Operations,Operations Executive,null,null,2020-04-05,54500.00
2510,Hina Krishnan,Female,23,Operations,Operations Executive,null,null,2021-01-20,52000.00
2511,Bhavna Qureshi,Female,31,Operations,Operations Executive,null,null,2017-03-27,60000.00
2512,Madhav Vohra,Male,23,Operations,Operations Executive,null,null,2021-11-23,51000.00
2513,Parth Pai,Male,24,Operations,Operations Executive,null,null,2021-07-24,51500.00
2514,Tanya Srivastava,Female,24,Operations,Operations Executive,null,null,2020-04-04,56500.00
2515,Ritvik Banerjee,Male,34,Operations,Operations Executive,null,null,2018-08-21,62000.00
2516,Sanjay Arora,Male,35,Operations,Operations Executive,null,null,2018-01-14,60500.00
2517,Jhanvi Fernandes,Female,31,Operations,Operations Executive,null,null,2018-06-17,58000.00
2518,Garima Kapoor,Female,24,Operations,Operations Executive,null,null,2020-08-31,53000.00
2519,Nikhil Ansari,Male,25,Operations,Operations Executive,null,null,2019-10-17,55500.00
2520,Vijay Reddy,Male,25,Operations,Operations Executive,null,null,2019-11-28,57500.00
2521,Bhavna Ghosh,Female,33,Operations,Operations Executive,null,null,2018-09-24,59500.00
2522,Trisha Suri,Female,25,Operations,Operations Executive,null,null,2021-01-30,57000.00
2523,Juhi Jain,Female,25,Operations,Operations Executive,null,null,2020-05-17,57000.00
2524,Tushar Gupta,Male,25,Operations,Operations Executive,null,null,2021-04-16,55000.00
2525,Rajat Khan,Male,25,Operations,Operations Executive,null,null,2021-12-13,55500.00
2526,Vaishnavi Bose,Female,33,Operations,Operations Executive,null,null,2016-09-01,64500.00
2527,Trisha Patel,Female,25,Operations,Operations Executive,null,null,2019-03-26,56000.00
2528,Gaurav Verma,Male,25,Operations,Operations Executive,null,null,2019-03-31,56500.00
2529,Geet Shetty,Other,24,Operations,Operations Executive,null,null,2020-04-22,57000.00
2530,Raman Naidu,Other,24,Operations,Operations Executive,null,null,2020-04-16,57500.00
2531,Chirag Banerjee,Male,25,Operations,Operations Executive,null,null,2019-01-28,58000.00
2532,Karan Sandhu,Male,25,Operations,Operations Executive,null,null,2019-12-26,58000.00
2533,Farhan Pandey,Male,25,Operations,Operations Executive,null,null,2020-12-19,55500.00
2534,Krish Patel,Male,24,Operations,Operations Executive,null,null,2021-11-15,50500.00
2535,Riya Ghosh,Female,25,Operations,Operations Executive,null,null,2020-11-24,55500.00
2536,Ritvik Malhotra,Male,23,Operations,Operations Executive,null,null,2021-01-04,56000.00
2537,Samar Singh,Male,32,Operations,Operations Executive,null,null,2018-04-27,60000.00
2538,Mansi Tripathi,Female,25,Operations,Operations Executive,null,null,2020-08-09,55500.00
2539,Ira Kapoor,Female,25,Operations,Operations Executive,null,null,2019-05-14,56000.00
2540,Jai Shetty,Male,34,Operations,Operations Executive,null,null,2018-09-03,62500.00
2541,Akhil Rana,Male,35,Operations,Operations Executive,null,null,2018-08-17,61000.00
2542,Naina Gill,Female,25,Operations,Operations Executive,null,null,2019-09-17,56500.00
2543,Varun Mathew,Male,24,Operations,Operations Executive,null,null,2020-03-25,55500.00
2544,Neil Nair,Male,26,Operations,Operations Executive,null,null,2018-06-18,58500.00
2545,Naman Fernandes,Male,25,Operations,Operations Executive,null,null,2019-10-06,57000.00
2546,Karan Banerjee,Male,25,Operations,Operations Executive,null,null,2019-11-20,57000.00
2547,Nikhil Ghosh,Male,33,Operations,Operations Executive,null,null,2018-12-09,60500.00
2548,Rohan Goyal,Male,23,Operations,Operations Executive,null,null,2021-12-22,52500.00
2549,Charu Mathew,Female,25,Operations,Operations Executive,null,null,2020-12-28,56000.00
2550,Siddharth Shetty,Male,34,Operations,Operations Executive,null,null,2016-12-27,65500.00
2551,Anirudh Kapoor,Male,25,Operations,Operations Executive,null,null,2020-07-18,53500.00
2552,Girish Ghosh,Male,25,Operations,Operations Executive,null,null,2020-05-04,57500.00
2553,Ajay Suri,Male,35,Marketing,Marketing Manager,null,null,2020-03-03,132500.00
2554,Farhan Goyal,Male,34,Marketing,Marketing Manager,null,null,2019-09-27,138500.00
2555,Hina Shetty,Female,33,Marketing,Marketing Manager,null,null,2019-07-18,131500.00
2556,Uday Pandey,Male,23,Marketing,Marketing Executive,null,null,2021-06-23,45000.00
2557,Trisha Saxena,Female,30,Marketing,Marketing Executive,null,null,2018-10-31,52000.00
2558,Kanika George,Female,27,Marketing,Marketing Executive,null,null,2018-06-11,50500.00
2559,Ajay Tiwari,Male,25,Marketing,Marketing Executive,null,null,2020-06-05,49500.00
2560,Rohan Tiwari,Male,35,Marketing,Marketing Executive,null,null,2018-03-30,55000.00
2561,Heena Puri,Female,25,Marketing,Marketing Executive,null,null,2019-01-18,48500.00
2562,Heena Sandhu,Female,24,Marketing,Marketing Executive,null,null,2020-01-25,48500.00
2563,Kabir Tiwari,Male,25,Marketing,Marketing Executive,null,null,2019-05-26,51000.00
2564,Kabir Pandey,Male,32,Marketing,Marketing Executive,null,null,2017-02-22,53000.00
2565,Varun Chatterjee,Male,25,Marketing,Marketing Executive,null,null,2019-06-18,49000.00
2566,Manav Mathew,Male,32,Marketing,Marketing Executive,null,null,2017-04-02,54000.00
2567,Omkar Mishra,Male,25,Marketing,Marketing Executive,null,null,2021-04-16,49000.00
2568,Mansi George,Female,24,Marketing,Marketing Executive,null,null,2020-04-29,48000.00
2569,Madhav Kulkarni,Male,27,Marketing,Marketing Executive,null,null,2017-12-24,53000.00
2570,Divya Sandhu,Female,35,Marketing,Marketing Executive,null,null,2018-06-05,53500.00
2571,Chahat Dubey,Other,25,Marketing,Marketing Executive,null,null,2019-10-09,50500.00
2572,Tanvi Patel,Female,24,Marketing,Marketing Executive,null,null,2021-05-15,48000.00
2573,Anirudh Thomas,Male,34,Marketing,Marketing Executive,null,null,2018-04-18,53500.00
2574,Bharat Joshi,Male,25,Marketing,Marketing Executive,null,null,2020-04-20,48000.00
2575,Bhavna Khan,Female,25,Marketing,Marketing Executive,null,null,2020-11-28,46000.00
2576,Bharat Krishnan,Male,25,Marketing,Marketing Executive,null,null,2021-05-31,47500.00
2577,Kanika Mahajan,Female,25,Marketing,Marketing Executive,null,null,2020-03-10,50000.00
2578,Sanjay Prasad,Male,24,Marketing,Marketing Executive,null,null,2020-04-04,46500.00
2579,Ritvik Singh,Male,25,Marketing,Marketing Executive,null,null,2020-04-11,46500.00
2580,Ritvik Shetty,Male,25,Marketing,Marketing Executive,null,null,2020-01-24,50000.00
2581,Ritvik Siddiqui,Male,24,Marketing,Marketing Executive,null,null,2020-03-25,46000.00
2582,Heena Pai,Female,25,Marketing,Marketing Executive,null,null,2019-12-09,46500.00
2583,Tanya George,Female,25,Marketing,Marketing Executive,null,null,2019-06-02,48500.00
2584,Aadesh Suri,Male,28,Marketing,Marketing Executive,null,null,2018-08-15,51500.00
2585,Eshan Chatterjee,Male,28,Marketing,Marketing Executive,null,null,2017-12-16,51500.00
2586,Jatin Kapoor,Male,25,Marketing,Marketing Executive,null,null,2020-03-16,49500.00
2587,Kiara Pai,Female,25,Marketing,Marketing Executive,null,null,2020-11-08,46500.00
2588,Siddharth Kulkarni,Male,25,Marketing,Marketing Executive,null,null,2020-10-26,48000.00
2589,Dhruv Sethi,Male,25,Marketing,Marketing Executive,null,null,2020-11-25,47500.00
2590,Mahima Sinha,Female,25,Marketing,Marketing Executive,null,null,2019-04-18,49000.00
2591,Jai Iyer,Male,23,Marketing,Marketing Executive,null,null,2021-06-17,44500.00
2592,Siddharth Nair,Male,32,Marketing,Marketing Executive,null,null,2017-03-08,54000.00
2593,Hina Bose,Female,31,Marketing,Marketing Executive,null,null,2018-03-11,52500.00
2594,Omkar Sinha,Male,25,Marketing,Marketing Executive,null,null,2019-01-17,48500.00
2595,Mahima Pandey,Female,25,Marketing,Marketing Executive,null,null,2019-04-20,50500.00
2596,Vijay Pillai,Male,35,Marketing,Marketing Executive,null,null,2016-10-14,56500.00
2597,Naman Singh,Male,27,Marketing,Marketing Executive,null,null,2018-05-09,52500.00
2598,Hemant Bajaj,Male,25,Marketing,Marketing Executive,null,null,2019-09-16,51000.00
2599,Madhav Reddy,Male,31,Marketing,Marketing Executive,null,null,2018-01-26,51000.00
2600,Harini Agarwal,Female,25,Marketing,Marketing Executive,null,null,2021-12-18,44000.00
2601,Zoya Yadav,Female,24,Marketing,Marketing Executive,null,null,2020-08-06,49500.00
2602,Vivaan Thomas,Male,25,Marketing,Marketing Executive,null,null,2020-10-11,45500.00
2603,Chirag Sethi,Male,24,Marketing,Marketing Executive,null,null,2020-02-02,47500.00
2604,Omkar Shetty,Male,25,Marketing,Marketing Executive,null,null,2021-12-28,44000.00
2605,Mayank Thomas,Male,32,Marketing,Marketing Executive,null,null,2018-08-18,50500.00
2606,Neil Siddiqui,Male,35,Marketing,Marketing Executive,null,null,2017-06-06,56000.00
2607,Anika Reddy,Female,25,Marketing,Marketing Executive,null,null,2021-08-23,48000.00
2608,Akshay Fernandes,Male,34,Marketing,Marketing Executive,null,null,2018-11-14,54000.00
2609,Diya D'Souza,Female,24,Marketing,Marketing Executive,null,null,2020-10-29,45500.00
2610,Kabir Patel,Male,23,Marketing,Marketing Executive,null,null,2021-03-26,46500.00
2611,Navya Goel,Female,25,Marketing,Marketing Executive,null,null,2021-09-05,46000.00
2612,Gaurav Srivastava,Male,23,Marketing,Marketing Executive,null,null,2021-02-17,47000.00
2613,Dhruv Bajaj,Male,27,Marketing,Marketing Executive,null,null,2017-08-14,51000.00
2614,Upasana Goel,Female,24,Marketing,Marketing Executive,null,null,2020-01-02,50000.00
2615,Kavya Shetty,Female,25,Marketing,Marketing Executive,null,null,2020-09-15,48000.00
2616,Upasana Rao,Female,25,Marketing,Marketing Executive,null,null,2019-10-13,47500.00
2617,Leena Mehta,Female,24,Marketing,Marketing Executive,null,null,2020-06-13,49000.00
2618,Ajay Qureshi,Male,25,Marketing,Marketing Executive,null,null,2019-06-20,51000.00
2619,Tushar Joshi,Male,25,Marketing,Marketing Executive,null,null,2019-04-13,48000.00
2620,Karan Mahajan,Male,33,Marketing,Marketing Executive,null,null,2016-05-09,56500.00
2621,Ritvik Bajaj,Male,35,Marketing,Marketing Executive,null,null,2018-02-02,53000.00
2622,Varun Sharma,Male,25,Marketing,Marketing Executive,null,null,2019-12-07,50000.00
2623,Aarav Goel,Male,25,Marketing,Marketing Executive,null,null,2019-06-28,47500.00
2624,Ankit Joshi,Male,25,Marketing,Marketing Executive,null,null,2020-08-23,48000.00
2625,Aadhya Kaur,Female,25,Marketing,Marketing Executive,null,null,2019-03-28,48000.00
2626,Saumya Menon,Female,25,Marketing,Marketing Executive,null,null,2019-07-07,48000.00
2627,Sameer Thakur,Male,25,Marketing,Marketing Executive,null,null,2019-06-09,50000.00
2628,Aarav Tyagi,Male,34,Marketing,Marketing Executive,null,null,2018-12-05,50000.00
2629,Farhan Pillai,Male,25,Marketing,Marketing Executive,null,null,2019-04-13,48000.00
2630,Ankit Ansari,Male,25,Marketing,Marketing Executive,null,null,2020-12-23,49000.00
2631,Manav Nair,Male,25,Marketing,Marketing Executive,null,null,2021-01-27,46500.00
2632,Mayank Sandhu,Male,30,Marketing,Marketing Executive,null,null,2017-11-14,51000.00
2633,Samar Nambiar,Male,25,Marketing,Marketing Executive,null,null,2019-07-15,49000.00
2634,Aarav Fernandes,Male,25,Marketing,Marketing Executive,null,null,2021-03-14,47500.00
2635,Akshay Gupta,Male,25,Marketing,Marketing Executive,null,null,2020-05-17,47000.00
2636,Saumya Desai,Female,25,Marketing,Marketing Executive,null,null,2020-09-04,48500.00
2637,Mayank Bansal,Male,31,Marketing,Marketing Executive,null,null,2016-01-03,55500.00
2638,Madhav Mathew,Male,25,Marketing,Marketing Executive,null,null,2019-07-17,49000.00
2639,Tejas Prasad,Male,34,Marketing,Marketing Executive,null,null,2017-08-31,53500.00
2640,Akhil Kaur,Male,25,Marketing,Marketing Executive,null,null,2019-10-29,49500.00
2641,Parth Menon,Male,24,Marketing,Marketing Executive,null,null,2021-08-14,45000.00
2642,Chhavi Dutta,Female,25,Marketing,Marketing Executive,null,null,2019-10-01,50500.00
2643,Lakshay George,Male,25,Marketing,Marketing Executive,null,null,2020-07-30,49000.00
2644,Bhumika Gupta,Female,32,Marketing,Marketing Executive,null,null,2016-09-11,56000.00
2645,Vijay Sehgal,Male,28,Marketing,Marketing Executive,null,null,2017-05-28,54000.00
2646,Mansi Prasad,Female,24,Marketing,Marketing Executive,null,null,2021-08-27,46000.00
2647,Heena Mehta,Female,25,Marketing,Marketing Executive,null,null,2019-01-31,48500.00
2648,Eshan Khan,Male,24,Marketing,Marketing Executive,null,null,2020-10-29,45500.00
2649,Falguni Bansal,Female,24,Marketing,Marketing Executive,null,null,2020-11-20,48000.00
2650,Aarav Reddy,Male,25,Marketing,Marketing Executive,null,null,2020-12-14,47500.00
2651,Dhruv Dutta,Male,30,Marketing,Marketing Executive,null,null,2017-12-02,54000.00
2652,Aditya Ahuja,Male,25,Marketing,Marketing Executive,null,null,2020-02-17,50500.00
