purchase_order_detail_id,purchase_order_id,variant_id,quantity
1,1,71,46
2,1,76,38
3,1,79,48
4,1,78,47
5,1,80,26
6,2,454,106
7,2,447,81
8,2,546,68
9,2,452,111
10,2,208,19
11,2,20,47
12,2,7,33
13,2,14,28
14,2,10,27
15,2,449,97
16,3,51,54
17,3,33,40
18,3,393,22
19,3,43,50
20,3,548,66
21,3,462,102
22,3,34,47
23,3,555,42
24,3,782,191
25,3,559,52
26,4,10,29
27,4,202,17
28,4,16,47
29,4,331,17
30,4,447,103
31,4,205,15
32,4,539,48
33,5,731,15
34,5,732,16
35,5,477,116
36,5,471,120
37,5,472,97
38,5,429,13
39,5,419,14
40,5,426,18
41,6,602,50
42,6,605,57
43,6,389,21
44,6,606,45
45,6,683,39
46,6,681,33
47,6,687,35
48,6,679,20
49,7,58,40
50,7,695,41
51,7,56,53
52,7,57,39
53,7,692,37
54,7,387,20
55,8,393,13
56,8,404,12
57,8,394,17
58,8,391,20
59,8,782,123
60,8,787,171
61,8,630,16
62,8,29,52
63,8,357,13
64,8,49,41
65,8,27,39
66,8,350,19
67,8,345,15
68,8,550,62
69,9,516,114
70,9,596,78
71,9,793,224
72,9,794,147
73,9,599,60
74,9,510,117
75,9,597,75
76,9,511,93
77,9,512,124
78,10,15,27
79,10,204,24
80,10,17,45
81,10,452,62
82,10,206,21
83,10,449,74
84,11,809,271
85,11,534,101
86,11,806,208
87,11,535,102
88,11,808,208
89,11,805,190
90,11,812,171
91,11,810,213
92,12,406,21
93,12,615,16
94,12,415,16
95,12,417,22
96,12,320,14
97,12,411,19
98,13,340,18
99,13,544,55
100,13,449,85
101,13,201,17
102,13,18,58
103,13,321,22
104,13,547,70
105,13,339,16
106,13,20,43
107,13,10,36
108,13,12,39
109,13,205,21
110,13,208,17
111,14,286,18
112,14,285,15
113,14,293,17
114,14,288,27
115,15,232,25
116,15,373,16
117,15,760,11
118,15,219,14
119,15,372,16
120,15,210,18
121,15,216,24
122,15,209,23
123,15,377,18
124,15,375,18
125,15,376,18
126,15,229,20
127,16,104,43
128,16,581,60
129,16,579,67
130,16,382,14
131,16,580,44
132,16,106,37
133,17,420,16
134,17,428,16
135,17,737,13
136,17,736,13
137,17,418,17
138,17,419,22
139,17,738,13
140,18,114,43
141,18,107,41
142,18,380,17
143,18,582,59
144,18,381,21
145,18,105,41
146,18,103,38
147,19,558,52
148,19,551,70
149,19,349,14
150,19,39,48
151,19,24,32
152,20,573,64
153,20,574,59
154,20,575,56
155,20,572,52
156,20,569,67
157,21,583,73
158,21,381,20
159,21,379,20
160,21,104,44
161,21,582,60
162,21,110,37
163,22,531,116
164,22,799,166
165,22,801,208
166,22,798,260
167,22,802,198
168,22,803,205
169,22,797,186
170,23,286,26
171,23,288,22
172,23,291,17
173,23,285,25
174,23,294,14
175,24,33,34
176,24,551,58
177,24,50,26
178,24,783,202
179,24,310,17
180,24,456,139
181,24,40,38
182,24,786,155
183,24,351,16
184,24,632,14
185,25,552,53
186,25,626,16
187,25,35,54
188,25,352,14
189,25,26,43
190,25,348,21
191,26,155,49
192,26,147,30
193,26,153,27
194,26,156,29
195,26,148,41
196,26,146,43
197,27,414,21
198,27,620,18
199,27,412,17
200,27,616,17
201,27,413,15
202,27,407,21
203,27,622,13
204,27,319,15
205,27,416,21
206,28,7,43
207,28,17,32
208,28,5,39
209,28,544,49
210,28,338,17
211,28,333,20
212,29,707,45
213,29,117,51
214,29,126,43
215,29,125,39
216,29,132,23
217,29,133,34
218,29,136,37
219,30,212,23
220,30,219,25
221,30,210,25
222,30,232,28
223,30,222,29
224,30,215,24
225,30,224,16
226,30,214,30
227,30,376,22
228,30,378,20
229,30,374,20
230,30,230,18
231,31,764,13
232,31,492,125
233,31,489,141
234,31,493,150
235,31,479,68
236,31,491,111
237,32,55,53
238,32,63,56
239,32,56,40
240,32,387,17
241,32,693,42
242,33,355,18
243,33,50,56
244,33,457,75
245,33,633,20
246,33,358,17
247,33,347,18
248,33,630,15
249,33,396,24
250,33,32,45
251,33,42,47
252,33,44,60
253,33,398,19
254,34,530,137
255,34,800,145
256,34,804,254
257,34,803,287
258,34,533,80
259,34,799,300
260,34,532,83
261,34,797,239
262,35,632,19
263,35,557,69
264,35,36,27
265,35,341,17
266,35,403,19
267,35,463,68
268,35,559,68
269,35,27,40
270,35,48,39
271,35,46,40
272,35,788,223
273,35,787,266
274,36,761,20
275,36,489,143
276,36,485,150
277,36,491,77
278,36,490,111
279,36,486,134
280,36,493,66
281,36,487,126
282,36,479,105
283,37,734,15
284,37,464,115
285,37,466,80
286,37,473,122
287,37,476,127
288,38,25,32
289,38,552,40
290,38,631,23
291,38,551,51
292,38,22,30
293,38,42,58
294,39,721,42
295,39,722,46
296,39,724,31
297,39,723,41
298,40,647,19
299,40,651,18
300,40,652,18
301,40,653,16
302,40,650,17
303,40,649,17
304,40,654,25
305,41,422,17
306,41,471,90
307,41,469,105
308,41,470,78
309,41,736,18
310,41,466,112
311,41,423,12
312,41,468,128
313,41,478,103
314,42,783,158
315,42,52,46
316,42,459,101
317,42,786,156
318,43,65,46
319,43,385,19
320,43,692,29
321,43,697,34
322,44,92,42
323,44,93,48
324,44,83,40
325,44,588,54
326,44,74,37
327,44,584,51
328,44,69,39
329,44,586,51
330,44,87,38
331,44,88,40
332,44,589,59
333,45,580,47
334,45,380,19
335,45,115,37
336,45,100,60
337,46,702,40
338,46,120,50
339,46,118,36
340,46,135,51
341,46,136,39
342,47,469,128
343,47,472,125
344,47,466,97
345,47,739,15
346,48,92,43
347,48,363,13
348,48,96,37
349,48,74,35
350,48,93,44
351,48,361,14
352,48,95,40
353,49,288,14
354,49,295,18
355,49,294,20
356,49,290,23
357,49,444,18
358,49,445,17
359,49,287,25
360,49,293,23
361,49,289,24
362,49,296,26
363,49,285,18
364,49,286,17
365,50,311,23
366,50,455,108
367,50,636,22
368,50,785,200
369,50,38,59
370,50,456,79
371,50,342,13
372,50,26,28
373,50,357,19
374,50,347,17
375,50,458,115
376,50,461,121
377,51,530,92
378,51,533,91
379,51,804,155
380,51,532,112
381,51,801,213
382,51,802,138
383,51,800,160
384,51,531,93
385,51,798,223
386,51,799,233
387,51,797,241
388,52,666,15
389,52,664,16
390,52,665,18
391,52,667,17
392,52,662,17
393,52,663,18
394,53,717,35
395,53,297,10
396,53,299,15
397,53,298,22
398,53,304,17
399,53,305,22
400,53,718,34
401,53,302,26
402,53,720,34
403,53,303,16
404,53,300,22
405,53,719,27
406,54,691,23
407,54,68,31
408,54,54,30
409,54,57,43
410,54,694,28
411,54,695,40
412,54,690,32
413,54,66,55
414,54,63,40
415,55,118,36
416,55,128,37
417,55,136,37
418,55,700,29
419,55,701,42
420,55,129,30
421,55,135,22
422,55,124,25
423,55,127,35
424,55,130,49
425,55,702,22
426,55,119,50
427,55,122,37
428,56,751,18
429,56,442,13
430,56,749,10
431,56,443,19
432,57,688,40
433,57,389,19
434,57,604,50
435,57,607,60
436,57,684,29
437,57,390,13
438,57,682,30
439,57,689,21
440,57,687,28
441,57,680,18
442,57,681,29
443,57,388,23
444,58,219,21
445,58,210,21
446,58,225,11
447,58,223,18
448,58,214,15
449,59,504,55
450,59,505,103
451,59,772,12
452,59,506,120
453,60,18,44
454,60,778,238
455,60,7,33
456,60,9,34
457,60,205,17
458,60,325,14
459,60,13,34
460,60,338,13
461,60,540,32
462,60,14,35
463,60,323,17
464,60,451,96
465,60,8,47
466,61,723,43
467,61,724,42
468,61,722,40
469,61,721,35
470,62,621,18
471,62,319,20
472,62,612,13
473,62,410,16
474,62,615,16
475,62,616,19
476,62,415,18
477,62,622,15
478,62,613,15
479,62,619,18
480,62,417,15
481,62,614,21
482,63,401,16
483,63,550,49
484,63,787,274
485,63,360,19
486,63,347,21
487,64,564,73
488,64,566,47
489,64,568,57
490,64,561,66
491,64,562,60
492,65,419,15
493,65,476,135
494,65,470,86
495,65,429,20
496,65,424,22
497,65,469,132
498,65,477,103
499,65,740,11
500,66,97,29
501,66,382,24
502,66,109,31
503,66,100,26
504,66,580,43
505,66,379,21
506,66,110,46
507,66,578,55
508,66,112,30
509,66,106,29
510,66,380,19
511,66,381,15
512,67,41,34
513,67,460,115
514,67,459,116
515,67,45,33
516,67,395,18
517,67,785,224
518,67,36,50
519,67,21,42
520,67,344,12
521,67,554,57
522,67,402,17
523,67,558,48
524,68,416,18
525,68,412,15
526,68,612,17
527,68,618,20
528,68,625,15
529,68,621,14
530,68,613,21
531,68,614,17
532,68,623,23
533,68,320,19
534,69,112,33
535,69,384,15
536,69,113,47
537,69,104,39
538,69,103,33
539,69,379,16
540,70,147,56
541,70,140,40
542,70,143,37
543,70,146,34
544,70,149,52
545,70,710,37
546,70,155,33
547,70,148,29
548,70,138,32
549,71,653,16
550,71,651,14
551,71,648,17
552,71,655,19
553,71,647,18
554,71,650,16
555,71,652,18
556,72,804,161
557,72,801,177
558,72,797,202
559,72,530,119
560,72,531,71
561,72,532,108
562,72,799,273
563,72,802,218
564,72,803,218
565,73,285,16
566,73,295,19
567,73,286,12
568,73,287,15
569,73,296,25
570,73,289,22
571,73,288,23
572,74,754,16
573,74,278,18
574,74,755,13
575,74,284,25
576,74,281,14
577,74,282,20
578,74,756,15
579,74,275,20
580,74,753,15
581,74,270,14
582,74,276,18
583,74,273,18
584,75,105,24
585,75,99,50
586,75,101,47
587,75,115,35
588,75,109,43
589,75,98,32
590,76,328,15
591,76,20,34
592,76,543,75
593,76,332,22
594,76,12,37
595,76,13,45
596,76,334,24
597,76,17,36
598,76,544,54
599,76,778,220
600,76,3,35
601,76,450,82
602,77,637,15
603,77,630,19
604,77,555,66
605,77,52,33
606,77,457,114
607,77,358,21
608,77,459,112
609,77,34,48
610,77,391,16
611,78,745,14
612,78,741,17
613,78,314,23
614,78,742,11
615,78,746,16
616,78,313,21
617,78,744,17
618,78,748,17
619,79,656,22
620,79,659,17
621,79,660,15
622,79,657,18
623,79,658,15
624,79,661,15
625,80,718,31
626,80,717,42
627,80,304,14
628,80,300,26
629,80,301,14
630,80,719,34
631,80,303,22
632,80,720,26
633,80,297,17
634,81,31,50
635,81,461,109
636,81,629,18
637,81,403,23
638,81,47,49
639,81,42,35
640,81,783,203
641,81,39,45
642,81,347,19
643,81,628,15
644,81,462,106
645,82,511,101
646,82,514,74
647,82,515,145
648,82,792,169
649,82,512,109
650,82,513,122
651,82,791,190
652,82,793,211
653,82,517,120
654,82,508,73
655,82,509,121
656,82,516,92
657,83,624,18
658,83,611,19
659,83,625,18
660,83,612,14
661,83,417,20
662,83,412,17
663,83,315,29
664,84,404,21
665,84,51,51
666,84,43,39
667,84,26,32
668,84,397,16
669,84,458,97
670,84,47,51
671,84,22,44
672,84,637,19
673,84,634,17
674,85,719,30
675,85,299,17
676,85,298,22
677,85,297,18
678,85,303,20
679,85,305,22
680,86,719,37
681,86,720,35
682,86,299,17
683,86,303,15
684,86,304,19
685,86,718,38
686,87,48,34
687,87,346,14
688,87,633,20
689,87,309,12
690,87,632,22
691,87,456,89
692,87,462,89
693,88,649,19
694,88,647,21
695,88,652,17
696,88,648,22
697,88,655,16
698,88,654,14
699,88,653,16
700,88,651,15
701,88,650,15
702,89,38,41
703,89,785,114
704,89,343,17
705,89,27,42
706,89,783,243
707,89,44,55
708,89,25,50
709,89,782,113
710,89,456,116
711,90,473,94
712,90,740,17
713,90,428,22
714,90,737,13
715,90,738,13
716,90,423,13
717,90,468,74
718,90,464,113
719,90,465,99
720,90,419,16
721,90,734,16
722,90,421,16
723,91,46,38
724,91,47,52
725,91,33,40
726,91,35,22
727,91,784,210
728,91,359,13
729,91,786,153
730,91,308,18
731,91,43,55
732,92,105,38
733,92,582,44
734,92,111,53
735,92,107,55
736,92,101,33
737,92,108,34
738,92,581,49
739,93,51,32
740,93,24,27
741,93,47,41
742,93,41,40
743,93,559,66
744,93,788,260
745,93,43,44
746,93,23,41
747,93,22,39
748,93,784,173
749,93,35,38
750,94,398,20
751,94,549,67
752,94,458,97
753,94,784,284
754,94,556,73
755,94,50,41
756,94,404,19
757,94,346,21
758,94,356,19
759,94,402,14
760,94,463,110
761,95,71,43
762,95,89,35
763,95,586,50
764,95,96,40
765,96,86,45
766,96,431,16
767,96,85,37
768,96,589,71
769,96,96,50
770,96,82,57
771,96,89,49
772,96,84,44
773,96,87,30
774,96,72,37
775,96,528,111
776,96,88,50
777,96,94,60
778,97,471,124
779,97,734,15
780,97,740,19
781,97,739,17
782,97,478,88
783,97,425,18
784,97,475,96
785,97,423,20
786,97,428,20
787,98,548,57
788,98,28,54
789,98,455,109
790,98,343,22
791,98,37,35
792,98,634,22
793,98,459,108
794,98,306,26
795,99,511,118
796,99,515,100
797,99,600,65
798,99,793,254
799,99,597,38
800,99,794,186
801,99,513,118
802,99,508,123
803,99,795,130
804,99,517,102
805,100,498,149
806,100,500,117
807,100,765,20
808,100,499,127
809,100,494,105
810,100,501,99
811,101,187,52
812,101,714,36
813,101,716,50
814,101,185,35
815,101,178,41
816,101,183,44
817,101,186,36
818,101,184,48
819,101,180,41
820,102,540,63
821,102,4,27
822,102,335,13
823,102,778,183
824,102,774,165
825,103,675,22
826,103,674,21
827,103,673,24
828,103,676,21
829,104,472,68
830,104,419,23
831,104,423,19
832,104,736,16
833,105,673,21
834,105,676,23
835,105,675,19
836,105,674,25
837,106,172,54
838,106,163,34
839,106,160,38
840,106,176,56
841,106,519,125
842,106,171,34
843,106,167,28
844,106,159,34
845,107,127,45
846,107,135,33
847,107,121,52
848,107,707,37
849,107,136,49
850,107,124,51
851,107,134,46
852,107,128,60
853,107,133,33
854,107,702,28
855,107,706,35
856,107,123,39
857,107,132,51
858,108,96,60
859,108,82,49
860,108,366,20
861,108,365,24
862,108,364,17
863,108,73,30
864,108,70,45
865,108,77,45
866,108,430,17
867,109,707,34
868,109,131,54
869,109,126,28
870,109,120,44
871,109,705,41
872,109,704,36
873,110,126,60
874,110,127,52
875,110,703,40
876,110,131,43
877,110,121,26
878,110,700,36
879,110,702,50
880,110,706,30
881,110,135,48
882,111,500,84
883,111,768,20
884,111,502,99
885,111,494,85
886,111,495,93
887,111,765,16
888,112,93,35
889,112,368,21
890,112,526,111
891,112,75,40
892,112,430,15
893,112,87,50
894,112,85,51
895,113,253,26
896,113,259,29
897,113,260,25
898,113,255,23
899,113,266,22
900,113,268,24
901,113,267,28
902,113,264,20
903,113,269,18
904,113,257,26
905,113,265,25
906,114,37,33
907,114,461,133
908,114,359,16
909,114,630,21
910,114,553,60
911,114,397,23
912,114,550,55
913,114,399,16
914,114,556,53
915,114,459,101
916,115,676,15
917,115,673,19
918,115,675,17
919,115,674,20
920,116,122,45
921,116,130,35
922,116,133,43
923,116,129,41
924,116,700,35
925,116,704,50
926,116,707,25
927,116,134,31
928,116,120,46
929,116,131,60
930,116,128,34
931,117,302,20
932,117,305,21
933,117,300,15
934,117,718,30
935,117,301,14
936,117,298,19
937,117,304,27
938,117,297,25
939,117,720,46
940,117,303,23
941,117,717,29
942,117,719,37
943,118,9,53
944,118,330,16
945,118,324,14
946,118,777,230
947,118,780,209
948,118,340,18
949,118,449,111
950,119,513,107
951,119,600,52
952,119,794,151
953,119,599,63
954,119,515,150
955,119,512,109
956,119,510,129
957,119,514,118
958,119,598,46
959,120,487,102
960,120,484,80
961,120,483,128
962,120,490,81
963,120,485,79
964,121,236,20
965,121,248,19
966,121,246,19
967,121,242,18
968,121,244,25
969,121,239,25
970,121,249,24
971,121,245,19
972,121,233,21
973,121,240,20
974,122,422,18
975,122,477,100
976,122,467,104
977,122,473,124
978,122,471,64
979,122,466,130
980,122,469,100
981,122,735,14
982,123,755,16
983,123,756,18
984,123,276,17
985,123,274,26
986,123,278,18
987,123,282,29
988,123,277,16
989,123,280,20
990,123,271,21
991,123,270,24
992,123,754,13
993,123,281,25
994,124,446,136
995,124,332,12
996,124,452,103
997,124,778,290
998,125,666,20
999,125,662,17
1000,125,667,24
1001,125,663,22
1002,125,664,20
1003,125,665,19
1004,126,316,19
1005,126,319,15
1006,126,623,19
1007,126,409,14
1008,126,616,17
1009,127,562,51
1010,127,565,59
1011,127,560,51
1012,127,567,70
1013,128,584,42
1014,128,75,42
1015,128,74,51
1016,128,366,12
1017,128,95,28
1018,128,81,50
1019,128,86,48
1020,128,73,29
1021,128,433,12
1022,128,96,49
1023,128,93,45
1024,128,80,26
1025,129,455,91
1026,129,359,16
1027,129,552,54
1028,129,35,43
1029,129,25,35
1030,129,548,38
1031,129,556,62
1032,129,347,17
1033,129,29,27
1034,129,627,17
1035,130,784,156
1036,130,41,41
1037,130,48,39
1038,130,25,31
1039,130,32,54
1040,130,458,88
1041,130,463,101
1042,130,460,92
1043,130,23,27
1044,130,308,20
1045,130,553,35
1046,130,353,17
1047,131,385,17
1048,131,386,15
1049,131,694,38
1050,131,66,33
1051,131,693,26
1052,132,670,14
1053,132,671,16
1054,132,672,15
1055,132,668,16
1056,132,669,13
1057,133,407,15
1058,133,625,17
1059,133,621,21
1060,133,417,18
1061,133,316,18
1062,133,620,15
1063,133,623,16
1064,133,617,15
1065,133,412,12
1066,134,319,17
1067,134,612,20
1068,134,618,21
1069,134,417,18
1070,134,410,16
1071,134,621,18
1072,135,315,18
1073,135,318,25
1074,135,623,13
1075,135,320,24
1076,135,407,18
1077,135,614,11
1078,135,415,21
1079,135,408,19
1080,136,416,14
1081,136,320,25
1082,136,611,16
1083,136,319,14
1084,136,622,17
1085,136,411,13
1086,136,406,14
1087,136,412,14
1088,136,618,22
1089,136,318,17
1090,137,344,14
1091,137,400,11
1092,137,399,15
1093,137,50,35
1094,137,44,24
1095,137,32,30
1096,137,309,20
1097,137,781,219
1098,137,395,16
1099,137,391,12
1100,137,350,17
1101,137,626,17
1102,137,311,21
1103,138,139,39
1104,138,152,42
1105,138,150,44
1106,138,137,31
1107,138,154,34
1108,138,142,43
1109,139,401,15
1110,139,30,49
1111,139,45,47
1112,139,35,40
1113,139,46,34
1114,139,31,43
1115,139,36,57
1116,139,784,154
1117,139,48,30
1118,139,343,20
1119,140,217,14
1120,140,218,20
1121,140,223,28
1122,140,222,19
1123,141,670,18
1124,141,672,18
1125,141,668,12
1126,141,669,12
1127,141,671,14
1128,142,1,37
1129,142,536,55
1130,142,775,111
1131,142,203,22
1132,142,324,19
1133,142,206,20
1134,142,11,43
1135,142,773,131
1136,142,780,107
1137,142,448,119
1138,143,417,22
1139,143,316,29
1140,143,406,19
1141,143,412,11
1142,143,615,15
1143,143,617,15
1144,143,613,18
1145,143,410,20
1146,143,621,14
1147,143,408,18
1148,143,611,17
1149,143,409,18
1150,144,468,121
1151,144,471,90
1152,144,425,17
1153,144,427,16
1154,144,418,21
1155,144,737,15
1156,144,476,134
1157,145,74,33
1158,145,528,87
1159,145,366,19
1160,145,96,35
1161,145,527,87
1162,145,89,36
1163,145,369,10
1164,145,84,40
1165,145,78,45
1166,146,571,53
1167,146,576,41
1168,146,574,68
1169,146,573,50
1170,146,575,55
1171,146,577,53
1172,146,569,59
1173,146,572,50
1174,146,570,58
1175,147,755,16
1176,147,284,23
1177,147,283,15
1178,147,753,13
1179,147,280,23
1180,148,191,38
1181,148,524,107
1182,148,189,28
1183,148,525,96
1184,148,523,94
1185,148,194,38
1186,149,745,15
1187,149,314,26
1188,149,741,17
1189,149,313,12
1190,149,748,12
1191,149,746,14
1192,149,744,18
1193,150,684,37
1194,150,683,27
1195,150,604,51
1196,150,390,18
1197,150,603,51
1198,150,680,13
1199,150,607,40
1200,150,682,41
1201,150,685,27
1202,151,263,23
1203,151,256,13
1204,151,264,25
1205,151,265,16
1206,151,267,24
1207,151,257,21
1208,151,266,21
1209,151,255,11
1210,151,254,17
1211,151,253,18
1212,151,269,24
1213,152,630,16
1214,152,309,19
1215,152,49,54
1216,152,635,15
1217,152,52,39
1218,152,392,11
1219,152,347,19
1220,152,395,16
1221,152,628,17
1222,153,777,221
1223,153,5,45
1224,153,776,156
1225,153,330,13
1226,153,778,183
1227,153,326,14
1228,153,536,70
1229,153,334,18
1230,154,774,272
1231,154,776,154
1232,154,332,19
1233,154,324,13
1234,154,337,15
1235,155,635,13
1236,155,21,27
1237,155,356,17
1238,155,22,45
1239,155,631,16
1240,156,490,93
1241,156,480,118
1242,156,489,106
1243,156,492,70
1244,156,486,123
1245,156,482,84
1246,156,762,16
1247,156,483,89
1248,157,61,26
1249,157,65,43
1250,157,385,14
1251,157,609,57
1252,157,690,36
1253,157,55,34
1254,157,696,38
1255,157,692,33
1256,157,691,42
1257,157,610,47
1258,158,2,26
1259,158,448,69
1260,158,446,97
1261,158,18,47
1262,158,451,59
1263,158,537,77
1264,158,203,15
1265,158,452,100
1266,158,454,71
1267,158,19,54
1268,158,326,16
1269,158,780,186
1270,159,811,128
1271,159,812,170
1272,159,807,246
1273,159,535,102
1274,159,805,175
1275,159,808,268
1276,159,534,105
1277,159,806,279
1278,159,810,116
1279,159,809,197
1280,160,662,19
1281,160,667,15
1282,160,665,18
1283,160,663,19
1284,161,267,14
1285,161,263,25
1286,161,257,16
1287,161,266,13
1288,161,268,26
1289,161,254,21
1290,161,255,19
1291,162,423,16
1292,162,473,109
1293,162,472,107
1294,162,469,101
1295,162,420,13
1296,162,467,92
1297,162,739,18
1298,162,476,100
1299,162,418,13
1300,163,506,117
1301,163,771,13
1302,163,504,64
1303,163,769,17
1304,163,507,91
1305,163,503,93
1306,163,772,13
1307,164,372,18
1308,164,373,23
1309,164,230,18
1310,164,222,24
1311,164,757,15
1312,164,219,16
1313,164,220,16
1314,164,224,21
1315,164,378,18
1316,164,377,20
1317,164,758,13
1318,164,214,17
1319,164,227,17
1320,165,756,12
1321,165,278,26
1322,165,275,19
1323,165,280,18
1324,165,272,20
1325,165,283,25
1326,165,755,12
1327,165,277,19
1328,165,284,22
1329,165,273,28
1330,165,274,18
1331,166,322,14
1332,166,14,35
1333,166,447,96
1334,166,540,42
1335,166,775,247
1336,166,773,221
1337,166,203,23
1338,166,11,44
1339,166,451,92
1340,166,776,226
1341,166,329,16
1342,166,333,19
1343,166,541,59
1344,166,1,28
1345,167,553,65
1346,167,33,52
1347,167,358,14
1348,167,401,16
1349,167,462,67
1350,168,294,22
1351,168,444,22
1352,168,285,19
1353,168,293,24
1354,168,445,21
1355,168,296,23
1356,168,290,23
1357,168,291,24
1358,168,295,19
1359,168,286,25
1360,168,288,15
1361,169,593,69
1362,169,592,66
1363,169,594,52
1364,169,591,68
1365,169,595,57
1366,170,29,37
1367,170,38,40
1368,170,461,129
1369,170,37,43
1370,170,788,121
1371,170,558,58
1372,170,398,14
1373,170,549,52
1374,170,354,16
1375,170,463,74
1376,171,383,16
1377,171,107,27
1378,171,97,49
1379,171,106,49
1380,171,112,35
1381,171,579,55
1382,171,116,55
1383,171,583,48
1384,171,105,48
1385,171,115,48
1386,171,102,35
1387,171,110,40
1388,172,411,16
1389,172,408,22
1390,172,621,18
1391,172,616,19
1392,172,625,15
1393,172,623,17
1394,172,618,15
1395,172,619,19
1396,172,614,14
1397,172,615,18
1398,173,268,20
1399,173,266,20
1400,173,267,19
1401,173,254,18
1402,173,257,23
1403,173,261,23
1404,173,253,14
1405,173,260,16
1406,173,263,17
1407,174,240,17
1408,174,239,23
1409,174,246,21
1410,174,251,19
1411,174,233,26
1412,175,388,17
1413,175,602,42
1414,175,603,59
1415,175,605,73
1416,175,680,19
1417,175,687,34
1418,175,604,40
1419,175,390,13
1420,176,773,211
1421,176,537,69
1422,176,16,34
1423,176,453,93
1424,176,17,36
1425,176,12,26
1426,176,324,19
1427,177,635,17
1428,177,358,14
1429,177,311,22
1430,177,352,16
1431,177,341,21
1432,177,350,17
1433,178,443,15
1434,178,750,14
1435,178,442,20
1436,178,749,13
1437,178,752,15
1438,178,751,14
1439,179,741,12
1440,179,745,11
1441,179,746,16
1442,179,748,15
1443,179,743,17
1444,179,312,14
1445,179,747,12
1446,179,314,12
1447,179,742,14
1448,179,744,14
1449,179,313,11
1450,180,60,51
1451,180,61,30
1452,180,54,58
1453,180,56,32
1454,180,695,35
1455,180,696,32
1456,181,801,230
1457,181,797,150
1458,181,803,269
1459,181,804,140
1460,181,530,93
1461,181,798,158
1462,181,533,126
1463,181,800,215
1464,181,799,213
1465,181,531,126
1466,181,532,74
1467,181,802,203
1468,182,290,19
1469,182,285,27
1470,182,293,13
1471,182,294,16
1472,182,292,18
1473,182,296,17
1474,182,291,27
1475,182,286,25
1476,183,601,49
1477,183,789,214
1478,183,516,110
1479,183,517,100
1480,183,515,77
1481,183,512,131
1482,183,598,66
1483,183,511,91
1484,183,514,91
1485,184,708,39
1486,184,710,38
1487,184,141,24
1488,184,711,28
1489,184,138,32
1490,184,156,33
1491,184,145,42
1492,185,413,15
1493,185,611,18
1494,185,315,24
1495,185,614,21
1496,185,414,12
1497,185,619,18
1498,185,317,21
1499,185,319,13
1500,185,415,18
1501,186,259,19
1502,186,256,26
1503,186,261,23
1504,186,269,14
1505,187,496,120
1506,187,497,100
1507,187,500,89
1508,187,766,16
1509,187,495,59
1510,187,501,92
1511,187,768,16
1512,187,767,15
1513,188,473,103
1514,188,423,14
1515,188,735,12
1516,188,471,102
1517,188,467,88
1518,188,731,13
1519,188,733,14
1520,188,734,17
1521,188,420,17
1522,188,477,109
1523,188,428,15
1524,188,429,13
1525,188,469,135
1526,189,599,49
1527,189,794,158
1528,189,511,88
1529,189,789,137
1530,189,512,91
1531,189,596,68
1532,189,514,130
1533,190,207,19
1534,190,449,120
1535,190,323,18
1536,190,11,24
1537,191,674,21
1538,191,676,14
1539,191,675,16
1540,191,673,14
1541,192,721,36
1542,192,724,26
1543,192,723,33
1544,192,722,32
1545,193,767,16
1546,193,498,91
1547,193,502,101
1548,193,499,102
1549,193,496,102
1550,193,765,15
1551,193,495,123
1552,193,501,115
1553,193,497,107
1554,193,500,109
1555,193,494,103
1556,193,768,14
1557,193,766,13
1558,194,169,30
1559,194,172,59
1560,194,518,96
1561,194,175,32
1562,195,346,15
1563,195,343,16
1564,195,633,15
1565,195,34,46
1566,195,785,262
1567,195,559,61
1568,195,781,213
1569,195,628,21
1570,195,46,49
1571,196,103,35
1572,196,108,51
1573,196,104,45
1574,196,380,13
1575,196,383,13
1576,196,102,34
1577,196,97,41
1578,196,99,28
1579,196,581,65
1580,197,195,33
1581,197,193,41
1582,197,196,37
1583,197,189,39
1584,197,522,81
1585,197,523,101
1586,198,736,13
1587,198,732,14
1588,198,472,121
1589,198,731,17
1590,198,428,13
1591,198,424,12
1592,199,651,20
1593,199,649,19
1594,199,648,16
1595,199,654,13
1596,199,650,11
1597,199,647,16
1598,199,655,16
1599,200,212,18
1600,200,229,20
1601,200,757,19
1602,200,373,18
1603,200,760,12
1604,200,232,15
1605,200,222,15
1606,200,224,26
1607,200,223,24
1608,200,209,15
1609,200,370,16
1610,201,409,22
1611,201,624,25
1612,201,614,14
1613,201,617,21
1614,201,415,16
1615,201,316,14
1616,201,613,22
1617,201,408,17
1618,201,612,23
1619,201,623,18
1620,202,652,22
1621,202,651,23
1622,202,655,15
1623,202,654,22
1624,202,650,15
1625,202,647,18
1626,202,648,24
1627,202,649,20
1628,202,653,22
1629,203,518,94
1630,203,170,49
1631,203,167,50
1632,203,171,55
1633,204,310,20
1634,204,40,60
1635,204,455,114
1636,204,22,45
1637,204,31,43
1638,204,51,52
1639,204,637,19
1640,205,78,40
1641,205,362,23
1642,205,73,50
1643,205,361,25
1644,205,435,19
1645,205,87,39
1646,205,69,54
1647,205,85,39
1648,206,297,26
1649,206,301,14
1650,206,300,26
1651,206,299,20
1652,206,304,18
1653,206,719,40
1654,206,303,23
1655,206,298,22
1656,206,720,38
1657,207,534,82
1658,207,809,118
1659,207,810,226
1660,207,807,299
1661,207,535,129
1662,208,789,300
1663,208,597,56
1664,208,796,162
1665,208,794,257
1666,208,516,144
1667,208,795,174
1668,208,515,143
1669,208,790,182
1670,208,596,63
1671,208,511,86
1672,208,598,64
1673,209,465,117
1674,209,735,12
1675,209,470,114
1676,209,476,150
1677,209,475,105
1678,209,474,93
1679,209,464,82
1680,209,733,19
1681,209,732,17
1682,209,467,149
1683,210,35,53
1684,210,398,16
1685,210,396,22
1686,210,348,20
1687,210,34,43
1688,210,558,41
1689,210,626,17
1690,210,782,204
1691,210,359,16
1692,210,463,98
1693,210,556,51
1694,210,341,25
1695,211,587,65
1696,211,369,25
1697,211,76,45
1698,211,69,60
1699,211,367,21
1700,211,528,96
1701,211,74,32
1702,211,585,66
1703,211,72,49
1704,211,70,44
1705,211,586,80
1706,211,85,35
1707,211,362,14
1708,212,723,44
1709,212,724,43
1710,212,722,40
1711,212,721,44
1712,213,267,17
1713,213,257,29
1714,213,266,13
1715,213,265,30
1716,213,259,22
1717,213,258,20
1718,214,787,243
1719,214,27,51
1720,214,555,69
1721,214,550,72
1722,214,635,19
1723,214,349,21
1724,215,674,19
1725,215,675,21
1726,215,676,21
1727,215,673,20
1728,216,81,48
1729,216,529,114
1730,216,94,45
1731,216,85,42
1732,216,362,16
1733,216,92,60
1734,216,76,35
1735,216,91,52
1736,217,619,17
1737,217,615,19
1738,217,410,16
1739,217,618,19
1740,218,199,44
1741,218,525,150
1742,218,200,52
1743,218,194,43
1744,218,195,59
1745,218,192,51
1746,218,193,33
1747,218,524,118
1748,218,196,37
1749,219,465,134
1750,219,466,78
1751,219,419,20
1752,219,421,22
1753,219,475,111
1754,219,464,142
1755,219,468,129
1756,219,425,24
1757,220,441,16
1758,220,730,50
1759,220,440,22
1760,220,729,30
1761,221,181,52
1762,221,714,38
1763,221,185,36
1764,221,183,57
1765,221,715,33
1766,221,182,39
1767,221,177,50
1768,221,186,47
1769,222,507,90
1770,222,769,13
1771,222,772,15
1772,222,505,150
1773,222,503,113
1774,222,770,20
1775,222,771,16
1776,223,204,24
1777,223,7,39
1778,223,336,18
1779,223,15,37
1780,223,3,41
1781,223,545,80
1782,223,776,273
1783,223,323,24
1784,224,653,24
1785,224,655,17
1786,224,647,17
1787,224,649,17
1788,224,651,22
1789,225,528,129
1790,225,365,14
1791,225,589,49
1792,225,94,41
1793,225,363,17
1794,225,433,19
1795,225,430,25
1796,225,90,49
1797,226,321,17
1798,226,8,35
1799,226,19,60
1800,226,205,18
1801,227,221,20
1802,227,232,23
1803,227,375,22
1804,227,220,22
1805,227,757,20
1806,227,376,22
1807,227,230,23
1808,228,289,21
1809,228,295,23
1810,228,296,26
1811,228,288,18
1812,228,287,16
1813,228,293,21
1814,228,294,23
1815,229,4,29
1816,229,775,287
1817,229,547,45
1818,229,5,57
1819,229,774,210
1820,229,777,164
1821,229,339,16
1822,230,539,70
1823,230,2,44
1824,230,542,47
1825,230,331,21
1826,230,3,33
1827,230,337,15
1828,231,755,14
1829,231,279,23
1830,231,270,30
1831,231,272,26
1832,231,756,13
1833,231,754,13
1834,231,277,22
1835,231,278,20
1836,231,283,22
1837,231,281,26
1838,231,753,17
1839,232,156,53
1840,232,141,38
1841,232,150,33
1842,232,152,55
1843,232,142,42
1844,232,151,48
1845,232,147,53
1846,232,709,43
1847,233,773,288
1848,233,540,58
1849,233,539,46
1850,233,16,46
1851,234,690,29
1852,234,387,21
1853,234,65,38
1854,234,66,41
1855,234,693,41
1856,235,774,253
1857,235,11,37
1858,235,332,18
1859,235,17,57
1860,235,10,40
1861,235,328,17
1862,235,537,71
1863,235,339,20
1864,235,327,14
1865,236,439,17
1866,236,728,42
1867,236,726,39
1868,236,438,16
1869,236,725,22
1870,237,180,26
1871,237,713,41
1872,237,188,34
1873,237,178,48
1874,237,716,39
1875,238,697,29
1876,238,609,37
1877,238,65,36
1878,238,55,46
1879,238,698,46
1880,238,693,32
1881,238,62,26
1882,238,695,38
1883,238,387,16
1884,238,385,23
1885,238,53,45
1886,238,56,45
1887,238,608,69
1888,239,220,24
1889,239,218,24
1890,239,223,18
1891,239,211,24
1892,239,229,22
1893,240,168,40
1894,240,161,43
1895,240,159,49
1896,240,162,58
1897,240,166,32
1898,240,174,55
1899,240,175,25
1900,240,176,40
1901,240,167,37
1902,241,658,21
1903,241,660,19
1904,241,661,15
1905,241,656,16
1906,241,659,20
1907,241,657,18
1908,242,735,15
1909,242,472,101
1910,242,465,130
1911,242,475,109
1912,242,738,14
1913,242,466,108
1914,242,734,12
1915,243,440,18
1916,243,729,50
1917,243,730,39
1918,243,441,21
1919,244,342,21
1920,244,310,28
1921,244,353,16
1922,244,630,13
1923,244,44,44
1924,244,784,180
1925,245,798,263
1926,245,530,115
1927,245,797,132
1928,245,800,197
1929,245,803,158
1930,246,375,16
1931,246,210,18
1932,246,212,15
1933,246,218,22
1934,246,214,26
1935,246,229,16
1936,246,226,21
1937,246,230,17
1938,246,228,16
1939,247,718,33
1940,247,720,33
1941,247,717,42
1942,247,300,18
1943,247,719,35
1944,248,734,16
1945,248,735,16
1946,248,465,104
1947,248,469,142
1948,248,470,131
1949,248,733,16
1950,248,428,22
1951,248,429,20
1952,249,206,29
1953,249,446,113
1954,249,335,13
1955,249,2,50
1956,249,452,89
1957,250,123,42
1958,250,130,30
1959,250,121,42
1960,250,699,49
1961,250,132,49
1962,250,128,56
1963,250,131,49
1964,250,135,43
1965,251,201,18
1966,251,541,54
1967,251,336,15
1968,251,322,13
1969,251,4,34
1970,252,181,40
1971,252,177,34
1972,252,182,29
1973,252,186,36
1974,252,184,53
1975,252,185,41
1976,252,180,42
1977,252,188,32
1978,253,151,24
1979,253,711,31
1980,253,137,40
1981,253,142,24
1982,253,710,26
1983,254,388,16
1984,254,604,71
1985,254,687,33
1986,254,389,12
1987,254,605,46
1988,254,689,38
1989,254,686,24
1990,254,682,39
1991,254,684,24
1992,254,602,52
1993,255,79,50
1994,255,78,25
1995,255,363,15
1996,255,85,33
1997,255,69,35
1998,255,361,18
1999,255,587,49
2000,255,84,41
2001,255,529,118
2002,255,432,20
2003,255,95,25
2004,255,72,54
2005,255,75,44
2006,256,259,23
2007,256,269,19
2008,256,253,15
2009,256,258,19
2010,256,262,16
2011,256,254,21
2012,256,264,16
2013,256,257,17
2014,256,265,17
2015,256,261,15
2016,256,260,11
2017,256,266,18
2018,257,523,127
2019,257,191,30
2020,257,524,97
2021,257,195,35
2022,257,198,36
2023,258,27,28
2024,258,626,17
2025,258,52,31
2026,258,637,15
2027,258,306,19
2028,258,786,248
2029,258,633,14
2030,259,304,12
2031,259,302,20
2032,259,720,31
2033,259,301,15
2034,259,300,24
2035,259,719,45
2036,259,305,16
2037,259,298,24
2038,259,297,18
2039,260,505,87
2040,260,507,127
2041,260,504,107
2042,260,506,69
2043,260,772,18
2044,260,503,85
2045,260,769,13
2046,260,771,12
2047,260,770,12
2048,261,317,18
2049,261,408,12
2050,261,414,11
2051,261,621,16
2052,261,622,16
2053,261,318,25
2054,261,413,14
2055,261,411,14
2056,261,616,17
2057,261,415,22
2058,261,409,20
2059,261,316,23
2060,261,625,16
2061,262,326,17
2062,262,777,220
2063,262,536,56
2064,262,543,35
2065,262,7,31
2066,262,3,41
2067,262,776,253
2068,262,19,46
2069,263,780,266
2070,263,541,41
2071,263,776,186
2072,263,448,69
2073,263,775,223
2074,263,19,26
2075,263,324,16
2076,263,452,65
2077,263,546,61
2078,263,12,31
2079,263,207,19
2080,264,731,14
2081,264,427,14
2082,264,471,94
2083,264,478,127
2084,264,428,16
2085,264,474,96
2086,265,642,15
2087,265,645,14
2088,265,641,15
2089,265,643,12
2090,265,640,15
2091,265,638,20
2092,265,639,10
2093,265,644,19
2094,265,646,13
2095,266,690,44
2096,266,62,35
2097,266,55,43
2098,266,67,39
2099,266,385,14
2100,266,386,21
2101,266,68,42
2102,266,692,22
2103,266,59,46
2104,266,695,28
2105,266,64,37
2106,267,281,19
2107,267,283,27
2108,267,284,21
2109,267,755,11
2110,267,273,19
2111,267,276,14
2112,267,280,17
2113,268,675,19
2114,268,673,11
2115,268,676,17
2116,268,674,17
2117,269,206,15
2118,269,2,30
2119,269,15,38
2120,269,13,43
2121,269,327,14
2122,269,331,20
2123,269,1,38
2124,270,784,219
2125,270,552,51
2126,270,788,195
2127,270,392,12
2128,270,50,37
2129,270,350,16
2130,270,632,15
2131,270,342,15
2132,270,26,29
2133,271,277,22
2134,271,755,14
2135,271,281,20
2136,271,274,19
2137,271,272,18
2138,271,284,17
2139,271,275,19
2140,271,270,16
2141,271,271,21
2142,271,279,19
2143,271,282,19
2144,271,273,12
2145,272,615,15
2146,272,318,17
2147,272,620,15
2148,272,611,16
2149,272,613,17
2150,272,622,12
2151,272,617,18
2152,272,409,16
2153,272,624,23
2154,272,316,14
2155,272,416,11
2156,272,319,21
2157,273,439,13
2158,273,437,16
2159,273,728,37
2160,273,438,10
2161,273,727,34
2162,273,725,30
2163,273,436,16
2164,273,726,34
2165,274,451,93
2166,274,547,62
2167,274,334,15
2168,274,780,203
2169,274,14,42
2170,274,9,31
2171,274,448,73
2172,274,537,47
2173,274,201,22
2174,274,205,22
2175,274,336,21
2176,274,538,53
2177,275,677,21
2178,275,678,16
2179,276,247,22
2180,276,235,22
2181,276,244,19
2182,276,238,16
2183,276,249,23
2184,277,600,52
2185,277,794,137
2186,277,510,111
2187,277,796,271
2188,277,791,249
2189,278,671,14
2190,278,670,20
2191,278,668,19
2192,278,669,15
2193,278,672,12
2194,279,298,15
2195,279,720,38
2196,279,305,18
2197,279,304,25
2198,279,719,31
2199,280,367,15
2200,280,79,41
2201,280,80,51
2202,280,528,119
2203,281,504,118
2204,281,771,18
2205,281,772,14
2206,281,505,106
2207,281,507,96
2208,282,611,16
2209,282,315,15
2210,282,415,20
2211,282,319,26
2212,282,624,19
2213,282,410,21
2214,282,623,16
2215,282,409,22
2216,283,763,13
2217,283,492,100
2218,283,480,92
2219,283,481,124
2220,283,490,118
2221,283,484,104
2222,283,485,98
2223,283,483,69
2224,283,491,95
2225,283,489,91
2226,283,479,127
2227,284,727,32
2228,284,436,13
2229,284,438,19
2230,284,728,48
2231,284,726,26
2232,285,581,49
2233,285,112,44
2234,285,102,50
2235,285,99,47
2236,285,97,49
2237,285,116,37
2238,285,382,11
2239,285,383,12
2240,285,107,32
2241,285,113,45
2242,285,105,40
2243,286,350,16
2244,286,52,45
2245,286,47,52
2246,286,396,16
2247,286,551,60
2248,286,786,195
2249,286,459,71
2250,286,29,27
2251,286,558,62
2252,287,724,29
2253,287,722,46
2254,287,721,28
2255,287,723,31
2256,288,659,21
2257,288,660,14
2258,288,656,12
2259,288,661,14
2260,288,658,17
2261,289,505,77
2262,289,504,98
2263,289,506,110
2264,289,772,12
2265,289,503,116
2266,289,771,11
2267,289,769,14
2268,290,244,28
2269,290,241,22
2270,290,248,15
2271,290,247,24
2272,290,250,18
2273,290,237,17
2274,290,243,17
2275,290,251,16
2276,290,242,22
2277,290,252,15
2278,290,234,28
2279,291,214,19
2280,291,218,19
2281,291,230,23
2282,291,212,20
2283,291,222,16
2284,291,227,19
2285,292,234,17
2286,292,233,19
2287,292,242,23
2288,292,246,14
2289,292,235,19
2290,292,245,22
2291,292,239,19
2292,292,252,23
2293,292,237,25
2294,293,427,15
2295,293,734,20
2296,293,418,15
2297,293,426,15
2298,293,472,119
2299,293,429,17
2300,293,425,17
2301,293,468,80
2302,293,473,97
2303,293,470,91
2304,293,467,111
2305,293,735,16
2306,293,421,21
2307,294,689,35
2308,294,607,70
2309,294,605,44
2310,294,606,74
2311,294,686,41
2312,294,683,39
2313,294,390,11
2314,294,388,16
2315,294,681,37
2316,294,602,56
2317,295,73,40
2318,295,529,148
2319,295,434,14
2320,295,71,34
2321,295,94,54
2322,295,432,19
2323,295,74,42
2324,295,369,22
2325,295,527,115
2326,295,75,47
2327,295,588,50
2328,296,324,16
2329,296,335,18
2330,296,7,37
2331,296,328,17
2332,296,546,44
2333,296,780,125
2334,296,18,35
2335,296,447,89
2336,297,637,17
2337,297,781,273
2338,297,310,17
2339,297,634,15
2340,297,39,46
2341,297,355,14
2342,298,726,27
2343,298,436,13
2344,298,725,25
2345,298,727,38
2346,298,438,22
2347,299,385,19
2348,299,59,39
2349,299,610,32
2350,299,54,26
2351,299,698,33
2352,299,61,39
2353,299,60,41
2354,299,696,22
2355,299,58,41
2356,299,387,23
2357,299,692,33
2358,300,17,43
2359,300,4,36
2360,300,780,193
2361,300,15,39
2362,300,450,115
2363,300,453,115
2364,300,454,130
2365,300,547,52
2366,301,781,154
2367,301,24,39
2368,301,38,55
2369,301,39,53
2370,301,782,245
2371,301,360,15
2372,302,181,53
2373,302,179,46
2374,302,180,37
2375,302,185,48
2376,302,715,38
2377,302,714,45
2378,302,188,27
2379,302,183,39
2380,302,178,40
2381,302,182,28
2382,302,186,56
2383,303,794,158
2384,303,513,146
2385,303,601,43
2386,303,514,135
2387,303,791,169
2388,303,508,118
2389,303,511,116
2390,303,509,94
2391,304,53,46
2392,304,692,33
2393,304,609,61
2394,304,65,48
2395,304,66,43
2396,304,697,39
2397,304,386,18
2398,304,68,58
2399,304,63,47
2400,304,693,37
2401,304,55,34
2402,304,385,12
2403,304,62,47
2404,305,566,63
2405,305,565,45
2406,305,560,60
2407,305,568,68
2408,305,567,65
2409,306,763,12
2410,306,484,97
2411,306,487,65
2412,306,762,11
2413,306,488,111
2414,306,493,121
2415,306,480,102
2416,306,482,132
2417,306,764,14
2418,307,37,53
2419,307,43,40
2420,307,44,40
2421,307,462,68
2422,307,347,18
2423,307,351,19
2424,307,309,20
2425,307,47,45
2426,307,354,14
2427,308,561,42
2428,308,564,50
2429,308,562,53
2430,308,563,61
2431,308,566,52
2432,309,674,20
2433,309,675,16
2434,309,673,13
2435,309,676,21
2436,310,577,48
2437,310,576,71
2438,310,575,55
2439,310,574,43
2440,310,569,79
2441,310,571,63
2442,310,570,63
2443,311,126,33
2444,311,117,52
2445,311,707,39
2446,311,119,42
2447,311,702,36
2448,311,133,26
2449,311,121,48
2450,311,124,43
2451,312,618,12
2452,312,410,20
2453,312,406,17
2454,312,612,17
2455,312,622,17
2456,312,625,22
2457,312,621,16
2458,312,407,21
2459,312,416,20
2460,312,617,14
2461,312,620,18
2462,312,615,17
2463,312,408,19
2464,312,411,14
2465,313,580,31
2466,313,105,48
2467,313,98,43
2468,313,583,34
2469,314,572,40
2470,314,574,76
2471,314,577,43
2472,314,571,53
2473,315,724,39
2474,315,721,27
2475,315,722,35
2476,315,723,43
2477,316,809,240
2478,316,810,272
2479,316,808,211
2480,316,535,84
2481,316,811,183
2482,316,806,142
2483,316,534,90
2484,317,688,39
2485,317,604,54
2486,317,606,68
2487,317,679,22
2488,317,683,36
2489,317,681,29
2490,317,689,30
2491,317,686,23
2492,317,685,25
2493,317,603,40
2494,317,607,62
2495,318,677,12
2496,318,678,18
2497,319,393,20
2498,319,558,62
2499,319,40,38
2500,319,44,38
2501,319,404,23
2502,320,322,22
2503,320,446,68
2504,320,453,98
2505,320,450,136
2506,320,6,47
2507,320,332,16
2508,320,339,14
2509,320,8,31
2510,320,20,32
2511,320,778,163
2512,320,9,24
2513,321,591,33
2514,321,594,44
2515,321,595,64
2516,321,590,66
2517,322,69,32
2518,322,92,38
2519,322,79,41
2520,322,364,13
2521,322,83,41
2522,322,86,38
2523,322,584,61
2524,322,434,12
2525,322,82,39
2526,322,72,39
2527,322,527,81
2528,323,398,16
2529,323,459,106
2530,323,308,16
2531,323,38,33
2532,323,307,22
2533,323,34,48
2534,323,554,40
2535,323,557,53
2536,324,297,13
2537,324,300,22
2538,324,302,25
2539,324,720,32
2540,324,299,26
2541,324,717,30
2542,324,303,18
2543,324,301,18
2544,324,304,17
2545,324,719,33
2546,325,660,22
2547,325,661,15
2548,325,659,18
2549,325,656,15
2550,325,658,19
2551,325,657,16
2552,326,130,43
2553,326,706,41
2554,326,704,29
2555,326,119,37
2556,326,701,30
2557,326,117,44
2558,326,123,39
2559,326,699,40
2560,326,122,34
2561,326,118,42
2562,327,807,245
2563,327,806,241
2564,327,810,243
2565,327,808,236
2566,327,805,226
2567,327,535,81
2568,327,811,272
2569,327,812,233
2570,327,534,121
2571,328,71,43
2572,328,528,122
2573,328,362,19
2574,328,584,73
2575,329,561,52
2576,329,562,61
2577,329,568,37
2578,329,563,56
2579,330,740,15
2580,330,426,11
2581,330,420,14
2582,330,466,99
2583,330,478,56
2584,330,424,16
2585,330,736,16
2586,330,731,14
2587,330,464,61
2588,330,472,83
2589,330,734,17
2590,330,467,123
2591,331,538,41
2592,331,541,55
2593,331,17,52
2594,331,206,13
2595,331,545,40
2596,331,774,230
2597,331,205,24
2598,331,775,180
2599,331,19,47
2600,331,449,106
2601,331,18,49
2602,331,16,46
2603,332,365,19
2604,332,367,19
2605,332,74,34
2606,332,587,61
2607,332,87,38
2608,332,92,57
2609,332,91,45
2610,332,585,75
2611,332,79,58
2612,332,85,42
2613,332,361,15
2614,333,659,18
2615,333,656,18
2616,333,660,20
2617,333,661,18
2618,333,658,12
2619,334,576,60
2620,334,572,44
2621,334,573,72
2622,334,570,37
2623,334,575,41
2624,334,577,56
2625,334,569,60
2626,335,498,83
2627,335,494,114
2628,335,501,112
2629,335,497,125
2630,335,502,122
2631,335,768,13
2632,335,499,99
2633,335,496,80
2634,335,767,15
2635,335,766,11
2636,335,765,19
2637,336,276,23
2638,336,283,20
2639,336,756,15
2640,336,284,22
2641,336,274,23
2642,337,185,50
2643,337,184,48
2644,337,179,38
2645,337,178,43
2646,337,186,52
2647,338,2,43
2648,338,10,31
2649,338,450,92
2650,338,332,24
2651,338,16,50
2652,338,15,57
2653,339,464,98
2654,339,470,61
2655,339,476,121
2656,339,429,22
2657,339,734,14
2658,339,425,19
2659,339,466,128
2660,339,467,77
2661,339,422,15
2662,339,474,109
2663,339,423,18
2664,339,468,65
2665,340,331,19
2666,340,446,118
2667,340,13,33
2668,340,325,15
2669,340,321,16
2670,340,545,60
2671,340,544,51
2672,340,340,21
2673,340,208,20
2674,340,6,36
2675,340,453,111
2676,340,449,92
2677,341,284,25
2678,341,270,13
2679,341,275,21
2680,341,283,18
2681,341,279,12
2682,341,753,11
2683,341,754,16
2684,341,272,15
2685,341,276,16
2686,341,755,12
2687,342,327,17
2688,342,446,100
2689,342,776,139
2690,342,773,260
2691,342,17,40
2692,342,203,17
2693,342,779,184
2694,343,204,16
2695,343,332,16
2696,343,536,52
2697,343,542,46
2698,343,334,19
2699,343,203,26
2700,343,335,16
2701,343,18,48
2702,343,774,198
2703,343,340,15
2704,343,447,121
2705,343,19,58
2706,343,325,16
2707,344,670,15
2708,344,671,15
2709,344,669,16
2710,344,672,16
2711,344,668,19
2712,345,719,31
2713,345,298,17
2714,345,303,20
2715,345,305,20
2716,345,718,39
2717,345,300,15
2718,345,297,24
2719,345,302,22
2720,345,720,33
2721,345,299,27
2722,345,717,41
2723,346,417,19
2724,346,317,20
2725,346,616,12
2726,346,316,24
2727,346,412,23
2728,346,410,13
2729,346,613,18
2730,346,621,22
2731,346,409,13
2732,346,618,17
2733,347,657,16
2734,347,656,20
2735,347,660,24
2736,347,659,18
2737,347,661,21
2738,348,327,17
2739,348,206,26
2740,348,331,18
2741,348,205,12
2742,348,450,114
2743,348,538,62
2744,348,326,20
2745,348,6,41
2746,348,337,13
2747,348,10,36
2748,349,280,19
2749,349,754,18
2750,349,276,24
2751,349,284,23
2752,349,281,25
2753,349,278,25
2754,349,272,28
2755,350,657,25
2756,350,659,20
2757,350,656,18
2758,350,658,21
2759,350,660,25
2760,350,661,23
2761,351,111,53
2762,351,113,53
2763,351,109,29
2764,351,382,14
2765,351,379,21
2766,351,100,44
2767,351,103,40
2768,351,106,44
2769,351,114,34
2770,351,105,42
2771,352,238,19
2772,352,239,21
2773,352,247,22
2774,352,252,22
2775,352,237,25
2776,352,244,20
2777,352,234,19
2778,352,235,29
2779,352,233,23
2780,353,577,51
2781,353,574,65
2782,353,571,55
2783,353,573,56
2784,353,569,79
2785,353,576,78
2786,354,412,21
2787,354,619,16
2788,354,622,17
2789,354,615,18
2790,354,415,20
2791,354,623,23
2792,354,612,16
2793,354,611,19
2794,355,355,18
2795,355,628,19
2796,355,46,52
2797,355,28,41
2798,355,40,31
2799,355,25,60
2800,355,463,104
2801,355,784,289
2802,355,50,47
2803,356,351,16
2804,356,456,150
2805,356,784,260
2806,356,51,41
2807,356,553,60
2808,356,463,89
2809,356,401,20
2810,356,344,14
2811,357,777,229
2812,357,3,56
2813,357,339,23
2814,357,774,224
2815,357,17,37
2816,357,779,273
2817,357,454,135
2818,357,329,22
2819,358,546,80
2820,358,545,61
2821,358,3,40
2822,358,321,19
2823,358,329,18
2824,358,204,17
2825,358,454,112
2826,358,14,58
2827,358,1,47
2828,358,779,161
2829,358,6,53
2830,358,542,52
2831,359,152,48
2832,359,137,35
2833,359,711,33
2834,359,154,37
2835,359,138,43
2836,359,145,29
2837,359,151,60
2838,359,148,31
2839,359,712,38
2840,360,381,23
2841,360,99,56
2842,360,114,60
2843,360,581,62
2844,360,110,50
2845,360,383,14
2846,360,382,16
2847,360,379,18
2848,360,97,51
2849,360,582,76
2850,360,112,43
2851,360,580,80
2852,361,592,52
2853,361,593,80
2854,361,595,61
2855,361,591,67
2856,361,590,42
2857,361,594,69
2858,362,240,17
2859,362,239,16
2860,362,250,26
2861,362,248,24
2862,362,241,18
2863,363,124,45
2864,363,131,36
2865,363,117,46
2866,363,120,55
2867,363,132,44
2868,363,703,23
2869,363,700,40
2870,363,129,47
2871,363,121,55
2872,363,127,45
2873,363,705,41
2874,363,122,56
2875,364,533,83
2876,364,799,154
2877,364,804,227
2878,364,801,202
2879,364,803,190
2880,364,802,184
2881,364,532,96
2882,364,531,150
2883,364,530,150
2884,364,797,300
2885,364,798,246
2886,365,131,60
2887,365,119,43
2888,365,703,35
2889,365,121,49
2890,365,132,37
2891,365,135,41
2892,365,134,55
2893,365,700,35
2894,365,129,54
2895,365,123,45
2896,365,124,45
2897,366,597,39
2898,366,516,92
2899,366,598,63
2900,366,794,210
2901,366,792,238
2902,366,601,67
2903,366,600,66
2904,367,252,19
2905,367,236,20
2906,367,249,28
2907,367,245,22
2908,367,239,28
2909,367,251,25
2910,367,233,20
2911,367,238,19
2912,367,246,21
2913,368,534,76
2914,368,535,150
2915,368,812,297
2916,368,810,270
2917,368,811,152
2918,368,805,149
2919,368,806,286
2920,368,808,191
2921,368,809,252
2922,369,521,142
2923,369,164,54
2924,369,162,42
2925,369,161,54
2926,369,170,43
2927,369,519,142
2928,369,171,44
2929,369,158,43
2930,369,173,56
2931,369,165,43
2932,370,303,24
2933,370,717,33
2934,370,298,30
2935,370,299,21
2936,370,300,16
2937,370,304,27
2938,370,301,24
2939,370,297,20
2940,370,719,33
2941,370,718,44
2942,371,409,14
2943,371,613,23
2944,371,623,19
2945,371,414,16
2946,371,315,23
2947,371,616,25
2948,371,317,17
2949,371,619,14
2950,371,411,25
2951,371,617,22
2952,371,412,15
2953,372,375,21
2954,372,229,19
2955,372,223,14
2956,372,226,17
2957,372,210,22
2958,372,209,28
2959,372,219,22
2960,372,231,13
2961,372,211,17
2962,373,96,59
2963,373,528,112
2964,373,94,44
2965,373,79,60
2966,373,431,17
2967,373,75,32
2968,373,77,44
2969,374,324,24
2970,374,536,47
2971,374,12,60
2972,374,206,25
2973,374,11,34
2974,374,337,25
2975,374,779,278
2976,374,541,44
2977,374,330,21
2978,374,447,115
2979,375,758,20
2980,375,219,22
2981,375,213,17
2982,375,221,18
2983,375,211,24
2984,375,224,28
2985,376,350,19
2986,376,635,17
2987,376,352,23
2988,376,44,42
2989,376,402,22
2990,376,401,17
2991,376,787,257
2992,376,29,60
2993,377,483,131
2994,377,761,14
2995,377,479,118
2996,377,763,19
2997,377,492,114
2998,377,484,87
2999,377,482,100
3000,377,487,105
3001,377,764,19
3002,378,800,218
3003,378,804,245
3004,378,798,214
3005,378,803,198
3006,378,531,108
3007,378,532,121
3008,378,530,135
3009,378,533,119
3010,378,802,257
3011,378,799,295
3012,379,737,20
3013,379,738,16
3014,379,473,127
3015,379,421,13
3016,379,428,15
3017,379,475,138
3018,379,472,108
3019,380,150,60
3020,380,709,30
3021,380,141,37
3022,380,140,35
3023,380,154,60
3024,380,138,51
3025,380,137,60
3026,380,708,46
3027,380,148,52
3028,381,677,18
3029,381,678,19
3030,382,469,80
3031,382,475,119
3032,382,472,110
3033,382,474,112
3034,382,426,17
3035,382,418,18
3036,382,464,90
3037,382,425,22
3038,383,250,29
3039,383,247,21
3040,383,234,17
3041,383,236,30
3042,383,240,25
3043,383,248,20
3044,383,235,29
3045,383,237,18
3046,384,43,44
3047,384,551,45
3048,384,393,13
3049,384,344,14
3050,384,399,20
3051,384,553,58
3052,385,302,17
3053,385,718,32
3054,385,303,25
3055,385,717,40
3056,385,299,30
3057,385,297,28
3058,385,300,16
3059,385,304,19
3060,385,301,23
3061,386,302,25
3062,386,719,50
3063,386,298,28
3064,386,303,19
3065,386,300,21
3066,386,301,20
3067,386,297,15
3068,386,305,30
3069,386,718,48
3070,386,717,50
3071,387,71,56
3072,387,369,17
3073,387,78,47
3074,387,366,17
3075,387,96,32
3076,387,363,23
3077,387,364,16
3078,387,95,26
3079,387,89,41
3080,387,86,44
3081,388,172,57
3082,388,168,48
3083,388,174,48
3084,388,521,133
3085,388,518,94
3086,388,159,55
3087,389,636,14
3088,389,783,243
3089,389,637,16
3090,389,788,221
3091,389,632,15
3092,389,45,28
3093,389,548,37
3094,389,403,16
3095,390,665,15
3096,390,662,18
3097,390,664,22
3098,390,663,23
3099,390,666,13
3100,390,667,18
3101,391,646,18
3102,391,643,22
3103,391,645,23
3104,391,641,14
3105,391,639,16
3106,391,644,20
3107,391,642,16
3108,391,640,21
3109,392,562,58
3110,392,563,70
3111,392,565,79
3112,392,560,40
3113,392,564,56
3114,392,566,61
3115,392,568,77
3116,393,424,21
3117,393,475,91
3118,393,465,112
3119,393,471,111
3120,393,425,20
3121,393,423,18
3122,393,467,85
3123,393,738,16
3124,394,365,23
3125,394,88,38
3126,394,84,40
3127,394,79,39
3128,394,529,82
3129,394,94,32
3130,394,73,52
3131,394,72,41
3132,395,431,23
3133,395,78,37
3134,395,432,20
3135,395,84,41
3136,395,589,48
3137,395,367,24
3138,395,588,68
3139,395,365,20
3140,395,81,44
3141,395,83,44
3142,395,79,45
3143,395,72,44
3144,396,441,25
3145,396,729,40
3146,396,730,33
3147,396,440,24
3148,397,719,29
3149,397,302,24
3150,397,718,48
3151,397,303,20
3152,397,305,20
3153,397,298,22
3154,397,300,30
3155,397,301,15
3156,397,299,16
3157,397,304,17
3158,398,141,45
3159,398,146,52
3160,398,153,29
3161,398,148,54
3162,398,709,40
3163,399,177,50
3164,399,181,43
3165,399,713,40
3166,399,186,43
3167,399,716,41
3168,399,182,38
3169,399,715,43
3170,399,185,46
3171,399,183,38
3172,399,714,29
3173,399,187,39
3174,399,178,29
3175,399,179,47
3176,400,796,216
3177,400,513,87
3178,400,511,103
3179,400,789,166
3180,400,795,223
3181,400,510,76
3182,400,791,252
3183,400,512,114
3184,400,790,269
3185,401,436,22
3186,401,725,25
3187,401,437,22
3188,401,439,22
3189,401,726,46
3190,401,438,24
3191,401,728,31
3192,401,727,33
3193,402,494,95
3194,402,501,80
3195,402,767,15
3196,402,498,90
3197,402,497,71
3198,402,495,108
3199,402,765,16
3200,402,502,103
3201,402,499,74
3202,402,500,82
3203,402,496,71
3204,403,744,16
3205,403,741,17
3206,403,312,29
3207,403,748,14
3208,403,313,22
3209,403,314,16
3210,403,742,17
3211,404,635,17
3212,404,403,19
3213,404,26,29
3214,404,636,15
3215,404,456,112
3216,404,458,115
3217,404,556,80
3218,404,31,31
3219,404,345,18
3220,404,463,112
3221,404,360,16
3222,405,111,53
3223,405,578,61
3224,405,108,41
3225,405,100,46
3226,405,102,30
3227,405,116,43
3228,406,616,14
3229,406,410,23
3230,406,411,15
3231,406,417,20
3232,406,620,17
3233,406,611,23
3234,406,619,21
3235,406,320,17
3236,406,621,17
3237,406,625,18
3238,406,613,14
3239,406,407,21
3240,407,655,15
3241,407,650,19
3242,407,653,17
3243,407,652,16
3244,407,648,19
3245,407,647,18
3246,407,651,25
3247,407,654,17
3248,408,561,66
3249,408,563,63
3250,408,565,48
3251,408,562,56
3252,408,568,69
3253,408,560,67
3254,408,567,60
3255,408,566,64
3256,408,564,53
3257,409,282,17
3258,409,276,17
3259,409,279,21
3260,409,274,26
3261,409,284,20
3262,409,283,24
3263,409,273,25
3264,409,272,18
3265,409,275,28
3266,409,280,18
3267,409,753,19
3268,409,281,17
3269,410,798,206
3270,410,803,238
3271,410,799,253
3272,410,531,118
3273,410,533,150
3274,410,802,251
3275,410,530,84
3276,410,801,239
3277,410,797,212
3278,411,441,15
3279,411,730,28
3280,411,729,38
3281,411,440,20
3282,412,510,111
3283,412,793,131
3284,412,600,63
3285,412,796,193
3286,412,795,167
3287,412,516,79
3288,412,508,91
3289,412,513,85
3290,412,514,120
3291,413,691,41
3292,413,65,54
3293,413,58,54
3294,413,386,23
3295,413,60,60
3296,413,55,37
3297,413,609,38
3298,414,195,49
3299,414,198,57
3300,414,200,60
3301,414,525,113
3302,414,522,76
3303,414,524,127
3304,414,189,53
3305,414,191,57
3306,414,194,43
3307,414,193,43
3308,414,199,46
3309,415,260,30
3310,415,264,15
3311,415,258,19
3312,415,255,22
3313,415,268,25
3314,415,259,17
3315,416,258,24
3316,416,269,13
3317,416,262,21
3318,416,256,24
3319,416,267,15
3320,416,263,30
3321,416,264,19
3322,417,504,110
3323,417,505,113
3324,417,507,127
3325,417,770,13
3326,417,772,18
3327,417,506,75
3328,417,769,14
3329,417,503,104
3330,417,771,19
3331,418,321,14
3332,418,779,279
3333,418,13,44
3334,418,451,112
3335,418,2,31
3336,418,4,51
3337,418,10,34
3338,419,677,21
3339,419,678,18
3340,420,372,17
3341,420,217,21
3342,420,210,21
3343,420,760,13
3344,421,349,20
3345,421,785,262
3346,421,52,36
3347,421,353,19
3348,421,786,172
3349,421,38,28
3350,421,455,97
3351,421,628,22
3352,421,350,18
3353,421,309,27
3354,421,631,23
3355,422,247,19
3356,422,250,28
3357,422,236,25
3358,422,241,19
3359,422,243,24
3360,422,238,20
3361,422,248,18
3362,422,240,23
3363,423,241,15
3364,423,242,15
3365,423,249,24
3366,423,240,19
3367,423,243,23
3368,423,237,21
3369,423,236,27
3370,424,663,18
3371,424,665,25
3372,424,664,21
3373,424,662,19
3374,425,206,19
3375,425,323,14
3376,425,3,47
3377,425,12,26
3378,425,204,21
3379,425,452,92
3380,425,5,33
3381,425,337,21
3382,425,776,189
3383,425,9,36
3384,426,571,45
3385,426,576,56
3386,426,577,62
3387,426,574,42
3388,426,570,33
3389,426,569,58
3390,426,573,56
3391,426,572,54
3392,427,709,30
3393,427,141,24
3394,427,154,32
3395,427,140,42
3396,427,148,42
3397,427,710,28
3398,428,12,30
3399,428,6,48
3400,428,16,44
3401,428,446,105
3402,428,542,62
3403,428,7,38
3404,428,325,19
3405,428,322,18
3406,428,538,40
3407,428,9,34
3408,428,206,13
3409,428,331,20
3410,429,656,15
3411,429,660,23
3412,429,658,15
3413,429,657,22
3414,429,659,16
3415,429,661,19
3416,430,723,33
3417,430,722,31
3418,430,724,34
3419,430,721,35
3420,431,93,37
3421,431,369,12
3422,431,361,18
3423,431,365,14
3424,431,526,87
3425,431,586,50
3426,432,282,19
3427,432,283,22
3428,432,278,17
3429,432,280,26
3430,432,275,18
3431,432,753,14
3432,432,272,20
3433,433,617,15
3434,433,618,22
3435,433,621,18
3436,433,407,16
3437,433,611,21
3438,433,406,13
3439,433,612,12
3440,433,417,17
3441,433,616,14
3442,433,615,21
3443,433,317,15
3444,434,605,46
3445,434,607,46
3446,434,602,50
3447,434,689,36
3448,434,604,57
3449,434,682,32
3450,434,684,35
3451,434,390,15
3452,434,683,36
3453,434,686,42
3454,434,687,43
3455,435,99,35
3456,435,106,47
3457,435,580,55
3458,435,107,27
3459,435,101,41
3460,435,116,32
3461,435,98,33
3462,435,581,60
3463,435,110,52
3464,436,662,13
3465,436,665,19
3466,436,666,15
3467,436,664,10
3468,436,663,14
3469,436,667,21
3470,437,661,16
3471,437,657,13
3472,437,660,17
3473,437,659,19
3474,437,658,11
3475,437,656,14
3476,438,463,91
3477,438,306,12
3478,438,46,32
3479,438,354,15
3480,438,45,39
3481,438,25,39
3482,438,455,98
3483,438,554,55
3484,438,629,17
3485,438,353,18
3486,438,347,12
3487,438,460,92
3488,438,636,16
3489,439,158,42
3490,439,163,30
3491,439,170,39
3492,439,520,65
3493,439,157,49
3494,439,169,40
3495,439,159,25
3496,439,519,90
3497,440,660,12
3498,440,659,15
3499,440,658,14
3500,440,657,21
3501,440,661,17
3502,441,154,29
3503,441,141,30
3504,441,150,32
3505,441,155,47
3506,441,145,31
3507,441,709,35
3508,442,199,38
3509,442,200,43
3510,442,198,52
3511,442,522,108
3512,442,195,34
3513,442,524,129
3514,442,525,97
3515,442,194,51
3516,442,196,53
3517,442,190,36
3518,442,192,37
3519,443,723,37
3520,443,721,43
3521,443,722,28
3522,443,724,21
3523,444,590,40
3524,444,593,68
3525,444,594,53
3526,444,595,50
3527,444,591,42
3528,444,592,37
3529,445,409,12
3530,445,320,17
3531,445,315,21
3532,445,617,16
3533,445,611,13
3534,445,408,15
3535,445,613,18
3536,445,618,21
3537,445,612,14
3538,445,625,11
3539,445,614,21
3540,445,407,18
3541,446,480,119
3542,446,489,113
3543,446,493,100
3544,446,486,63
3545,446,487,76
3546,446,490,113
3547,446,488,65
3548,446,483,109
3549,447,648,14
3550,447,649,18
3551,447,653,15
3552,447,650,15
3553,447,651,23
3554,448,456,94
3555,448,785,138
3556,448,457,95
3557,448,630,15
3558,448,787,173
3559,448,559,45
3560,448,24,34
3561,448,40,40
3562,448,399,16
3563,448,400,17
3564,448,34,44
3565,448,552,47
3566,449,628,16
3567,449,48,41
3568,449,404,14
3569,449,29,24
3570,449,28,22
3571,449,781,111
3572,449,50,41
3573,449,457,106
3574,449,356,13
3575,450,329,15
3576,450,779,196
3577,450,328,17
3578,450,321,12
3579,450,542,53
3580,450,776,101
3581,451,590,45
3582,451,591,59
3583,451,593,70
3584,451,594,40
3585,451,595,51
3586,452,634,16
3587,452,392,15
3588,452,36,25
3589,452,630,16
3590,453,387,14
3591,453,610,56
3592,453,60,43
3593,453,608,66
3594,453,690,31
3595,453,55,39
3596,453,695,36
3597,453,63,42
3598,453,694,34
3599,453,64,32
3600,454,505,88
3601,454,507,113
3602,454,772,13
3603,454,506,70
3604,454,503,87
3605,454,770,13
3606,454,504,123
3607,454,771,13
3608,454,769,16
3609,455,711,27
3610,455,137,38
3611,455,708,31
3612,455,148,38
3613,455,139,50
3614,455,143,43
3615,455,144,36
3616,455,710,26
3617,455,142,29
3618,455,152,39
3619,455,149,31
3620,456,721,38
3621,456,724,40
3622,456,723,37
3623,456,722,39
3624,457,521,100
3625,457,175,38
3626,457,159,39
3627,457,167,43
3628,457,160,53
3629,457,518,99
3630,457,169,32
3631,457,158,38
3632,458,313,28
3633,458,746,15
3634,458,745,13
3635,458,743,15
3636,458,741,13
3637,458,744,12
3638,458,747,13
3639,458,748,15
3640,458,312,25
3641,458,742,14
3642,458,314,13
3643,459,478,103
3644,459,469,61
3645,459,474,84
3646,459,424,15
3647,459,734,14
3648,459,425,16
3649,459,429,17
3650,459,471,96
3651,459,465,111
3652,459,420,16
3653,459,467,74
3654,459,732,14
3655,460,374,19
3656,460,377,16
3657,460,370,15
3658,460,759,17
3659,460,225,21
3660,460,222,20
3661,460,372,15
3662,460,228,15
3663,460,224,19
3664,461,84,47
3665,461,433,14
3666,461,529,99
3667,461,75,39
3668,461,432,19
3669,461,434,17
3670,461,588,65
3671,461,71,21
3672,462,618,18
3673,462,412,21
3674,462,616,17
3675,462,417,18
3676,462,612,24
3677,462,315,19
3678,463,288,20
3679,463,292,27
3680,463,286,14
3681,463,294,12
3682,463,296,24
3683,463,291,21
3684,463,295,15
3685,463,293,15
3686,463,287,26
3687,463,290,18
3688,463,445,16
3689,463,444,14
3690,464,137,23
3691,464,145,32
3692,464,710,24
3693,464,155,26
3694,464,156,41
3695,464,152,43
3696,464,153,50
3697,464,149,26
3698,464,143,37
3699,464,144,51
3700,464,148,51
3701,464,150,43
3702,465,305,22
3703,465,719,32
3704,465,297,15
3705,465,717,30
3706,466,349,19
3707,466,345,18
3708,466,460,108
3709,466,46,42
3710,466,32,35
3711,466,342,20
3712,466,401,21
3713,466,359,17
3714,466,351,22
3715,466,35,35
3716,466,30,35
3717,467,666,18
3718,467,663,22
3719,467,665,17
3720,467,667,22
3721,467,664,17
3722,468,373,19
3723,468,227,14
3724,468,212,11
3725,468,371,12
3726,468,221,26
3727,468,231,21
3728,468,377,15
3729,468,226,20
3730,468,218,20
3731,468,210,22
3732,469,237,21
3733,469,251,19
3734,469,247,15
3735,469,246,18
3736,469,252,16
3737,469,244,22
3738,469,249,13
3739,469,243,27
3740,469,236,12
3741,469,234,16
3742,469,250,29
3743,469,238,15
3744,470,620,18
3745,470,414,16
3746,470,621,23
3747,470,613,17
3748,470,318,21
3749,470,317,17
3750,470,624,13
3751,470,623,23
3752,470,619,15
3753,470,612,15
3754,471,214,12
3755,471,758,13
3756,471,209,24
3757,471,215,24
3758,471,370,14
3759,471,217,22
3760,471,232,22
3761,471,220,17
3762,471,376,10
3763,471,212,26
3764,471,223,23
3765,471,757,14
3766,472,194,48
3767,472,200,51
3768,472,525,130
3769,472,190,49
3770,472,195,53
3771,472,197,40
3772,472,524,92
3773,472,199,35
3774,472,196,51
3775,472,522,125
3776,472,198,43
3777,472,192,34
3778,472,189,43
3779,472,191,27
3780,473,439,11
3781,473,436,12
3782,473,726,38
3783,473,438,19
3784,473,437,14
3785,474,738,11
3786,474,420,20
3787,474,476,143
3788,474,737,15
3789,474,422,13
3790,474,464,93
3791,474,429,21
3792,474,465,106
3793,474,470,86
3794,474,478,85
3795,474,423,24
3796,475,130,38
3797,475,123,41
3798,475,134,45
3799,475,703,45
3800,475,699,35
3801,475,131,54
3802,475,705,41
3803,475,701,33
3804,475,704,41
3805,476,681,36
3806,476,685,47
3807,476,602,46
3808,476,390,20
3809,476,684,43
3810,476,605,63
3811,476,603,52
3812,476,388,18
3813,476,683,36
3814,476,607,50
3815,477,104,50
3816,477,384,12
3817,477,115,43
3818,477,580,56
3819,477,98,47
3820,477,381,21
3821,477,109,38
3822,477,112,35
3823,477,100,41
3824,477,99,32
3825,478,41,43
3826,478,24,25
3827,478,43,42
3828,478,783,193
3829,478,40,35
3830,478,25,40
3831,478,35,41
3832,478,455,108
3833,479,383,12
3834,479,110,30
3835,479,379,16
3836,479,97,31
3837,480,647,20
3838,480,648,17
3839,480,651,15
3840,480,655,15
3841,480,649,16
3842,480,654,19
3843,480,653,18
3844,481,791,122
3845,481,510,84
3846,481,598,48
3847,481,789,260
3848,481,601,47
3849,481,517,66
3850,482,536,49
3851,482,451,94
3852,482,542,60
3853,482,10,35
3854,482,543,48
3855,482,545,49
3856,482,2,26
3857,483,563,41
3858,483,568,39
3859,483,565,45
3860,483,564,50
3861,483,566,44
3862,483,560,51
3863,483,561,51
3864,483,562,62
3865,484,780,215
3866,484,9,37
3867,484,338,18
3868,484,202,27
3869,485,196,53
3870,485,198,36
3871,485,199,45
3872,485,522,61
3873,485,189,38
3874,485,523,93
3875,485,192,31
3876,485,190,52
3877,485,525,120
3878,485,191,29
3879,485,193,35
3880,485,524,90
3881,486,113,32
3882,486,108,41
3883,486,381,13
3884,486,115,35
3885,486,581,58
3886,486,116,48
3887,486,104,44
3888,486,107,54
3889,486,102,28
3890,486,103,51
3891,486,379,16
3892,486,97,39
3893,487,639,19
3894,487,646,17
3895,487,638,17
3896,487,645,19
3897,487,642,23
3898,487,640,18
3899,487,641,18
3900,487,643,19
3901,488,62,29
3902,488,54,47
3903,488,698,42
3904,488,692,30
3905,489,666,18
3906,489,665,19
3907,489,667,18
3908,489,664,20
3909,489,662,18
3910,489,663,19
3911,490,415,23
3912,490,619,20
3913,490,318,13
3914,490,624,19
3915,491,244,15
3916,491,243,23
3917,491,249,16
3918,491,245,27
3919,491,238,17
3920,491,241,25
3921,491,235,19
3922,492,483,100
3923,492,481,88
3924,492,480,98
3925,492,482,61
3926,492,490,88
3927,493,148,42
3928,493,156,39
3929,493,146,49
3930,493,710,32
3931,493,708,42
3932,493,143,57
3933,493,149,36
3934,493,139,33
3935,493,140,39
3936,493,154,35
3937,493,709,32
3938,493,151,31
3939,493,142,43
3940,494,323,19
3941,494,5,42
3942,494,538,61
3943,494,451,116
3944,494,541,58
3945,494,201,17
3946,494,16,39
3947,494,207,18
3948,495,601,64
3949,495,792,214
3950,495,510,105
3951,495,513,117
3952,495,790,222
3953,495,796,185
3954,496,182,35
3955,496,184,38
3956,496,177,38
3957,496,187,41
3958,496,178,40
3959,496,714,34
3960,496,183,39
3961,496,188,49
3962,496,186,39
3963,496,181,33
3964,496,185,41
3965,497,89,37
3966,497,70,28
3967,497,76,35
3968,497,527,122
3969,497,364,18
3970,497,84,40
3971,497,73,38
3972,497,589,55
3973,497,363,23
3974,497,81,44
3975,497,95,53
3976,497,69,52
3977,498,168,42
3978,498,162,23
3979,498,520,89
3980,498,157,25
3981,498,173,39
3982,498,163,43
3983,498,159,38
3984,498,170,41
3985,498,165,27
3986,498,172,39
3987,498,166,41
3988,499,512,99
3989,499,793,212
3990,499,515,139
3991,499,790,247
3992,499,599,33
3993,499,791,217
3994,499,792,252
3995,500,559,45
3996,500,459,105
3997,500,396,17
3998,500,358,21
3999,500,345,22
4000,500,785,154
4001,500,626,14
4002,500,27,33
4003,500,399,18
4004,501,142,32
4005,501,709,28
4006,501,143,43
4007,501,712,30
4008,501,155,55
4009,501,145,33
4010,502,671,15
4011,502,670,18
4012,502,668,22
4013,502,672,16
4014,502,669,20
4015,503,93,47
4016,503,78,38
4017,503,85,32
4018,503,96,39
4019,503,584,53
4020,503,362,22
4021,503,585,44
4022,503,71,44
4023,503,89,27
4024,503,77,30
4025,503,528,100
4026,504,358,16
4027,504,636,20
4028,504,47,23
4029,504,626,12
4030,504,307,17
4031,504,311,25
4032,505,52,39
4033,505,784,227
4034,505,551,50
4035,505,45,31
4036,505,460,84
4037,505,42,34
4038,505,343,12
4039,506,654,17
4040,506,649,25
4041,506,648,20
4042,506,651,23
4043,506,647,19
4044,506,652,18
4045,506,653,18
4046,507,166,36
4047,507,164,37
4048,507,520,117
4049,507,165,55
4050,508,410,16
4051,508,406,15
4052,508,616,16
4053,508,612,14
4054,508,615,16
4055,508,316,20
4056,508,624,18
4057,508,625,19
4058,508,315,16
4059,508,413,14
4060,509,723,29
4061,509,722,37
4062,509,724,25
4063,509,721,23
4064,510,535,104
4065,510,807,129
4066,510,811,260
4067,510,534,106
4068,510,809,256
4069,510,810,195
4070,510,805,194
4071,511,128,56
4072,511,130,45
4073,511,134,42
4074,511,133,38
4075,511,121,37
4076,511,123,50
4077,511,120,41
4078,511,704,41
4079,511,129,40
4080,511,127,36
4081,511,136,54
4082,511,135,38
4083,512,678,13
4084,512,677,16
4085,513,281,20
4086,513,284,23
4087,513,272,17
4088,513,283,17
4089,513,270,23
4090,513,276,25
4091,513,279,20
4092,513,753,15
4093,513,275,13
4094,513,282,20
4095,513,277,19
4096,513,756,15
4097,514,107,47
4098,514,115,30
4099,514,104,27
4100,514,580,50
4101,514,106,44
4102,514,102,47
4103,514,111,47
4104,514,109,35
4105,514,114,32
4106,514,103,37
4107,514,384,18
4108,515,587,61
4109,515,92,29
4110,515,526,84
4111,515,71,44
4112,515,364,17
4113,515,585,53
4114,516,412,21
4115,516,623,18
4116,516,320,18
4117,516,315,20
4118,516,619,23
4119,516,618,20
4120,517,515,127
4121,517,517,81
4122,517,512,108
4123,517,599,65
4124,518,613,19
4125,518,620,17
4126,518,416,13
4127,518,318,27
4128,518,618,15
4129,518,412,15
4130,518,410,14
4131,518,315,26
4132,518,319,27
4133,518,415,13
4134,519,252,23
4135,519,248,20
4136,519,235,20
4137,519,241,27
4138,519,234,23
4139,519,242,20
4140,519,239,25
4141,519,247,23
4142,519,244,19
4143,519,236,14
4144,520,294,26
4145,520,293,25
4146,520,290,12
4147,520,295,18
4148,520,445,20
4149,520,286,19
4150,520,292,14
4151,520,288,19
4152,521,392,20
4153,521,34,41
4154,521,400,15
4155,521,33,32
4156,522,296,20
4157,522,293,21
4158,522,445,15
4159,522,286,22
4160,522,291,24
4161,522,288,21
4162,522,294,26
4163,522,292,25
4164,522,290,14
4165,522,285,19
4166,522,287,20
4167,523,165,31
4168,523,171,39
4169,523,175,50
4170,523,161,44
4171,523,521,80
4172,523,164,40
4173,523,173,33
4174,523,172,48
4175,523,166,41
4176,523,169,37
4177,524,405,15
4178,524,549,57
4179,524,31,46
4180,524,548,45
4181,524,44,54
4182,524,46,37
4183,524,23,50
4184,524,354,24
4185,524,459,103
4186,524,629,16
4187,525,596,52
4188,525,792,228
4189,525,512,67
4190,525,600,68
4191,525,789,162
4192,525,517,80
4193,526,422,18
4194,526,465,139
4195,526,467,80
4196,526,735,13
4197,526,427,18
4198,526,740,17
4199,526,471,87
4200,526,731,15
4201,526,421,21
4202,527,413,21
4203,527,317,14
4204,527,408,19
4205,527,410,16
4206,527,414,16
4207,527,615,22
4208,527,318,12
4209,528,21,33
4210,528,42,32
4211,528,52,43
4212,528,629,12
4213,528,25,27
4214,528,461,114
4215,528,459,113
4216,528,308,15
4217,528,341,17
4218,528,46,47
4219,528,783,186
4220,529,720,37
4221,529,302,13
4222,529,297,20
4223,529,299,21
4224,529,304,19
4225,529,719,29
4226,529,298,17
4227,529,301,15
4228,529,300,11
4229,529,718,40
4230,530,92,39
4231,530,74,34
4232,530,86,35
4233,530,586,66
4234,530,368,19
4235,530,90,47
4236,530,71,43
4237,530,361,21
4238,531,783,176
4239,531,348,17
4240,531,44,31
4241,531,45,43
4242,531,402,19
4243,531,39,39
4244,531,30,33
4245,531,557,60
4246,532,546,71
4247,532,332,17
4248,532,11,47
4249,532,3,31
4250,532,543,59
4251,532,542,58
4252,533,665,18
4253,533,663,16
4254,533,664,14
4255,533,667,23
4256,533,666,17
4257,533,662,21
4258,534,235,25
4259,534,245,15
4260,534,244,24
4261,534,238,23
4262,535,90,29
4263,535,88,28
4264,535,83,32
4265,535,73,53
4266,535,588,44
4267,535,585,51
4268,535,80,38
4269,536,335,14
4270,536,775,137
4271,536,539,59
4272,536,202,17
4273,536,205,25
4274,536,536,50
4275,536,778,227
4276,537,223,24
4277,537,214,19
4278,537,373,19
4279,537,211,25
4280,537,374,13
4281,537,224,18
4282,537,232,20
4283,537,377,23
4284,537,378,15
4285,538,782,182
4286,538,24,37
4287,538,395,17
4288,538,30,41
4289,538,630,11
4290,538,627,21
4291,539,438,17
4292,539,728,35
4293,539,436,20
4294,539,726,37
4295,539,725,31
4296,539,437,17
4297,539,727,40
4298,540,103,38
4299,540,106,47
4300,540,102,53
4301,540,579,43
4302,540,113,41
4303,540,109,44
4304,540,582,51
4305,540,114,44
4306,540,384,13
4307,541,771,17
4308,541,503,83
4309,541,504,121
4310,541,506,100
4311,541,507,91
4312,542,195,40
4313,542,189,38
4314,542,525,89
4315,542,199,43
4316,542,523,116
4317,542,193,52
4318,543,291,16
4319,543,294,18
4320,543,445,14
4321,543,289,14
4322,543,288,22
4323,543,296,17
4324,543,286,26
4325,543,295,20
4326,543,293,12
4327,543,285,20
4328,543,444,18
4329,544,272,21
4330,544,270,18
4331,544,281,23
4332,544,273,20
4333,544,277,13
4334,544,755,16
4335,544,276,21
4336,544,753,11
4337,544,280,21
4338,544,279,22
4339,544,282,23
4340,545,11,40
4341,545,541,61
4342,545,779,135
4343,545,325,16
4344,545,18,41
4345,546,390,17
4346,546,605,71
4347,546,607,68
4348,546,687,31
4349,546,685,46
4350,547,770,13
4351,547,505,93
4352,547,504,85
4353,547,507,114
4354,548,433,14
4355,548,86,46
4356,548,93,39
4357,548,84,33
4358,548,75,51
4359,548,585,52
4360,548,94,29
4361,548,369,16
4362,549,183,46
4363,549,177,38
4364,549,715,34
4365,549,179,40
4366,549,714,35
4367,549,188,35
4368,549,181,52
4369,549,713,38
4370,550,203,14
4371,550,330,15
4372,550,329,16
4373,550,780,200
4374,550,778,238
4375,550,2,38
4376,550,1,49
4377,550,448,93
4378,550,20,50
4379,551,676,16
4380,551,674,19
4381,551,673,16
4382,551,675,19
4383,552,20,53
4384,552,328,24
4385,552,339,24
4386,552,539,56
4387,552,2,47
4388,552,775,283
4389,552,329,17
4390,553,773,170
4391,553,547,42
4392,553,8,45
4393,553,774,194
4394,553,6,49
4395,553,447,96
4396,553,779,120
4397,553,206,23
4398,553,16,42
4399,554,132,36
4400,554,136,34
4401,554,119,46
4402,554,135,36
4403,554,118,38
4404,554,134,39
4405,554,122,41
4406,554,703,30
4407,554,706,33
4408,554,700,32
4409,554,125,37
4410,554,128,38
4411,555,162,58
4412,555,163,46
4413,555,519,125
4414,555,167,50
4415,555,157,53
4416,555,174,58
4417,555,175,48
4418,555,518,99
4419,555,158,59
4420,555,161,57
4421,555,164,55
4422,555,160,51
4423,555,159,42
4424,556,719,49
4425,556,717,46
4426,556,298,23
4427,556,301,23
4428,556,300,20
4429,556,302,26
4430,556,304,22
4431,556,303,23
4432,556,299,27
4433,556,305,15
4434,557,278,13
4435,557,274,23
4436,557,756,15
4437,557,275,22
4438,557,279,25
4439,557,284,28
4440,557,283,18
4441,557,272,21
4442,557,755,20
4443,557,280,28
4444,557,277,16
4445,557,753,17
4446,558,780,184
4447,558,333,18
4448,558,334,17
4449,558,12,39
4450,558,6,44
4451,558,5,57
4452,558,17,42
4453,559,332,19
4454,559,780,206
4455,559,11,44
4456,559,19,51
4457,559,4,37
4458,559,773,165
4459,559,453,110
4460,559,338,18
4461,560,7,43
4462,560,18,53
4463,560,452,148
4464,560,208,21
4465,561,35,54
4466,561,31,47
4467,561,42,51
4468,561,392,19
4469,561,351,21
4470,561,461,80
4471,561,557,68
4472,562,688,47
4473,562,603,59
4474,562,680,20
4475,562,686,34
4476,562,390,14
4477,562,681,45
4478,562,679,22
4479,562,389,16
4480,563,798,155
4481,563,803,191
4482,563,532,144
4483,563,802,300
4484,563,530,95
4485,563,533,96
4486,563,804,182
4487,563,797,256
4488,563,800,231
4489,563,531,61
4490,563,801,219
4491,563,799,227
4492,564,663,23
4493,564,666,25
4494,564,662,16
4495,564,665,22
4496,564,667,18
4497,564,664,24
4498,565,547,43
4499,565,333,18
4500,565,6,24
4501,565,536,46
4502,565,8,49
4503,565,334,19
4504,566,724,46
4505,566,722,41
4506,566,721,45
4507,566,723,27
4508,567,5,41
4509,567,7,55
4510,567,14,40
4511,567,775,297
4512,567,778,299
4513,568,673,17
4514,568,674,18
4515,568,676,25
4516,568,675,23
4517,569,712,31
4518,569,142,60
4519,569,152,33
4520,569,148,52
4521,569,153,39
4522,569,711,47
4523,569,147,60
4524,569,143,45
4525,569,155,55
4526,569,151,29
4527,570,16,47
4528,570,327,23
4529,570,1,47
4530,570,447,70
4531,570,328,20
4532,570,450,131
4533,570,448,117
4534,570,5,56
4535,570,777,225
4536,570,324,14
4537,570,537,55
4538,571,132,35
4539,571,118,42
4540,571,707,41
4541,571,125,44
4542,571,117,43
4543,572,36,60
4544,572,549,80
4545,572,31,43
4546,572,781,183
4547,572,457,81
4548,572,788,126
4549,572,355,19
4550,572,341,13
4551,572,356,18
4552,572,403,15
4553,572,48,42
4554,572,463,130
4555,573,67,47
4556,573,691,36
4557,573,690,37
4558,573,54,53
4559,573,56,50
4560,573,608,61
4561,573,697,32
4562,573,63,50
4563,573,59,58
4564,574,303,23
4565,574,718,36
4566,574,302,19
4567,574,300,23
4568,574,305,18
4569,574,301,19
4570,574,719,40
4571,575,276,19
4572,575,271,18
4573,575,756,15
4574,575,754,14
4575,575,277,27
4576,575,284,16
4577,575,282,15
4578,575,755,15
4579,575,273,20
4580,575,270,21
4581,575,280,28
4582,576,168,48
4583,576,160,57
4584,576,520,83
4585,576,159,39
4586,576,166,45
4587,577,641,23
4588,577,639,14
4589,577,645,17
4590,577,642,14
4591,577,644,16
4592,578,722,28
4593,578,721,38
4594,578,723,36
4595,578,724,48
4596,579,601,51
4597,579,600,80
4598,579,512,108
4599,579,796,185
4600,579,513,102
4601,579,510,81
4602,579,509,122
4603,579,794,236
4604,579,791,235
4605,580,675,17
4606,580,674,19
4607,580,676,15
4608,580,673,18
4609,581,159,44
4610,581,163,47
4611,581,158,37
4612,581,160,46
4613,581,162,52
4614,581,172,52
4615,581,175,44
4616,581,166,60
4617,582,35,34
4618,582,46,54
4619,582,51,41
4620,582,33,44
4621,583,779,263
4622,583,547,50
4623,583,329,15
4624,583,536,59
4625,583,333,15
4626,583,336,17
4627,583,201,20
4628,583,20,56
4629,584,12,34
4630,584,450,127
4631,584,10,35
4632,584,537,61
4633,584,330,14
4634,584,18,37
4635,584,7,34
4636,584,340,21
4637,584,774,283
4638,584,543,42
4639,584,326,15
4640,585,452,80
4641,585,454,121
4642,585,447,129
4643,585,538,72
4644,585,12,44
4645,585,18,28
4646,585,15,34
4647,585,208,20
4648,585,16,28
4649,585,539,61
4650,585,328,17
4651,585,450,111
4652,586,522,95
4653,586,192,37
4654,586,197,36
4655,586,195,37
4656,586,194,38
4657,587,788,215
4658,587,352,15
4659,587,351,17
4660,587,555,50
4661,587,551,59
4662,587,399,24
4663,587,36,40
4664,588,204,17
4665,588,779,227
4666,588,773,201
4667,588,450,132
4668,588,449,100
4669,588,546,60
4670,588,777,300
4671,588,7,33
4672,588,5,48
4673,588,15,33
4674,588,542,62
4675,588,322,18
4676,588,2,49
4677,589,731,17
4678,589,468,111
4679,589,465,62
4680,589,426,12
4681,589,733,15
4682,589,472,99
4683,589,419,21
4684,589,418,14
4685,589,464,114
4686,590,468,116
4687,590,737,20
4688,590,732,18
4689,590,472,119
4690,590,477,76
4691,590,739,15
4692,591,37,30
4693,591,550,80
4694,591,457,145
4695,591,34,57
4696,591,786,231
4697,591,33,30
4698,591,558,80
4699,591,28,40
4700,592,347,17
4701,592,405,20
4702,592,786,190
4703,592,51,41
4704,592,550,78
4705,592,634,19
4706,592,551,73
4707,592,394,14
4708,592,787,207
4709,592,397,14
4710,593,673,25
4711,593,676,12
4712,593,674,22
4713,593,675,16
4714,594,373,18
4715,594,221,25
4716,594,378,22
4717,594,213,20
4718,594,215,27
4719,594,216,28
4720,595,536,58
4721,595,204,27
4722,595,540,72
4723,595,17,48
4724,595,774,135
4725,595,11,28
4726,595,7,43
4727,595,327,15
4728,595,448,135
4729,595,325,21
4730,596,378,21
4731,596,231,30
4732,596,372,20
4733,596,376,19
4734,596,213,12
4735,596,211,28
4736,597,439,21
4737,597,725,42
4738,597,727,31
4739,597,728,36
4740,597,438,20
4741,598,464,94
4742,598,468,117
4743,598,473,92
4744,598,738,14
4745,599,114,41
4746,599,112,56
4747,599,578,56
4748,599,110,57
4749,599,102,39
4750,599,379,18
4751,600,394,21
4752,600,633,16
4753,600,342,19
4754,600,550,58
4755,600,455,126
4756,600,558,72
4757,600,28,29
4758,601,52,40
4759,601,32,51
4760,601,343,21
4761,601,788,173
4762,601,627,15
4763,601,24,47
4764,601,786,136
4765,601,51,40
4766,601,310,22
4767,602,678,25
4768,602,677,18
4769,603,35,52
4770,603,348,18
4771,603,347,23
4772,603,548,73
4773,603,43,46
4774,603,457,128
4775,603,36,41
4776,603,342,17
4777,604,451,130
4778,604,1,44
4779,604,321,24
4780,604,336,17
4781,604,453,88
4782,604,777,201
4783,605,543,44
4784,605,326,23
4785,605,10,29
4786,605,780,192
4787,605,454,135
4788,606,715,31
4789,606,179,32
4790,606,186,25
4791,606,184,45
4792,606,177,31
4793,606,188,45
4794,606,187,41
4795,606,713,37
4796,606,178,52
4797,606,185,47
4798,607,619,24
4799,607,625,15
4800,607,417,17
4801,607,413,15
4802,607,623,20
4803,607,616,20
4804,607,621,20
4805,607,320,19
4806,607,318,16
4807,608,756,18
4808,608,754,16
4809,608,283,23
4810,608,275,20
4811,608,278,22
4812,608,284,24
4813,608,270,19
4814,608,280,27
4815,608,279,25
4816,608,274,25
4817,608,282,28
4818,608,276,21
4819,609,607,69
4820,609,688,28
4821,609,683,41
4822,609,605,50
4823,609,603,61
4824,609,679,17
4825,609,685,47
4826,610,670,15
4827,610,672,18
4828,610,668,20
4829,610,669,22
4830,610,671,19
4831,611,350,18
4832,611,41,27
4833,611,47,38
4834,611,554,59
4835,611,49,53
4836,611,633,17
4837,611,33,36
4838,611,393,18
4839,612,482,102
4840,612,761,19
4841,612,764,16
4842,612,488,117
4843,612,483,149
4844,612,491,131
4845,612,485,79
4846,612,763,19
4847,612,484,60
4848,613,221,26
4849,613,757,16
4850,613,760,16
4851,613,218,24
4852,613,371,21
4853,613,214,21
4854,613,377,16
4855,613,209,24
4856,613,758,15
4857,613,217,24
4858,614,168,44
4859,614,167,42
4860,614,169,39
4861,614,176,34
4862,614,172,29
4863,614,519,111
4864,614,174,47
4865,614,164,50
4866,614,160,29
4867,615,668,16
4868,615,672,25
4869,615,669,17
4870,615,670,13
4871,616,500,103
4872,616,498,114
4873,616,495,95
4874,616,768,14
4875,616,497,99
4876,616,766,15
4877,616,494,87
4878,616,502,134
4879,616,499,111
4880,617,201,20
4881,617,205,18
4882,617,330,17
4883,617,17,44
4884,617,453,97
4885,617,454,115
4886,617,776,247
4887,617,207,29
4888,617,541,52
4889,617,544,55
4890,618,514,116
4891,618,517,134
4892,618,596,55
4893,618,600,71
4894,618,789,248
4895,619,340,24
4896,619,448,120
4897,619,540,43
4898,619,451,131
4899,619,537,64
4900,619,208,30
4901,619,538,54
4902,619,8,32
4903,619,450,110
4904,619,329,16
4905,619,335,18
4906,619,541,65
4907,620,788,208
4908,620,404,25
4909,620,405,21
4910,620,50,58
4911,620,26,40
4912,620,51,38
4913,620,33,43
4914,620,38,29
4915,620,35,46
4916,620,549,58
4917,621,174,36
4918,621,167,31
4919,621,160,44
4920,621,521,83
4921,621,161,40
4922,621,518,75
4923,621,175,45
4924,621,172,45
4925,621,162,46
4926,621,164,36
4927,621,159,34
4928,622,496,126
4929,622,495,117
4930,622,500,115
4931,622,499,140
4932,622,767,18
4933,622,494,106
4934,622,502,109
4935,622,766,15
4936,622,501,101
4937,622,498,76
4938,622,768,17
4939,622,497,100
4940,622,765,11
4941,623,724,32
4942,623,723,50
4943,623,722,39
4944,623,721,32
4945,624,456,112
4946,624,355,19
4947,624,34,47
4948,624,32,54
4949,624,462,130
4950,624,559,59
4951,625,262,23
4952,625,266,17
4953,625,258,16
4954,625,260,17
4955,625,267,21
4956,625,257,23
4957,625,259,24
4958,625,253,14
4959,626,63,36
4960,626,54,32
4961,626,61,40
4962,626,695,45
4963,626,609,63
4964,626,64,37
4965,626,53,34
4966,626,62,37
4967,627,654,17
4968,627,649,22
4969,627,650,15
4970,627,652,22
4971,627,651,14
4972,628,232,14
4973,628,213,15
4974,628,211,24
4975,628,209,24
4976,628,225,25
4977,628,216,26
4978,628,231,28
4979,628,210,20
4980,629,676,17
4981,629,675,17
4982,629,673,19
4983,629,674,15
4984,630,594,65
4985,630,592,39
4986,630,593,48
4987,630,591,57
4988,631,371,12
4989,631,372,24
4990,631,758,15
4991,631,215,20
4992,631,370,24
4993,631,214,24
4994,631,373,16
4995,632,383,19
4996,632,381,22
4997,632,104,34
4998,632,113,46
4999,632,103,28
5000,632,105,38
5001,632,107,35
5002,632,379,18
5003,632,108,28
5004,632,106,42
5005,633,631,25
5006,633,38,52
5007,633,554,63
5008,633,400,16
5009,633,785,214
5010,633,784,148
5011,633,306,28
5012,633,781,186
5013,633,25,39
5014,633,308,30
5015,633,404,19
5016,634,299,16
5017,634,718,39
5018,634,302,26
5019,634,304,14
5020,634,719,31
5021,635,273,28
5022,635,271,21
5023,635,281,19
5024,635,272,19
5025,635,282,26
5026,635,276,17
5027,635,755,15
5028,636,35,34
5029,636,782,166
5030,636,21,38
5031,636,358,20
5032,636,631,13
5033,636,457,81
5034,636,27,44
5035,636,398,22
5036,636,463,90
5037,636,31,40
5038,636,461,132
5039,637,259,19
5040,637,261,19
5041,637,269,26
5042,637,255,13
5043,637,254,21
5044,637,263,20
5045,637,265,28
5046,637,253,28
5047,637,262,30
5048,637,258,25
5049,637,260,14
5050,637,267,28
5051,638,250,23
5052,638,242,17
5053,638,235,22
5054,638,241,30
5055,638,236,21
5056,638,249,22
5057,638,240,22
5058,638,243,24
5059,638,247,23
5060,639,636,14
5061,639,29,37
5062,639,307,25
5063,639,552,66
5064,639,309,28
5065,639,39,51
5066,639,781,223
5067,639,637,16
5068,639,48,46
5069,639,47,42
5070,640,723,40
5071,640,721,37
5072,640,724,47
5073,640,722,37
5074,641,616,25
5075,641,621,19
5076,641,408,21
5077,641,409,17
5078,641,416,18
5079,641,417,15
5080,641,316,17
5081,641,620,20
5082,641,625,17
5083,642,447,109
5084,642,340,15
5085,642,10,57
5086,642,322,11
5087,642,329,21
5088,642,201,23
5089,642,321,17
5090,642,331,24
5091,642,780,229
5092,643,484,127
5093,643,763,17
5094,643,493,79
5095,643,486,137
5096,643,764,15
5097,643,480,134
5098,643,479,100
5099,643,487,127
5100,643,481,120
5101,643,762,20
5102,643,488,101
5103,643,761,17
5104,643,492,127
5105,644,425,13
5106,644,465,111
5107,644,420,19
5108,644,737,19
5109,644,468,103
5110,645,420,18
5111,645,428,21
5112,645,475,90
5113,645,474,96
5114,645,469,67
5115,645,739,19
5116,645,421,14
5117,645,734,15
5118,645,467,88
5119,645,473,117
5120,645,740,16
5121,645,466,91
5122,645,429,20
5123,645,735,16
5124,646,663,17
5125,646,662,19
5126,646,664,17
5127,646,667,17
5128,647,192,47
5129,647,524,135
5130,647,193,41
5131,647,200,50
5132,647,194,35
5133,647,191,38
5134,647,525,117
5135,647,198,56
5136,647,199,48
5137,648,319,16
5138,648,623,17
5139,648,412,18
5140,648,316,17
5141,648,622,15
5142,648,616,23
5143,648,621,21
5144,648,611,18
5145,648,408,20
5146,648,409,15
5147,649,462,94
5148,649,356,17
5149,649,39,25
5150,649,627,19
5151,649,26,36
5152,649,308,24
5153,649,23,43
5154,649,788,190
5155,649,347,21
5156,649,47,34
5157,649,549,58
5158,649,395,21
5159,649,396,18
5160,650,729,45
5161,650,730,24
5162,650,441,22
5163,650,440,15
5164,651,230,15
5165,651,760,14
5166,651,371,16
5167,651,370,12
5168,651,759,10
5169,651,373,19
5170,651,218,18
5171,652,693,35
5172,652,66,51
5173,652,68,42
5174,652,67,39
5175,652,54,32
5176,652,385,16
5177,652,694,26
5178,652,691,28
5179,652,57,30
5180,652,386,16
5181,652,59,37
5182,652,63,33
5183,653,642,18
5184,653,645,10
5185,653,639,11
5186,653,646,17
5187,653,643,16
5188,653,640,15
5189,653,641,16
5190,653,644,22
5191,654,752,12
5192,654,750,10
5193,654,443,17
5194,654,749,13
5195,654,442,15
5196,654,751,14
5197,655,685,40
5198,655,686,22
5199,655,683,42
5200,655,389,18
5201,655,602,53
5202,655,687,31
5203,655,679,18
5204,655,606,53
5205,655,688,34
5206,655,682,31
5207,656,737,13
5208,656,468,105
5209,656,429,20
5210,656,471,77
5211,656,736,14
5212,656,473,134
5213,656,465,96
5214,656,731,13
5215,657,48,50
5216,657,36,31
5217,657,549,67
5218,657,352,12
5219,657,357,18
5220,657,396,17
5221,657,397,21
5222,657,393,15
5223,657,559,39
5224,657,635,14
5225,658,583,63
5226,658,105,35
5227,658,112,33
5228,658,380,18
5229,658,110,33
5230,659,347,12
5231,659,47,47
5232,659,461,58
5233,659,357,18
5234,659,456,107
5235,659,553,47
5236,659,308,19
5237,660,523,106
5238,660,197,31
5239,660,196,39
5240,660,522,108
5241,660,194,42
5242,660,200,51
5243,661,644,15
5244,661,639,13
5245,661,645,15
5246,661,640,16
5247,661,642,21
5248,661,641,13
5249,661,638,21
5250,662,403,12
5251,662,31,40
5252,662,549,42
5253,662,402,11
5254,662,51,44
5255,662,356,15
5256,662,27,40
5257,662,310,13
5258,662,345,13
5259,662,785,150
5260,663,802,194
5261,663,801,157
5262,663,530,80
5263,663,800,143
5264,664,285,14
5265,664,295,12
5266,664,286,25
5267,664,291,17
5268,664,290,18
5269,664,288,17
5270,664,287,18
5271,664,292,11
5272,664,289,18
5273,664,445,20
5274,664,296,18
5275,665,278,18
5276,665,281,19
5277,665,274,23
5278,665,282,15
5279,665,272,16
5280,665,284,13
5281,665,276,21
5282,665,283,18
5283,665,273,21
5284,665,275,18
5285,665,279,24
5286,665,754,16
5287,666,667,22
5288,666,662,13
5289,666,666,18
5290,666,663,20
5291,667,672,16
5292,667,668,16
5293,667,669,16
5294,667,670,18
5295,668,584,44
5296,668,433,20
5297,668,72,52
5298,668,77,40
5299,668,94,27
5300,668,364,19
5301,668,75,31
5302,668,361,12
5303,668,89,31
5304,668,80,30
5305,668,87,32
5306,669,549,48
5307,669,463,102
5308,669,783,139
5309,669,459,119
5310,670,723,34
5311,670,721,23
5312,670,724,23
5313,670,722,31
5314,671,783,208
5315,671,628,12
5316,671,345,21
5317,671,459,97
5318,671,346,18
5319,671,344,23
5320,671,782,134
5321,671,358,15
5322,671,352,15
5323,671,632,18
5324,672,401,10
5325,672,457,77
5326,672,309,18
5327,672,350,19
5328,672,44,46
5329,672,557,53
5330,672,34,38
5331,672,46,33
5332,672,553,37
5333,673,261,19
5334,673,264,11
5335,673,256,20
5336,673,260,25
5337,673,266,23
5338,673,265,18
5339,673,257,17
5340,673,253,19
5341,673,259,16
5342,673,254,19
5343,674,428,15
5344,674,477,119
5345,674,466,94
5346,674,424,20
5347,674,426,15
5348,674,421,14
5349,674,471,104
5350,674,422,17
5351,674,474,70
5352,674,740,15
5353,674,475,62
5354,675,449,68
5355,675,332,16
5356,675,336,20
5357,675,11,50
5358,675,450,101
5359,675,4,43
5360,675,779,204
5361,675,328,14
5362,675,452,90
5363,675,447,140
5364,675,541,56
5365,676,230,19
5366,676,220,26
5367,676,217,26
5368,676,378,13
5369,676,377,15
5370,676,759,14
5371,676,375,16
5372,676,370,15
5373,676,231,15
5374,677,153,37
5375,677,710,37
5376,677,711,39
5377,677,708,40
5378,677,142,40
5379,677,712,24
5380,677,146,41
5381,678,695,34
5382,678,68,42
5383,678,61,52
5384,678,691,29
5385,679,559,45
5386,679,788,142
5387,679,553,44
5388,679,634,20
5389,679,635,18
5390,679,22,23
5391,679,557,59
5392,679,41,40
5393,679,632,20
5394,679,25,43
5395,679,307,20
5396,679,392,13
5397,679,358,20
5398,679,349,21
5399,680,23,52
5400,680,51,44
5401,680,399,15
5402,680,629,15
5403,680,558,47
5404,680,395,13
5405,680,783,236
5406,680,52,23
5407,680,343,18
5408,680,43,40
5409,680,31,36
5410,680,32,35
5411,681,298,18
5412,681,304,23
5413,681,719,40
5414,681,299,22
5415,681,302,22
5416,681,720,46
5417,681,301,23
5418,681,305,20
5419,681,303,24
5420,681,717,36
5421,681,297,19
5422,682,680,15
5423,682,688,34
5424,682,607,63
5425,682,603,62
5426,682,687,41
5427,682,685,43
5428,682,679,15
5429,682,683,48
5430,682,388,18
5431,682,606,56
5432,683,532,97
5433,683,530,118
5434,683,531,79
5435,683,802,246
5436,683,799,185
5437,683,803,198
5438,683,804,186
5439,684,111,41
5440,684,583,59
5441,684,112,27
5442,684,379,15
5443,684,110,41
5444,684,109,51
5445,684,579,55
5446,684,115,51
5447,684,105,42
5448,684,580,57
5449,685,438,18
5450,685,436,21
5451,685,725,27
5452,685,437,19
5453,685,728,35
5454,685,439,22
5455,685,726,46
5456,685,727,29
5457,686,49,44
5458,686,348,13
5459,686,358,19
5460,686,307,20
5461,686,52,38
5462,687,286,17
5463,687,293,17
5464,687,289,23
5465,687,287,24
5466,687,285,16
5467,687,445,19
5468,687,290,21
5469,687,444,17
5470,688,483,111
5471,688,488,91
5472,688,479,88
5473,688,481,84
5474,688,493,102
5475,688,486,109
5476,689,205,24
5477,689,4,39
5478,689,11,49
5479,689,207,24
5480,689,540,77
5481,689,776,274
5482,689,19,45
5483,689,10,40
5484,689,780,216
5485,690,525,71
5486,690,200,49
5487,690,523,83
5488,690,198,32
5489,690,522,96
5490,690,195,46
5491,690,196,37
5492,690,191,45
5493,690,193,34
5494,690,197,49
5495,690,190,29
5496,690,192,47
5497,690,194,47
5498,691,353,12
5499,691,628,16
5500,691,787,171
5501,691,35,37
5502,691,24,29
5503,691,788,187
5504,691,354,16
5505,691,306,25
5506,691,42,34
5507,691,786,221
5508,691,456,107
5509,692,664,17
5510,692,665,13
5511,692,663,15
5512,692,666,15
5513,693,176,41
5514,693,168,36
5515,693,163,47
5516,693,164,31
5517,693,519,93
5518,693,175,37
5519,693,157,42
5520,693,166,43
5521,693,520,109
5522,693,171,40
5523,694,297,14
5524,694,302,15
5525,694,305,18
5526,694,298,25
5527,694,717,28
5528,694,299,20
5529,694,720,24
5530,694,300,23
5531,694,301,20
5532,695,614,18
5533,695,412,10
5534,695,415,16
5535,695,409,15
5536,695,320,23
5537,695,318,12
5538,695,611,15
5539,695,414,11
5540,695,619,12
5541,695,408,15
5542,695,406,24
5543,696,500,89
5544,696,495,68
5545,696,768,18
5546,696,496,98
5547,696,498,103
5548,696,766,12
5549,697,385,20
5550,697,59,28
5551,697,57,32
5552,697,55,40
5553,698,416,25
5554,698,620,14
5555,698,317,25
5556,698,613,18
5557,698,624,17
5558,698,611,22
5559,698,411,19
5560,698,415,16
5561,698,315,19
5562,699,449,136
5563,699,201,12
5564,699,337,14
5565,699,6,40
5566,699,3,35
5567,699,543,56
5568,699,545,42
5569,700,644,17
5570,700,645,16
5571,700,639,20
5572,700,640,23
5573,700,643,22
5574,701,98,42
5575,701,580,56
5576,701,113,41
5577,701,116,38
5578,702,462,60
5579,702,626,17
5580,702,558,73
5581,702,398,18
5582,702,345,20
5583,702,557,54
5584,702,456,92
5585,702,38,42
5586,702,306,26
5587,703,219,23
5588,703,228,17
5589,703,372,20
5590,703,221,23
5591,703,378,17
5592,703,216,20
5593,703,375,18
5594,703,217,16
5595,703,218,13
5596,704,69,41
5597,704,96,35
5598,704,95,37
5599,704,584,59
5600,704,586,65
5601,704,93,32
5602,704,74,51
5603,704,585,44
5604,704,529,90
5605,704,91,26
5606,704,587,48
5607,705,5,40
5608,705,326,16
5609,705,773,220
5610,705,331,18
5611,705,10,38
5612,705,776,268
5613,705,322,18
5614,705,446,102
5615,706,165,39
5616,706,161,35
5617,706,521,118
5618,706,168,30
5619,706,172,32
5620,706,176,49
5621,706,158,25
5622,706,160,40
5623,706,520,103
5624,706,164,27
5625,706,166,32
5626,706,157,40
5627,706,171,35
5628,707,512,142
5629,707,796,176
5630,707,790,251
5631,707,517,139
5632,707,510,120
5633,708,469,78
5634,708,464,131
5635,708,429,15
5636,708,477,98
5637,708,465,76
5638,708,426,14
5639,708,418,17
5640,708,427,15
5641,708,467,70
5642,708,739,16
5643,709,522,108
5644,709,523,97
5645,709,194,48
5646,709,191,29
5647,709,196,45
5648,710,312,23
5649,710,741,13
5650,710,313,17
5651,710,314,23
5652,710,747,17
5653,711,319,23
5654,711,407,13
5655,711,411,13
5656,711,410,17
5657,711,317,17
5658,711,413,13
5659,711,613,18
5660,711,616,18
5661,711,622,19
5662,712,459,108
5663,712,52,39
5664,712,549,57
5665,712,49,44
5666,712,40,29
5667,712,358,13
5668,712,46,39
5669,712,28,32
5670,712,37,44
5671,712,50,37
5672,712,460,86
5673,712,306,21
5674,713,259,20
5675,713,264,17
5676,713,256,23
5677,713,258,24
5678,713,253,15
5679,713,254,24
5680,713,268,25
5681,713,255,26
5682,713,267,14
5683,713,269,22
5684,713,257,11
5685,713,262,23
5686,714,551,62
5687,714,30,29
5688,714,557,67
5689,714,558,64
5690,714,391,12
5691,714,400,13
5692,715,467,97
5693,715,739,13
5694,715,419,13
5695,715,471,87
5696,715,472,76
5697,715,418,17
5698,715,475,99
5699,715,424,21
5700,715,466,118
5701,716,139,31
5702,716,146,38
5703,716,148,30
5704,716,154,30
5705,716,149,41
5706,716,143,22
5707,717,136,51
5708,717,127,32
5709,717,704,38
5710,717,126,36
5711,717,120,40
5712,717,132,34
5713,717,130,26
5714,717,128,36
5715,717,700,45
5716,718,513,68
5717,718,512,78
5718,718,795,206
5719,718,794,150
5720,718,796,184
5721,718,510,88
5722,718,516,95
5723,719,274,19
5724,719,277,16
5725,719,278,23
5726,719,756,17
5727,719,271,22
5728,720,639,16
5729,720,645,14
5730,720,642,15
5731,720,640,19
5732,721,733,13
5733,721,470,112
5734,721,466,125
5735,721,732,15
5736,721,468,114
5737,721,474,118
5738,721,476,123
5739,722,314,18
5740,722,741,14
5741,722,743,15
5742,722,746,16
5743,722,745,14
5744,723,82,56
5745,723,588,63
5746,723,434,16
5747,723,90,28
5748,723,83,41
5749,723,529,99
5750,723,87,28
5751,723,80,40
5752,723,366,22
5753,723,526,76
5754,723,77,49
5755,723,85,46
5756,724,790,221
5757,724,791,196
5758,724,517,117
5759,724,598,58
5760,724,514,105
5761,725,402,21
5762,725,354,13
5763,725,552,69
5764,725,43,37
5765,725,30,30
5766,725,403,11
5767,725,27,37
5768,725,634,18
5769,725,405,15
5770,725,627,17
5771,725,36,52
5772,725,41,33
5773,726,557,52
5774,726,348,15
5775,726,351,15
5776,726,627,21
5777,726,24,53
5778,726,343,16
5779,726,51,39
5780,726,39,39
5781,726,397,16
5782,727,444,12
5783,727,294,23
5784,727,295,21
5785,727,291,26
5786,727,285,22
5787,728,288,17
5788,728,291,26
5789,728,293,19
5790,728,287,23
5791,729,660,21
5792,729,661,18
5793,729,656,13
5794,729,658,23
5795,729,659,12
5796,730,461,111
5797,730,555,44
5798,730,633,17
5799,730,554,54
5800,730,400,20
5801,730,551,46
5802,731,811,129
5803,731,810,205
5804,731,806,186
5805,731,812,170
5806,731,807,193
5807,731,534,89
5808,731,805,243
5809,731,808,219
5810,732,640,11
5811,732,641,20
5812,732,642,14
5813,732,643,19
5814,733,192,30
5815,733,523,87
5816,733,196,56
5817,733,191,45
5818,733,193,26
5819,733,194,46
5820,733,197,50
5821,733,200,47
5822,733,522,108
5823,733,199,32
5824,734,87,41
5825,734,81,41
5826,734,76,37
5827,734,69,41
5828,734,368,15
5829,734,92,53
5830,734,587,56
5831,734,73,30
5832,734,70,40
5833,734,82,33
5834,734,367,22
5835,734,588,66
5836,734,434,19
5837,735,305,26
5838,735,717,31
5839,735,300,15
5840,735,301,21
5841,735,298,26
5842,735,719,34
5843,735,718,39
5844,735,297,24
5845,735,302,16
5846,736,478,95
5847,736,420,15
5848,736,468,103
5849,736,733,14
5850,736,732,11
5851,736,737,15
5852,736,473,88
5853,736,424,14
5854,737,453,90
5855,737,325,16
5856,737,330,19
5857,737,329,14
5858,737,16,57
5859,737,207,22
5860,738,634,17
5861,738,552,73
5862,738,460,97
5863,738,309,24
5864,738,42,30
5865,738,26,32
5866,739,34,42
5867,739,460,102
5868,739,402,13
5869,739,356,16
5870,739,37,35
5871,739,21,30
5872,739,25,36
5873,739,39,41
5874,739,41,38
5875,739,554,62
5876,740,311,17
5877,740,39,52
5878,740,27,53
5879,740,629,17
5880,740,354,12
5881,741,86,40
5882,741,94,43
5883,741,528,87
5884,741,93,43
5885,741,76,30
5886,741,366,15
5887,741,368,22
5888,742,83,39
5889,742,430,14
5890,742,365,11
5891,742,69,30
5892,742,526,125
5893,742,80,44
5894,742,75,48
5895,742,584,65
5896,742,89,43
5897,742,367,20
5898,742,91,42
5899,743,747,12
5900,743,746,15
5901,743,742,18
5902,743,748,13
5903,743,745,12
5904,744,679,21
5905,744,689,48
5906,744,684,26
5907,744,388,17
5908,744,602,54
5909,744,687,32
5910,744,606,53
5911,744,605,46
5912,744,686,41
5913,744,390,16
5914,745,522,123
5915,745,525,130
5916,745,199,38
5917,745,194,32
5918,745,189,33
5919,745,523,101
5920,745,193,46
5921,745,198,33
5922,746,514,114
5923,746,793,180
5924,746,517,112
5925,746,790,202
5926,746,791,203
5927,746,510,107
5928,746,515,130
5929,746,789,130
5930,746,508,132
5931,746,601,67
5932,746,598,44
5933,747,463,91
5934,747,554,58
5935,747,635,14
5936,747,356,16
5937,747,460,96
5938,747,458,84
5939,747,634,16
5940,748,592,63
5941,748,591,49
5942,748,593,44
5943,748,590,53
5944,748,595,64
5945,748,594,56
5946,749,506,145
5947,749,769,14
5948,749,504,98
5949,749,503,126
5950,749,505,128
5951,749,507,88
5952,749,770,15
5953,750,523,100
5954,750,192,44
5955,750,193,31
5956,750,524,80
5957,750,198,35
5958,750,200,33
5959,750,525,93
5960,750,199,51
5961,750,195,54
5962,750,197,34
5963,750,190,22
5964,751,522,85
5965,751,525,94
5966,751,190,38
5967,751,199,47
5968,751,197,39
5969,751,194,32
5970,751,196,35
5971,751,523,109
5972,751,193,34
5973,751,189,54
5974,751,200,25
5975,752,397,16
5976,752,400,19
5977,752,457,75
5978,752,32,55
5979,752,21,49
5980,753,752,11
5981,753,749,15
5982,753,751,16
5983,753,443,19
5984,753,442,15
5985,753,750,14
5986,754,228,17
5987,754,227,14
5988,754,221,18
5989,754,224,23
5990,754,374,17
5991,754,222,13
5992,755,740,12
5993,755,418,17
5994,755,737,14
5995,755,422,16
5996,755,736,12
5997,755,733,15
5998,755,731,16
5999,755,469,108
6000,755,420,17
6001,756,487,79
6002,756,483,85
6003,756,493,88
6004,756,761,14
6005,756,482,83
6006,756,492,100
6007,756,480,139
6008,756,488,83
6009,757,482,78
6010,757,480,88
6011,757,489,88
6012,757,491,90
6013,757,481,108
6014,757,490,75
6015,758,661,22
6016,758,657,23
6017,758,656,20
6018,758,659,18
6019,758,658,17
6020,759,678,19
6021,759,677,16
6022,760,227,22
6023,760,218,17
6024,760,758,14
6025,760,228,21
6026,760,212,22
6027,760,211,16
6028,760,215,22
6029,760,225,24
6030,760,226,16
6031,760,216,16
6032,761,35,45
6033,761,26,31
6034,761,403,16
6035,761,397,19
6036,761,392,18
6037,761,459,89
6038,761,559,71
6039,761,394,17
6040,761,631,16
6041,761,401,14
6042,761,458,113
6043,762,157,50
6044,762,165,45
6045,762,167,47
6046,762,162,39
6047,762,521,82
6048,762,175,33
6049,762,170,45
6050,762,520,100
6051,762,161,44
6052,762,163,57
6053,762,168,27
6054,763,108,35
6055,763,580,67
6056,763,381,17
6057,763,111,43
6058,763,109,43
6059,763,98,29
6060,763,100,32
6061,764,715,37
6062,764,181,38
6063,764,184,26
6064,764,185,48
6065,764,713,39
6066,764,183,57
6067,764,177,52
6068,764,182,42
6069,764,714,34
6070,764,179,24
6071,764,188,43
6072,765,394,18
6073,765,785,263
6074,765,38,39
6075,765,632,15
6076,765,51,39
6077,765,787,232
6078,765,50,28
6079,765,357,20
6080,766,82,43
6081,766,79,55
6082,766,365,22
6083,766,91,35
6084,766,95,38
6085,766,87,47
6086,766,81,29
6087,766,86,35
6088,766,71,44
6089,767,550,70
6090,767,397,12
6091,767,344,20
6092,767,341,16
6093,767,784,141
6094,767,787,157
6095,767,358,14
6096,767,51,25
6097,767,43,45
6098,768,643,13
6099,768,640,16
6100,768,641,24
6101,768,646,18
6102,768,645,14
6103,768,638,16
6104,768,642,17
6105,768,644,14
6106,769,335,17
6107,769,544,51
6108,769,448,110
6109,769,450,93
6110,769,543,49
6111,769,9,33
6112,769,19,36
6113,769,20,45
6114,769,333,12
6115,769,777,225
6116,769,547,66
6117,769,208,20
6118,770,537,77
6119,770,538,53
6120,770,452,91
6121,770,539,53
6122,770,454,81
6123,770,326,21
6124,770,20,44
6125,770,3,37
6126,770,1,45
6127,770,13,44
6128,770,541,35
6129,771,588,52
6130,771,81,40
6131,771,589,45
6132,771,87,38
6133,771,363,20
6134,771,93,47
6135,771,526,84
6136,772,608,39
6137,772,64,34
6138,772,57,41
6139,772,61,40
6140,772,696,44
6141,772,60,45
6142,772,66,42
6143,772,692,35
6144,772,690,36
6145,772,56,41
6146,773,668,21
6147,773,670,19
6148,773,671,12
6149,773,669,17
6150,773,672,15
6151,774,307,18
6152,774,359,13
6153,774,21,26
6154,774,44,39
6155,774,24,34
6156,774,395,16
6157,774,30,37
6158,774,550,32
6159,775,161,36
6160,775,176,34
6161,775,169,42
6162,775,157,42
6163,775,166,47
6164,775,158,25
6165,775,168,57
6166,775,170,39
6167,775,160,44
6168,775,519,108
6169,776,174,39
6170,776,519,98
6171,776,165,32
6172,776,170,32
6173,776,157,41
6174,776,166,39
6175,776,169,42
6176,776,175,36
6177,776,173,35
6178,776,171,34
6179,776,160,39
6180,776,158,46
6181,776,172,27
6182,777,254,16
6183,777,263,23
6184,777,258,17
6185,777,264,22
6186,777,267,27
6187,777,268,20
6188,778,376,14
6189,778,229,23
6190,778,372,14
6191,778,209,16
6192,778,373,19
6193,778,223,18
6194,778,212,13
6195,778,760,19
6196,778,219,20
6197,778,371,18
6198,778,758,17
6199,778,228,19
6200,779,295,23
6201,779,285,20
6202,779,292,17
6203,779,290,15
6204,779,294,19
6205,779,289,13
6206,780,585,55
6207,780,92,44
6208,780,368,12
6209,780,433,16
6210,780,83,42
6211,781,509,59
6212,781,793,168
6213,781,598,55
6214,781,513,88
6215,782,763,12
6216,782,489,113
6217,782,490,111
6218,782,491,76
6219,782,481,87
6220,782,480,129
6221,782,492,75
6222,782,486,97
6223,782,485,80
6224,782,479,76
6225,782,484,108
6226,783,388,14
6227,783,602,52
6228,783,681,29
6229,783,606,40
6230,783,390,19
6231,783,687,24
6232,783,680,17
6233,783,688,33
6234,783,605,44
6235,783,686,34
6236,783,689,37
6237,783,684,30
6238,784,297,20
6239,784,718,36
6240,784,720,35
6241,784,300,18
6242,784,302,27
6243,784,305,15
6244,784,301,25
6245,785,90,34
6246,785,431,21
6247,785,362,18
6248,785,79,43
6249,785,364,17
6250,785,74,36
6251,785,365,16
6252,785,71,45
6253,785,89,49
6254,785,88,51
6255,785,526,91
6256,785,87,41
6257,786,371,15
6258,786,231,17
6259,786,370,15
6260,786,226,22
6261,786,373,21
6262,786,758,11
6263,786,374,22
6264,787,705,33
6265,787,703,29
6266,787,126,43
6267,787,124,44
6268,788,138,34
6269,788,151,44
6270,788,144,31
6271,788,156,34
6272,788,712,40
6273,789,794,230
6274,789,598,69
6275,789,792,198
6276,789,600,41
6277,789,601,65
6278,789,511,104
6279,789,510,81
6280,789,789,257
6281,790,781,272
6282,790,784,194
6283,790,556,49
6284,790,462,95
6285,790,25,49
6286,790,557,61
6287,790,45,48
6288,790,29,43
6289,790,553,53
6290,791,679,15
6291,791,687,27
6292,791,685,31
6293,791,689,21
6294,791,681,33
6295,791,682,35
6296,791,388,19
6297,791,607,38
6298,791,683,30
6299,791,680,18
6300,791,684,40
6301,792,98,35
6302,792,583,52
6303,792,111,55
6304,792,579,76
6305,792,104,30
6306,792,99,37
6307,792,100,56
6308,792,105,37
6309,792,97,40
6310,792,106,34
6311,792,101,45
6312,792,116,34
6313,792,582,50
6314,792,581,45
6315,793,592,51
6316,793,593,32
6317,793,595,42
6318,793,591,55
6319,793,590,58
6320,793,594,37
6321,794,3,47
6322,794,206,24
6323,794,774,245
6324,794,777,221
6325,794,545,63
6326,795,462,100
6327,795,42,42
6328,795,345,14
6329,795,52,30
6330,795,46,41
6331,795,27,55
6332,795,629,15
6333,795,308,15
6334,795,393,16
6335,795,458,114
6336,795,392,20
6337,795,788,261
6338,795,460,134
6339,796,267,23
6340,796,261,18
6341,796,255,16
6342,796,256,21
6343,796,262,13
6344,796,265,19
6345,796,266,24
6346,796,263,18
6347,796,269,21
6348,796,268,25
6349,796,259,19
6350,797,339,19
6351,797,9,42
6352,797,5,29
6353,797,779,182
6354,797,322,15
6355,797,540,60
6356,797,776,150
6357,798,366,16
6358,798,369,13
6359,798,96,48
6360,798,85,44
6361,798,73,42
6362,798,79,37
6363,798,77,42
6364,798,431,16
6365,798,585,48
6366,798,363,20
6367,798,70,38
6368,799,617,20
6369,799,414,18
6370,799,316,19
6371,799,618,13
6372,799,612,14
6373,799,315,19
6374,799,317,19
6375,799,413,14
6376,799,613,11
6377,799,615,15
6378,799,411,10
6379,799,622,14
6380,800,229,25
6381,800,213,21
6382,800,370,20
6383,800,216,14
6384,800,232,18
6385,800,760,15
6386,800,227,17
6387,800,217,14
6388,800,215,18
6389,800,231,16
6390,800,225,18
6391,800,759,12
6392,800,230,24
6393,800,376,21
6394,801,567,69
6395,801,568,32
6396,801,565,69
6397,801,566,46
6398,801,561,46
6399,801,562,74
6400,801,560,79
6401,801,563,50
6402,801,564,34
6403,802,645,17
6404,802,643,16
6405,802,642,19
6406,802,638,13
6407,802,640,14
6408,802,646,16
6409,802,641,24
6410,802,639,18
6411,803,249,28
6412,803,241,30
6413,803,236,19
6414,803,252,18
6415,804,81,53
6416,804,83,60
6417,804,89,48
6418,804,90,52
6419,804,78,54
6420,804,79,52
6421,804,88,52
6422,804,588,63
6423,804,86,60
6424,805,305,29
6425,805,302,18
6426,805,719,49
6427,805,720,50
6428,805,299,22
6429,806,574,52
6430,806,573,56
6431,806,576,65
6432,806,571,52
6433,806,569,60
6434,807,261,28
6435,807,253,22
6436,807,267,19
6437,807,260,25
6438,807,257,21
6439,807,262,18
6440,807,268,20
6441,808,660,25
6442,808,659,17
6443,808,657,19
6444,808,656,18
6445,808,661,25
6446,809,453,120
6447,809,6,45
6448,809,335,24
6449,809,1,53
6450,810,81,39
6451,810,587,77
6452,810,362,15
6453,810,96,50
6454,810,589,56
6455,810,588,61
6456,810,73,41
6457,810,84,38
6458,810,87,36
6459,810,85,50
6460,810,90,51
6461,810,72,38
6462,810,74,49
6463,811,725,47
6464,811,728,45
6465,811,436,23
6466,811,439,17
6467,811,438,19
6468,811,437,17
6469,811,727,26
6470,811,726,50
6471,812,631,18
6472,812,633,23
6473,812,351,22
6474,812,48,30
6475,812,307,23
6476,812,50,41
6477,812,24,28
6478,812,787,285
6479,812,788,206
6480,812,23,33
6481,813,53,60
6482,813,55,52
6483,813,60,54
6484,813,65,47
6485,813,698,29
6486,813,690,41
6487,813,693,27
6488,813,67,51
6489,813,608,77
6490,813,386,22
6491,813,696,42
6492,813,609,60
6493,814,207,17
6494,814,540,65
6495,814,547,74
6496,814,451,93
6497,814,543,67
6498,814,18,38
6499,814,542,66
6500,814,774,156
6501,814,541,70
6502,814,13,41
6503,814,340,22
6504,814,204,19
6505,815,593,68
6506,815,594,46
6507,815,592,78
6508,815,595,50
6509,816,467,142
6510,816,474,119
6511,816,471,119
6512,816,739,17
6513,816,473,130
6514,816,422,24
6515,817,295,23
6516,817,292,23
6517,817,285,29
6518,817,291,21
6519,817,287,17
6520,817,290,28
6521,817,289,25
6522,817,293,19
6523,818,427,21
6524,818,465,96
6525,818,470,91
6526,818,464,116
6527,819,644,19
6528,819,642,24
6529,819,643,19
6530,819,638,15
6531,819,640,24
6532,819,645,17
6533,819,646,20
6534,819,641,20
6535,820,769,20
6536,820,505,110
6537,820,506,80
6538,820,504,145
6539,820,772,19
6540,820,770,17
6541,821,606,60
6542,821,687,31
6543,821,389,25
6544,821,604,48
6545,821,683,46
6546,821,686,40
6547,821,688,34
6548,821,685,50
6549,821,682,38
6550,822,260,26
6551,822,267,24
6552,822,257,13
6553,822,259,20
6554,823,638,23
6555,823,642,25
6556,823,646,18
6557,823,645,13
6558,823,639,16
6559,823,643,15
6560,823,644,22
6561,823,641,16
6562,823,640,17
6563,824,191,43
6564,824,193,42
6565,824,525,101
6566,824,192,42
6567,824,523,89
6568,824,196,46
6569,824,522,105
6570,824,198,47
6571,824,197,53
6572,824,190,41
6573,824,189,41
6574,824,194,52
6575,824,524,103
6576,824,199,34
6577,825,425,20
6578,825,427,25
6579,825,737,16
6580,825,731,14
6581,825,732,20
6582,825,424,15
6583,825,471,108
6584,825,472,100
6585,825,466,128
6586,825,422,18
6587,825,421,20
6588,825,426,18
6589,825,468,96
6590,825,465,110
6591,826,294,27
6592,826,295,14
6593,826,296,21
6594,826,291,28
6595,826,293,26
6596,826,286,23
6597,827,175,34
6598,827,170,31
6599,827,159,39
6600,827,168,43
6601,827,172,46
6602,828,450,105
6603,828,773,195
6604,828,322,24
6605,828,540,54
6606,828,539,58
6607,829,637,19
6608,829,311,26
6609,829,350,21
6610,829,48,35
6611,829,783,171
6612,829,358,15
6613,829,551,68
6614,829,393,18
6615,829,632,17
6616,829,39,55
6617,830,228,16
6618,830,213,21
6619,830,372,19
6620,830,216,21
6621,830,225,21
6622,830,219,26
6623,830,376,19
6624,830,223,28
6625,830,227,24
6626,830,375,21
6627,831,599,55
6628,831,600,56
6629,831,512,97
6630,831,795,163
6631,831,515,88
6632,831,514,114
6633,831,517,123
6634,831,509,125
6635,831,790,241
6636,831,516,141
6637,832,419,24
6638,832,470,150
6639,832,464,95
6640,832,469,106
6641,832,478,125
6642,832,731,12
6643,832,738,17
6644,832,473,111
6645,832,466,133
6646,832,428,18
6647,832,476,82
6648,832,733,14
6649,832,427,19
6650,833,784,232
6651,833,460,127
6652,833,559,68
6653,833,636,23
6654,833,48,43
6655,833,462,134
6656,833,35,34
6657,833,783,258
6658,834,325,17
6659,834,778,213
6660,834,452,113
6661,834,334,15
6662,834,454,112
6663,834,545,52
6664,834,447,146
6665,834,776,298
6666,835,600,79
6667,835,598,51
6668,835,508,105
6669,835,795,220
6670,835,793,138
6671,835,509,100
6672,835,596,56
6673,835,792,266
6674,835,601,76
6675,835,516,103
6676,836,9,45
6677,836,3,43
6678,836,328,13
6679,836,447,117
6680,836,203,21
6681,837,102,50
6682,837,116,41
6683,837,110,53
6684,837,581,66
6685,837,112,52
6686,837,382,12
6687,837,578,63
6688,837,113,42
6689,837,107,59
6690,837,380,25
6691,837,580,68
6692,838,475,137
6693,838,737,17
6694,838,477,107
6695,838,418,17
6696,838,734,13
6697,838,476,136
6698,838,419,18
6699,839,203,21
6700,839,332,21
6701,839,338,21
6702,839,448,118
6703,839,452,94
6704,839,14,53
6705,839,777,149
6706,839,324,25
6707,840,183,38
6708,840,715,30
6709,840,178,59
6710,840,184,60
6711,840,185,26
6712,840,182,49
6713,840,179,56
6714,840,188,31
6715,840,716,43
6716,841,621,23
6717,841,415,20
6718,841,620,20
6719,841,317,23
6720,841,318,19
6721,842,810,237
6722,842,805,259
6723,842,812,185
6724,842,809,249
6725,842,535,135
6726,842,534,115
6727,843,512,89
6728,843,793,300
6729,843,596,43
6730,843,789,243
6731,843,795,196
6732,843,515,97
6733,843,792,275
6734,843,599,59
6735,844,371,16
6736,844,216,24
6737,844,370,13
6738,844,218,21
6739,844,224,19
6740,844,374,16
6741,844,758,16
6742,844,214,25
6743,844,230,17
6744,844,221,16
6745,844,232,25
6746,844,229,30
6747,845,517,126
6748,845,795,213
6749,845,789,250
6750,845,791,159
6751,845,792,232
6752,845,600,70
6753,845,596,39
6754,846,802,258
6755,846,530,144
6756,846,800,174
6757,846,798,284
6758,846,533,87
6759,846,801,176
6760,846,797,161
6761,846,799,215
6762,847,546,73
6763,847,339,20
6764,847,547,67
6765,847,11,29
6766,847,16,49
6767,847,778,300
6768,847,2,58
6769,848,473,98
6770,848,468,84
6771,848,424,13
6772,848,425,16
6773,848,732,15
6774,848,475,144
6775,848,465,87
6776,848,478,118
6777,848,474,131
6778,848,737,15
6779,849,102,60
6780,849,97,36
6781,849,579,63
6782,849,115,60
6783,849,108,59
6784,849,580,57
6785,850,646,18
6786,850,643,18
6787,850,645,17
6788,850,644,20
6789,850,639,15
6790,851,194,45
6791,851,200,55
6792,851,189,28
6793,851,197,39
6794,851,522,90
6795,851,191,40
6796,851,199,58
6797,852,644,23
6798,852,638,17
6799,852,646,16
6800,852,645,22
6801,852,643,16
6802,852,639,21
6803,852,640,18
6804,852,642,16
6805,852,641,25
6806,853,484,150
6807,853,481,150
6808,853,762,16
6809,853,480,116
6810,853,492,91
6811,853,493,148
6812,854,562,60
6813,854,561,68
6814,854,568,58
6815,854,563,55
6816,854,560,66
6817,854,566,66
6818,855,793,173
6819,855,790,231
6820,855,597,68
6821,855,516,110
6822,855,511,80
6823,855,794,158
6824,855,508,87
6825,855,517,127
6826,855,796,209
6827,856,648,16
6828,856,649,18
6829,856,650,19
6830,856,654,20
6831,856,647,22
6832,856,653,23
6833,856,651,18
6834,856,652,17
6835,857,167,48
6836,857,160,49
6837,857,162,35
6838,857,176,49
6839,858,683,40
6840,858,389,24
6841,858,388,19
6842,858,681,49
6843,858,607,70
6844,859,771,16
6845,859,504,126
6846,859,506,67
6847,859,507,128
6848,859,505,90
6849,859,503,115
6850,859,770,17
6851,859,769,15
6852,859,772,18
6853,860,369,17
6854,860,589,69
6855,860,77,55
6856,860,364,25
6857,860,92,59
6858,860,78,44
6859,860,93,46
6860,860,95,51
6861,860,588,48
6862,860,366,18
6863,860,89,34
6864,860,529,93
6865,861,391,18
6866,861,357,23
6867,861,48,44
6868,861,29,42
6869,861,27,47
6870,861,783,230
6871,861,309,24
6872,861,41,45
6873,861,345,18
6874,861,628,20
6875,862,741,16
6876,862,747,14
6877,862,312,19
6878,862,313,26
6879,862,742,15
6880,862,745,14
6881,862,744,15
6882,862,314,24
6883,862,746,16
6884,863,76,36
6885,863,362,18
6886,863,526,119
6887,863,527,119
6888,864,82,26
6889,864,75,34
6890,864,430,23
6891,864,367,21
6892,864,85,51
6893,864,79,58
6894,864,364,21
6895,864,529,109
6896,865,188,47
6897,865,716,37
6898,865,182,40
6899,865,185,40
6900,865,181,36
6901,865,183,52
6902,865,186,52
6903,865,180,39
6904,865,178,40
6905,865,713,40
6906,865,179,53
6907,865,184,49
6908,866,437,16
6909,866,439,20
6910,866,726,39
6911,866,725,29
6912,866,438,16
6913,866,728,44
6914,866,436,19
6915,867,298,15
6916,867,301,17
6917,867,297,20
6918,867,305,20
6919,868,557,76
6920,868,404,17
6921,868,631,19
6922,868,394,17
6923,868,341,20
6924,868,43,56
6925,868,637,20
6926,868,783,234
6927,868,358,22
6928,868,782,151
6929,868,787,267
6930,868,459,150
6931,869,245,24
6932,869,246,30
6933,869,233,17
6934,869,235,24
6935,869,242,15
6936,869,239,18
6937,869,238,22
6938,869,237,23
6939,870,235,29
6940,870,251,14
6941,870,240,26
6942,870,252,27
6943,870,238,30
6944,870,234,24
6945,870,250,13
6946,870,244,30
6947,870,247,23
6948,871,514,96
6949,871,791,178
6950,871,509,110
6951,871,596,49
6952,871,515,98
6953,871,790,240
6954,871,795,139
6955,872,724,27
6956,872,723,27
6957,872,721,36
6958,872,722,33
6959,873,394,12
6960,873,781,148
6961,873,552,66
6962,873,307,23
6963,873,343,19
6964,873,308,22
6965,873,42,45
6966,873,310,25
6967,873,556,66
6968,873,458,80
6969,873,631,17
6970,873,47,45
6971,874,485,69
6972,874,481,114
6973,874,489,90
6974,874,762,19
6975,874,482,116
6976,874,479,99
6977,874,488,103
6978,874,492,103
6979,874,491,93
6980,874,761,13
6981,874,487,124
6982,875,620,19
6983,875,409,19
6984,875,612,19
6985,875,625,22
6986,875,618,20
6987,875,318,25
6988,875,317,24
6989,875,413,21
6990,875,416,16
6991,875,319,20
6992,875,406,14
6993,876,106,50
6994,876,104,27
6995,876,98,50
6996,876,99,49
6997,876,112,48
6998,876,582,59
6999,876,580,66
7000,876,101,46
7001,876,116,42
7002,876,384,20
7003,876,113,50
7004,877,512,96
7005,877,791,206
7006,877,508,111
7007,877,511,95
7008,877,516,128
7009,877,792,240
7010,877,795,222
7011,877,599,47
7012,877,515,149
7013,877,510,101
7014,877,513,80
7015,878,242,25
7016,878,243,19
7017,878,252,22
7018,878,233,23
7019,878,235,23
7020,878,247,20
7021,878,249,20
7022,878,245,24
7023,878,246,26
7024,878,234,20
7025,878,239,20
7026,878,251,16
7027,879,185,38
7028,879,187,58
7029,879,186,42
7030,879,183,48
7031,879,714,46
7032,879,713,45
7033,879,716,49
7034,879,182,52
7035,879,179,44
7036,879,180,44
7037,880,290,21
7038,880,296,19
7039,880,289,29
7040,880,294,22
7041,880,286,15
7042,880,295,19
7043,880,292,24
7044,880,287,14
7045,880,445,19
7046,880,291,24
7047,880,288,24
7048,880,285,22
7049,881,443,20
7050,881,752,14
7051,881,751,20
7052,881,750,18
7053,881,442,14
7054,881,749,16
7055,882,476,103
7056,882,472,104
7057,882,735,12
7058,882,469,128
7059,882,426,20
7060,882,473,147
7061,882,422,17
7062,882,420,17
7063,882,427,22
7064,883,92,41
7065,883,529,130
7066,883,88,50
7067,883,361,22
7068,883,435,24
7069,883,77,43
7070,883,526,109
7071,883,90,49
7072,883,584,48
7073,883,364,22
7074,883,73,53
7075,883,69,41
7076,884,260,16
7077,884,258,17
7078,884,262,19
7079,884,256,27
7080,884,268,18
7081,885,651,21
7082,885,650,19
7083,885,653,25
7084,885,648,22
7085,885,654,19
7086,885,655,17
7087,885,647,21
7088,885,652,15
7089,885,649,16
7090,886,599,64
7091,886,516,92
7092,886,510,116
7093,886,792,204
7094,886,796,238
7095,886,508,100
7096,886,598,61
7097,886,601,75
7098,886,600,46
7099,886,790,252
7100,886,513,123
7101,886,509,129
7102,887,40,26
7103,887,27,39
7104,887,634,19
7105,887,459,104
7106,887,344,21
7107,887,343,17
7108,887,45,36
7109,887,635,13
7110,888,16,36
7111,888,18,42
7112,888,13,35
7113,888,339,15
7114,888,203,18
7115,888,774,236
7116,888,8,43
7117,888,452,115
7118,888,5,48
7119,888,446,82
7120,888,546,44
7121,889,408,15
7122,889,413,19
7123,889,414,21
7124,889,409,15
7125,889,625,24
7126,889,315,22
7127,889,613,24
7128,889,623,15
7129,890,560,57
7130,890,563,44
7131,890,561,61
7132,890,567,60
7133,890,565,54
7134,890,568,48
7135,890,564,62
7136,890,562,55
7137,891,255,20
7138,891,268,23
7139,891,267,19
7140,891,266,20
7141,892,572,48
7142,892,573,57
7143,892,576,41
7144,892,571,57
7145,892,575,44
7146,892,570,52
7147,893,744,15
7148,893,743,17
7149,893,745,14
7150,893,741,15
7151,893,747,17
7152,893,742,16
7153,894,611,17
7154,894,407,17
7155,894,413,15
7156,894,316,20
7157,894,623,15
7158,894,618,20
7159,894,614,19
7160,894,320,16
7161,894,411,16
7162,894,616,17
7163,894,615,13
7164,895,592,55
7165,895,590,74
7166,895,595,60
7167,895,591,56
7168,895,594,43
7169,895,593,65
7170,896,85,49
7171,896,431,19
7172,896,89,35
7173,896,76,41
7174,896,71,38
7175,896,586,78
7176,896,88,48
7177,896,91,57
7178,897,729,33
7179,897,441,17
7180,897,440,23
7181,897,730,50
7182,898,721,42
7183,898,723,34
7184,898,724,32
7185,898,722,36
7186,899,500,78
7187,899,496,119
7188,899,502,82
7189,899,495,124
7190,899,767,20
7191,899,494,136
7192,899,768,15
7193,899,498,116
7194,900,678,13
7195,900,677,18
7196,901,667,25
7197,901,663,24
7198,901,662,19
7199,901,665,25
7200,901,666,16
7201,902,797,228
7202,902,802,222
7203,902,531,118
7204,902,532,56
7205,902,804,223
7206,902,533,129
7207,902,803,196
7208,903,563,60
7209,903,566,70
7210,903,567,59
7211,903,564,49
7212,903,568,46
7213,903,565,61
7214,903,561,57
7215,904,211,22
7216,904,227,27
7217,904,218,18
7218,904,221,21
7219,904,370,17
7220,904,210,11
7221,904,214,25
7222,904,215,23
7223,904,226,25
7224,904,224,20
7225,904,222,25
7226,904,373,20
7227,905,224,23
7228,905,371,18
7229,905,218,26
7230,905,231,22
7231,905,228,20
7232,905,219,14
7233,905,210,30
7234,905,215,15
7235,905,212,20
7236,906,629,25
7237,906,548,58
7238,906,637,14
7239,906,781,202
7240,906,353,18
7241,906,29,41
7242,906,555,62
7243,906,626,13
7244,906,39,41
7245,906,42,47
7246,907,757,15
7247,907,229,24
7248,907,213,18
7249,907,216,20
7250,907,232,20
7251,907,222,17
7252,907,225,13
7253,907,231,26
7254,908,597,45
7255,908,600,49
7256,908,511,119
7257,908,796,251
7258,908,515,101
7259,908,596,57
7260,908,792,225
7261,908,517,120
7262,908,790,176
7263,908,793,226
7264,909,219,30
7265,909,374,19
7266,909,371,18
7267,909,759,15
7268,909,224,19
7269,909,370,15
7270,909,221,22
7271,909,375,23
7272,909,760,16
7273,909,213,21
7274,909,230,20
7275,909,231,19
7276,909,225,29
7277,909,378,14
7278,910,45,44
7279,910,393,16
7280,910,355,22
7281,910,357,17
7282,910,38,40
7283,910,786,212
7284,910,342,19
7285,910,21,42
7286,911,356,20
7287,911,553,56
7288,911,455,85
7289,911,398,15
7290,911,392,20
7291,911,460,88
7292,911,35,58
7293,911,32,30
7294,911,346,21
7295,912,652,15
7296,912,649,18
7297,912,655,19
7298,912,650,18
7299,912,651,20
7300,912,647,18
7301,912,653,12
7302,913,566,74
7303,913,565,47
7304,913,564,58
7305,913,563,42
7306,913,560,73
7307,913,562,63
7308,913,567,57
7309,914,663,20
7310,914,665,13
7311,914,664,21
7312,914,667,23
7313,914,662,20
7314,914,666,16
7315,915,70,36
7316,915,588,45
7317,915,86,37
7318,915,527,107
7319,915,433,16
7320,915,585,68
7321,915,90,31
7322,916,498,150
7323,916,499,108
7324,916,500,95
7325,916,768,16
7326,916,496,134
7327,916,765,17
7328,916,501,123
7329,917,537,49
7330,917,206,21
7331,917,448,145
7332,917,774,131
7333,917,337,20
7334,917,13,48
7335,917,14,37
7336,917,331,18
7337,918,507,79
7338,918,769,20
7339,918,504,122
7340,918,772,14
7341,918,770,14
7342,918,503,110
7343,918,506,85
7344,919,198,38
7345,919,523,72
7346,919,193,45
7347,919,525,133
7348,919,194,45
7349,919,197,43
7350,919,196,40
7351,919,190,42
7352,919,192,44
7353,920,728,31
7354,920,439,17
7355,920,437,18
7356,920,725,40
7357,920,727,47
7358,920,438,18
7359,920,726,32
7360,921,676,20
7361,921,675,15
7362,921,674,25
7363,921,673,21
7364,922,186,44
7365,922,181,57
7366,922,178,38
7367,922,713,31
7368,923,729,33
7369,923,730,37
7370,923,440,16
7371,923,441,13
7372,924,618,18
7373,924,613,14
7374,924,413,21
7375,924,623,18
7376,924,319,17
7377,925,628,23
7378,925,392,14
7379,925,51,44
7380,925,309,30
7381,925,360,23
7382,926,442,15
7383,926,443,14
7384,926,752,17
7385,926,750,15
7386,926,749,18
7387,926,751,11
7388,927,56,36
7389,927,55,40
7390,927,690,44
7391,927,62,42
7392,927,698,28
7393,927,61,44
7394,927,387,17
7395,927,54,48
7396,927,64,37
7397,927,694,43
7398,928,411,14
7399,928,315,15
7400,928,621,13
7401,928,406,19
7402,928,407,15
7403,928,623,20
7404,928,614,14
7405,928,612,16
7406,928,414,16
7407,928,624,12
7408,928,319,26
7409,928,613,15
7410,928,417,17
7411,929,39,26
7412,929,49,50
7413,929,635,15
7414,929,401,14
7415,929,349,17
7416,930,164,35
7417,930,520,70
7418,930,166,52
7419,930,163,35
7420,930,518,126
7421,931,778,168
7422,931,776,200
7423,931,337,15
7424,931,449,112
7425,931,773,207
7426,931,536,51
7427,931,780,121
7428,931,326,16
7429,932,167,47
7430,932,158,45
7431,932,175,35
7432,932,521,115
7433,932,168,38
7434,932,520,112
7435,932,173,42
7436,932,176,39
7437,932,169,35
7438,932,163,40
7439,933,687,30
7440,933,390,15
7441,933,686,31
7442,933,603,51
7443,933,389,13
7444,933,607,54
7445,933,685,33
7446,933,604,51
7447,933,689,31
7448,934,447,104
7449,934,15,46
7450,934,545,55
7451,934,202,15
7452,934,536,55
7453,934,540,64
7454,934,450,67
7455,934,328,15
7456,935,195,40
7457,935,522,90
7458,935,192,35
7459,935,193,23
7460,935,523,94
7461,935,190,31
7462,935,524,100
7463,935,197,43
7464,935,191,37
7465,935,196,37
7466,935,189,41
7467,936,543,51
7468,936,202,26
7469,936,537,59
7470,936,545,48
7471,936,451,61
7472,936,547,50
7473,936,4,25
7474,936,205,18
7475,936,7,35
7476,937,508,127
7477,937,599,44
7478,937,511,125
7479,937,510,78
7480,938,319,16
7481,938,613,15
7482,938,625,23
7483,938,616,11
7484,939,567,53
7485,939,564,65
7486,939,560,48
7487,939,561,46
7488,939,568,50
7489,940,670,18
7490,940,671,17
7491,940,668,19
7492,940,672,16
7493,940,669,16
7494,941,327,11
7495,941,454,113
7496,941,2,47
7497,941,203,17
7498,941,17,41
7499,941,543,52
7500,941,329,11
7501,941,8,28
7502,941,11,26
7503,941,321,19
7504,941,452,108
7505,941,545,50
7506,942,244,19
7507,942,239,18
7508,942,245,15
7509,942,249,15
7510,942,238,16
7511,942,248,22
7512,942,247,25
7513,942,242,15
7514,943,270,16
7515,943,282,26
7516,943,281,15
7517,943,277,17
7518,944,196,32
7519,944,198,41
7520,944,199,32
7521,944,194,39
7522,944,524,93
7523,945,730,35
7524,945,440,19
7525,945,729,29
7526,945,441,16
7527,946,438,16
7528,946,727,45
7529,946,439,18
7530,946,728,22
7531,946,436,23
7532,946,725,37
7533,946,726,26
7534,946,437,16
7535,947,658,16
7536,947,656,18
7537,947,661,13
7538,947,657,17
7539,947,659,15
7540,947,660,15
7541,948,547,57
7542,948,326,13
7543,948,538,70
7544,948,339,21
7545,948,780,182
7546,948,539,48
7547,948,205,24
7548,948,3,25
7549,948,10,36
7550,948,541,40
7551,948,7,43
7552,949,467,109
7553,949,736,15
7554,949,734,16
7555,949,473,66
7556,949,429,10
7557,949,476,109
7558,949,422,13
7559,950,667,14
7560,950,662,20
7561,950,663,11
7562,950,665,17
7563,950,664,16
7564,951,418,21
7565,951,471,74
7566,951,466,92
7567,951,426,15
7568,952,761,11
7569,952,762,13
7570,952,484,90
7571,952,485,76
7572,952,487,88
7573,952,486,73
7574,952,492,91
7575,952,493,70
7576,952,764,16
7577,952,481,89
7578,953,4,47
7579,953,11,37
7580,953,325,16
7581,953,19,36
7582,953,776,125
7583,953,3,38
7584,953,777,208
7585,953,327,19
7586,953,542,44
7587,954,676,11
7588,954,675,20
7589,954,674,16
7590,954,673,12
7591,955,32,38
7592,955,548,48
7593,955,44,47
7594,955,347,13
7595,955,558,41
7596,955,635,21
7597,955,455,92
7598,955,344,11
7599,955,551,40
7600,956,560,61
7601,956,566,53
7602,956,563,71
7603,956,561,61
7604,956,564,45
7605,956,567,46
7606,956,568,53
7607,957,340,19
7608,957,448,126
7609,957,453,82
7610,957,339,13
7611,957,452,110
7612,957,12,52
7613,957,776,110
7614,957,14,30
7615,957,449,116
7616,958,803,159
7617,958,801,260
7618,958,800,133
7619,958,799,224
7620,958,531,89
7621,958,798,224
7622,958,533,94
7623,958,530,132
7624,959,791,190
7625,959,789,134
7626,959,600,51
7627,959,517,129
7628,959,601,53
7629,959,510,96
7630,959,796,179
7631,959,793,159
7632,959,511,88
7633,959,790,218
7634,959,599,34
7635,959,514,101
7636,960,99,32
7637,960,109,44
7638,960,104,42
7639,960,105,29
7640,960,113,39
7641,960,101,36
7642,960,107,40
7643,960,379,15
7644,960,112,47
7645,960,583,42
7646,960,98,23
7647,960,114,47
7648,961,367,13
7649,961,87,40
7650,961,584,66
7651,961,361,19
7652,961,84,37
7653,961,91,32
7654,961,82,40
7655,961,90,48
7656,961,74,44
7657,961,73,42
7658,961,432,13
7659,962,644,14
7660,962,640,18
7661,962,646,16
7662,962,641,10
7663,962,638,19
7664,962,642,14
7665,962,639,14
7666,962,643,19
7667,962,645,21
7668,963,292,26
7669,963,294,11
7670,963,444,20
7671,963,290,20
7672,963,291,21
7673,963,293,21
7674,963,445,13
7675,963,289,17
7676,964,127,25
7677,964,131,51
7678,964,134,37
7679,964,135,55
7680,964,117,38
7681,965,793,185
7682,965,510,114
7683,965,792,135
7684,965,596,57
7685,965,512,58
7686,965,515,124
7687,966,528,87
7688,966,91,28
7689,966,362,13
7690,966,86,44
7691,966,435,20
7692,966,361,15
7693,966,587,40
7694,966,430,12
7695,966,84,47
7696,966,366,14
7697,966,77,38
7698,967,751,11
7699,967,442,19
7700,967,749,16
7701,967,752,14
7702,967,443,14
7703,967,750,15
7704,968,70,43
7705,968,69,30
7706,968,81,27
7707,968,84,42
7708,968,72,39
7709,968,430,10
7710,968,73,48
7711,968,85,36
7712,968,527,80
7713,969,207,27
7714,969,777,156
7715,969,547,64
7716,969,12,48
7717,969,331,14
7718,969,544,54
7719,970,178,39
7720,970,180,44
7721,970,179,33
7722,970,183,34
7723,970,184,24
7724,970,186,39
7725,971,414,17
7726,971,410,16
7727,971,622,14
7728,971,413,15
7729,971,417,16
7730,972,276,21
7731,972,278,19
7732,972,753,13
7733,972,282,13
7734,972,274,12
7735,972,284,18
7736,972,280,26
7737,972,272,17
7738,972,271,17
7739,972,273,17
7740,973,287,15
7741,973,288,24
7742,973,290,19
7743,973,292,12
7744,973,285,18
7745,973,296,24
7746,973,286,22
7747,973,291,20
7748,973,444,16
7749,973,295,17
7750,974,338,21
7751,974,335,18
7752,974,207,19
7753,974,777,222
7754,974,539,49
7755,974,3,35
7756,974,331,17
7757,974,780,211
7758,974,7,32
7759,974,206,14
7760,974,5,45
7761,975,417,12
7762,975,316,21
7763,975,317,17
7764,975,414,21
7765,975,416,17
7766,975,621,20
7767,976,222,21
7768,976,375,16
7769,976,231,24
7770,976,378,16
7771,976,374,21
7772,976,211,15
7773,976,227,14
7774,976,220,21
7775,976,218,14
7776,976,209,19
7777,976,226,20
7778,976,372,21
7779,977,144,46
7780,977,141,23
7781,977,711,41
7782,977,146,36
7783,977,143,42
7784,977,138,42
7785,977,153,53
7786,977,151,47
7787,977,154,48
7788,977,155,48
7789,978,786,124
7790,978,404,17
7791,978,548,55
7792,978,23,34
7793,978,782,212
7794,978,630,17
7795,978,353,12
7796,979,577,64
7797,979,571,54
7798,979,573,43
7799,979,569,57
7800,979,576,70
7801,979,575,61
7802,979,574,50
7803,980,317,23
7804,980,619,15
7805,980,410,13
7806,980,319,19
7807,980,407,18
7808,980,621,19
7809,980,414,21
7810,980,318,22
7811,980,320,25
7812,980,612,20
7813,980,615,16
7814,980,620,22
7815,981,527,116
7816,981,432,14
7817,981,82,47
7818,981,586,40
7819,981,76,31
7820,981,85,39
7821,981,74,32
7822,981,365,14
7823,981,73,28
7824,981,526,130
7825,981,361,17
7826,981,362,20
7827,982,671,16
7828,982,670,19
7829,982,668,14
7830,982,672,17
7831,983,269,23
7832,983,268,18
7833,983,265,16
7834,983,253,25
7835,984,273,22
7836,984,284,15
7837,984,278,16
7838,984,276,16
7839,984,754,16
7840,984,753,17
7841,984,280,21
7842,984,274,19
7843,984,283,22
7844,984,270,18
7845,984,755,14
7846,984,271,21
7847,984,272,24
7848,985,292,18
7849,985,444,16
7850,985,291,17
7851,985,288,14
7852,985,290,19
7853,985,289,18
7854,985,293,20
7855,985,296,24
7856,985,285,20
7857,985,294,15
7858,986,42,55
7859,986,308,15
7860,986,37,53
7861,986,396,16
7862,986,557,65
7863,986,555,56
7864,986,27,35
7865,986,461,103
7866,986,351,18
7867,986,44,39
7868,986,782,135
7869,986,341,16
7870,987,670,19
7871,987,672,16
7872,987,668,13
7873,987,671,16
7874,987,669,16
7875,988,522,55
7876,988,200,35
7877,988,190,43
7878,988,194,47
7879,988,189,23
7880,988,195,41
7881,988,197,42
7882,988,523,106
7883,988,525,105
7884,988,524,105
7885,989,318,27
7886,989,411,23
7887,989,410,20
7888,989,315,24
7889,990,608,67
7890,990,59,40
7891,990,386,18
7892,990,691,39
7893,990,609,48
7894,991,328,22
7895,991,773,146
7896,991,10,33
7897,991,2,31
7898,992,403,18
7899,992,392,14
7900,992,306,14
7901,992,39,47
7902,992,44,39
7903,992,461,88
7904,992,785,180
7905,992,343,19
7906,992,629,18
7907,992,38,31
7908,992,788,229
7909,992,393,15
7910,993,518,141
7911,993,163,29
7912,993,169,55
7913,993,159,32
7914,993,174,35
7915,993,168,40
7916,993,520,121
7917,993,166,41
7918,993,173,42
7919,993,172,46
7920,993,162,44
7921,993,521,112
7922,994,218,23
7923,994,209,25
7924,994,370,11
7925,994,228,24
7926,995,192,48
7927,995,522,86
7928,995,525,67
7929,995,191,53
7930,995,523,65
7931,995,190,33
7932,995,194,33
7933,995,189,45
7934,996,486,93
7935,996,482,101
7936,996,489,111
7937,996,488,65
7938,996,487,92
7939,996,483,135
7940,996,491,118
7941,996,479,93
7942,996,484,67
7943,996,493,133
7944,997,226,22
7945,997,209,26
7946,997,760,16
7947,997,372,17
7948,997,225,25
7949,997,757,14
7950,997,230,22
7951,997,377,17
7952,998,146,59
7953,998,139,45
7954,998,137,30
7955,998,156,48
7956,998,143,48
7957,998,141,47
7958,998,149,39
7959,998,154,43
7960,999,291,16
7961,999,285,16
7962,999,286,25
7963,999,294,24
7964,1000,809,121
7965,1000,812,219
7966,1000,811,195
7967,1000,806,167
7968,1000,535,134
7969,1000,807,214
7970,1000,808,206
7971,1000,810,206
7972,1000,805,185
7973,1000,534,84
7974,1001,111,45
7975,1001,583,34
7976,1001,108,31
7977,1001,116,38
7978,1001,379,18
7979,1001,98,33
7980,1001,102,55
7981,1001,582,48
7982,1002,291,18
7983,1002,445,17
7984,1002,288,20
7985,1002,293,21
7986,1002,285,22
7987,1002,294,21
7988,1002,296,28
7989,1002,292,27
7990,1002,287,19
7991,1002,286,24
7992,1002,295,15
7993,1002,444,17
7994,1003,570,63
7995,1003,577,61
7996,1003,574,56
7997,1003,576,42
7998,1003,575,61
7999,1003,572,64
8000,1004,700,28
8001,1004,121,50
8002,1004,699,30
8003,1004,702,37
8004,1004,130,47
8005,1004,129,39
8006,1004,122,39
8007,1004,126,43
8008,1004,706,30
8009,1004,123,46
8010,1004,704,40
8011,1004,120,46
8012,1005,425,13
8013,1005,734,17
8014,1005,472,86
8015,1005,465,93
8016,1005,421,16
8017,1005,733,16
8018,1005,420,16
8019,1005,419,14
8020,1005,469,120
8021,1006,622,17
8022,1006,417,24
8023,1006,409,20
8024,1006,416,17
8025,1006,625,16
8026,1006,615,15
8027,1006,413,16
8028,1007,237,12
8029,1007,250,13
8030,1007,246,19
8031,1007,242,20
8032,1007,245,18
8033,1007,234,28
8034,1007,247,22
8035,1007,251,24
8036,1007,235,18
8037,1007,243,22
8038,1008,706,26
8039,1008,128,45
8040,1008,136,52
8041,1008,124,33
8042,1008,703,33
8043,1009,809,202
8044,1009,534,84
8045,1009,806,250
8046,1009,808,123
8047,1009,535,103
8048,1010,488,141
8049,1010,479,138
8050,1010,493,117
8051,1010,484,61
8052,1011,675,16
8053,1011,673,22
8054,1011,674,16
8055,1011,676,15
8056,1012,657,14
8057,1012,656,17
8058,1012,660,21
8059,1012,661,19
8060,1012,658,18
8061,1012,659,24
8062,1013,24,44
8063,1013,553,46
8064,1013,32,26
8065,1013,629,16
8066,1013,25,38
8067,1013,554,49
8068,1013,397,24
8069,1013,628,19
8070,1013,49,41
8071,1013,461,105
8072,1013,21,42
8073,1013,346,21
8074,1014,171,23
8075,1014,164,41
8076,1014,161,43
8077,1014,166,26
8078,1014,518,113
8079,1014,521,72
8080,1015,202,19
8081,1015,776,148
8082,1015,208,24
8083,1015,7,30
8084,1015,19,43
8085,1016,30,27
8086,1016,550,56
8087,1016,785,218
8088,1016,52,52
8089,1016,27,51
8090,1017,200,30
8091,1017,197,36
8092,1017,194,51
8093,1017,198,37
8094,1017,196,39
8095,1017,195,48
8096,1018,367,21
8097,1018,81,32
8098,1018,73,38
8099,1018,585,50
8100,1018,94,46
8101,1018,362,17
8102,1018,69,42
8103,1018,365,19
8104,1019,428,18
8105,1019,420,13
8106,1019,478,93
8107,1019,474,100
8108,1019,736,15
8109,1019,477,149
8110,1019,421,11
8111,1019,473,95
8112,1019,464,104
8113,1020,408,17
8114,1020,616,18
8115,1020,415,18
8116,1020,620,19
8117,1020,615,19
8118,1020,624,20
8119,1021,377,17
8120,1021,209,22
8121,1021,374,22
8122,1021,224,20
8123,1021,373,19
8124,1021,227,18
8125,1021,230,14
8126,1021,229,15
8127,1021,221,25
8128,1021,375,15
8129,1021,222,16
8130,1022,444,15
8131,1022,292,15
8132,1022,286,14
8133,1022,290,16
8134,1022,287,18
8135,1022,285,21
8136,1022,291,23
8137,1022,293,27
8138,1022,294,18
8139,1023,15,30
8140,1023,5,47
8141,1023,537,66
8142,1023,774,183
8143,1023,338,15
8144,1023,9,36
8145,1023,340,16
8146,1023,323,19
8147,1023,208,25
8148,1023,328,13
8149,1023,8,40
8150,1024,148,35
8151,1024,138,45
8152,1024,710,28
8153,1024,146,30
8154,1024,152,51
8155,1024,144,29
8156,1025,294,18
8157,1025,286,18
8158,1025,444,14
8159,1025,288,18
8160,1025,295,20
8161,1025,290,14
8162,1025,445,19
8163,1025,291,21
8164,1025,289,17
8165,1025,293,15
8166,1025,292,16
8167,1025,296,22
8168,1026,253,14
8169,1026,260,12
8170,1026,269,28
8171,1026,267,24
8172,1026,268,19
8173,1026,264,23
8174,1026,254,28
8175,1026,265,16
8176,1026,255,14
8177,1026,257,17
8178,1026,261,29
8179,1026,266,24
8180,1027,762,15
8181,1027,491,111
8182,1027,761,15
8183,1027,490,111
8184,1027,492,130
8185,1028,503,111
8186,1028,507,79
8187,1028,505,58
8188,1028,771,11
8189,1028,769,11
8190,1028,506,56
8191,1028,770,12
8192,1028,504,93
8193,1028,772,11
8194,1029,474,93
8195,1029,428,16
8196,1029,429,17
8197,1029,735,15
8198,1029,426,17
8199,1029,427,20
8200,1029,423,19
8201,1029,475,58
8202,1030,290,20
8203,1030,286,13
8204,1030,285,16
8205,1030,289,19
8206,1030,287,16
8207,1030,296,29
8208,1030,293,23
8209,1030,445,14
8210,1030,444,15
8211,1030,292,16
8212,1031,667,17
8213,1031,666,11
8214,1031,663,16
8215,1031,665,12
8216,1031,662,23
8217,1031,664,17
8218,1032,684,42
8219,1032,602,47
8220,1032,683,33
8221,1032,605,43
8222,1032,606,73
8223,1032,689,40
8224,1032,687,34
8225,1032,682,36
8226,1032,604,40
8227,1033,647,19
8228,1033,650,16
8229,1033,649,20
8230,1033,653,20
8231,1033,651,14
8232,1033,654,18
8233,1033,648,13
8234,1033,655,20
8235,1033,652,13
8236,1034,14,57
8237,1034,325,21
8238,1034,202,16
8239,1034,323,17
8240,1034,8,51
8241,1034,447,90
8242,1034,208,20
8243,1034,537,61
8244,1034,544,36
8245,1034,16,36
8246,1034,340,19
8247,1034,4,33
8248,1035,700,27
8249,1035,136,52
8250,1035,129,37
8251,1035,125,42
8252,1035,705,42
8253,1035,706,33
8254,1035,118,33
8255,1035,132,48
8256,1035,707,35
8257,1035,131,45
8258,1036,94,28
8259,1036,368,23
8260,1036,79,40
8261,1036,70,48
8262,1036,82,35
8263,1036,80,29
8264,1036,363,17
8265,1036,89,53
8266,1036,71,54
8267,1036,433,15
8268,1036,78,44
8269,1036,95,48
8270,1037,752,15
8271,1037,750,17
8272,1037,749,13
8273,1037,751,18
8274,1038,180,42
8275,1038,177,58
8276,1038,178,44
8277,1038,182,48
8278,1038,184,47
8279,1038,187,34
8280,1038,188,41
8281,1038,179,40
8282,1039,436,16
8283,1039,725,29
8284,1039,438,15
8285,1039,727,22
8286,1039,439,18
8287,1040,56,45
8288,1040,386,16
8289,1040,610,61
8290,1040,692,35
8291,1040,64,29
8292,1040,62,39
8293,1040,385,21
8294,1040,67,26
8295,1040,59,32
8296,1040,695,22
8297,1040,55,38
8298,1040,63,37
8299,1041,730,29
8300,1041,441,15
8301,1041,440,14
8302,1041,729,30
8303,1042,283,21
8304,1042,281,21
8305,1042,276,11
8306,1042,279,20
8307,1042,756,12
8308,1042,284,21
8309,1042,271,20
8310,1042,754,12
8311,1042,270,15
8312,1042,278,25
8313,1042,272,14
8314,1042,753,14
8315,1042,273,19
8316,1042,274,26
8317,1043,534,70
8318,1043,807,261
8319,1043,808,187
8320,1043,811,159
8321,1043,810,248
8322,1043,535,128
8323,1043,806,168
8324,1043,805,106
8325,1043,812,200
8326,1043,809,223
8327,1044,724,33
8328,1044,722,49
8329,1044,721,32
8330,1044,723,45
8331,1045,677,16
8332,1045,678,18
8333,1046,122,45
8334,1046,117,34
8335,1046,135,30
8336,1046,705,39
8337,1046,133,46
8338,1046,131,44
8339,1046,126,28
8340,1046,123,59
8341,1046,120,47
8342,1046,124,43
8343,1046,118,49
8344,1047,292,17
8345,1047,295,23
8346,1047,285,14
8347,1047,445,17
8348,1047,291,11
8349,1048,80,31
8350,1048,85,29
8351,1048,95,39
8352,1048,585,58
8353,1048,362,13
8354,1048,77,50
8355,1048,69,41
8356,1049,220,15
8357,1049,214,22
8358,1049,213,19
8359,1049,374,17
8360,1049,219,16
8361,1049,221,27
8362,1049,760,16
8363,1049,371,15
8364,1050,791,223
8365,1050,601,32
8366,1050,796,250
8367,1050,516,103
8368,1050,795,220
8369,1050,514,118
8370,1050,792,214
8371,1050,789,108
8372,1050,597,67
8373,1050,511,92
8374,1050,508,107
8375,1050,509,106
8376,1050,599,52
8377,1051,315,13
8378,1051,408,12
8379,1051,412,19
8380,1051,409,15
8381,1051,407,18
8382,1051,621,17
8383,1052,17,34
8384,1052,15,36
8385,1052,4,46
8386,1052,780,255
8387,1052,338,16
8388,1053,642,19
8389,1053,644,25
8390,1053,643,16
8391,1053,640,21
8392,1053,641,14
8393,1053,646,15
8394,1053,638,17
8395,1053,639,18
8396,1054,20,42
8397,1054,322,18
8398,1054,330,14
8399,1054,775,129
8400,1055,513,132
8401,1055,794,156
8402,1055,791,157
8403,1055,508,85
8404,1055,514,70
8405,1055,515,94
8406,1055,596,74
8407,1056,270,19
8408,1056,280,18
8409,1056,284,17
8410,1056,275,24
8411,1056,279,16
8412,1056,272,17
8413,1056,273,19
8414,1056,755,13
8415,1057,666,22
8416,1057,662,20
8417,1057,665,17
8418,1057,664,17
8419,1057,663,23
8420,1057,667,13
8421,1058,319,19
8422,1058,316,21
8423,1058,619,18
8424,1058,408,21
8425,1058,407,18
8426,1058,618,16
8427,1058,611,19
8428,1058,320,15
8429,1058,616,14
8430,1058,416,14
8431,1059,312,12
8432,1059,747,14
8433,1059,745,16
8434,1059,743,14
8435,1059,741,16
8436,1059,313,25
8437,1059,744,14
8438,1059,748,16
8439,1060,666,18
8440,1060,662,21
8441,1060,664,18
8442,1060,665,15
8443,1060,667,15
8444,1061,251,25
8445,1061,241,19
8446,1061,245,18
8447,1061,235,14
8448,1061,242,18
8449,1061,244,15
8450,1061,247,16
8451,1061,238,18
8452,1061,243,21
8453,1061,250,22
8454,1061,239,15
8455,1062,778,131
8456,1062,333,13
8457,1062,340,18
8458,1062,12,32
8459,1062,16,46
8460,1062,10,26
8461,1062,539,59
8462,1062,454,74
8463,1062,8,50
8464,1062,546,56
8465,1062,544,68
8466,1062,4,37
8467,1063,285,15
8468,1063,287,17
8469,1063,445,14
8470,1063,296,14
8471,1064,354,19
8472,1064,553,39
8473,1064,346,20
8474,1064,39,37
8475,1064,393,17
8476,1064,48,33
8477,1064,41,25
8478,1064,356,24
8479,1064,549,54
8480,1065,638,20
8481,1065,642,17
8482,1065,639,24
8483,1065,646,18
8484,1065,641,21
8485,1065,644,18
8486,1065,643,15
8487,1065,645,17
8488,1066,68,41
8489,1066,386,21
8490,1066,62,31
8491,1066,65,40
8492,1066,696,46
8493,1067,561,42
8494,1067,568,40
8495,1067,560,50
8496,1067,565,50
8497,1067,564,68
8498,1068,82,43
8499,1068,364,17
8500,1068,433,15
8501,1068,529,108
8502,1069,65,22
8503,1069,692,27
8504,1069,696,41
8505,1069,63,55
8506,1069,387,13
8507,1069,68,39
8508,1069,64,38
8509,1069,610,61
8510,1069,59,42
8511,1069,62,51
8512,1069,56,40
8513,1070,595,51
8514,1070,593,64
8515,1070,591,64
8516,1070,592,56
8517,1071,678,14
8518,1071,677,19
8519,1072,330,14
8520,1072,4,40
8521,1072,337,23
8522,1072,542,46
8523,1072,336,19
8524,1072,13,40
8525,1073,181,35
8526,1073,716,35
8527,1073,714,30
8528,1073,180,47
8529,1073,182,47
8530,1073,183,47
8531,1073,178,46
8532,1074,95,46
8533,1074,363,12
8534,1074,80,38
8535,1074,94,42
8536,1074,586,47
8537,1074,588,42
8538,1074,587,63
8539,1074,84,45
8540,1074,73,51
8541,1074,71,33
8542,1074,69,45
8543,1075,356,15
8544,1075,22,41
8545,1075,35,31
8546,1075,456,100
8547,1076,678,16
8548,1076,677,17
8549,1077,3,27
8550,1077,547,47
8551,1077,449,93
8552,1077,539,63
8553,1077,338,15
8554,1077,9,38
8555,1077,11,37
8556,1077,778,226
8557,1077,450,139
8558,1077,542,65
8559,1078,649,20
8560,1078,652,13
8561,1078,647,16
8562,1078,654,19
8563,1078,651,16
8564,1078,650,20
8565,1078,655,16
8566,1079,143,55
8567,1079,153,32
8568,1079,156,38
8569,1079,151,39
8570,1079,141,35
8571,1079,152,38
8572,1079,147,40
8573,1080,191,51
8574,1080,525,98
8575,1080,189,46
8576,1080,200,33
8577,1080,195,24
8578,1080,190,36
8579,1080,194,27
8580,1080,196,40
8581,1081,360,12
8582,1081,352,14
8583,1081,394,15
8584,1081,33,35
8585,1081,402,21
8586,1081,460,127
8587,1081,30,50
8588,1081,46,44
8589,1081,633,17
8590,1081,555,50
8591,1081,782,232
8592,1081,455,83
8593,1081,400,23
8594,1082,512,130
8595,1082,596,53
8596,1082,510,92
8597,1082,514,85
8598,1082,515,101
8599,1082,600,34
8600,1082,795,179
8601,1082,601,45
8602,1082,508,92
8603,1082,509,73
8604,1082,794,274
8605,1082,516,74
8606,1083,235,22
8607,1083,233,27
8608,1083,242,27
8609,1083,248,19
8610,1083,246,21
8611,1083,250,25
8612,1083,244,24
8613,1083,240,21
8614,1084,790,189
8615,1084,511,87
8616,1084,514,90
8617,1084,792,146
8618,1084,794,278
8619,1084,508,79
8620,1084,510,96
8621,1084,516,103
8622,1084,789,209
8623,1084,598,72
8624,1084,796,250
8625,1085,576,40
8626,1085,574,44
8627,1085,577,44
8628,1085,575,49
8629,1085,573,51
8630,1085,569,68
8631,1085,571,44
8632,1085,572,44
8633,1086,316,24
8634,1086,619,12
8635,1086,318,18
8636,1086,317,25
8637,1086,611,24
8638,1086,415,14
8639,1086,408,17
8640,1086,319,21
8641,1086,625,20
8642,1086,618,22
8643,1087,215,19
8644,1087,212,19
8645,1087,378,15
8646,1087,760,15
8647,1087,372,16
8648,1087,376,17
8649,1087,209,19
8650,1087,214,29
8651,1087,224,20
8652,1087,758,18
8653,1087,211,26
8654,1087,371,11
8655,1088,57,36
8656,1088,65,48
8657,1088,64,40
8658,1088,608,43
8659,1088,696,33
8660,1088,387,20
8661,1089,798,188
8662,1089,530,73
8663,1089,800,196
8664,1089,802,281
8665,1090,185,34
8666,1090,188,42
8667,1090,182,39
8668,1090,187,39
8669,1091,590,53
8670,1091,591,58
8671,1091,593,49
8672,1091,592,46
8673,1091,594,52
8674,1091,595,66
8675,1092,602,62
8676,1092,603,51
8677,1092,688,31
8678,1092,389,16
8679,1093,669,15
8680,1093,672,19
8681,1093,671,15
8682,1093,670,14
8683,1093,668,20
8684,1094,383,21
8685,1094,106,34
8686,1094,583,47
8687,1094,109,39
8688,1094,379,17
8689,1094,384,11
8690,1095,662,12
8691,1095,666,12
8692,1095,663,13
8693,1095,665,16
8694,1095,667,16
8695,1096,398,18
8696,1096,403,16
8697,1096,784,214
8698,1096,349,16
8699,1096,23,42
8700,1096,404,16
8701,1096,29,50
8702,1096,457,80
8703,1096,788,155
8704,1096,628,13
8705,1096,394,14
8706,1097,100,43
8707,1097,108,27
8708,1097,109,38
8709,1097,111,28
8710,1097,583,77
8711,1097,379,11
8712,1098,642,17
8713,1098,639,15
8714,1098,643,17
8715,1098,641,17
8716,1099,26,41
8717,1099,463,69
8718,1099,42,32
8719,1099,24,44
8720,1099,556,56
8721,1100,784,212
8722,1100,23,31
8723,1100,342,12
8724,1100,558,47
8725,1100,627,21
8726,1100,786,236
8727,1100,460,92
8728,1100,399,20
8729,1100,556,47
8730,1100,557,44
8731,1100,309,27
8732,1101,245,28
8733,1101,237,20
8734,1101,234,26
8735,1101,250,24
8736,1101,239,13
8737,1101,240,18
8738,1101,235,22
8739,1102,53,42
8740,1102,58,41
8741,1102,67,50
8742,1102,68,40
8743,1102,59,37
8744,1102,55,43
8745,1103,247,14
8746,1103,248,16
8747,1103,237,17
8748,1103,236,20
8749,1103,245,19
8750,1103,251,24
8751,1103,242,23
8752,1103,252,20
8753,1104,519,79
8754,1104,174,31
8755,1104,171,44
8756,1104,160,53
8757,1104,157,33
8758,1104,172,50
8759,1104,520,81
8760,1104,173,32
8761,1104,158,36
8762,1104,170,26
8763,1104,159,37
8764,1105,263,22
8765,1105,256,17
8766,1105,257,15
8767,1105,266,21
8768,1105,260,17
8769,1105,265,27
8770,1105,267,25
8771,1105,268,17
8772,1105,255,25
8773,1105,253,21
8774,1106,407,13
8775,1106,617,16
8776,1106,615,22
8777,1106,320,15
8778,1106,613,17
8779,1106,621,22
8780,1106,317,13
8781,1106,614,21
8782,1106,408,15
8783,1106,412,19
8784,1106,413,17
8785,1107,101,40
8786,1107,379,21
8787,1107,114,39
8788,1107,104,44
8789,1107,107,52
8790,1107,113,40
8791,1107,112,34
8792,1108,245,26
8793,1108,239,21
8794,1108,234,17
8795,1108,241,19
8796,1108,237,17
8797,1108,235,22
8798,1108,236,20
8799,1108,247,15
8800,1108,233,17
8801,1109,666,16
8802,1109,664,14
8803,1109,662,14
8804,1109,667,19
8805,1109,663,19
8806,1109,665,19
8807,1110,180,36
8808,1110,186,26
8809,1110,184,28
8810,1110,716,38
8811,1110,187,55
8812,1110,715,24
8813,1110,179,35
8814,1110,177,32
8815,1110,713,24
8816,1110,188,41
8817,1110,185,33
8818,1110,183,43
8819,1110,178,32
8820,1111,514,66
8821,1111,794,259
8822,1111,793,189
8823,1111,513,91
8824,1111,515,61
8825,1111,791,203
8826,1111,599,63
8827,1111,792,252
8828,1112,190,49
8829,1112,191,36
8830,1112,193,58
8831,1112,525,116
8832,1112,200,31
8833,1112,524,77
8834,1112,196,41
8835,1112,189,42
8836,1112,198,28
8837,1112,197,26
8838,1113,692,32
8839,1113,609,55
8840,1113,65,47
8841,1113,64,35
8842,1113,694,33
8843,1113,56,56
8844,1114,141,38
8845,1114,146,39
8846,1114,708,33
8847,1114,156,25
8848,1114,149,41
8849,1115,507,97
8850,1115,504,122
8851,1115,770,16
8852,1115,506,94
8853,1115,503,95
8854,1115,772,12
8855,1116,647,24
8856,1116,649,12
8857,1116,650,17
8858,1116,654,17
8859,1116,655,13
8860,1116,651,14
8861,1116,652,22
8862,1116,653,18
8863,1117,293,16
8864,1117,294,28
8865,1117,290,18
8866,1117,288,19
8867,1117,289,25
8868,1117,291,15
8869,1117,444,24
8870,1117,287,14
8871,1118,224,22
8872,1118,377,17
8873,1118,370,16
8874,1118,227,19
8875,1118,223,18
8876,1118,231,16
8877,1118,232,23
8878,1118,215,19
8879,1118,229,15
8880,1118,219,18
8881,1118,209,19
8882,1118,225,18
8883,1118,228,18
8884,1119,456,59
8885,1119,350,14
8886,1119,461,108
8887,1119,33,41
8888,1119,782,150
8889,1119,395,21
8890,1119,553,56
8891,1119,551,45
8892,1120,496,95
8893,1120,495,126
8894,1120,497,97
8895,1120,766,17
8896,1120,502,75
8897,1120,500,124
8898,1121,664,15
8899,1121,663,22
8900,1121,667,15
8901,1121,662,19
8902,1121,665,17
8903,1122,300,21
8904,1122,302,22
8905,1122,301,13
8906,1122,298,21
8907,1122,303,20
8908,1123,714,32
8909,1123,184,26
8910,1123,713,37
8911,1123,187,36
8912,1123,188,42
8913,1123,179,41
8914,1123,181,36
8915,1124,230,19
8916,1124,226,27
8917,1124,757,15
8918,1124,210,20
8919,1124,375,18
8920,1124,218,24
8921,1124,209,27
8922,1125,348,14
8923,1125,36,44
8924,1125,47,40
8925,1125,21,43
8926,1125,29,48
8927,1125,30,54
8928,1125,554,67
8929,1125,22,55
8930,1125,50,39
8931,1125,43,43
8932,1125,634,24
8933,1126,603,50
8934,1126,606,60
8935,1126,687,50
8936,1126,389,20
8937,1126,688,28
8938,1126,390,16
8939,1126,689,48
8940,1127,178,56
8941,1127,180,42
8942,1127,716,48
8943,1127,713,38
8944,1127,184,42
8945,1127,181,37
8946,1128,569,46
8947,1128,575,70
8948,1128,577,48
8949,1128,574,66
8950,1128,572,80
8951,1128,576,71
8952,1128,571,57
8953,1128,570,38
8954,1129,88,35
8955,1129,74,51
8956,1129,90,55
8957,1129,92,30
8958,1130,440,22
8959,1130,441,12
8960,1130,730,40
8961,1130,729,48
8962,1131,302,23
8963,1131,720,29
8964,1131,299,17
8965,1131,298,23
8966,1131,717,49
8967,1131,300,15
8968,1131,718,35
8969,1132,298,24
8970,1132,300,28
8971,1132,305,14
8972,1132,302,20
8973,1132,718,47
8974,1132,719,25
8975,1133,8,30
8976,1133,777,265
8977,1133,336,19
8978,1133,335,19
8979,1133,11,32
8980,1134,578,57
8981,1134,111,43
8982,1134,107,33
8983,1134,103,48
8984,1134,112,45
8985,1134,583,45
8986,1134,109,35
8987,1135,558,64
8988,1135,457,118
8989,1135,400,21
8990,1135,785,300
8991,1136,565,50
8992,1136,562,60
8993,1136,560,77
8994,1136,568,67
8995,1136,563,52
8996,1136,561,68
8997,1137,303,27
8998,1137,305,22
8999,1137,718,30
9000,1137,299,22
9001,1137,301,28
9002,1137,720,49
9003,1137,300,23
9004,1137,304,26
9005,1138,586,68
9006,1138,585,68
9007,1138,366,25
9008,1138,87,52
9009,1138,74,32
9010,1138,369,16
9011,1138,92,38
9012,1138,69,37
9013,1138,82,37
9014,1138,88,52
9015,1138,78,60
9016,1138,72,46
9017,1139,125,31
9018,1139,117,35
9019,1139,127,52
9020,1139,118,43
9021,1139,705,44
9022,1139,701,28
9023,1139,703,38
9024,1139,123,24
9025,1140,322,22
9026,1140,451,104
9027,1140,333,15
9028,1140,776,154
9029,1140,446,140
9030,1140,2,30
9031,1140,324,23
9032,1140,327,19
9033,1140,17,36
9034,1140,204,27
9035,1140,774,278
9036,1140,777,230
9037,1140,5,60
9038,1140,542,51
9039,1141,374,16
9040,1141,377,22
9041,1141,211,19
9042,1141,224,18
9043,1141,230,18
9044,1141,378,20
9045,1141,372,17
9046,1142,119,57
9047,1142,129,49
9048,1142,117,60
9049,1142,133,36
9050,1142,125,28
9051,1142,123,44
9052,1142,126,36
9053,1142,122,45
9054,1143,114,45
9055,1143,384,22
9056,1143,579,47
9057,1143,383,19
9058,1143,97,34
9059,1143,98,40
9060,1143,111,58
9061,1144,91,45
9062,1144,71,44
9063,1144,92,45
9064,1144,430,19
9065,1144,90,55
9066,1144,77,48
9067,1144,588,55
9068,1144,70,54
9069,1144,527,92
9070,1144,75,50
9071,1144,78,43
9072,1144,81,54
9073,1145,86,32
9074,1145,588,50
9075,1145,432,16
9076,1145,93,35
9077,1145,528,130
9078,1146,723,43
9079,1146,722,42
9080,1146,721,42
9081,1146,724,36
9082,1147,441,23
9083,1147,729,38
9084,1147,730,28
9085,1147,440,25
9086,1148,90,46
9087,1148,363,22
9088,1148,527,73
9089,1148,79,46
9090,1148,528,98
9091,1148,369,18
9092,1148,526,125
9093,1148,431,18
9094,1148,368,13
9095,1148,529,98
9096,1149,695,43
9097,1149,53,58
9098,1149,608,50
9099,1149,692,33
9100,1149,55,33
9101,1149,65,43
9102,1149,59,41
9103,1149,610,72
9104,1149,386,18
9105,1149,60,60
9106,1149,62,47
9107,1150,733,18
9108,1150,428,23
9109,1150,465,116
9110,1150,424,16
9111,1150,425,12
9112,1150,737,16
9113,1151,457,72
9114,1151,358,25
9115,1151,47,39
9116,1151,555,63
9117,1151,350,17
9118,1151,26,44
9119,1151,33,57
9120,1151,311,14
9121,1151,355,18
9122,1151,357,18
9123,1151,787,217
9124,1151,31,52
9125,1152,670,21
9126,1152,671,21
9127,1152,672,19
9128,1152,668,23
9129,1152,669,22
9130,1153,398,13
9131,1153,459,102
9132,1153,25,38
9133,1153,359,19
9134,1153,458,88
9135,1153,462,90
9136,1153,360,25
9137,1153,351,22
9138,1153,45,58
9139,1153,37,44
9140,1153,34,54
9141,1153,394,20
9142,1153,356,21
9143,1154,171,41
9144,1154,175,27
9145,1154,174,33
9146,1154,521,100
9147,1154,520,64
9148,1154,170,55
9149,1154,163,50
9150,1154,176,34
9151,1154,173,46
9152,1154,157,51
9153,1154,159,40
9154,1155,537,56
9155,1155,544,76
9156,1155,780,252
9157,1155,452,87
9158,1155,328,23
9159,1155,203,21
9160,1155,340,25
9161,1155,326,22
9162,1155,776,272
9163,1155,17,44
9164,1155,774,298
9165,1155,321,17
9166,1156,367,16
9167,1156,364,18
9168,1156,70,37
9169,1156,361,19
9170,1156,94,48
9171,1156,86,44
9172,1156,526,130
9173,1156,77,48
9174,1156,80,35
9175,1156,95,32
9176,1157,266,21
9177,1157,265,19
9178,1157,262,25
9179,1157,257,15
9180,1158,357,14
9181,1158,341,24
9182,1158,782,300
9183,1158,553,67
9184,1158,788,278
9185,1158,355,16
9186,1158,391,16
9187,1158,402,20
9188,1158,38,39
9189,1158,352,17
9190,1158,400,25
9191,1159,389,22
9192,1159,688,50
9193,1159,687,33
9194,1159,682,43
9195,1159,681,31
9196,1159,679,16
9197,1159,602,80
9198,1159,686,46
9199,1159,689,42
9200,1159,685,38
9201,1159,680,17
9202,1160,305,22
9203,1160,298,21
9204,1160,718,36
9205,1160,720,45
9206,1160,299,16
9207,1160,302,22
9208,1160,304,17
9209,1160,300,22
9210,1160,303,15
9211,1160,301,16
9212,1160,297,27
9213,1160,719,38
9214,1161,42,43
9215,1161,351,17
9216,1161,462,128
9217,1161,26,60
9218,1161,48,46
9219,1161,35,46
9220,1161,782,236
9221,1161,36,48
9222,1161,554,51
9223,1161,310,29
9224,1162,140,54
9225,1162,149,50
9226,1162,710,50
9227,1162,146,45
9228,1162,137,41
9229,1162,150,52
9230,1162,147,35
9231,1162,144,56
9232,1162,708,30
9233,1162,143,35
9234,1162,145,40
9235,1163,531,90
9236,1163,803,215
9237,1163,804,183
9238,1163,797,274
9239,1163,532,97
9240,1163,800,225
9241,1163,798,211
9242,1163,799,258
9243,1164,31,50
9244,1164,395,19
9245,1164,551,58
9246,1164,29,50
9247,1164,627,20
9248,1164,306,19
9249,1164,462,93
9250,1164,34,39
9251,1164,781,216
9252,1164,21,29
9253,1164,631,18
9254,1164,392,20
9255,1164,30,33
9256,1165,724,32
9257,1165,722,27
9258,1165,723,31
9259,1165,721,50
9260,1166,520,112
9261,1166,174,36
9262,1166,157,27
9263,1166,160,35
9264,1166,159,40
9265,1166,521,99
9266,1166,171,46
9267,1166,172,40
9268,1167,762,17
9269,1167,761,17
9270,1167,493,85
9271,1167,481,104
9272,1167,485,133
9273,1167,487,123
9274,1167,480,105
9275,1167,492,93
9276,1167,491,141
9277,1167,479,150
9278,1168,348,19
9279,1168,41,60
9280,1168,399,25
9281,1168,30,39
9282,1168,311,23
9283,1168,462,103
9284,1168,391,18
9285,1168,460,96
9286,1168,344,15
9287,1168,46,30
9288,1168,23,49
9289,1169,738,17
9290,1169,419,15
9291,1169,475,84
9292,1169,420,19
9293,1169,735,15
9294,1169,422,20
9295,1170,437,22
9296,1170,725,39
9297,1170,438,23
9298,1170,727,36
9299,1171,616,20
9300,1171,624,25
9301,1171,320,27
9302,1171,317,18
9303,1171,612,17
9304,1171,415,23
9305,1171,617,17
9306,1171,614,25
9307,1171,613,14
9308,1171,409,22
9309,1172,306,28
9310,1172,348,21
9311,1172,51,32
9312,1172,52,35
9313,1172,351,21
9314,1172,350,22
9315,1172,457,79
9316,1172,45,41
9317,1173,322,24
9318,1173,333,23
9319,1173,8,44
9320,1173,208,24
9321,1173,544,53
9322,1174,389,17
9323,1174,689,48
9324,1174,605,35
9325,1174,390,18
9326,1174,602,51
9327,1174,682,35
9328,1175,147,48
9329,1175,151,53
9330,1175,139,41
9331,1175,154,60
9332,1175,149,60
9333,1175,152,41
9334,1175,138,44
9335,1175,712,37
9336,1175,710,35
9337,1176,439,14
9338,1176,727,47
9339,1176,728,39
9340,1176,436,16
9341,1176,725,34
9342,1176,726,42
9343,1176,437,21
9344,1176,438,20
9345,1177,469,132
9346,1177,734,19
9347,1177,739,16
9348,1177,476,129
9349,1177,471,117
9350,1177,420,19
9351,1177,421,17
9352,1177,732,14
9353,1177,475,130
9354,1177,470,110
9355,1177,425,17
9356,1177,426,24
9357,1178,555,73
9358,1178,784,281
9359,1178,27,52
9360,1178,554,71
9361,1178,35,49
9362,1178,559,66
9363,1178,402,16
9364,1179,516,111
9365,1179,514,122
9366,1179,601,58
9367,1179,794,297
9368,1179,597,61
9369,1179,795,278
9370,1179,598,56
9371,1179,599,59
9372,1179,790,130
9373,1180,699,41
9374,1180,125,38
9375,1180,126,60
9376,1180,702,50
9377,1180,704,28
9378,1181,512,89
9379,1181,515,108
9380,1181,794,262
9381,1181,793,208
9382,1181,516,92
9383,1181,599,46
9384,1181,596,44
9385,1181,514,108
9386,1182,236,28
9387,1182,248,18
9388,1182,246,20
9389,1182,239,25
9390,1182,251,27
9391,1182,243,25
9392,1182,233,14
9393,1182,240,22
9394,1182,252,21
9395,1182,238,25
9396,1183,191,54
9397,1183,522,121
9398,1183,195,47
9399,1183,525,97
9400,1183,198,60
9401,1183,200,47
9402,1183,197,37
9403,1183,194,45
9404,1184,552,65
9405,1184,346,22
9406,1184,463,106
9407,1184,558,50
9408,1184,399,18
9409,1184,47,48
9410,1184,783,248
9411,1185,454,100
9412,1185,1,55
9413,1185,2,41
9414,1185,540,72
9415,1185,448,103
9416,1185,451,129
9417,1185,9,51
9418,1185,541,59
9419,1185,20,50
9420,1185,545,68
9421,1185,8,56
9422,1185,450,89
9423,1185,18,49
9424,1186,652,19
9425,1186,651,14
9426,1186,653,22
9427,1186,655,16
9428,1186,649,18
9429,1186,650,16
9430,1186,654,21
9431,1186,648,18
9432,1186,647,15
9433,1187,771,18
9434,1187,505,115
9435,1187,503,107
9436,1187,769,19
9437,1187,504,100
9438,1187,506,91
9439,1188,637,16
9440,1188,48,42
9441,1188,788,236
9442,1188,405,18
9443,1188,785,260
9444,1188,455,92
9445,1188,556,46
9446,1188,25,36
9447,1188,550,55
9448,1189,221,21
9449,1189,226,23
9450,1189,225,22
9451,1189,216,28
9452,1189,213,20
9453,1190,289,21
9454,1190,291,17
9455,1190,286,24
9456,1190,285,16
9457,1191,19,39
9458,1191,336,19
9459,1191,448,87
9460,1191,543,80
9461,1191,20,40
9462,1191,14,42
9463,1191,18,47
9464,1191,778,216
9465,1191,326,25
9466,1191,8,49
9467,1191,15,60
9468,1191,777,255
9469,1192,208,18
9470,1192,454,90
9471,1192,452,131
9472,1192,332,22
9473,1192,538,80
9474,1192,8,50
9475,1192,335,15
9476,1192,17,55
9477,1193,318,25
9478,1193,417,22
9479,1193,616,25
9480,1193,319,19
9481,1193,413,14
9482,1193,620,19
9483,1193,415,19
9484,1193,315,13
9485,1193,316,22
9486,1193,611,18
9487,1193,618,24
9488,1193,621,21
9489,1194,488,90
9490,1194,484,140
9491,1194,490,116
9492,1194,487,89
9493,1195,611,16
9494,1195,319,20
9495,1195,618,17
9496,1195,619,18
9497,1195,406,16
9498,1195,416,22
9499,1196,713,30
9500,1196,185,48
9501,1196,183,41
9502,1196,716,34
9503,1196,179,60
9504,1196,715,42
9505,1197,698,29
9506,1197,60,60
9507,1197,609,54
9508,1197,696,28
9509,1197,690,41
9510,1197,53,52
9511,1197,56,46
9512,1197,59,45
9513,1197,66,41
9514,1197,691,29
9515,1197,695,38
9516,1197,697,26
9517,1198,791,153
9518,1198,792,176
9519,1198,796,220
9520,1198,513,90
9521,1198,601,57
9522,1198,514,107
9523,1198,512,120
9524,1198,511,79
9525,1198,790,229
9526,1198,509,133
9527,1199,190,37
9528,1199,189,40
9529,1199,193,37
9530,1199,198,49
9531,1199,200,56
9532,1199,191,45
9533,1199,192,44
9534,1199,522,108
9535,1199,199,50
9536,1199,524,79
9537,1199,195,49
9538,1200,789,163
9539,1200,793,200
9540,1200,511,89
9541,1200,515,133
9542,1200,791,157
9543,1200,794,235
9544,1200,513,104
9545,1200,508,114
9546,1200,601,73
9547,1200,516,89
9548,1200,792,258
9549,1201,290,25
9550,1201,295,27
9551,1201,444,21
9552,1201,285,21
9553,1201,289,22
9554,1201,291,16
9555,1201,287,29
9556,1201,292,12
9557,1202,491,100
9558,1202,489,126
9559,1202,479,79
9560,1202,762,18
9561,1202,482,106
9562,1202,487,114
9563,1202,481,133
9564,1202,480,107
9565,1202,764,13
9566,1202,492,124
9567,1202,486,97
9568,1202,488,145
9569,1203,68,56
9570,1203,60,39
9571,1203,61,37
9572,1203,57,43
9573,1203,697,38
9574,1204,660,17
9575,1204,659,20
9576,1204,661,20
9577,1204,656,23
9578,1205,808,213
9579,1205,812,261
9580,1205,534,134
9581,1205,810,217
9582,1205,805,283
9583,1205,535,100
9584,1205,809,203
9585,1205,807,134
9586,1205,806,186
9587,1205,811,241
9588,1206,668,24
9589,1206,669,16
9590,1206,671,20
9591,1206,672,25
9592,1207,547,49
9593,1207,336,15
9594,1207,777,116
9595,1207,4,42
9596,1207,203,18
9597,1207,776,136
9598,1207,453,95
9599,1207,450,145
9600,1207,321,17
9601,1207,780,146
9602,1207,775,225
9603,1207,18,35
9604,1207,6,59
9605,1208,769,17
9606,1208,505,112
9607,1208,506,108
9608,1208,771,16
9609,1208,503,92
9610,1208,772,17
9611,1209,154,60
9612,1209,709,29
9613,1209,137,50
9614,1209,711,43
9615,1209,140,55
9616,1209,142,56
9617,1209,153,31
9618,1209,145,38
9619,1209,141,38
9620,1209,143,34
9621,1209,712,43
9622,1210,89,40
9623,1210,527,67
9624,1210,83,47
9625,1210,529,114
9626,1210,584,45
9627,1210,526,85
9628,1210,528,101
9629,1210,80,31
9630,1210,86,37
9631,1210,73,46
9632,1211,169,49
9633,1211,173,44
9634,1211,165,34
9635,1211,521,115
9636,1211,167,36
9637,1211,157,27
9638,1211,162,28
9639,1211,520,82
9640,1212,686,29
9641,1212,689,35
9642,1212,688,49
9643,1212,680,21
9644,1212,681,38
9645,1213,811,252
9646,1213,812,248
9647,1213,810,272
9648,1213,809,172
9649,1213,805,178
9650,1213,808,217
9651,1213,807,300
9652,1213,535,97
9653,1213,534,63
9654,1213,806,251
9655,1214,626,22
9656,1214,787,246
9657,1214,342,23
9658,1214,392,17
9659,1214,399,19
9660,1215,678,21
9661,1215,677,18
9662,1216,21,44
9663,1216,33,42
9664,1216,402,20
9665,1216,358,20
9666,1216,405,17
9667,1216,463,57
9668,1216,347,18
9669,1216,457,98
9670,1217,512,98
9671,1217,597,50
9672,1217,515,115
9673,1217,796,272
9674,1217,790,221
9675,1217,601,58
9676,1217,794,256
9677,1217,516,139
9678,1217,793,249
9679,1217,511,68
9680,1218,746,16
9681,1218,744,16
9682,1218,313,23
9683,1218,742,15
9684,1218,748,14
9685,1218,747,18
9686,1218,314,27
9687,1218,745,14
9688,1218,312,21
9689,1218,743,14
9690,1218,741,17
9691,1219,567,47
9692,1219,560,46
9693,1219,565,46
9694,1219,563,52
9695,1219,562,48
9696,1219,566,51
9697,1219,568,45
9698,1220,117,46
9699,1220,131,31
9700,1220,122,47
9701,1220,124,28
9702,1220,118,53
9703,1220,129,40
9704,1220,120,33
9705,1220,706,35
9706,1220,127,48
9707,1220,133,39
9708,1220,705,39
9709,1220,699,33
9710,1221,650,23
9711,1221,649,21
9712,1221,654,20
9713,1221,652,17
9714,1221,653,19
9715,1221,655,19
9716,1221,651,16
9717,1222,588,68
9718,1222,86,39
9719,1222,432,24
9720,1222,366,19
9721,1222,369,11
9722,1222,88,46
9723,1222,95,36
9724,1222,589,61
9725,1223,785,217
9726,1223,36,40
9727,1223,552,62
9728,1223,28,44
9729,1223,41,38
9730,1223,455,101
9731,1224,312,19
9732,1224,745,14
9733,1224,746,14
9734,1224,744,13
9735,1225,594,49
9736,1225,591,60
9737,1225,592,58
9738,1225,590,47
9739,1225,593,62
9740,1226,801,245
9741,1226,797,208
9742,1226,533,119
9743,1226,803,198
9744,1226,531,90
9745,1226,799,248
9746,1226,530,150
9747,1226,798,202
9748,1227,500,150
9749,1227,765,12
9750,1227,499,112
9751,1227,768,11
9752,1227,496,86
9753,1227,502,127
9754,1227,767,12
9755,1227,501,82
9756,1227,766,17
9757,1228,319,26
9758,1228,317,19
9759,1228,407,24
9760,1228,414,17
9761,1228,620,12
9762,1228,410,25
9763,1228,624,14
9764,1228,413,14
9765,1228,316,25
9766,1228,622,21
9767,1229,650,17
9768,1229,654,22
9769,1229,655,13
9770,1229,651,21
9771,1229,647,24
9772,1229,652,18
9773,1229,653,16
9774,1229,649,24
9775,1229,648,16
9776,1230,460,112
9777,1230,43,49
9778,1230,782,296
9779,1230,360,25
9780,1230,32,51
9781,1230,403,21
9782,1230,630,18
9783,1231,263,29
9784,1231,260,17
9785,1231,258,22
9786,1231,262,22
9787,1231,259,21
9788,1231,254,18
9789,1231,264,30
9790,1231,268,16
9791,1231,265,21
9792,1231,266,21
9793,1232,767,13
9794,1232,496,89
9795,1232,498,63
9796,1232,501,75
9797,1232,499,63
9798,1232,494,148
9799,1232,500,100
9800,1232,768,11
9801,1232,495,145
9802,1233,149,48
9803,1233,153,34
9804,1233,151,39
9805,1233,141,40
9806,1233,710,32
9807,1234,437,11
9808,1234,727,29
9809,1234,725,28
9810,1234,436,20
9811,1234,439,15
9812,1234,726,30
9813,1235,11,42
9814,1235,334,19
9815,1235,775,248
9816,1235,6,28
9817,1235,14,53
9818,1235,543,35
9819,1235,537,62
9820,1235,541,46
9821,1235,449,74
9822,1236,704,40
9823,1236,122,49
9824,1236,131,53
9825,1236,125,44
9826,1236,128,53
9827,1236,703,35
9828,1236,706,35
9829,1237,585,39
9830,1237,529,146
9831,1237,86,54
9832,1237,74,41
9833,1237,89,24
9834,1237,94,45
9835,1237,83,44
9836,1237,76,47
9837,1237,586,49
9838,1237,368,15
9839,1237,588,70
9840,1237,88,47
9841,1237,430,17
9842,1238,510,91
9843,1238,517,125
9844,1238,514,125
9845,1238,793,145
9846,1238,795,168
9847,1238,516,135
9848,1238,790,171
9849,1238,508,85
9850,1238,796,189
9851,1238,596,46
9852,1238,512,126
9853,1239,621,20
9854,1239,623,18
9855,1239,406,24
9856,1239,619,20
9857,1239,407,16
9858,1239,411,19
9859,1239,417,15
9860,1239,614,18
9861,1239,408,25
9862,1239,318,26
9863,1239,618,21
9864,1240,82,60
9865,1240,86,46
9866,1240,587,48
9867,1240,74,57
9868,1240,369,17
9869,1240,365,21
9870,1241,67,48
9871,1241,58,46
9872,1241,697,41
9873,1241,64,51
9874,1241,65,26
9875,1241,696,27
9876,1241,692,42
9877,1241,62,50
9878,1241,694,32
9879,1241,693,45
9880,1242,470,115
9881,1242,732,19
9882,1242,478,121
9883,1242,422,24
9884,1242,477,127
9885,1242,429,22
9886,1242,476,128
9887,1242,421,21
9888,1243,731,15
9889,1243,472,80
9890,1243,466,92
9891,1243,735,19
9892,1243,469,84
9893,1244,160,46
9894,1244,159,39
9895,1244,162,40
9896,1244,173,24
9897,1244,519,104
9898,1244,166,45
9899,1244,170,44
9900,1244,176,50
9901,1244,164,41
9902,1244,518,150
9903,1244,167,48
9904,1244,158,50
9905,1245,14,41
9906,1245,328,21
9907,1245,10,51
9908,1245,205,15
9909,1245,451,82
9910,1245,337,18
9911,1245,201,15
9912,1245,202,16
9913,1245,540,64
9914,1245,447,89
9915,1246,718,31
9916,1246,720,37
9917,1246,719,43
9918,1246,304,22
9919,1246,297,16
9920,1246,300,23
9921,1246,717,36
9922,1246,299,16
9923,1246,303,29
9924,1246,305,23
9925,1247,512,106
9926,1247,508,70
9927,1247,513,76
9928,1247,601,47
9929,1247,597,55
9930,1247,794,186
9931,1248,383,20
9932,1248,110,44
9933,1248,581,62
9934,1248,102,42
9935,1248,380,17
9936,1248,112,53
9937,1248,578,68
9938,1248,108,52
9939,1248,583,65
9940,1248,101,32
9941,1248,103,42
9942,1249,243,19
9943,1249,244,20
9944,1249,238,15
9945,1249,241,25
9946,1249,246,22
9947,1249,248,17
9948,1249,250,23
9949,1249,251,30
9950,1249,242,24
9951,1249,236,22
9952,1249,233,15
9953,1249,240,28
9954,1250,109,35
9955,1250,381,15
9956,1250,116,53
9957,1250,384,21
9958,1250,104,44
9959,1250,101,42
9960,1251,75,35
9961,1251,585,48
9962,1251,527,96
9963,1251,85,33
9964,1251,366,13
9965,1251,528,114
9966,1251,70,27
9967,1251,81,47
9968,1252,98,33
9969,1252,100,38
9970,1252,578,60
9971,1252,108,40
9972,1252,111,41
9973,1252,380,19
9974,1252,113,42
9975,1252,105,28
9976,1253,183,40
9977,1253,177,48
9978,1253,185,31
9979,1253,188,48
9980,1253,180,33
9981,1253,179,37
9982,1253,184,48
9983,1253,187,41
9984,1253,716,40
9985,1253,714,47
9986,1253,181,40
9987,1254,285,19
9988,1254,289,20
9989,1254,296,17
9990,1254,295,13
9991,1254,293,28
9992,1254,291,24
9993,1254,445,18
9994,1254,444,17
9995,1254,288,21
9996,1254,294,27
9997,1254,287,30
9998,1254,290,15
9999,1255,239,30
10000,1255,247,23
10001,1255,244,22
10002,1255,246,21
10003,1255,243,19
10004,1255,241,19
10005,1255,240,28
10006,1255,245,17
10007,1255,238,25
10008,1255,252,20
10009,1255,249,17
10010,1255,234,14
10011,1256,703,26
10012,1256,700,34
10013,1256,120,52
10014,1256,135,44
10015,1256,705,37
10016,1256,702,41
10017,1256,124,39
10018,1256,122,43
10019,1256,126,53
10020,1256,130,27
10021,1256,127,25
10022,1256,134,53
10023,1257,720,48
10024,1257,297,13
10025,1257,302,19
10026,1257,298,22
10027,1257,299,21
10028,1257,301,17
10029,1257,300,16
10030,1257,305,20
10031,1257,718,22
10032,1257,303,24
10033,1257,304,18
10034,1258,66,34
10035,1258,694,34
10036,1258,58,48
10037,1258,61,60
10038,1258,386,25
10039,1259,742,13
10040,1259,745,13
10041,1259,746,18
10042,1259,312,14
10043,1259,747,17
10044,1259,748,12
10045,1259,744,18
10046,1259,313,17
10047,1259,314,22
10048,1259,741,15
10049,1260,507,113
10050,1260,503,128
10051,1260,771,15
10052,1260,769,14
10053,1261,806,180
10054,1261,812,234
10055,1261,809,229
10056,1261,535,142
10057,1261,808,216
10058,1261,534,113
10059,1262,751,17
10060,1262,442,17
10061,1262,443,21
10062,1262,752,18
10063,1262,750,15
10064,1262,749,16
10065,1263,104,43
10066,1263,116,28
10067,1263,100,37
10068,1263,101,49
10069,1263,383,25
10070,1263,106,46
10071,1263,102,30
10072,1263,384,17
10073,1263,113,50
10074,1264,295,18
10075,1264,294,16
10076,1264,292,17
10077,1264,289,17
10078,1264,286,28
10079,1264,288,18
10080,1264,445,23
10081,1264,291,17
10082,1264,290,21
10083,1264,285,24
10084,1265,476,112
10085,1265,733,15
10086,1265,419,16
10087,1265,427,21
10088,1265,469,133
10089,1265,466,101
10090,1265,735,16
10091,1265,473,150
10092,1265,420,13
10093,1265,478,88
10094,1266,215,23
10095,1266,759,16
10096,1266,760,16
10097,1266,224,16
10098,1266,213,24
10099,1266,228,20
10100,1266,225,15
10101,1266,378,20
10102,1266,232,21
10103,1266,374,18
10104,1266,210,25
10105,1267,66,26
10106,1267,63,49
10107,1267,53,31
10108,1267,58,43
10109,1267,55,39
10110,1267,60,55
10111,1267,62,31
10112,1267,609,37
10113,1267,693,34
10114,1267,691,30
10115,1268,257,20
10116,1268,253,20
10117,1268,255,29
10118,1268,267,27
10119,1268,261,22
10120,1268,256,20
10121,1268,265,20
10122,1268,262,15
10123,1268,263,17
10124,1268,268,27
10125,1268,258,17
10126,1268,259,20
10127,1269,654,16
10128,1269,650,14
10129,1269,647,16
10130,1269,648,17
10131,1269,651,24
10132,1269,653,16
10133,1269,649,17
10134,1269,652,18
10135,1270,1,52
10136,1270,201,20
10137,1270,13,35
10138,1270,545,47
10139,1270,5,52
10140,1270,338,16
10141,1270,340,18
10142,1270,8,44
10143,1271,354,18
10144,1271,346,12
10145,1271,554,65
10146,1271,558,49
10147,1271,48,38
10148,1271,782,142
10149,1271,23,49
10150,1271,35,50
10151,1271,37,36
10152,1271,786,198
10153,1272,663,16
10154,1272,666,15
10155,1272,667,14
10156,1272,664,14
10157,1272,662,14
10158,1272,665,15
10159,1273,442,20
10160,1273,752,12
10161,1273,751,19
10162,1273,443,18
10163,1273,749,20
10164,1274,530,150
10165,1274,797,229
10166,1274,803,140
10167,1274,800,277
10168,1274,801,185
10169,1274,802,182
10170,1274,532,91
10171,1274,533,134
10172,1275,119,60
10173,1275,705,28
10174,1275,704,45
10175,1275,124,46
10176,1276,249,22
10177,1276,241,16
10178,1276,237,20
10179,1276,250,18
10180,1276,245,16
10181,1276,246,15
10182,1276,243,16
10183,1276,235,16
10184,1276,239,18
10185,1276,244,17
10186,1276,238,20
10187,1277,775,146
10188,1277,7,32
10189,1277,773,125
10190,1277,10,40
10191,1277,13,26
10192,1277,338,16
10193,1277,206,18
10194,1277,780,157
10195,1277,16,41
10196,1277,545,43
10197,1277,11,46
10198,1277,321,18
10199,1278,234,22
10200,1278,241,15
10201,1278,236,16
10202,1278,233,18
10203,1278,251,15
10204,1278,250,19
10205,1278,247,18
10206,1278,239,17
10207,1278,242,17
10208,1278,244,13
10209,1278,248,21
10210,1279,103,40
10211,1279,107,34
10212,1279,578,52
10213,1279,105,50
10214,1279,97,53
10215,1279,582,46
10216,1280,788,199
10217,1280,21,23
10218,1280,24,55
10219,1280,27,29
10220,1280,344,18
10221,1280,25,36
10222,1281,72,31
10223,1281,367,16
10224,1281,435,13
10225,1281,76,38
10226,1281,584,47
10227,1281,93,44
10228,1281,88,49
10229,1281,527,110
10230,1282,265,17
10231,1282,259,23
10232,1282,254,19
10233,1282,268,22
10234,1282,267,21
10235,1282,264,24
10236,1282,253,23
10237,1282,261,16
10238,1282,260,18
10239,1282,256,22
10240,1283,123,44
10241,1283,127,30
10242,1283,136,40
10243,1283,126,42
10244,1283,133,53
10245,1283,124,39
10246,1283,118,40
10247,1283,120,26
10248,1283,704,38
10249,1284,467,100
10250,1284,475,111
10251,1284,425,15
10252,1284,471,98
10253,1284,476,89
10254,1284,465,99
10255,1285,779,223
10256,1285,546,48
10257,1285,451,97
10258,1285,20,46
10259,1285,537,44
10260,1285,19,39
10261,1285,6,35
10262,1286,576,51
10263,1286,569,59
10264,1286,570,50
10265,1286,573,62
10266,1286,574,58
10267,1286,577,62
10268,1286,572,31
10269,1286,575,48
10270,1287,76,39
10271,1287,368,16
10272,1287,430,19
10273,1287,528,105
10274,1287,527,102
10275,1287,79,37
10276,1287,435,17
10277,1287,367,19
10278,1287,91,24
10279,1287,72,43
10280,1287,71,46
10281,1288,710,33
10282,1288,149,36
10283,1288,151,29
10284,1288,711,32
10285,1288,140,37
10286,1288,145,51
10287,1289,731,15
10288,1289,470,106
10289,1289,477,117
10290,1289,472,76
10291,1289,732,14
10292,1289,475,118
10293,1289,467,78
10294,1289,469,89
10295,1289,740,17
10296,1290,409,18
10297,1290,408,17
10298,1290,620,15
10299,1290,316,16
10300,1290,318,18
10301,1290,317,16
10302,1290,416,21
10303,1291,241,16
10304,1291,245,11
10305,1291,243,19
10306,1291,242,17
10307,1291,239,16
10308,1291,251,17
10309,1291,248,16
10310,1291,247,11
10311,1291,240,21
10312,1291,234,15
10313,1291,233,21
10314,1291,246,16
10315,1292,19,29
10316,1292,322,19
10317,1292,201,17
10318,1292,451,102
10319,1292,773,168
10320,1292,207,16
10321,1292,547,54
10322,1292,776,171
10323,1293,150,54
10324,1293,151,38
10325,1293,152,30
10326,1293,140,33
10327,1293,141,29
10328,1293,149,27
10329,1293,139,29
10330,1294,505,136
10331,1294,506,111
10332,1294,771,15
10333,1294,503,93
10334,1295,748,11
10335,1295,313,18
10336,1295,744,15
10337,1295,746,14
10338,1295,741,17
10339,1295,743,12
10340,1295,742,16
10341,1296,474,110
10342,1296,424,16
10343,1296,428,17
10344,1296,468,80
10345,1296,470,104
10346,1296,464,107
10347,1296,427,17
10348,1296,735,18
10349,1296,465,118
10350,1296,466,90
10351,1297,189,26
10352,1297,525,58
10353,1297,193,32
10354,1297,523,68
10355,1297,200,36
10356,1297,191,47
10357,1298,5,37
10358,1298,325,16
10359,1298,201,16
10360,1298,14,36
10361,1298,4,36
10362,1298,321,21
10363,1298,20,34
10364,1298,773,125
10365,1298,339,15
10366,1298,338,19
10367,1298,546,61
10368,1299,470,101
10369,1299,471,97
10370,1299,466,69
10371,1299,478,119
10372,1300,710,35
10373,1300,145,35
10374,1300,149,36
10375,1300,155,46
10376,1300,709,34
10377,1301,130,35
10378,1301,701,28
10379,1301,131,27
10380,1301,126,32
10381,1301,128,35
10382,1301,135,50
10383,1301,699,33
10384,1301,136,44
10385,1301,705,41
10386,1301,123,28
10387,1302,287,23
10388,1302,290,19
10389,1302,291,15
10390,1302,294,10
10391,1303,607,33
10392,1303,389,19
10393,1303,388,17
10394,1303,685,43
10395,1303,689,37
10396,1303,682,26
10397,1303,684,33
10398,1304,12,50
10399,1304,537,59
10400,1304,20,45
10401,1304,2,45
10402,1304,331,15
10403,1304,446,113
10404,1304,203,10
10405,1304,775,143
10406,1304,332,18
10407,1305,524,55
10408,1305,189,38
10409,1305,195,40
10410,1305,199,42
10411,1305,198,50
10412,1305,193,38
10413,1305,191,34
10414,1305,192,52
10415,1305,522,77
10416,1305,194,35
10417,1305,523,63
10418,1305,197,41
10419,1305,525,71
10420,1306,246,23
10421,1306,247,21
10422,1306,238,14
10423,1306,242,19
10424,1307,411,14
10425,1307,417,16
10426,1307,623,16
10427,1307,416,11
10428,1307,318,16
10429,1307,615,13
10430,1307,408,13
10431,1307,617,23
10432,1308,53,45
10433,1308,695,33
10434,1308,690,35
10435,1308,65,37
10436,1309,717,36
10437,1309,719,40
10438,1309,298,19
10439,1309,299,23
10440,1309,297,16
10441,1309,303,20
10442,1309,305,16
10443,1309,720,27
10444,1309,718,39
10445,1309,302,18
10446,1309,301,13
10447,1310,604,42
10448,1310,689,20
10449,1310,607,41
10450,1310,388,17
10451,1310,679,15
10452,1310,390,14
10453,1310,602,62
10454,1310,603,49
10455,1310,606,41
10456,1310,687,36
10457,1310,686,38
10458,1310,684,37
10459,1311,399,11
10460,1311,349,15
10461,1311,783,239
10462,1311,33,27
10463,1311,395,23
10464,1311,341,16
10465,1311,631,21
10466,1312,306,11
10467,1312,405,16
10468,1312,24,44
10469,1312,555,63
10470,1312,49,30
10471,1313,241,17
10472,1313,238,18
10473,1313,250,27
10474,1313,233,19
10475,1313,245,15
10476,1313,236,14
10477,1313,240,18
10478,1313,247,18
10479,1313,239,16
10480,1313,243,22
10481,1313,251,24
10482,1313,237,19
10483,1314,775,133
10484,1314,13,33
10485,1314,203,13
10486,1314,6,44
10487,1314,327,17
10488,1314,336,13
10489,1315,499,96
10490,1315,498,128
10491,1315,767,12
10492,1315,502,87
10493,1315,500,92
10494,1315,501,77
10495,1315,495,82
10496,1315,496,103
10497,1315,766,15
10498,1315,497,67
10499,1316,294,18
10500,1316,285,22
10501,1316,289,15
10502,1316,287,16
10503,1316,293,23
10504,1316,286,19
10505,1316,290,26
10506,1316,288,20
10507,1317,523,104
10508,1317,200,39
10509,1317,194,29
10510,1317,189,31
10511,1317,190,44
10512,1317,192,45
10513,1317,197,45
10514,1317,524,107
10515,1318,49,26
10516,1318,31,38
10517,1318,46,29
10518,1318,42,23
10519,1319,722,37
10520,1319,723,32
10521,1319,721,42
10522,1319,724,34
10523,1320,272,20
10524,1320,275,19
10525,1320,274,19
10526,1320,278,25
10527,1320,753,14
10528,1320,755,17
10529,1320,282,22
10530,1320,271,18
10531,1320,284,16
10532,1320,281,25
10533,1320,283,19
10534,1320,754,18
10535,1321,188,34
10536,1321,177,39
10537,1321,181,50
10538,1321,182,42
10539,1321,714,28
10540,1321,715,30
10541,1321,187,49
10542,1321,713,30
10543,1321,184,38
10544,1321,183,34
10545,1322,215,25
10546,1322,214,23
10547,1322,370,22
10548,1322,226,19
10549,1322,219,17
10550,1322,759,18
10551,1322,224,17
10552,1322,220,15
10553,1322,213,25
10554,1322,372,17
10555,1322,223,21
10556,1322,376,17
10557,1323,702,46
10558,1323,121,48
10559,1323,117,49
10560,1323,130,43
10561,1323,129,48
10562,1323,132,38
10563,1323,123,32
10564,1323,707,35
10565,1323,125,42
10566,1323,119,31
10567,1323,699,45
10568,1323,131,49
10569,1323,118,39
10570,1324,388,13
10571,1324,607,54
10572,1324,679,15
10573,1324,685,23
10574,1324,605,38
10575,1324,680,16
10576,1324,390,15
10577,1324,604,47
10578,1324,602,54
10579,1324,683,29
10580,1325,382,16
10581,1325,383,20
10582,1325,111,36
10583,1325,580,35
10584,1325,101,33
10585,1325,379,24
10586,1325,381,22
10587,1326,106,40
10588,1326,101,40
10589,1326,583,51
10590,1326,99,52
10591,1326,114,28
10592,1326,104,35
10593,1327,264,15
10594,1327,253,19
10595,1327,261,25
10596,1327,262,26
10597,1328,184,35
10598,1328,177,50
10599,1328,183,44
10600,1328,178,51
10601,1328,187,35
10602,1328,180,38
10603,1328,186,51
10604,1329,599,51
10605,1329,517,121
10606,1329,513,82
10607,1329,601,47
10608,1329,516,99
10609,1330,718,46
10610,1330,302,22
10611,1330,303,17
10612,1330,719,33
10613,1330,717,40
10614,1330,300,18
10615,1330,301,22
10616,1330,720,28
10617,1330,298,17
10618,1330,299,23
10619,1330,297,21
10620,1330,304,18
10621,1331,665,12
10622,1331,666,17
10623,1331,663,16
10624,1331,667,15
10625,1331,664,17
10626,1331,662,16
10627,1332,213,22
10628,1332,210,20
10629,1332,223,25
10630,1332,228,19
10631,1332,378,15
10632,1332,224,22
10633,1332,374,15
10634,1332,217,12
10635,1332,209,22
10636,1332,218,14
10637,1332,758,16
10638,1333,568,48
10639,1333,560,54
10640,1333,566,50
10641,1333,567,36
10642,1333,564,60
10643,1333,565,54
10644,1333,563,48
10645,1333,561,64
10646,1333,562,53
10647,1334,337,11
10648,1334,453,106
10649,1334,2,55
10650,1334,11,39
10651,1334,13,50
10652,1334,537,49
10653,1334,20,33
10654,1335,304,16
10655,1335,718,47
10656,1335,299,12
10657,1335,301,25
10658,1336,803,291
10659,1336,799,266
10660,1336,530,80
10661,1336,804,117
10662,1336,801,156
10663,1336,797,187
10664,1336,800,175
10665,1336,531,104
10666,1336,533,101
10667,1337,677,12
10668,1337,678,14
10669,1338,671,23
10670,1338,670,24
10671,1338,672,16
10672,1338,669,14
10673,1338,668,20
10674,1339,340,21
10675,1339,321,21
10676,1339,336,15
10677,1339,332,24
10678,1339,15,35
10679,1339,322,21
10680,1339,779,227
10681,1339,323,24
10682,1339,451,66
10683,1339,1,43
10684,1340,348,24
10685,1340,345,16
10686,1340,637,13
10687,1340,360,12
10688,1340,404,16
10689,1340,556,44
10690,1340,34,50
10691,1340,50,41
10692,1341,275,23
10693,1341,274,21
10694,1341,756,19
10695,1341,271,22
10696,1341,279,20
10697,1341,280,14
10698,1342,545,48
10699,1342,208,27
10700,1342,453,106
10701,1342,18,37
10702,1342,780,228
10703,1342,327,12
10704,1342,446,128
10705,1343,733,15
10706,1343,732,13
10707,1343,474,82
10708,1343,464,77
10709,1343,476,104
10710,1343,467,99
10711,1343,470,106
10712,1343,475,87
10713,1344,333,13
10714,1344,4,44
10715,1344,325,15
10716,1344,321,16
10717,1344,20,52
10718,1344,540,72
10719,1344,451,91
10720,1344,538,52
10721,1344,447,64
10722,1345,243,12
10723,1345,241,20
10724,1345,236,24
10725,1345,247,18
10726,1345,246,27
10727,1345,249,23
10728,1345,237,20
10729,1345,235,24
10730,1345,242,15
10731,1345,234,14
10732,1345,248,24
10733,1345,251,26
10734,1345,245,13
10735,1346,83,46
10736,1346,589,45
10737,1346,526,119
10738,1346,86,39
10739,1346,84,44
10740,1346,85,36
10741,1346,94,55
10742,1346,79,45
10743,1346,69,43
10744,1346,95,35
10745,1347,598,48
10746,1347,601,65
10747,1347,508,58
10748,1347,793,281
10749,1347,792,180
10750,1347,513,83
10751,1347,789,180
10752,1348,9,31
10753,1348,776,119
10754,1348,326,14
10755,1348,324,20
10756,1349,638,18
10757,1349,639,19
10758,1349,641,24
10759,1349,646,15
10760,1349,640,14
10761,1350,568,46
10762,1350,560,64
10763,1350,566,42
10764,1350,567,64
10765,1350,564,52
10766,1351,458,102
10767,1351,459,74
10768,1351,341,19
10769,1351,391,13
10770,1351,40,52
10771,1351,405,11
10772,1351,27,36
10773,1351,782,248
10774,1352,562,54
10775,1352,561,46
10776,1352,565,60
10777,1352,560,43
10778,1352,563,56
10779,1353,372,15
10780,1353,220,19
10781,1353,232,19
10782,1353,217,19
10783,1354,692,39
10784,1354,59,31
10785,1354,386,13
10786,1354,58,39
10787,1354,387,18
10788,1354,55,37
10789,1354,62,33
10790,1354,67,44
10791,1354,68,25
10792,1354,65,40
10793,1354,697,29
10794,1354,66,32
10795,1354,698,32
10796,1354,696,42
10797,1355,770,13
10798,1355,503,121
10799,1355,771,12
10800,1355,505,95
10801,1355,506,68
10802,1355,507,140
10803,1355,504,84
10804,1355,772,14
10805,1355,769,13
10806,1356,251,19
10807,1356,239,17
10808,1356,240,15
10809,1356,247,20
10810,1356,241,20
10811,1357,536,57
10812,1357,1,30
10813,1357,449,105
10814,1357,337,20
10815,1357,776,239
10816,1357,774,186
10817,1357,328,23
10818,1357,16,39
10819,1357,15,30
10820,1357,20,53
10821,1357,538,46
10822,1357,340,22
10823,1358,109,52
10824,1358,580,53
10825,1358,114,44
10826,1358,116,41
10827,1358,107,46
10828,1358,380,18
10829,1358,579,62
10830,1358,104,51
10831,1358,112,45
10832,1358,381,14
10833,1359,379,15
10834,1359,114,23
10835,1359,97,42
10836,1359,98,43
10837,1359,579,68
10838,1359,104,33
10839,1359,580,50
10840,1359,383,15
10841,1359,116,31
10842,1359,100,29
10843,1359,99,53
10844,1360,593,68
10845,1360,591,67
10846,1360,590,46
10847,1360,592,59
10848,1360,595,56
10849,1360,594,61
10850,1361,304,16
10851,1361,299,25
10852,1361,719,35
10853,1361,301,18
10854,1361,303,17
10855,1361,302,28
10856,1361,300,25
10857,1362,387,14
10858,1362,694,38
10859,1362,696,33
10860,1362,608,55
10861,1362,53,25
10862,1362,695,45
10863,1362,62,29
10864,1362,66,59
10865,1362,60,47
10866,1362,386,16
10867,1363,481,103
10868,1363,485,121
10869,1363,486,101
10870,1363,487,118
10871,1363,490,74
10872,1363,762,12
10873,1363,484,92
10874,1363,483,80
10875,1363,764,13
10876,1364,684,49
10877,1364,603,50
10878,1364,686,32
10879,1364,605,65
10880,1364,607,49
10881,1364,606,58
10882,1365,257,16
10883,1365,261,17
10884,1365,258,21
10885,1365,255,12
10886,1365,264,13
10887,1365,254,19
10888,1365,265,25
10889,1365,263,21
10890,1365,259,23
10891,1365,267,26
10892,1365,268,18
10893,1365,262,23
10894,1366,259,16
10895,1366,254,16
10896,1366,253,19
10897,1366,264,19
10898,1366,266,20
10899,1366,269,21
10900,1366,263,24
10901,1366,267,22
10902,1366,257,24
10903,1366,260,16
10904,1366,261,16
10905,1367,755,15
10906,1367,273,24
10907,1367,276,24
10908,1367,280,22
10909,1367,281,14
10910,1367,274,26
10911,1367,754,17
10912,1367,279,20
10913,1367,271,24
10914,1367,278,25
10915,1367,283,25
10916,1367,275,24
10917,1367,756,12
10918,1367,270,19
10919,1368,16,51
10920,1368,335,15
10921,1368,547,38
10922,1368,453,100
10923,1368,321,20
10924,1368,774,250
10925,1368,541,40
10926,1368,452,119
10927,1368,333,21
10928,1368,777,176
10929,1368,3,32
10930,1369,552,70
10931,1369,341,18
10932,1369,787,250
10933,1369,345,16
10934,1369,42,40
10935,1369,311,12
10936,1369,559,42
10937,1370,88,55
10938,1370,81,51
10939,1370,367,21
10940,1370,364,17
10941,1370,96,29
10942,1370,431,13
10943,1370,71,30
10944,1371,33,37
10945,1371,347,20
10946,1371,457,100
10947,1371,21,38
10948,1371,400,13
10949,1371,395,22
10950,1371,39,46
10951,1371,783,172
10952,1371,359,20
10953,1371,37,40
10954,1371,634,19
10955,1371,355,16
10956,1372,496,141
10957,1372,498,71
10958,1372,502,105
10959,1372,495,100
10960,1372,765,15
10961,1372,494,93
10962,1372,499,100
10963,1372,501,72
10964,1373,678,16
10965,1373,677,17
10966,1374,749,14
10967,1374,752,15
10968,1374,442,14
10969,1374,750,13
10970,1374,751,14
10971,1374,443,17
10972,1375,587,71
10973,1375,90,33
10974,1375,69,51
10975,1375,81,52
10976,1375,78,45
10977,1375,70,39
10978,1375,584,71
10979,1375,87,35
10980,1375,88,47
10981,1375,76,33
10982,1375,430,13
10983,1375,75,35
10984,1376,313,15
10985,1376,314,23
10986,1376,747,17
10987,1376,743,18
10988,1376,746,15
10989,1377,692,36
10990,1377,55,51
10991,1377,59,49
10992,1377,56,27
10993,1377,68,38
10994,1377,693,43
10995,1377,697,35
10996,1377,61,39
10997,1377,58,52
10998,1377,53,36
10999,1377,54,29
11000,1377,690,30
11001,1378,285,22
11002,1378,445,13
11003,1378,288,18
11004,1378,291,17
11005,1378,444,12
11006,1378,287,14
11007,1378,289,16
11008,1378,296,23
11009,1378,293,11
11010,1378,292,15
11011,1379,436,16
11012,1379,728,32
11013,1379,727,32
11014,1379,726,34
11015,1379,437,17
11016,1380,103,37
11017,1380,382,13
11018,1380,105,45
11019,1380,379,13
11020,1380,580,74
11021,1380,109,45
11022,1380,578,36
11023,1380,108,36
11024,1380,381,20
11025,1380,115,42
11026,1380,116,37
11027,1380,582,51
11028,1381,790,144
11029,1381,600,76
11030,1381,515,109
11031,1381,510,98
11032,1381,789,244
11033,1381,509,103
11034,1381,793,249
11035,1381,792,236
11036,1381,512,98
11037,1381,511,102
11038,1381,597,65
11039,1381,599,56
11040,1382,804,211
11041,1382,797,161
11042,1382,532,115
11043,1382,800,210
11044,1382,530,94
11045,1382,533,98
11046,1382,531,99
11047,1382,803,241
11048,1382,799,158
11049,1382,798,193
11050,1382,802,177
11051,1382,801,176
11052,1383,165,41
11053,1383,158,27
11054,1383,518,60
11055,1383,168,43
11056,1383,520,110
11057,1383,162,28
11058,1383,161,42
11059,1383,167,53
11060,1383,174,42
11061,1384,80,58
11062,1384,368,13
11063,1384,362,16
11064,1384,75,50
11065,1384,84,43
11066,1384,78,45
11067,1385,178,36
11068,1385,177,55
11069,1385,182,46
11070,1385,181,38
11071,1385,715,42
11072,1385,188,39
11073,1385,183,52
11074,1385,716,32
11075,1385,714,37
11076,1386,264,21
11077,1386,262,22
11078,1386,259,20
11079,1386,256,19
11080,1386,253,16
11081,1386,263,25
11082,1386,269,23
11083,1387,543,53
11084,1387,9,42
11085,1387,776,181
11086,1387,5,35
11087,1387,540,53
11088,1387,454,92
11089,1387,773,244
11090,1387,539,43
11091,1387,780,235
11092,1387,545,65
11093,1387,203,17
11094,1387,546,55
11095,1388,294,27
11096,1388,445,16
11097,1388,289,19
11098,1388,444,21
11099,1388,295,15
11100,1388,285,16
11101,1388,293,25
11102,1388,290,18
11103,1388,286,27
11104,1389,738,13
11105,1389,476,70
11106,1389,472,120
11107,1389,420,17
11108,1389,424,17
11109,1389,475,130
11110,1390,660,21
11111,1390,659,15
11112,1390,661,17
11113,1390,656,24
11114,1390,657,17
11115,1390,658,13
11116,1391,559,58
11117,1391,52,38
11118,1391,402,12
11119,1391,45,32
11120,1391,550,47
11121,1391,37,41
11122,1391,555,51
11123,1391,310,27
11124,1391,548,42
11125,1391,392,19
11126,1392,728,24
11127,1392,726,32
11128,1392,439,15
11129,1392,436,17
11130,1392,438,17
11131,1392,727,39
11132,1393,259,29
11133,1393,257,15
11134,1393,263,14
11135,1393,261,19
11136,1393,256,20
11137,1393,260,19
11138,1393,269,20
11139,1393,262,19
11140,1394,290,20
11141,1394,295,22
11142,1394,291,25
11143,1394,293,21
11144,1394,288,16
11145,1395,674,19
11146,1395,673,13
11147,1395,675,11
11148,1395,676,13
11149,1396,796,183
11150,1396,508,84
11151,1396,794,293
11152,1396,509,127
11153,1396,789,206
11154,1396,510,129
11155,1396,795,270
11156,1396,790,216
11157,1396,512,102
11158,1396,517,93
11159,1396,601,61
11160,1396,599,49
11161,1396,791,173
11162,1397,663,20
11163,1397,665,18
11164,1397,664,23
11165,1397,662,16
11166,1397,667,16
11167,1397,666,11
11168,1398,492,130
11169,1398,762,16
11170,1398,482,105
11171,1398,491,115
11172,1398,485,116
11173,1399,115,53
11174,1399,116,36
11175,1399,99,50
11176,1399,107,40
11177,1399,102,39
11178,1399,113,39
11179,1399,112,49
11180,1399,379,18
11181,1400,160,23
11182,1400,168,47
11183,1400,174,27
11184,1400,165,41
11185,1400,521,116
11186,1401,90,35
11187,1401,69,34
11188,1401,433,15
11189,1401,361,22
11190,1401,362,15
11191,1401,93,32
11192,1401,435,14
11193,1401,526,84
11194,1401,95,52
11195,1401,588,53
11196,1402,767,12
11197,1402,766,14
11198,1402,497,109
11199,1402,498,145
11200,1402,500,143
11201,1402,494,100
11202,1402,496,86
11203,1402,768,13
11204,1402,765,14
11205,1402,495,124
11206,1402,499,76
11207,1403,209,27
11208,1403,218,18
11209,1403,376,18
11210,1403,223,17
11211,1403,213,17
11212,1403,212,17
11213,1404,397,17
11214,1404,22,31
11215,1404,42,50
11216,1404,350,18
11217,1404,309,18
11218,1404,29,32
11219,1404,458,67
11220,1405,163,40
11221,1405,165,48
11222,1405,173,37
11223,1405,175,23
11224,1405,170,37
11225,1405,158,31
11226,1405,518,107
11227,1405,519,149
11228,1405,521,133
11229,1405,166,58
11230,1406,90,52
11231,1406,83,41
11232,1406,366,15
11233,1406,77,39
11234,1406,73,32
11235,1407,187,41
11236,1407,181,32
11237,1407,713,27
11238,1407,180,53
11239,1407,184,39
11240,1407,183,57
11241,1407,177,44
11242,1408,258,20
11243,1408,253,18
11244,1408,259,14
11245,1408,268,21
11246,1408,264,27
11247,1409,588,52
11248,1409,93,41
11249,1409,96,34
11250,1409,87,27
11251,1409,528,79
11252,1409,75,35
11253,1409,72,44
11254,1409,71,32
11255,1409,81,46
11256,1410,479,133
11257,1410,483,98
11258,1410,763,14
11259,1410,482,76
11260,1410,492,105
11261,1410,489,119
11262,1410,484,106
11263,1410,490,100
11264,1410,488,105
11265,1410,485,67
11266,1410,481,130
11267,1411,111,39
11268,1411,383,18
11269,1411,104,54
11270,1411,583,48
11271,1411,112,25
11272,1412,724,30
11273,1412,722,40
11274,1412,723,39
11275,1412,721,33
11276,1413,511,103
11277,1413,789,130
11278,1413,513,93
11279,1413,795,156
11280,1414,358,14
11281,1414,783,212
11282,1414,49,29
11283,1414,631,22
11284,1414,632,23
11285,1414,306,16
11286,1414,346,21
11287,1414,309,21
11288,1415,190,48
11289,1415,191,35
11290,1415,189,38
11291,1415,524,141
11292,1415,199,44
11293,1415,193,51
11294,1415,525,79
11295,1415,192,32
11296,1415,198,59
11297,1415,195,48
11298,1415,197,54
11299,1416,403,16
11300,1416,636,18
11301,1416,23,41
11302,1416,348,14
11303,1416,46,45
11304,1416,25,37
11305,1417,683,33
11306,1417,390,17
11307,1417,685,31
11308,1417,681,34
11309,1417,686,35
11310,1417,689,36
11311,1417,605,50
11312,1417,602,61
11313,1418,761,12
11314,1418,490,108
11315,1418,492,111
11316,1418,763,17
11317,1418,484,66
11318,1418,764,15
11319,1418,487,118
11320,1418,491,98
11321,1419,93,55
11322,1419,69,45
11323,1419,90,36
11324,1419,91,35
11325,1419,83,45
11326,1419,73,32
11327,1419,75,35
11328,1419,95,39
11329,1419,92,56
11330,1419,82,51
11331,1419,80,39
11332,1420,135,53
11333,1420,702,33
11334,1420,130,36
11335,1420,129,46
11336,1420,133,44
11337,1421,735,17
11338,1421,734,17
11339,1421,426,16
11340,1421,475,90
11341,1421,466,135
11342,1421,465,109
11343,1421,474,76
11344,1421,736,17
11345,1421,469,80
11346,1422,17,23
11347,1422,777,122
11348,1422,330,13
11349,1422,9,43
11350,1422,452,74
11351,1422,323,17
11352,1422,337,16
11353,1422,329,13
11354,1422,18,49
11355,1422,338,18
11356,1422,207,29
11357,1422,339,18
11358,1423,796,247
11359,1423,514,143
11360,1423,792,230
11361,1423,509,128
11362,1423,794,214
11363,1423,596,45
11364,1423,517,100
11365,1424,303,19
11366,1424,300,19
11367,1424,719,45
11368,1424,299,19
11369,1424,304,23
11370,1424,718,41
11371,1424,302,21
11372,1424,298,12
11373,1424,305,28
11374,1424,720,32
11375,1424,717,37
11376,1425,609,71
11377,1425,697,30
11378,1425,386,16
11379,1425,57,32
11380,1425,690,31
11381,1425,387,16
11382,1425,695,25
11383,1425,55,50
11384,1425,65,56
11385,1426,721,30
11386,1426,722,35
11387,1426,723,29
11388,1426,724,28
11389,1427,308,13
11390,1427,25,34
11391,1427,52,37
11392,1427,351,17
11393,1428,448,112
11394,1428,545,67
11395,1428,330,12
11396,1428,336,14
11397,1428,547,54
11398,1429,739,14
11399,1429,473,58
11400,1429,467,96
11401,1429,737,16
11402,1429,732,13
11403,1429,476,96
11404,1429,421,16
11405,1429,738,14
11406,1429,734,15
11407,1429,740,17
11408,1430,135,49
11409,1430,134,47
11410,1430,128,40
11411,1430,120,50
11412,1430,119,56
11413,1430,703,42
11414,1430,699,28
11415,1430,129,56
11416,1430,118,42
11417,1430,130,33
11418,1430,707,29
11419,1431,406,16
11420,1431,618,11
11421,1431,417,24
11422,1431,315,18
11423,1431,616,19
11424,1431,620,14
11425,1431,611,19
11426,1432,634,16
11427,1432,404,21
11428,1432,31,41
11429,1432,356,24
11430,1432,463,89
11431,1432,354,15
11432,1432,459,119
11433,1432,39,43
11434,1433,380,21
11435,1433,107,27
11436,1433,113,26
11437,1433,97,48
11438,1433,581,66
11439,1433,579,50
11440,1433,379,19
11441,1433,100,42
11442,1433,582,48
11443,1433,103,45
11444,1434,88,30
11445,1434,433,14
11446,1434,364,18
11447,1434,588,55
11448,1434,76,34
11449,1434,96,35
11450,1434,77,50
11451,1434,95,42
11452,1434,79,31
11453,1435,546,54
11454,1435,337,21
11455,1435,206,19
11456,1435,17,50
11457,1435,778,241
11458,1435,773,259
11459,1435,325,21
11460,1435,453,106
11461,1435,13,42
11462,1435,2,45
11463,1436,158,58
11464,1436,161,41
11465,1436,520,59
11466,1436,170,42
11467,1436,162,50
11468,1437,709,34
11469,1437,143,43
11470,1437,145,21
11471,1437,147,35
11472,1437,156,32
11473,1438,22,36
11474,1438,463,101
11475,1438,354,12
11476,1438,309,23
11477,1438,636,17
11478,1438,50,28
11479,1438,41,40
11480,1438,784,242
11481,1438,35,26
11482,1438,341,19
11483,1438,555,60
11484,1438,455,91
11485,1439,157,40
11486,1439,169,31
11487,1439,171,52
11488,1439,163,33
11489,1439,168,51
11490,1439,176,43
11491,1439,160,47
11492,1439,161,25
11493,1439,167,45
11494,1439,174,54
11495,1439,165,40
11496,1440,611,16
11497,1440,614,22
11498,1440,619,11
11499,1440,317,15
11500,1440,620,20
11501,1440,618,15
11502,1440,624,17
11503,1440,411,20
11504,1440,409,14
11505,1440,622,13
11506,1441,795,141
11507,1441,514,112
11508,1441,596,66
11509,1441,513,73
11510,1441,509,104
11511,1441,790,137
11512,1441,516,67
11513,1441,598,68
11514,1441,599,64
11515,1442,307,23
11516,1442,49,38
11517,1442,462,107
11518,1442,785,241
11519,1442,630,17
11520,1442,548,70
11521,1442,636,13
11522,1442,557,57
11523,1442,391,19
11524,1443,758,16
11525,1443,212,20
11526,1443,221,18
11527,1443,232,16
11528,1443,215,18
11529,1443,375,19
11530,1443,372,17
11531,1443,759,17
11532,1443,376,18
11533,1443,373,16
11534,1443,371,22
11535,1443,211,19
11536,1444,485,101
11537,1444,484,74
11538,1444,479,66
11539,1444,489,72
11540,1444,486,90
11541,1444,492,100
11542,1444,491,89
11543,1444,488,100
11544,1444,482,116
11545,1444,490,112
11546,1444,763,12
11547,1444,487,94
11548,1445,672,14
11549,1445,670,17
11550,1445,669,13
11551,1445,671,17
11552,1445,668,18
11553,1446,359,16
11554,1446,553,58
11555,1446,558,75
11556,1446,24,41
11557,1447,724,39
11558,1447,723,38
11559,1447,721,22
11560,1447,722,37
11561,1448,519,90
11562,1448,161,44
11563,1448,172,38
11564,1448,168,45
11565,1448,162,39
11566,1449,11,34
11567,1449,778,262
11568,1449,542,67
11569,1449,331,23
11570,1449,2,42
11571,1449,3,27
11572,1449,326,13
11573,1449,17,31
11574,1449,332,20
11575,1449,338,17
11576,1450,216,20
11577,1450,222,18
11578,1450,372,21
11579,1450,226,18
11580,1450,376,15
11581,1451,316,24
11582,1451,411,18
11583,1451,617,19
11584,1451,416,18
11585,1451,619,21
11586,1451,318,14
11587,1451,624,18
11588,1452,2,31
11589,1452,540,49
11590,1452,323,15
11591,1452,13,45
11592,1452,329,15
11593,1452,3,37
11594,1452,18,21
11595,1452,547,53
11596,1452,779,194
11597,1452,775,232
11598,1452,203,26
11599,1452,328,17
11600,1453,601,50
11601,1453,511,74
11602,1453,597,57
11603,1453,516,83
11604,1453,793,217
11605,1454,489,82
11606,1454,481,127
11607,1454,482,86
11608,1454,492,121
11609,1454,764,17
11610,1454,763,11
11611,1454,488,123
11612,1454,479,132
11613,1454,493,67
11614,1454,486,97
11615,1455,420,17
11616,1455,475,106
11617,1455,423,14
11618,1455,470,77
11619,1455,427,13
11620,1455,736,16
11621,1456,727,25
11622,1456,438,15
11623,1456,728,24
11624,1456,725,40
11625,1457,94,27
11626,1457,83,44
11627,1457,74,35
11628,1457,586,56
11629,1457,79,40
11630,1457,527,128
11631,1457,366,22
11632,1457,589,70
11633,1457,362,19
11634,1457,82,36
11635,1458,31,47
11636,1458,548,78
11637,1458,355,17
11638,1458,784,155
11639,1458,632,17
11640,1458,28,44
11641,1458,345,24
11642,1459,501,95
11643,1459,497,103
11644,1459,498,144
11645,1459,500,92
11646,1459,768,16
11647,1459,765,11
11648,1459,502,58
11649,1459,496,114
11650,1459,767,10
11651,1459,494,83
11652,1459,499,98
11653,1459,766,13
11654,1460,252,14
11655,1460,242,18
11656,1460,244,12
11657,1460,233,13
11658,1460,240,15
11659,1460,249,25
11660,1460,246,17
11661,1460,241,19
11662,1460,245,21
11663,1461,126,37
11664,1461,122,32
11665,1461,119,39
11666,1461,128,42
11667,1461,123,44
11668,1461,703,43
11669,1461,700,27
11670,1462,645,22
11671,1462,639,15
11672,1462,643,16
11673,1462,641,16
11674,1462,640,18
11675,1462,644,14
11676,1462,646,19
11677,1462,638,19
11678,1462,642,15
11679,1463,790,183
11680,1463,516,126
11681,1463,789,154
11682,1463,794,190
11683,1463,511,98
11684,1463,509,120
11685,1463,512,105
11686,1463,597,60
11687,1464,759,18
11688,1464,222,24
11689,1464,228,20
11690,1464,371,13
11691,1464,232,16
11692,1464,375,21
11693,1464,230,19
11694,1464,377,18
11695,1464,221,24
11696,1464,378,20
11697,1465,237,22
11698,1465,248,15
11699,1465,238,17
11700,1465,235,20
11701,1465,239,13
11702,1465,252,16
11703,1466,775,208
11704,1466,776,215
11705,1466,334,14
11706,1466,3,38
11707,1466,207,20
11708,1466,451,110
11709,1466,332,16
11710,1466,450,119
11711,1466,11,25
11712,1467,44,37
11713,1467,355,16
11714,1467,786,114
11715,1467,311,18
11716,1467,630,17
11717,1467,455,133
11718,1467,459,65
11719,1467,37,33
11720,1468,54,40
11721,1468,55,46
11722,1468,65,44
11723,1468,66,52
11724,1468,53,22
11725,1468,610,41
11726,1468,691,35
11727,1469,612,18
11728,1469,317,17
11729,1469,615,15
11730,1469,417,14
11731,1470,388,17
11732,1470,682,26
11733,1470,685,33
11734,1470,689,35
11735,1470,686,48
11736,1470,390,21
11737,1470,680,19
11738,1470,605,66
11739,1470,389,15
11740,1470,679,21
11741,1470,606,37
11742,1470,603,73
11743,1471,622,14
11744,1471,616,20
11745,1471,406,12
11746,1471,411,23
11747,1471,317,19
11748,1471,614,17
11749,1472,171,41
11750,1472,169,35
11751,1472,520,67
11752,1472,168,48
11753,1472,521,79
11754,1472,172,30
11755,1472,158,40
11756,1472,164,51
11757,1472,518,107
11758,1473,199,40
11759,1473,189,40
11760,1473,192,32
11761,1473,197,39
11762,1473,200,53
11763,1473,523,74
11764,1473,195,45
11765,1473,198,45
11766,1474,426,19
11767,1474,473,81
11768,1474,468,113
11769,1474,429,20
11770,1474,478,108
11771,1474,427,19
11772,1474,740,15
11773,1474,472,94
11774,1474,465,110
11775,1474,464,129
11776,1475,92,49
11777,1475,526,84
11778,1475,584,52
11779,1475,90,37
11780,1475,589,60
11781,1475,85,42
11782,1475,77,37
11783,1475,366,11
11784,1475,80,39
11785,1475,96,42
11786,1475,433,19
11787,1475,79,26
11788,1475,363,17
11789,1475,69,48
11790,1476,791,221
11791,1476,795,240
11792,1476,598,69
11793,1476,796,132
11794,1476,601,55
11795,1476,789,261
11796,1476,600,70
11797,1476,508,67
11798,1476,597,67
11799,1477,623,19
11800,1477,622,16
11801,1477,614,17
11802,1477,619,19
11803,1477,318,25
11804,1478,595,61
11805,1478,592,52
11806,1478,590,44
11807,1478,593,54
11808,1478,591,39
11809,1478,594,55
11810,1479,287,20
11811,1479,288,17
11812,1479,289,21
11813,1479,444,15
11814,1479,445,11
11815,1479,290,17
11816,1479,295,22
11817,1480,173,50
11818,1480,521,123
11819,1480,165,36
11820,1480,169,50
11821,1480,161,36
11822,1480,162,45
11823,1480,159,41
11824,1481,50,53
11825,1481,397,12
11826,1481,557,44
11827,1481,357,21
11828,1481,457,97
11829,1481,634,16
11830,1481,359,23
11831,1481,37,27
11832,1481,48,34
11833,1482,444,19
11834,1482,293,17
11835,1482,292,16
11836,1482,286,20
11837,1482,294,26
11838,1482,288,26
11839,1482,296,15
11840,1482,289,19
11841,1483,812,234
11842,1483,809,147
11843,1483,811,224
11844,1483,805,247
11845,1483,535,130
11846,1483,807,241
11847,1483,534,100
11848,1483,810,178
11849,1483,806,245
11850,1483,808,168
11851,1484,252,21
11852,1484,239,19
11853,1484,249,26
11854,1484,240,21
11855,1485,100,44
11856,1485,106,30
11857,1485,383,22
11858,1485,97,38
11859,1485,99,29
11860,1485,104,32
11861,1485,111,58
11862,1485,110,24
11863,1485,115,29
11864,1485,114,42
11865,1485,578,62
11866,1486,805,195
11867,1486,535,81
11868,1486,812,244
11869,1486,809,245
11870,1486,534,142
11871,1487,77,32
11872,1487,434,15
11873,1487,79,32
11874,1487,364,21
11875,1487,81,57
11876,1487,70,36
11877,1488,1,50
11878,1488,208,19
11879,1488,451,115
11880,1488,327,15
11881,1488,447,91
11882,1488,541,64
11883,1488,5,33
11884,1488,546,45
11885,1488,778,227
11886,1488,206,20
11887,1488,539,45
11888,1488,331,20
11889,1489,580,58
11890,1489,116,38
11891,1489,115,50
11892,1489,381,18
11893,1489,111,48
11894,1489,101,26
11895,1489,108,36
11896,1490,50,48
11897,1490,551,56
11898,1490,352,17
11899,1490,28,39
11900,1490,42,47
11901,1490,788,227
11902,1490,397,19
11903,1490,637,16
11904,1490,360,20
11905,1490,630,20
11906,1490,35,40
11907,1490,781,205
11908,1491,325,23
11909,1491,7,52
11910,1491,450,96
11911,1491,10,51
11912,1491,20,34
11913,1491,18,26
11914,1492,160,31
11915,1492,518,91
11916,1492,162,42
11917,1492,159,41
11918,1492,168,37
11919,1492,170,45
11920,1492,171,40
11921,1492,164,53
11922,1492,161,33
11923,1492,166,47
11924,1492,175,40
11925,1493,187,39
11926,1493,178,28
11927,1493,182,48
11928,1493,713,49
11929,1493,714,28
11930,1493,188,45
11931,1493,715,36
11932,1493,179,40
11933,1493,184,44
11934,1494,359,13
11935,1494,633,22
11936,1494,26,29
11937,1494,40,24
11938,1495,10,35
11939,1495,2,42
11940,1495,537,37
11941,1495,539,51
11942,1495,13,37
11943,1495,332,22
11944,1495,324,17
11945,1495,17,32
11946,1495,18,41
11947,1495,446,132
11948,1495,205,19
11949,1496,778,135
11950,1496,6,31
11951,1496,3,35
11952,1496,538,38
11953,1496,14,30
11954,1496,774,229
11955,1496,539,58
11956,1496,12,33
11957,1496,10,40
11958,1496,15,39
11959,1496,9,32
11960,1496,334,18
11961,1497,464,106
11962,1497,475,95
11963,1497,428,15
11964,1497,421,11
11965,1497,424,20
11966,1497,472,86
11967,1497,732,13
11968,1498,482,82
11969,1498,491,109
11970,1498,484,84
11971,1498,761,19
11972,1498,488,103
11973,1498,762,12
11974,1498,490,93
11975,1498,493,94
11976,1498,479,67
11977,1499,451,90
11978,1499,453,100
11979,1499,780,213
11980,1499,333,16
11981,1499,2,52
11982,1499,325,24
11983,1499,16,33
11984,1499,449,88
11985,1499,339,19
11986,1500,658,15
11987,1500,660,22
11988,1500,661,16
11989,1500,657,17
11990,1500,659,22
11991,1500,656,12
11992,1501,643,17
11993,1501,645,16
11994,1501,638,14
11995,1501,639,16
11996,1501,641,22
11997,1502,728,26
11998,1502,725,39
11999,1502,436,16
12000,1502,438,11
12001,1502,439,18
12002,1502,726,26
12003,1502,437,16
12004,1503,726,28
12005,1503,728,32
12006,1503,439,17
12007,1503,437,17
12008,1503,436,17
12009,1503,438,17
12010,1504,57,49
12011,1504,62,39
12012,1504,67,39
12013,1504,698,35
12014,1504,386,20
12015,1504,697,41
12016,1505,200,49
12017,1505,189,47
12018,1505,523,147
12019,1505,199,45
12020,1505,525,114
12021,1505,194,44
12022,1505,193,28
12023,1505,190,38
12024,1505,192,41
12025,1505,198,36
12026,1505,522,90
12027,1505,524,116
12028,1506,288,17
12029,1506,291,22
12030,1506,286,28
12031,1506,296,20
12032,1506,290,25
12033,1506,285,20
12034,1506,292,14
12035,1507,294,19
12036,1507,292,30
12037,1507,444,16
12038,1507,285,16
12039,1507,295,26
12040,1507,296,23
12041,1507,290,25
12042,1507,287,19
12043,1507,291,19
12044,1507,445,19
12045,1508,175,53
12046,1508,518,98
12047,1508,173,56
12048,1508,157,26
12049,1508,160,44
12050,1508,168,45
12051,1508,520,87
12052,1508,164,46
12053,1508,159,42
12054,1508,170,48
12055,1508,172,48
12056,1509,720,41
12057,1509,297,24
12058,1509,299,17
12059,1509,304,29
12060,1509,302,16
12061,1509,301,29
12062,1509,719,38
12063,1509,718,43
12064,1509,717,44
12065,1509,300,15
12066,1509,298,21
12067,1510,533,98
12068,1510,798,285
12069,1510,804,213
12070,1510,803,229
12071,1510,802,260
12072,1510,800,121
12073,1510,799,200
12074,1510,531,150
12075,1510,530,65
12076,1510,797,147
12077,1511,677,23
12078,1511,678,22
12079,1512,390,17
12080,1512,680,19
12081,1512,681,32
12082,1512,682,33
12083,1512,679,25
12084,1512,605,49
12085,1512,686,46
12086,1512,688,35
12087,1512,388,22
12088,1513,213,27
12089,1513,229,20
12090,1513,218,24
12091,1513,222,19
12092,1513,224,25
12093,1513,372,17
12094,1513,376,18
12095,1513,220,21
12096,1514,338,23
12097,1514,776,248
12098,1514,15,33
12099,1514,8,40
12100,1514,337,18
12101,1514,775,187
12102,1514,7,44
12103,1514,2,58
12104,1514,448,83
12105,1514,536,61
12106,1514,325,15
12107,1515,169,49
12108,1515,164,43
12109,1515,158,33
12110,1515,166,49
12111,1515,519,83
12112,1515,167,30
12113,1515,157,34
12114,1515,521,127
12115,1516,94,48
12116,1516,74,40
12117,1516,526,150
12118,1516,431,18
12119,1516,79,44
12120,1516,363,24
12121,1516,367,15
12122,1517,253,26
12123,1517,269,18
12124,1517,259,25
12125,1517,257,26
12126,1517,258,14
12127,1517,254,23
12128,1517,267,25
12129,1517,265,30
12130,1518,380,17
12131,1518,113,44
12132,1518,99,43
12133,1518,379,25
12134,1518,578,48
12135,1518,98,48
12136,1518,110,31
12137,1518,101,44
12138,1518,97,57
12139,1518,384,21
12140,1518,109,50
12141,1518,114,47
12142,1518,579,56
12143,1519,141,56
12144,1519,150,34
12145,1519,140,52
12146,1519,139,38
12147,1519,156,57
12148,1520,78,54
12149,1520,365,20
12150,1520,585,50
12151,1520,369,14
12152,1520,88,37
12153,1520,87,60
12154,1521,221,26
12155,1521,377,21
12156,1521,217,19
12157,1521,210,18
12158,1521,757,15
12159,1521,220,17
12160,1522,791,200
12161,1522,793,250
12162,1522,792,245
12163,1522,515,105
12164,1522,600,44
12165,1523,291,26
12166,1523,295,26
12167,1523,285,15
12168,1523,444,22
12169,1523,288,27
12170,1524,271,23
12171,1524,280,21
12172,1524,284,16
12173,1524,278,25
12174,1524,279,28
12175,1524,282,15
12176,1525,482,127
12177,1525,493,132
12178,1525,483,134
12179,1525,484,82
12180,1525,761,18
12181,1525,763,14
12182,1525,489,80
12183,1525,490,150
12184,1525,485,120
12185,1525,481,144
12186,1526,219,26
12187,1526,758,15
12188,1526,215,16
12189,1526,227,20
12190,1526,757,20
12191,1526,212,24
12192,1527,271,24
12193,1527,279,20
12194,1527,283,23
12195,1527,282,19
12196,1527,276,30
12197,1527,275,17
12198,1527,280,21
12199,1527,753,20
12200,1527,754,14
12201,1527,270,22
12202,1528,98,47
12203,1528,105,34
12204,1528,578,54
12205,1528,103,45
12206,1528,101,31
12207,1528,113,43
12208,1528,97,47
12209,1528,104,39
12210,1528,99,36
12211,1529,794,143
12212,1529,796,267
12213,1529,792,196
12214,1529,598,63
12215,1529,597,55
12216,1530,257,29
12217,1530,260,28
12218,1530,269,30
12219,1530,266,15
12220,1530,267,22
12221,1530,265,22
12222,1530,258,28
12223,1530,254,16
12224,1530,253,30
12225,1530,255,17
12226,1531,6,50
12227,1531,327,13
12228,1531,451,104
12229,1531,13,46
12230,1531,448,101
12231,1531,776,268
12232,1531,537,49
12233,1531,11,57
12234,1531,202,16
12235,1531,205,24
12236,1531,207,21
12237,1532,422,22
12238,1532,465,109
12239,1532,732,17
12240,1532,738,16
12241,1532,475,136
12242,1532,737,14
12243,1532,474,105
12244,1532,735,17
12245,1532,739,16
12246,1532,429,25
12247,1533,166,60
12248,1533,518,137
12249,1533,159,49
12250,1533,160,54
12251,1533,167,53
12252,1533,162,49
12253,1533,164,60
12254,1533,157,53
12255,1534,89,46
12256,1534,430,13
12257,1534,71,45
12258,1534,88,43
12259,1534,363,21
12260,1534,432,19
12261,1534,84,49
12262,1534,90,48
12263,1534,76,51
12264,1534,92,50
12265,1535,352,25
12266,1535,45,45
12267,1535,26,60
12268,1535,782,235
12269,1535,457,150
12270,1535,33,44
12271,1535,48,52
12272,1535,342,16
12273,1535,626,19
12274,1535,786,196
12275,1535,631,14
12276,1535,628,17
12277,1535,30,29
12278,1536,677,23
12279,1536,678,21
12280,1537,485,108
12281,1537,763,15
12282,1537,479,91
12283,1537,488,128
12284,1537,486,113
12285,1537,489,78
12286,1537,491,116
12287,1537,483,93
12288,1537,490,116
12289,1538,188,35
12290,1538,178,53
12291,1538,714,45
12292,1538,181,41
12293,1538,185,40
12294,1538,716,50
12295,1538,180,46
12296,1538,177,33
12297,1539,546,48
12298,1539,536,76
12299,1539,452,115
12300,1539,538,65
12301,1540,165,41
12302,1540,520,141
12303,1540,519,120
12304,1540,159,55
12305,1540,163,60
12306,1540,160,44
12307,1540,176,58
12308,1540,162,46
12309,1540,161,42
12310,1540,521,137
12311,1540,158,42
12312,1541,470,125
12313,1541,735,19
12314,1541,473,90
12315,1541,427,25
12316,1542,362,16
12317,1542,72,59
12318,1542,88,34
12319,1542,74,45
12320,1542,93,52
12321,1542,364,14
12322,1542,81,50
12323,1542,69,57
12324,1542,584,69
12325,1542,83,25
12326,1542,367,16
12327,1542,91,40
12328,1543,676,19
12329,1543,673,17
12330,1543,675,23
12331,1543,674,21
12332,1544,682,30
12333,1544,685,28
12334,1544,689,27
12335,1544,681,24
12336,1544,389,21
12337,1544,687,37
12338,1544,604,57
12339,1545,638,16
12340,1545,645,21
12341,1545,646,21
12342,1545,640,13
12343,1545,641,20
12344,1545,642,14
12345,1545,643,25
12346,1545,644,23
12347,1546,435,19
12348,1546,431,23
12349,1546,84,59
12350,1546,92,58
12351,1547,735,14
12352,1547,477,107
12353,1547,734,13
12354,1547,739,15
12355,1547,478,86
12356,1547,465,113
12357,1547,423,16
12358,1547,474,82
12359,1547,468,126
12360,1547,471,108
12361,1547,472,116
12362,1548,271,22
12363,1548,278,24
12364,1548,284,17
12365,1548,270,19
12366,1548,279,26
12367,1548,753,20
12368,1548,756,17
12369,1548,272,20
12370,1549,763,15
12371,1549,479,98
12372,1549,761,15
12373,1549,488,75
12374,1549,491,99
12375,1550,632,21
12376,1550,351,14
12377,1550,552,53
12378,1550,459,111
12379,1550,788,133
12380,1550,31,45
12381,1551,509,106
12382,1551,793,266
12383,1551,794,252
12384,1551,796,139
12385,1551,790,238
12386,1551,597,53
12387,1551,516,110
12388,1551,791,276
12389,1551,795,261
12390,1552,448,98
12391,1552,545,44
12392,1552,12,45
12393,1552,15,40
12394,1552,14,56
12395,1552,2,32
12396,1552,321,23
12397,1552,207,25
12398,1552,3,38
12399,1553,377,22
12400,1553,760,13
12401,1553,759,13
12402,1553,212,13
12403,1553,209,18
12404,1553,376,25
12405,1553,211,27
12406,1553,230,21
12407,1553,219,19
12408,1554,642,19
12409,1554,639,20
12410,1554,640,24
12411,1554,645,24
12412,1554,638,18
12413,1554,641,23
12414,1554,643,21
12415,1554,644,25
12416,1554,646,20
12417,1555,550,47
12418,1555,403,21
12419,1555,349,25
12420,1555,628,24
12421,1555,356,20
12422,1555,400,22
12423,1555,308,30
12424,1555,39,53
12425,1556,185,31
12426,1556,180,46
12427,1556,187,39
12428,1556,716,36
12429,1556,183,40
12430,1556,182,33
12431,1556,181,60
12432,1556,713,35
12433,1556,186,33
12434,1557,594,44
12435,1557,595,50
12436,1557,590,67
12437,1557,593,60
12438,1557,591,58
12439,1557,592,72
12440,1558,35,30
12441,1558,548,78
12442,1558,38,50
12443,1558,42,60
12444,1558,786,233
12445,1558,357,16
12446,1559,286,26
12447,1559,293,22
12448,1559,444,22
12449,1559,290,16
12450,1559,285,22
12451,1559,445,22
12452,1559,289,16
12453,1559,296,14
12454,1559,287,26
12455,1560,278,16
12456,1560,277,22
12457,1560,282,29
12458,1560,753,17
12459,1560,276,17
12460,1560,283,15
12461,1561,20,54
12462,1561,14,48
12463,1561,339,20
12464,1561,326,22
12465,1561,450,97
12466,1561,6,43
12467,1561,12,45
12468,1561,330,19
12469,1561,454,67
12470,1561,18,41
12471,1561,451,108
12472,1562,216,20
12473,1562,222,22
12474,1562,232,24
12475,1562,209,17
12476,1562,378,19
12477,1562,370,22
12478,1562,217,27
12479,1562,220,23
12480,1562,759,14
12481,1562,225,18
12482,1563,82,46
12483,1563,365,23
12484,1563,78,60
12485,1563,92,57
12486,1563,95,35
12487,1563,77,51
12488,1563,431,22
12489,1563,83,45
12490,1564,474,132
12491,1564,418,22
12492,1564,475,93
12493,1564,464,130
12494,1564,422,25
12495,1565,43,55
12496,1565,353,14
12497,1565,396,18
12498,1565,354,21
12499,1565,558,43
12500,1565,50,42
12501,1565,47,47
12502,1565,782,228
12503,1565,35,46
12504,1565,556,52
12505,1566,47,60
12506,1566,462,143
12507,1566,631,21
12508,1566,396,19
12509,1566,632,15
12510,1566,399,25
12511,1566,559,66
12512,1566,556,77
12513,1566,550,80
12514,1566,43,51
12515,1566,358,21
12516,1566,46,38
12517,1567,76,52
12518,1567,80,50
12519,1567,92,32
12520,1567,430,15
12521,1567,71,58
12522,1567,69,37
12523,1567,70,34
12524,1567,93,53
12525,1568,106,56
12526,1568,114,48
12527,1568,98,33
12528,1568,583,80
12529,1568,383,19
12530,1569,610,67
12531,1569,387,21
12532,1569,61,32
12533,1569,608,63
12534,1569,690,43
12535,1569,68,59
12536,1569,697,34
12537,1569,609,44
12538,1569,693,33
12539,1570,595,79
12540,1570,594,58
12541,1570,593,55
12542,1570,592,54
12543,1570,590,49
12544,1570,591,80
12545,1571,670,25
12546,1571,672,25
12547,1571,671,22
12548,1571,668,21
12549,1571,669,13
12550,1572,252,25
12551,1572,247,20
12552,1572,248,28
12553,1572,241,25
12554,1572,234,15
12555,1572,246,29
12556,1572,251,23
12557,1572,239,21
12558,1572,235,30
12559,1572,244,28
12560,1573,498,150
12561,1573,766,17
12562,1573,494,109
12563,1573,502,120
12564,1573,495,59
12565,1573,765,13
12566,1574,315,29
12567,1574,415,21
12568,1574,625,22
12569,1574,620,16
12570,1574,319,25
12571,1574,320,20
12572,1574,316,28
12573,1574,616,16
12574,1574,409,20
12575,1575,375,15
12576,1575,232,15
12577,1575,378,16
12578,1575,218,28
12579,1575,224,29
12580,1575,759,15
12581,1575,217,20
12582,1576,595,68
12583,1576,593,66
12584,1576,590,40
12585,1576,591,53
12586,1576,594,56
12587,1576,592,62
12588,1577,688,47
12589,1577,604,64
12590,1577,682,37
12591,1577,390,18
12592,1578,525,92
12593,1578,200,42
12594,1578,192,46
12595,1578,196,49
12596,1578,195,50
12597,1578,197,45
12598,1578,524,107
12599,1579,464,91
12600,1579,467,149
12601,1579,468,121
12602,1579,470,95
12603,1579,476,115
12604,1580,189,50
12605,1580,197,49
12606,1580,524,114
12607,1580,199,34
12608,1580,525,112
12609,1580,198,31
12610,1580,194,37
12611,1581,481,110
12612,1581,484,98
12613,1581,488,150
12614,1581,492,71
12615,1581,762,16
12616,1581,479,80
12617,1581,490,117
12618,1581,482,84
12619,1581,487,114
12620,1581,486,124
12621,1581,761,16
12622,1581,489,93
12623,1582,737,18
12624,1582,466,104
12625,1582,470,109
12626,1582,473,91
12627,1582,465,115
12628,1582,419,24
12629,1582,469,146
12630,1582,474,134
12631,1582,471,139
12632,1583,751,17
12633,1583,750,19
12634,1583,443,20
12635,1583,442,19
12636,1583,749,16
12637,1584,4,32
12638,1584,1,36
12639,1584,20,43
12640,1584,446,134
12641,1584,321,25
12642,1584,201,19
12643,1584,329,17
12644,1584,543,60
12645,1584,8,58
12646,1584,779,170
12647,1585,249,29
12648,1585,243,17
12649,1585,252,17
12650,1585,250,24
12651,1585,233,14
12652,1585,241,20
12653,1586,313,25
12654,1586,742,19
12655,1586,745,20
12656,1586,312,23
12657,1586,748,15
12658,1587,724,33
12659,1587,722,50
12660,1587,721,44
12661,1587,723,33
12662,1588,765,15
12663,1588,497,130
12664,1588,494,96
12665,1588,768,19
12666,1588,501,132
12667,1588,766,12
12668,1588,495,131
12669,1588,498,101
12670,1588,496,133
12671,1588,499,101
12672,1589,213,27
12673,1589,216,21
12674,1589,224,21
12675,1589,372,17
12676,1589,227,14
12677,1589,220,18
12678,1589,219,15
12679,1589,223,18
12680,1589,217,26
12681,1589,229,25
12682,1589,757,17
12683,1589,231,25
12684,1589,373,24
12685,1589,232,18
12686,1590,673,13
12687,1590,674,18
12688,1590,676,16
12689,1590,675,15
12690,1591,251,28
12691,1591,247,11
12692,1591,242,18
12693,1591,233,18
12694,1591,250,13
12695,1591,248,13
12696,1591,252,18
12697,1591,241,22
12698,1592,609,54
12699,1592,56,26
12700,1592,693,36
12701,1592,58,41
12702,1593,392,18
12703,1593,51,32
12704,1593,548,46
12705,1593,398,17
12706,1593,47,37
12707,1593,21,54
12708,1593,634,18
12709,1594,349,23
12710,1594,557,47
12711,1594,631,17
12712,1594,550,43
12713,1594,24,44
12714,1594,399,19
12715,1594,635,14
12716,1594,632,15
12717,1594,28,52
12718,1594,460,94
12719,1594,630,22
12720,1594,401,23
12721,1595,421,17
12722,1595,731,12
12723,1595,477,109
12724,1595,478,119
12725,1595,733,18
12726,1595,469,109
12727,1595,423,19
12728,1595,735,13
12729,1595,466,129
12730,1595,418,18
12731,1595,471,99
12732,1595,736,14
12733,1596,762,14
12734,1596,488,118
12735,1596,480,87
12736,1596,484,110
12737,1596,492,131
12738,1596,485,83
12739,1596,761,18
12740,1596,479,93
12741,1596,493,107
12742,1596,486,96
12743,1596,483,104
12744,1596,763,16
12745,1596,487,101
12746,1597,539,56
12747,1597,543,54
12748,1597,449,121
12749,1597,18,32
12750,1597,776,236
12751,1597,20,38
12752,1598,709,40
12753,1598,138,49
12754,1598,144,38
12755,1598,145,43
12756,1598,708,39
12757,1598,155,54
12758,1598,143,59
12759,1598,154,46
12760,1598,148,39
12761,1598,140,41
12762,1598,142,46
12763,1598,147,55
12764,1599,606,62
12765,1599,687,39
12766,1599,607,54
12767,1599,388,22
12768,1599,682,33
12769,1600,251,17
12770,1600,237,24
12771,1600,252,18
12772,1600,249,26
12773,1600,247,25
12774,1600,235,22
12775,1600,238,30
12776,1600,242,22
12777,1600,244,21
12778,1600,240,19
12779,1600,234,19
12780,1600,233,27
12781,1600,243,18
12782,1601,718,32
12783,1601,720,42
12784,1601,303,18
12785,1601,302,23
12786,1601,300,17
12787,1601,298,24
12788,1602,734,13
12789,1602,474,105
12790,1602,469,121
12791,1602,737,15
12792,1602,419,23
12793,1602,422,18
12794,1602,739,15
12795,1602,478,73
12796,1603,735,12
12797,1603,737,17
12798,1603,739,15
12799,1603,422,21
12800,1603,738,17
12801,1603,471,84
12802,1603,736,15
12803,1603,466,121
12804,1603,427,22
12805,1603,475,86
12806,1604,766,15
12807,1604,496,95
12808,1604,495,97
12809,1604,499,125
12810,1604,501,121
12811,1604,767,18
12812,1604,500,113
12813,1604,502,115
12814,1604,768,16
12815,1604,498,150
12816,1604,765,16
12817,1605,25,48
12818,1605,309,27
12819,1605,405,22
12820,1605,458,96
12821,1605,626,20
12822,1605,628,15
12823,1605,630,20
12824,1605,636,15
12825,1605,463,126
12826,1606,483,101
12827,1606,763,12
12828,1606,489,121
12829,1606,487,130
12830,1606,481,113
12831,1606,486,105
12832,1606,490,65
12833,1607,590,61
12834,1607,592,59
12835,1607,591,56
12836,1607,595,79
12837,1607,594,62
12838,1607,593,61
12839,1608,449,115
12840,1608,779,274
12841,1608,324,17
12842,1608,205,23
12843,1608,546,60
12844,1608,774,160
12845,1608,2,45
12846,1608,778,209
12847,1608,452,63
12848,1609,25,51
12849,1609,21,44
12850,1609,46,48
12851,1609,343,21
12852,1609,40,30
12853,1609,347,23
12854,1609,358,19
12855,1609,22,41
12856,1609,396,20
12857,1609,788,192
12858,1609,52,46
12859,1609,548,60
12860,1610,757,19
12861,1610,759,15
12862,1610,211,21
12863,1610,232,20
12864,1610,209,16
12865,1611,793,214
12866,1611,516,77
12867,1611,511,104
12868,1611,796,215
12869,1611,597,72
12870,1611,596,66
12871,1612,579,54
12872,1612,582,54
12873,1612,116,45
12874,1612,101,59
12875,1612,97,30
12876,1612,108,41
12877,1612,112,49
12878,1612,380,24
12879,1612,580,73
12880,1613,476,95
12881,1613,734,16
12882,1613,731,15
12883,1613,420,23
12884,1613,470,134
12885,1613,423,17
12886,1614,798,158
12887,1614,800,300
12888,1614,799,125
12889,1614,804,221
12890,1614,802,200
12891,1614,533,124
12892,1614,532,150
12893,1614,803,274
12894,1614,797,191
12895,1614,531,92
12896,1615,601,80
12897,1615,789,167
12898,1615,513,117
12899,1615,790,208
12900,1615,510,118
12901,1615,794,208
12902,1615,796,140
12903,1615,596,72
12904,1615,795,268
12905,1615,516,99
12906,1615,515,90
12907,1615,512,112
12908,1616,801,255
12909,1616,531,104
12910,1616,803,266
12911,1616,802,269
12912,1616,797,230
12913,1616,804,182
12914,1616,798,221
12915,1616,530,129
12916,1616,799,249
12917,1616,532,133
12918,1617,122,43
12919,1617,126,48
12920,1617,123,43
12921,1617,703,43
12922,1617,133,60
12923,1617,120,31
12924,1617,705,33
12925,1617,134,30
12926,1617,707,32
12927,1618,722,43
12928,1618,724,28
12929,1618,723,50
12930,1618,721,33
12931,1619,374,17
12932,1619,209,29
12933,1619,217,15
12934,1619,231,24
12935,1619,215,25
12936,1619,224,17
12937,1619,378,19
12938,1619,373,16
12939,1619,376,19
12940,1620,541,50
12941,1620,20,43
12942,1620,447,75
12943,1620,201,22
12944,1620,5,58
12945,1621,244,23
12946,1621,241,25
12947,1621,240,26
12948,1621,252,20
12949,1621,249,18
12950,1621,236,18
12951,1621,237,28
12952,1621,233,16
12953,1621,247,21
12954,1621,239,19
12955,1621,238,21
12956,1622,497,99
12957,1622,500,123
12958,1622,765,17
12959,1622,494,120
12960,1622,496,109
12961,1623,466,101
12962,1623,731,18
12963,1623,476,115
12964,1623,472,83
12965,1623,475,138
12966,1623,732,16
12967,1624,167,43
12968,1624,163,47
12969,1624,521,97
12970,1624,164,40
12971,1624,166,60
12972,1624,169,60
12973,1624,159,39
12974,1625,213,19
12975,1625,374,21
12976,1625,231,21
12977,1625,224,18
12978,1625,221,18
12979,1625,371,15
12980,1625,230,25
12981,1625,217,24
12982,1625,212,22
12983,1626,767,17
12984,1626,497,110
12985,1626,499,129
12986,1626,498,96
12987,1626,496,103
12988,1626,765,13
12989,1626,502,106
12990,1626,500,82
12991,1627,502,85
12992,1627,497,109
12993,1627,501,87
12994,1627,498,70
12995,1628,202,30
12996,1628,14,39
12997,1628,9,48
12998,1628,7,46
12999,1628,18,39
13000,1628,15,52
13001,1628,447,75
13002,1628,539,69
13003,1628,204,18
13004,1628,10,53
13005,1629,607,58
13006,1629,687,44
13007,1629,605,58
13008,1629,604,54
13009,1629,683,34
13010,1629,603,58
13011,1630,613,15
13012,1630,316,19
13013,1630,406,20
13014,1630,614,17
13015,1631,653,17
13016,1631,654,17
13017,1631,650,20
13018,1631,651,20
13019,1631,648,17
13020,1631,649,16
13021,1631,652,22
13022,1631,647,25
13023,1631,655,21
13024,1632,153,46
13025,1632,149,50
13026,1632,154,48
13027,1632,140,40
13028,1632,141,41
13029,1633,653,18
13030,1633,654,20
13031,1633,647,17
13032,1633,652,15
13033,1633,655,14
13034,1633,649,23
13035,1634,526,121
13036,1634,89,43
13037,1634,88,43
13038,1634,73,28
13039,1634,588,45
13040,1634,92,48
13041,1635,186,58
13042,1635,184,52
13043,1635,185,30
13044,1635,715,50
13045,1635,177,44
13046,1635,181,46
13047,1635,178,42
13048,1635,188,37
13049,1635,179,38
13050,1636,523,104
13051,1636,195,60
13052,1636,192,42
13053,1636,189,41
13054,1636,190,36
13055,1636,196,36
13056,1637,298,21
13057,1637,717,29
13058,1637,300,20
13059,1637,718,37
13060,1637,305,25
13061,1637,720,38
13062,1637,719,37
13063,1637,299,23
13064,1637,297,27
13065,1637,304,25
13066,1637,302,22
13067,1638,209,19
13068,1638,377,19
13069,1638,376,12
13070,1638,219,26
13071,1639,146,40
13072,1639,153,32
13073,1639,156,41
13074,1639,147,24
13075,1639,154,41
13076,1639,151,39
13077,1639,144,57
13078,1639,139,34
13079,1639,712,45
13080,1640,516,143
13081,1640,509,127
13082,1640,514,83
13083,1640,598,66
13084,1640,795,168
13085,1640,794,232
13086,1640,596,58
13087,1640,792,191
13088,1640,510,93
13089,1640,515,117
13090,1640,517,134
13091,1640,790,163
13092,1640,513,133
13093,1641,782,215
13094,1641,637,16
13095,1641,635,19
13096,1641,350,19
13097,1641,783,179
13098,1641,630,22
13099,1641,32,41
13100,1642,299,19
13101,1642,304,19
13102,1642,302,24
13103,1642,297,26
13104,1642,718,30
13105,1642,305,19
13106,1642,303,25
13107,1642,720,48
13108,1642,300,16
13109,1642,719,44
13110,1643,601,71
13111,1643,514,111
13112,1643,793,135
13113,1643,596,72
13114,1643,599,58
13115,1643,795,230
13116,1644,477,85
13117,1644,472,92
13118,1644,475,106
13119,1644,429,15
13120,1644,427,15
13121,1645,244,24
13122,1645,241,22
13123,1645,234,19
13124,1645,235,17
13125,1645,250,17
13126,1645,246,17
13127,1645,251,25
13128,1645,238,30
13129,1645,252,22
13130,1645,236,14
13131,1645,245,17
13132,1645,239,18
13133,1646,757,12
13134,1646,230,27
13135,1646,221,25
13136,1646,374,19
13137,1646,215,18
13138,1646,370,17
13139,1646,760,14
13140,1646,218,23
13141,1646,224,28
13142,1646,758,16
13143,1646,229,23
13144,1646,759,20
13145,1646,377,22
13146,1647,49,54
13147,1647,405,13
13148,1647,342,20
13149,1647,463,115
13150,1647,44,41
13151,1647,630,21
13152,1647,41,53
13153,1647,634,17
13154,1647,455,71
13155,1647,350,18
13156,1647,51,48
13157,1648,250,24
13158,1648,237,20
13159,1648,233,24
13160,1648,244,28
13161,1648,235,15
13162,1648,234,25
13163,1648,249,15
13164,1648,247,15
13165,1648,238,22
13166,1648,245,19
13167,1648,246,22
13168,1648,236,27
13169,1649,621,16
13170,1649,319,19
13171,1649,409,18
13172,1649,410,23
13173,1649,614,22
13174,1649,613,23
13175,1649,318,23
13176,1649,616,18
13177,1649,320,30
13178,1649,416,12
13179,1649,317,27
13180,1649,622,16
13181,1649,417,20
13182,1650,770,16
13183,1650,505,125
13184,1650,504,150
13185,1650,506,94
13186,1650,772,17
13187,1650,771,15
13188,1650,507,103
13189,1651,473,125
13190,1651,426,18
13191,1651,421,18
13192,1651,427,22
13193,1651,474,141
13194,1651,732,13
13195,1651,467,121
13196,1651,739,18
13197,1651,472,89
13198,1651,478,104
13199,1651,418,17
13200,1652,519,114
13201,1652,174,55
13202,1652,176,44
13203,1652,158,43
13204,1652,173,58
13205,1652,518,116
13206,1653,368,14
13207,1653,365,19
13208,1653,92,57
13209,1653,83,58
13210,1653,82,58
13211,1653,588,70
13212,1654,523,142
13213,1654,525,146
13214,1654,195,36
13215,1654,194,55
13216,1655,554,60
13217,1655,555,62
13218,1655,785,110
13219,1655,636,20
13220,1655,345,15
13221,1655,461,97
13222,1655,344,16
13223,1655,558,72
13224,1655,397,23
13225,1655,22,37
13226,1656,713,35
13227,1656,187,40
13228,1656,180,51
13229,1656,716,31
13230,1656,183,45
13231,1656,188,53
13232,1657,178,24
13233,1657,186,36
13234,1657,188,35
13235,1657,714,31
13236,1657,177,43
13237,1657,716,45
13238,1657,713,33
13239,1658,513,76
13240,1658,600,54
13241,1658,599,40
13242,1658,791,260
13243,1658,793,250
13244,1658,509,144
13245,1658,508,114
13246,1658,511,133
13247,1658,517,98
13248,1658,789,194
13249,1659,792,147
13250,1659,516,123
13251,1659,513,69
13252,1659,791,190
13253,1659,515,120
13254,1659,509,117
13255,1659,598,60
13256,1659,514,108
13257,1659,597,67
13258,1659,794,253
13259,1659,790,210
13260,1659,796,179
13261,1660,735,20
13262,1660,470,102
13263,1660,477,121
13264,1660,731,18
13265,1660,736,17
13266,1660,425,14
13267,1660,424,16
13268,1661,665,24
13269,1661,663,18
13270,1661,666,22
13271,1661,664,24
13272,1661,667,17
13273,1661,662,13
13274,1662,247,17
13275,1662,238,30
13276,1662,250,24
13277,1662,240,20
13278,1662,242,23
13279,1662,243,21
13280,1663,517,73
13281,1663,596,60
13282,1663,792,190
13283,1663,598,50
13284,1663,597,66
13285,1663,515,90
13286,1663,508,82
13287,1663,793,213
13288,1663,790,212
13289,1663,600,58
13290,1664,305,16
13291,1664,720,39
13292,1664,718,47
13293,1664,299,20
13294,1664,719,36
13295,1664,297,22
13296,1664,304,20
13297,1664,301,23
13298,1664,302,18
13299,1665,101,53
13300,1665,107,46
13301,1665,380,19
13302,1665,384,15
13303,1665,583,71
13304,1666,392,21
13305,1666,785,179
13306,1666,21,60
13307,1666,40,49
13308,1666,33,38
13309,1666,458,102
13310,1666,394,18
13311,1666,25,31
13312,1666,41,41
13313,1667,635,19
13314,1667,456,82
13315,1667,396,17
13316,1667,32,43
13317,1667,29,58
13318,1667,351,15
13319,1668,570,64
13320,1668,577,59
13321,1668,572,42
13322,1668,576,56
13323,1668,569,62
13324,1668,574,48
13325,1669,748,18
13326,1669,314,16
13327,1669,747,14
13328,1669,313,20
13329,1669,746,16
13330,1669,741,14
13331,1669,743,16
13332,1669,745,14
13333,1669,744,14
13334,1669,742,15
13335,1669,312,20
13336,1670,676,24
13337,1670,673,17
13338,1670,675,18
13339,1670,674,15
13340,1671,448,101
13341,1671,454,107
13342,1671,774,186
13343,1671,536,49
13344,1671,337,21
13345,1671,547,64
13346,1671,322,13
13347,1671,207,20
13348,1671,778,190
13349,1671,18,48
13350,1671,540,55
13351,1672,792,267
13352,1672,513,125
13353,1672,510,113
13354,1672,791,192
13355,1672,515,89
13356,1672,790,278
13357,1672,600,52
13358,1672,597,56
13359,1672,796,222
13360,1672,512,116
13361,1672,516,132
13362,1673,460,124
13363,1673,31,37
13364,1673,398,18
13365,1673,30,32
13366,1673,550,73
13367,1673,44,39
13368,1673,306,16
13369,1673,637,25
13370,1673,396,21
13371,1673,29,49
13372,1673,786,219
13373,1673,344,17
13374,1673,23,45
13375,1674,525,147
13376,1674,200,45
13377,1674,193,40
13378,1674,198,29
13379,1674,190,45
13380,1674,195,47
13381,1674,197,44
13382,1674,196,58
13383,1674,523,99
13384,1674,191,30
13385,1674,522,137
13386,1675,281,14
13387,1675,278,28
13388,1675,277,16
13389,1675,271,18
13390,1675,756,15
13391,1675,272,22
13392,1675,282,19
13393,1675,754,14
13394,1675,280,24
13395,1675,283,27
13396,1675,755,18
13397,1675,284,24
13398,1676,56,44
13399,1676,697,31
13400,1676,59,31
13401,1676,692,22
13402,1676,608,52
13403,1676,54,43
13404,1676,385,14
13405,1676,387,15
13406,1676,610,66
13407,1676,690,32
13408,1676,65,42
13409,1676,66,24
13410,1677,430,19
13411,1677,364,14
13412,1677,87,36
13413,1677,94,48
13414,1677,90,51
13415,1677,368,13
13416,1677,585,62
13417,1677,92,37
13418,1677,587,52
13419,1678,669,18
13420,1678,671,19
13421,1678,672,17
13422,1678,670,18
13423,1679,478,118
13424,1679,738,13
13425,1679,740,13
13426,1679,466,102
13427,1679,739,16
13428,1679,736,12
13429,1679,465,71
13430,1679,472,98
13431,1679,423,13
13432,1679,477,71
13433,1679,474,83
13434,1679,471,95
13435,1679,473,79
13436,1680,617,21
13437,1680,624,11
13438,1680,411,21
13439,1680,318,13
13440,1680,315,20
13441,1680,625,13
13442,1680,319,19
13443,1680,407,11
13444,1681,447,80
13445,1681,327,14
13446,1681,6,41
13447,1681,20,41
13448,1681,325,19
13449,1681,201,18
13450,1682,674,19
13451,1682,676,19
13452,1682,673,16
13453,1682,675,19
13454,1683,323,16
13455,1683,543,58
13456,1683,4,32
13457,1683,331,13
13458,1683,206,20
13459,1683,325,16
13460,1683,546,63
13461,1683,539,44
13462,1683,330,15
13463,1683,541,55
13464,1683,5,50
13465,1683,329,14
13466,1683,448,80
13467,1683,207,21
13468,1684,494,79
13469,1684,501,80
13470,1684,495,107
13471,1684,502,80
13472,1684,498,99
13473,1684,500,77
13474,1684,499,107
13475,1684,766,13
13476,1684,767,15
13477,1684,496,100
13478,1684,497,126
13479,1685,558,58
13480,1685,461,79
13481,1685,456,88
13482,1685,398,16
13483,1685,306,19
13484,1685,401,19
13485,1685,27,41
13486,1685,636,14
13487,1686,423,15
13488,1686,735,15
13489,1686,466,95
13490,1686,424,12
13491,1686,740,12
13492,1686,474,79
13493,1686,478,98
13494,1686,467,73
13495,1686,422,20
13496,1687,557,35
13497,1687,49,50
13498,1687,552,53
13499,1687,549,43
13500,1687,554,61
13501,1687,630,17
13502,1687,786,177
13503,1687,50,35
13504,1687,348,13
13505,1687,311,15
13506,1687,633,15
13507,1687,308,14
13508,1687,404,18
13509,1688,294,15
13510,1688,293,22
13511,1688,295,19
13512,1688,291,25
13513,1688,288,21
13514,1688,289,13
13515,1688,286,21
13516,1689,464,103
13517,1689,476,122
13518,1689,423,17
13519,1689,474,80
13520,1689,426,16
13521,1689,468,96
13522,1690,263,23
13523,1690,257,18
13524,1690,269,13
13525,1690,260,17
13526,1690,258,13
13527,1691,126,31
13528,1691,120,40
13529,1691,133,45
13530,1691,706,34
13531,1691,129,34
13532,1691,123,42
13533,1691,702,25
13534,1691,125,41
13535,1692,793,200
13536,1692,511,74
13537,1692,792,221
13538,1692,600,36
13539,1692,512,83
13540,1692,796,216
13541,1692,601,63
13542,1692,790,206
13543,1692,597,55
13544,1692,596,50
13545,1692,789,230
13546,1692,514,78
13547,1693,289,15
13548,1693,444,16
13549,1693,290,12
13550,1693,294,23
13551,1693,288,18
13552,1693,296,15
13553,1693,292,17
13554,1693,445,15
13555,1694,289,22
13556,1694,290,18
13557,1694,292,20
13558,1694,445,18
13559,1694,286,16
13560,1694,293,23
13561,1694,444,16
13562,1694,287,16
13563,1694,288,19
13564,1694,291,19
13565,1695,25,38
13566,1695,636,17
13567,1695,548,51
13568,1695,50,46
13569,1695,461,110
13570,1695,549,47
13571,1695,32,29
13572,1695,350,14
13573,1695,41,52
13574,1695,36,38
13575,1695,311,26
13576,1696,529,78
13577,1696,76,41
13578,1696,75,28
13579,1696,74,35
13580,1696,587,41
13581,1696,527,114
13582,1696,89,54
13583,1697,675,16
13584,1697,676,15
13585,1697,673,19
13586,1697,674,22
13587,1698,269,19
13588,1698,263,18
13589,1698,257,22
13590,1698,266,20
13591,1698,262,21
13592,1698,254,23
13593,1698,261,25
13594,1699,412,19
13595,1699,611,15
13596,1699,614,16
13597,1699,411,21
13598,1699,316,15
13599,1699,619,13
13600,1699,617,17
13601,1699,413,18
13602,1700,677,16
13603,1700,678,14
13604,1701,612,16
13605,1701,416,13
13606,1701,320,19
13607,1701,415,12
13608,1701,623,17
13609,1701,622,19
13610,1701,411,19
13611,1701,617,20
13612,1701,624,17
13613,1701,414,15
13614,1701,315,22
13615,1701,614,16
13616,1701,317,23
13617,1702,75,36
13618,1702,87,32
13619,1702,73,25
13620,1702,529,70
13621,1702,584,70
13622,1702,430,16
13623,1703,448,97
13624,1703,778,218
13625,1703,16,39
13626,1703,7,38
13627,1703,14,38
13628,1703,775,200
13629,1703,324,18
13630,1703,543,53
13631,1703,15,27
13632,1703,779,199
13633,1703,339,18
13634,1703,546,55
13635,1704,108,38
13636,1704,105,26
13637,1704,384,20
13638,1704,578,61
13639,1704,103,47
13640,1704,115,36
13641,1704,107,40
13642,1704,97,41
13643,1704,380,15
13644,1704,116,41
13645,1704,102,29
13646,1705,364,19
13647,1705,94,49
13648,1705,79,41
13649,1705,76,35
13650,1705,82,39
13651,1706,754,13
13652,1706,272,18
13653,1706,756,16
13654,1706,273,24
13655,1706,278,20
13656,1706,277,18
13657,1706,282,19
13658,1706,280,15
13659,1706,275,14
13660,1706,753,11
13661,1706,274,17
13662,1706,284,19
13663,1706,283,23
13664,1707,60,36
13665,1707,692,28
13666,1707,64,49
13667,1707,59,39
13668,1707,691,23
13669,1707,55,42
13670,1707,67,31
13671,1707,694,35
13672,1708,651,11
13673,1708,653,18
13674,1708,652,19
13675,1708,647,15
13676,1708,648,19
13677,1708,655,15
13678,1708,650,16
13679,1708,649,21
13680,1709,27,43
13681,1709,397,22
13682,1709,402,10
13683,1709,42,44
13684,1709,306,20
13685,1709,549,38
13686,1709,393,18
13687,1709,29,43
13688,1709,34,35
13689,1709,395,17
13690,1709,353,22
13691,1709,40,36
13692,1710,205,19
13693,1710,451,64
13694,1710,542,69
13695,1710,5,23
13696,1710,204,22
13697,1711,437,17
13698,1711,728,38
13699,1711,439,15
13700,1711,727,36
13701,1711,436,17
13702,1711,726,32
13703,1712,217,21
13704,1712,223,22
13705,1712,370,13
13706,1712,214,19
13707,1712,221,21
13708,1712,210,22
13709,1712,213,14
13710,1712,228,22
13711,1712,219,17
13712,1712,373,16
13713,1712,227,17
13714,1713,477,133
13715,1713,733,13
13716,1713,474,92
13717,1713,475,66
13718,1713,737,12
13719,1713,425,15
13720,1713,423,17
13721,1713,426,14
13722,1713,467,78
13723,1713,420,21
13724,1713,736,12
13725,1713,469,124
13726,1714,739,12
13727,1714,423,16
13728,1714,467,65
13729,1714,422,15
13730,1714,477,80
13731,1714,427,14
13732,1714,421,16
13733,1714,471,98
13734,1714,419,12
13735,1714,734,13
13736,1714,428,16
13737,1714,470,82
13738,1714,736,14
13739,1714,475,140
13740,1715,129,40
13741,1715,132,41
13742,1715,706,23
13743,1715,700,33
13744,1715,707,34
13745,1715,126,42
13746,1716,98,34
13747,1716,382,18
13748,1716,109,42
13749,1716,116,47
13750,1717,410,19
13751,1717,622,15
13752,1717,414,18
13753,1717,316,19
13754,1717,409,12
13755,1718,50,36
13756,1718,395,23
13757,1718,348,20
13758,1718,40,38
13759,1718,36,42
13760,1718,631,14
13761,1718,457,95
13762,1718,550,53
13763,1718,405,16
13764,1718,355,17
13765,1719,681,26
13766,1719,603,55
13767,1719,602,53
13768,1719,686,33
13769,1719,605,67
13770,1719,687,30
13771,1720,179,44
13772,1720,182,40
13773,1720,187,29
13774,1720,181,39
13775,1720,178,37
13776,1720,186,47
13777,1720,714,38
13778,1720,183,30
13779,1720,185,39
13780,1720,180,22
13781,1720,177,43
13782,1720,188,29
13783,1721,732,16
13784,1721,477,102
13785,1721,419,17
13786,1721,421,13
13787,1721,471,128
13788,1721,473,113
13789,1721,467,102
13790,1721,472,122
13791,1721,427,15
13792,1721,425,16
13793,1721,464,81
13794,1721,740,11
13795,1722,522,101
13796,1722,189,41
13797,1722,194,46
13798,1722,524,112
13799,1722,192,48
13800,1722,190,32
13801,1723,574,40
13802,1723,577,77
13803,1723,570,56
13804,1723,569,54
13805,1723,571,68
13806,1723,572,71
13807,1724,292,29
13808,1724,444,17
13809,1724,295,17
13810,1724,287,21
13811,1724,293,26
13812,1724,288,19
13813,1724,290,12
13814,1724,285,18
13815,1724,294,19
13816,1724,296,18
13817,1724,291,19
13818,1724,289,16
13819,1725,441,16
13820,1725,440,11
13821,1725,729,47
13822,1725,730,35
13823,1726,301,22
13824,1726,300,22
13825,1726,717,30
13826,1726,718,31
13827,1726,298,15
13828,1726,304,25
13829,1726,297,26
13830,1726,305,26
13831,1726,302,21
13832,1727,176,35
13833,1727,157,45
13834,1727,164,40
13835,1727,519,86
13836,1727,166,39
13837,1727,518,99
13838,1727,163,50
13839,1727,170,23
13840,1727,169,29
13841,1727,167,32
13842,1728,225,24
13843,1728,378,19
13844,1728,371,15
13845,1728,223,19
13846,1729,301,25
13847,1729,299,18
13848,1729,719,27
13849,1729,300,25
13850,1729,297,23
13851,1729,305,23
13852,1729,717,33
13853,1730,277,28
13854,1730,283,24
13855,1730,271,21
13856,1730,281,15
13857,1730,754,12
13858,1731,781,192
13859,1731,463,113
13860,1731,457,77
13861,1731,550,62
13862,1731,308,24
13863,1731,555,57
13864,1732,657,15
13865,1732,656,14
13866,1732,658,15
13867,1732,660,20
13868,1732,661,19
13869,1732,659,18
13870,1733,557,43
13871,1733,458,109
13872,1733,626,18
13873,1733,787,132
13874,1733,634,17
13875,1733,786,264
13876,1733,21,49
13877,1733,399,23
13878,1734,786,203
13879,1734,348,18
13880,1734,39,27
13881,1734,21,41
13882,1734,783,167
13883,1734,634,16
13884,1734,460,98
13885,1734,400,19
13886,1734,310,20
13887,1734,343,16
13888,1734,32,38
13889,1734,784,232
13890,1734,46,42
13891,1734,396,20
13892,1735,373,16
13893,1735,371,19
13894,1735,225,16
13895,1735,370,18
13896,1735,378,17
13897,1735,209,17
13898,1735,757,18
13899,1735,213,24
13900,1735,210,20
13901,1735,216,24
13902,1736,297,21
13903,1736,302,29
13904,1736,718,23
13905,1736,301,26
13906,1736,719,29
13907,1736,720,34
13908,1736,304,17
13909,1736,305,16
13910,1736,303,19
13911,1737,531,129
13912,1737,798,197
13913,1737,801,217
13914,1737,797,212
13915,1737,800,226
13916,1738,518,114
13917,1738,176,38
13918,1738,521,92
13919,1738,519,119
13920,1738,520,106
13921,1738,164,27
13922,1738,168,29
13923,1738,165,29
13924,1738,173,53
13925,1739,677,14
13926,1739,678,15
13927,1740,250,21
13928,1740,243,20
13929,1740,238,18
13930,1740,241,26
13931,1740,249,15
13932,1740,242,23
13933,1740,236,26
13934,1741,735,12
13935,1741,418,23
13936,1741,734,14
13937,1741,475,99
13938,1741,473,83
13939,1741,466,89
13940,1741,476,116
13941,1741,474,91
13942,1741,472,93
13943,1741,421,19
13944,1742,69,42
13945,1742,588,46
13946,1742,85,36
13947,1742,71,39
13948,1742,433,18
13949,1742,93,37
13950,1742,96,29
13951,1742,82,40
13952,1742,75,48
13953,1742,78,38
13954,1743,341,19
13955,1743,394,24
13956,1743,308,19
13957,1743,41,27
13958,1743,351,17
13959,1743,39,51
13960,1743,629,18
13961,1743,461,111
13962,1743,401,18
13963,1743,36,59
13964,1743,787,233
13965,1743,26,49
13966,1743,34,46
13967,1743,455,87
13968,1744,803,215
13969,1744,800,199
13970,1744,802,120
13971,1744,801,151
13972,1744,797,167
13973,1744,799,145
13974,1744,532,88
13975,1745,286,27
13976,1745,290,23
13977,1745,294,19
13978,1745,285,16
13979,1745,292,24
13980,1745,293,17
13981,1745,287,20
13982,1745,288,28
13983,1745,296,28
13984,1746,499,112
13985,1746,494,107
13986,1746,497,90
13987,1746,767,16
13988,1746,496,95
13989,1746,765,13
13990,1746,501,89
13991,1746,498,109
13992,1746,502,109
13993,1746,495,125
13994,1746,500,87
13995,1747,259,21
13996,1747,256,18
13997,1747,253,25
13998,1747,262,14
13999,1747,267,24
14000,1747,265,13
14001,1747,257,20
14002,1747,255,20
14003,1747,260,23
14004,1748,759,16
14005,1748,209,17
14006,1748,378,20
14007,1748,232,21
14008,1748,377,14
14009,1748,760,14
14010,1748,375,19
14011,1748,374,20
14012,1748,370,22
14013,1748,213,25
14014,1749,720,25
14015,1749,717,32
14016,1749,305,18
14017,1749,719,30
14018,1749,718,38
14019,1749,302,13
14020,1749,298,19
14021,1749,301,17
14022,1749,299,18
14023,1750,179,28
14024,1750,180,36
14025,1750,715,35
14026,1750,716,38
14027,1750,183,37
14028,1750,181,37
14029,1750,182,50
14030,1750,184,42
14031,1750,188,30
14032,1750,713,32
14033,1750,185,36
14034,1750,177,48
14035,1751,510,104
14036,1751,599,66
14037,1751,511,94
14038,1751,790,168
14039,1751,596,58
14040,1751,792,156
14041,1751,517,133
14042,1751,598,50
14043,1751,509,106
14044,1751,601,35
14045,1752,724,46
14046,1752,721,28
14047,1752,723,24
14048,1752,722,27
14049,1753,587,61
14050,1753,75,49
14051,1753,526,149
14052,1753,79,49
14053,1754,294,20
14054,1754,296,11
14055,1754,295,17
14056,1754,293,23
14057,1754,285,24
14058,1754,291,15
14059,1754,444,20
14060,1755,678,19
14061,1755,677,15
14062,1756,591,52
14063,1756,595,67
14064,1756,594,75
14065,1756,593,62
14066,1756,590,54
14067,1757,390,15
14068,1757,687,26
14069,1757,681,38
14070,1757,683,22
14071,1757,689,36
14072,1757,605,50
14073,1757,606,37
14074,1757,602,46
14075,1757,603,45
14076,1758,186,57
14077,1758,716,34
14078,1758,178,37
14079,1758,715,38
14080,1758,187,34
14081,1758,714,28
14082,1758,181,55
14083,1758,180,39
14084,1758,179,48
14085,1758,183,43
14086,1758,188,41
14087,1758,184,27
14088,1759,654,20
14089,1759,652,17
14090,1759,655,21
14091,1759,648,13
14092,1759,649,18
14093,1759,653,22
14094,1759,651,21
14095,1759,650,13
14096,1759,647,17
14097,1760,641,16
14098,1760,640,16
14099,1760,639,17
14100,1760,643,18
14101,1760,645,13
14102,1760,646,19
14103,1761,545,51
14104,1761,340,17
14105,1761,328,17
14106,1761,547,47
14107,1761,202,16
14108,1761,338,17
14109,1761,776,181
14110,1761,337,15
14111,1761,546,52
14112,1761,539,36
14113,1762,330,11
14114,1762,204,25
14115,1762,202,16
14116,1762,545,53
14117,1762,12,40
14118,1762,543,62
14119,1762,4,31
14120,1762,779,203
14121,1762,6,39
14122,1762,540,72
14123,1762,538,57
14124,1762,544,57
14125,1762,773,213
14126,1762,547,53
14127,1763,229,17
14128,1763,213,23
14129,1763,216,19
14130,1763,212,20
14131,1763,377,19
14132,1763,214,23
14133,1763,227,20
14134,1763,222,13
14135,1763,219,20
14136,1763,759,13
14137,1764,776,180
14138,1764,536,55
14139,1764,202,25
14140,1764,1,33
14141,1764,327,16
14142,1764,324,18
14143,1765,754,14
14144,1765,273,19
14145,1765,275,24
14146,1765,278,24
14147,1766,524,102
14148,1766,195,44
14149,1766,193,39
14150,1766,192,41
14151,1766,525,113
14152,1766,523,97
14153,1766,198,37
14154,1766,199,30
14155,1766,190,38
14156,1766,200,34
14157,1766,197,25
14158,1766,522,76
14159,1766,194,34
14160,1766,189,41
14161,1767,585,38
14162,1767,80,26
14163,1767,77,34
14164,1767,89,44
14165,1767,95,40
14166,1767,587,59
14167,1767,363,15
14168,1767,586,52
14169,1767,435,20
14170,1767,72,39
14171,1767,73,50
14172,1767,90,53
14173,1767,588,46
14174,1768,198,48
14175,1768,524,114
14176,1768,200,41
14177,1768,196,26
14178,1768,189,40
14179,1768,199,42
14180,1768,190,34
14181,1769,515,119
14182,1769,794,199
14183,1769,509,128
14184,1769,601,47
14185,1769,517,132
14186,1769,598,47
14187,1769,514,81
14188,1769,512,94
14189,1769,510,101
14190,1769,597,66
14191,1770,488,142
14192,1770,480,72
14193,1770,762,11
14194,1770,484,90
14195,1770,485,104
14196,1770,489,119
14197,1770,479,71
14198,1770,490,98
14199,1770,487,88
14200,1770,764,15
14201,1770,483,125
14202,1771,605,64
14203,1771,606,49
14204,1771,388,17
14205,1771,602,58
14206,1771,681,34
14207,1772,323,16
14208,1772,330,18
14209,1772,206,14
14210,1772,327,23
14211,1772,16,46
14212,1772,13,39
14213,1772,205,17
14214,1772,12,45
14215,1773,131,42
14216,1773,701,40
14217,1773,118,42
14218,1773,700,42
14219,1773,707,28
14220,1773,704,33
14221,1773,129,48
14222,1773,128,49
14223,1773,120,39
14224,1773,132,27
14225,1774,264,21
14226,1774,267,19
14227,1774,253,18
14228,1774,259,16
14229,1774,254,29
14230,1774,269,13
14231,1774,263,21
14232,1774,265,17
14233,1774,257,22
14234,1774,261,14
14235,1775,434,17
14236,1775,365,14
14237,1775,76,45
14238,1775,435,11
14239,1775,431,19
14240,1775,79,32
14241,1775,87,36
14242,1775,71,50
14243,1775,90,27
14244,1775,73,41
14245,1775,77,26
14246,1775,84,36
14247,1775,70,32
14248,1775,368,19
14249,1776,225,26
14250,1776,758,12
14251,1776,229,20
14252,1776,212,11
14253,1777,66,47
14254,1777,608,49
14255,1777,692,31
14256,1777,698,38
14257,1777,67,43
14258,1777,55,24
14259,1778,278,23
14260,1778,281,17
14261,1778,755,14
14262,1778,276,26
14263,1778,753,15
14264,1778,277,21
14265,1778,282,24
14266,1778,272,15
14267,1779,170,39
14268,1779,160,47
14269,1779,518,94
14270,1779,520,92
14271,1779,521,113
14272,1779,159,39
14273,1779,173,36
14274,1780,36,34
14275,1780,461,133
14276,1780,52,38
14277,1780,357,15
14278,1780,46,34
14279,1780,397,16
14280,1780,549,45
14281,1780,350,21
14282,1780,550,40
14283,1781,562,35
14284,1781,564,60
14285,1781,565,59
14286,1781,560,43
14287,1782,413,14
14288,1782,613,13
14289,1782,622,21
14290,1782,612,19
14291,1783,733,18
14292,1783,473,79
14293,1783,468,109
14294,1783,469,119
14295,1783,471,110
14296,1783,429,20
14297,1783,428,20
14298,1784,810,241
14299,1784,808,190
14300,1784,806,224
14301,1784,535,106
14302,1784,805,178
14303,1784,811,124
14304,1784,807,209
14305,1785,188,42
14306,1785,181,38
14307,1785,179,47
14308,1785,715,41
14309,1785,177,42
14310,1785,185,46
14311,1786,622,19
14312,1786,409,14
14313,1786,625,11
14314,1786,319,22
14315,1786,618,14
14316,1786,412,19
14317,1786,411,11
14318,1786,623,14
14319,1786,617,24
14320,1786,408,11
14321,1787,708,26
14322,1787,154,44
14323,1787,151,34
14324,1787,156,43
14325,1787,152,35
14326,1787,141,37
14327,1788,159,40
14328,1788,165,40
14329,1788,160,27
14330,1788,162,36
14331,1788,167,55
14332,1788,173,30
14333,1788,176,42
14334,1789,91,37
14335,1789,92,34
14336,1789,69,42
14337,1789,87,43
14338,1789,96,44
14339,1789,364,12
14340,1789,95,45
14341,1789,75,32
14342,1789,73,35
14343,1789,71,37
14344,1789,433,15
14345,1789,435,17
14346,1789,528,69
14347,1790,307,19
14348,1790,555,55
14349,1790,781,197
14350,1790,457,90
14351,1790,404,20
14352,1790,785,227
14353,1790,22,44
14354,1790,392,13
14355,1790,394,19
14356,1790,456,119
14357,1790,30,38
14358,1790,51,30
14359,1790,358,15
14360,1791,685,37
14361,1791,605,46
14362,1791,687,32
14363,1791,602,47
14364,1791,684,27
14365,1791,682,34
14366,1791,688,26
14367,1791,390,16
14368,1792,620,18
14369,1792,616,16
14370,1792,409,20
14371,1792,413,20
14372,1792,412,18
14373,1792,416,16
14374,1792,415,17
14375,1792,317,11
14376,1792,411,20
14377,1792,612,21
14378,1792,623,17
14379,1793,137,55
14380,1793,710,32
14381,1793,151,48
14382,1793,152,40
14383,1793,145,30
14384,1793,148,37
14385,1793,144,38
14386,1793,708,42
14387,1793,709,32
14388,1794,480,74
14389,1794,485,99
14390,1794,482,82
14391,1794,492,73
14392,1794,481,140
14393,1794,761,12
14394,1794,762,16
14395,1794,487,87
14396,1794,483,105
14397,1795,246,24
14398,1795,248,15
14399,1795,243,22
14400,1795,235,20
14401,1795,234,26
14402,1795,244,16
14403,1796,567,48
14404,1796,566,42
14405,1796,560,38
14406,1796,562,50
14407,1796,564,41
14408,1796,568,63
14409,1796,563,74
14410,1796,561,59
14411,1796,565,74
14412,1797,23,41
14413,1797,353,22
14414,1797,31,50
14415,1797,396,16
14416,1797,552,53
14417,1797,354,17
14418,1797,393,17
14419,1797,30,35
14420,1797,33,28
14421,1797,52,44
14422,1797,29,39
14423,1798,316,19
14424,1798,414,16
14425,1798,406,16
14426,1798,317,21
14427,1798,318,19
14428,1798,623,19
14429,1798,319,23
14430,1798,416,12
14431,1799,653,17
14432,1799,648,21
14433,1799,647,12
14434,1799,655,16
14435,1799,654,16
14436,1799,651,20
14437,1799,649,20
14438,1800,399,20
14439,1800,393,19
14440,1800,308,17
14441,1800,344,15
14442,1800,50,50
14443,1800,398,12
14444,1800,402,19
14445,1800,30,45
14446,1800,549,69
14447,1800,354,22
14448,1800,459,63
14449,1800,557,59
14450,1801,357,15
14451,1801,342,20
14452,1801,348,18
14453,1801,394,17
14454,1802,503,92
14455,1802,772,13
14456,1802,504,112
14457,1802,505,107
14458,1802,507,83
14459,1802,506,104
14460,1802,770,19
14461,1802,771,17
14462,1802,769,16
14463,1803,382,13
14464,1803,112,33
14465,1803,109,27
14466,1803,100,38
14467,1803,114,39
14468,1803,583,37
14469,1803,103,44
14470,1804,477,93
14471,1804,429,12
14472,1804,739,17
14473,1804,465,116
14474,1804,472,95
14475,1804,469,144
14476,1804,473,75
14477,1804,475,123
14478,1804,740,11
14479,1804,467,96
14480,1805,671,18
14481,1805,672,17
14482,1805,668,20
14483,1805,670,16
14484,1805,669,20
14485,1806,190,46
14486,1806,199,47
14487,1806,192,30
14488,1806,522,99
14489,1806,193,48
14490,1806,189,42
14491,1807,318,28
14492,1807,611,18
14493,1807,617,19
14494,1807,415,18
14495,1807,414,17
14496,1808,261,17
14497,1808,262,17
14498,1808,257,19
14499,1808,269,21
14500,1808,265,15
14501,1808,259,22
14502,1808,253,19
14503,1809,663,18
14504,1809,662,16
14505,1809,666,22
14506,1809,665,13
14507,1809,667,15
14508,1809,664,15
14509,1810,359,13
14510,1810,311,18
14511,1810,36,51
14512,1810,353,16
14513,1810,460,101
14514,1811,211,27
14515,1811,229,17
14516,1811,225,18
14517,1811,217,25
14518,1811,375,19
14519,1811,224,22
14520,1811,376,18
14521,1811,226,19
14522,1811,214,28
14523,1811,210,14
14524,1811,372,16
14525,1812,727,30
14526,1812,725,31
14527,1812,728,34
14528,1812,437,14
14529,1812,438,15
14530,1812,726,37
14531,1812,436,21
14532,1812,439,13
14533,1813,804,262
14534,1813,532,120
14535,1813,800,262
14536,1813,530,126
14537,1813,799,260
14538,1813,801,229
14539,1813,533,98
14540,1813,531,132
14541,1813,802,253
14542,1813,803,139
14543,1814,726,32
14544,1814,728,35
14545,1814,439,12
14546,1814,437,13
14547,1814,727,34
14548,1814,438,17
14549,1814,436,13
14550,1815,732,14
14551,1815,423,23
14552,1815,475,98
14553,1815,428,17
14554,1815,429,12
14555,1816,663,22
14556,1816,667,20
14557,1816,664,15
14558,1816,666,17
14559,1816,662,16
14560,1817,668,23
14561,1817,670,21
14562,1817,669,16
14563,1817,672,22
14564,1818,799,182
14565,1818,803,183
14566,1818,802,247
14567,1818,800,240
14568,1818,531,114
14569,1818,532,101
14570,1818,801,116
14571,1818,533,111
14572,1818,530,78
14573,1818,797,244
14574,1818,804,169
14575,1818,798,210
14576,1819,361,20
14577,1819,75,43
14578,1819,88,49
14579,1819,89,45
14580,1819,71,43
14581,1819,527,134
14582,1819,70,32
14583,1820,395,19
14584,1820,350,19
14585,1820,50,43
14586,1820,458,114
14587,1820,38,51
14588,1820,351,18
14589,1820,782,199
14590,1820,549,56
14591,1820,37,33
14592,1820,634,16
14593,1820,551,47
14594,1820,353,16
14595,1820,559,45
14596,1820,44,36
14597,1821,602,47
14598,1821,604,63
14599,1821,605,40
14600,1821,390,14
14601,1821,684,33
14602,1821,679,15
14603,1821,683,25
14604,1821,689,26
14605,1821,687,32
14606,1822,120,36
14607,1822,134,29
14608,1822,131,33
14609,1822,699,44
14610,1822,117,28
14611,1822,706,44
14612,1822,135,43
14613,1822,130,39
14614,1822,123,31
14615,1822,122,41
14616,1822,132,38
14617,1822,121,49
14618,1823,62,45
14619,1823,698,37
14620,1823,60,56
14621,1823,68,40
14622,1823,690,31
14623,1823,386,20
14624,1824,550,56
14625,1824,455,85
14626,1824,30,27
14627,1824,44,55
14628,1824,787,249
14629,1825,304,19
14630,1825,301,18
14631,1825,305,22
14632,1825,302,21
14633,1825,298,17
14634,1825,303,17
14635,1825,718,28
14636,1825,720,28
14637,1825,717,28
14638,1825,297,28
14639,1826,743,11
14640,1826,312,12
14641,1826,746,16
14642,1826,747,11
14643,1826,314,19
14644,1826,748,16
14645,1826,741,17
14646,1826,313,26
14647,1826,742,14
14648,1826,744,16
14649,1827,112,49
14650,1827,102,40
14651,1827,111,41
14652,1827,101,30
14653,1827,579,71
14654,1827,97,31
14655,1827,107,41
14656,1827,583,41
14657,1827,580,53
14658,1827,384,17
14659,1827,110,32
14660,1828,236,19
14661,1828,235,25
14662,1828,242,28
14663,1828,245,14
14664,1828,248,16
14665,1828,247,19
14666,1828,241,12
14667,1829,677,16
14668,1829,678,16
14669,1830,90,39
14670,1830,584,55
14671,1830,363,14
14672,1830,585,41
14673,1830,92,33
14674,1831,766,12
14675,1831,765,14
14676,1831,499,99
14677,1831,494,123
14678,1831,502,97
14679,1831,767,15
14680,1831,495,99
14681,1832,317,15
14682,1832,618,15
14683,1832,315,21
14684,1832,617,17
14685,1832,320,20
14686,1833,604,68
14687,1833,389,21
14688,1833,688,33
14689,1833,686,34
14690,1833,390,12
14691,1833,680,21
14692,1833,685,43
14693,1833,682,40
14694,1833,605,73
14695,1833,607,43
14696,1834,504,106
14697,1834,505,124
14698,1834,770,15
14699,1834,507,73
14700,1834,506,108
14701,1834,771,14
14702,1834,769,17
14703,1834,503,84
14704,1835,487,133
14705,1835,484,66
14706,1835,493,124
14707,1835,764,11
14708,1835,490,112
14709,1835,488,75
14710,1835,492,75
14711,1835,482,96
14712,1836,59,45
14713,1836,54,47
14714,1836,697,38
14715,1836,691,27
14716,1836,60,39
14717,1837,806,194
14718,1837,810,182
14719,1837,809,175
14720,1837,805,220
14721,1837,811,155
14722,1838,41,55
14723,1838,52,52
14724,1838,45,37
14725,1838,22,48
14726,1838,399,14
14727,1838,556,53
14728,1838,627,18
14729,1839,494,95
14730,1839,496,87
14731,1839,766,19
14732,1839,767,13
14733,1839,498,135
14734,1839,502,120
14735,1839,497,70
14736,1839,501,125
14737,1839,499,86
14738,1839,495,77
14739,1839,500,65
14740,1839,765,14
14741,1840,28,39
14742,1840,38,51
14743,1840,785,211
14744,1840,397,18
14745,1840,781,201
14746,1840,782,253
14747,1840,403,19
14748,1841,698,24
14749,1841,68,45
14750,1841,608,64
14751,1841,54,36
14752,1841,610,55
14753,1841,64,49
14754,1841,609,65
14755,1841,57,38
14756,1841,386,24
14757,1841,60,26
14758,1841,59,44
14759,1841,62,43
14760,1842,420,15
14761,1842,473,95
14762,1842,424,16
14763,1842,733,16
14764,1842,478,73
14765,1842,477,134
14766,1843,469,56
14767,1843,474,65
14768,1843,424,14
14769,1843,737,12
14770,1843,478,100
14771,1843,472,135
14772,1843,470,107
14773,1843,421,21
14774,1843,466,80
14775,1843,473,129
14776,1843,739,18
14777,1843,731,16
14778,1843,736,14
14779,1843,740,17
14780,1844,657,19
14781,1844,660,12
14782,1844,658,14
14783,1844,656,21
14784,1844,661,14
14785,1845,535,101
14786,1845,812,199
14787,1845,811,138
14788,1845,534,111
14789,1846,164,32
14790,1846,520,115
14791,1846,163,44
14792,1846,173,36
14793,1846,161,33
14794,1846,165,35
14795,1846,518,102
14796,1847,538,79
14797,1847,324,17
14798,1847,204,14
14799,1847,540,50
14800,1847,207,20
14801,1847,18,51
14802,1847,20,32
14803,1848,347,20
14804,1848,403,19
14805,1848,306,21
14806,1848,35,25
14807,1849,672,13
14808,1849,669,16
14809,1849,671,22
14810,1849,670,18
14811,1849,668,16
14812,1850,110,54
14813,1850,382,21
14814,1850,97,45
14815,1850,106,43
14816,1850,115,41
14817,1850,580,58
14818,1850,579,49
14819,1850,111,41
14820,1850,113,25
14821,1851,627,16
14822,1851,31,33
14823,1851,395,15
14824,1851,350,16
14825,1851,633,15
14826,1851,37,48
14827,1851,394,23
14828,1851,36,36
14829,1851,555,73
14830,1851,552,49
14831,1851,51,24
14832,1851,786,255
14833,1851,398,11
14834,1852,345,14
14835,1852,633,17
14836,1852,558,65
14837,1852,26,34
14838,1852,309,13
14839,1852,348,12
14840,1852,632,20
14841,1852,788,196
14842,1852,393,17
14843,1853,633,16
14844,1853,353,20
14845,1853,627,16
14846,1853,39,34
14847,1853,355,18
14848,1853,628,10
14849,1853,455,129
14850,1853,405,16
14851,1853,396,13
14852,1854,204,22
14853,1854,775,200
14854,1854,2,43
14855,1854,18,37
14856,1854,10,38
14857,1854,447,118
14858,1854,547,53
14859,1854,448,94
14860,1854,334,15
14861,1854,206,13
14862,1854,773,253
14863,1854,539,50
14864,1854,774,206
14865,1855,723,37
14866,1855,722,35
14867,1855,724,33
14868,1855,721,25
14869,1856,518,86
14870,1856,163,34
14871,1856,519,128
14872,1856,166,39
14873,1856,173,42
14874,1857,388,15
14875,1857,602,49
14876,1857,681,35
14877,1857,604,45
14878,1857,680,19
14879,1857,389,22
14880,1857,689,25
14881,1857,679,15
14882,1858,519,80
14883,1858,159,36
14884,1858,170,45
14885,1858,163,40
14886,1858,521,120
14887,1859,656,21
14888,1859,661,16
14889,1859,658,18
14890,1859,657,15
14891,1860,530,112
14892,1860,799,166
14893,1860,533,117
14894,1860,800,196
14895,1860,804,169
14896,1860,802,141
14897,1860,803,164
14898,1860,801,215
14899,1860,797,203
14900,1860,531,104
14901,1861,661,20
14902,1861,657,12
14903,1861,659,17
14904,1861,658,19
14905,1862,511,100
14906,1862,516,97
14907,1862,510,105
14908,1862,599,55
14909,1862,512,99
14910,1862,796,139
14911,1862,509,89
14912,1863,429,15
14913,1863,474,66
14914,1863,736,18
14915,1863,464,110
14916,1863,421,19
14917,1863,470,88
14918,1863,475,93
14919,1863,739,13
14920,1863,465,80
14921,1863,478,136
14922,1863,471,92
14923,1864,812,183
14924,1864,807,202
14925,1864,809,170
14926,1864,806,247
14927,1864,808,238
14928,1864,811,221
14929,1864,810,160
14930,1864,535,115
14931,1865,582,61
14932,1865,383,16
14933,1865,108,30
14934,1865,105,36
14935,1865,102,52
14936,1865,110,56
14937,1865,109,44
14938,1866,641,15
14939,1866,638,13
14940,1866,644,17
14941,1866,643,23
14942,1866,640,18
14943,1867,383,16
14944,1867,384,13
14945,1867,115,51
14946,1867,99,36
14947,1867,111,50
14948,1867,100,43
14949,1867,380,15
14950,1868,755,14
14951,1868,276,24
14952,1868,281,16
14953,1868,272,18
14954,1868,271,21
14955,1868,756,13
14956,1869,416,22
14957,1869,417,21
14958,1869,613,17
14959,1869,617,23
14960,1869,406,14
14961,1869,320,25
14962,1869,318,18
14963,1869,616,15
14964,1870,643,20
14965,1870,644,20
14966,1870,638,15
14967,1870,645,18
14968,1870,641,16
14969,1870,646,14
14970,1870,640,19
14971,1871,289,21
14972,1871,287,20
14973,1871,296,23
14974,1871,286,12
14975,1871,288,18
14976,1871,295,25
14977,1871,445,20
14978,1872,124,45
14979,1872,129,40
14980,1872,134,41
14981,1872,128,46
14982,1872,135,40
14983,1872,122,40
14984,1872,132,29
14985,1873,285,21
14986,1873,295,15
14987,1873,292,17
14988,1873,291,19
14989,1873,296,19
14990,1873,293,11
14991,1873,289,25
14992,1873,290,23
14993,1873,288,20
14994,1873,286,18
14995,1874,656,21
14996,1874,657,19
14997,1874,661,22
14998,1874,658,13
14999,1874,659,14
15000,1875,432,13
15001,1875,73,44
15002,1875,87,43
15003,1875,430,21
15004,1875,586,55
15005,1875,85,55
15006,1875,88,41
15007,1875,80,41
15008,1875,529,91
15009,1875,589,45
15010,1875,362,21
15011,1876,210,24
15012,1876,214,23
15013,1876,375,22
15014,1876,228,22
15015,1876,217,26
15016,1876,758,12
15017,1876,232,15
15018,1876,231,18
15019,1876,221,22
15020,1877,310,20
15021,1877,31,30
15022,1877,784,200
15023,1877,559,54
15024,1877,24,44
15025,1877,39,43
15026,1877,36,33
15027,1877,49,47
15028,1877,352,16
15029,1878,77,27
15030,1878,88,52
15031,1878,93,45
15032,1878,81,39
15033,1878,82,37
15034,1878,70,39
15035,1878,527,104
15036,1878,589,71
15037,1879,635,12
15038,1879,29,44
15039,1879,40,46
15040,1879,637,12
15041,1879,788,211
15042,1879,48,32
15043,1879,46,48
15044,1879,349,13
15045,1879,31,53
15046,1880,571,74
15047,1880,570,41
15048,1880,569,63
15049,1880,576,57
15050,1880,573,56
15051,1881,625,15
15052,1881,412,11
15053,1881,616,12
15054,1881,408,15
15055,1881,407,15
15056,1881,619,15
15057,1881,613,19
15058,1881,614,14
15059,1882,319,19
15060,1882,416,13
15061,1882,417,12
15062,1882,623,15
15063,1882,620,14
15064,1882,318,24
15065,1882,412,19
15066,1882,409,15
15067,1882,625,23
15068,1883,575,70
15069,1883,570,41
15070,1883,577,45
15071,1883,573,65
15072,1884,90,39
15073,1884,81,40
15074,1884,83,37
15075,1884,78,49
15076,1884,361,23
15077,1884,435,18
15078,1884,73,34
15079,1885,688,36
15080,1885,685,32
15081,1885,679,20
15082,1885,603,39
15083,1885,684,30
15084,1885,607,73
15085,1885,686,42
15086,1885,390,15
15087,1885,389,12
15088,1885,687,45
15089,1886,268,14
15090,1886,267,20
15091,1886,254,20
15092,1886,253,18
15093,1886,262,25
15094,1886,269,24
15095,1886,260,23
15096,1886,263,28
15097,1886,257,18
15098,1886,258,14
15099,1886,265,12
15100,1887,699,36
15101,1887,129,31
15102,1887,700,40
15103,1887,120,42
15104,1887,135,25
15105,1887,130,31
15106,1887,701,21
15107,1887,707,46
15108,1887,705,31
15109,1887,131,30
15110,1887,118,40
15111,1888,746,12
15112,1888,312,21
15113,1888,744,18
15114,1888,745,13
15115,1888,747,19
15116,1888,741,16
15117,1888,748,15
15118,1888,314,26
15119,1888,743,17
15120,1888,313,22
15121,1888,742,15
15122,1889,131,35
15123,1889,700,37
15124,1889,124,35
15125,1889,704,37
15126,1889,127,41
15127,1889,117,31
15128,1889,123,50
15129,1889,125,28
15130,1890,168,50
15131,1890,158,30
15132,1890,165,50
15133,1890,519,126
15134,1890,174,45
15135,1890,164,50
15136,1891,512,89
15137,1891,789,262
15138,1891,514,109
15139,1891,511,116
15140,1891,515,108
15141,1891,509,103
15142,1891,508,100
15143,1891,793,234
15144,1891,601,58
15145,1891,792,250
15146,1892,305,17
15147,1892,300,23
15148,1892,302,22
15149,1892,297,20
15150,1892,303,16
15151,1892,719,38
15152,1892,301,19
15153,1892,718,34
15154,1892,304,24
15155,1892,720,33
15156,1892,299,21
15157,1892,298,16
15158,1892,717,33
15159,1893,274,21
15160,1893,756,15
15161,1893,271,18
15162,1893,283,24
15163,1894,438,18
15164,1894,437,17
15165,1894,726,44
15166,1894,727,33
15167,1894,725,29
15168,1894,439,19
15169,1894,728,36
15170,1894,436,17
15171,1895,55,29
15172,1895,698,32
15173,1895,68,35
15174,1895,608,43
15175,1895,609,54
15176,1896,8,34
15177,1896,539,47
15178,1896,547,78
15179,1896,12,25
15180,1896,541,43
15181,1897,585,49
15182,1897,90,33
15183,1897,361,16
15184,1897,74,58
15185,1897,72,40
15186,1897,70,39
15187,1897,527,85
15188,1897,91,33
15189,1898,671,18
15190,1898,672,17
15191,1898,669,13
15192,1898,670,13
15193,1898,668,19
15194,1899,42,21
15195,1899,28,38
15196,1899,636,14
15197,1899,342,23
15198,1899,344,15
15199,1900,670,15
15200,1900,671,14
15201,1900,669,13
15202,1900,672,18
15203,1900,668,21
15204,1901,448,108
15205,1901,545,72
15206,1901,322,16
15207,1901,449,70
15208,1901,775,171
15209,1901,780,279
15210,1901,537,72
15211,1902,726,47
15212,1902,727,45
15213,1902,438,20
15214,1902,436,20
15215,1902,439,14
15216,1902,725,32
15217,1902,437,13
15218,1902,728,49
15219,1903,543,49
15220,1903,7,42
15221,1903,336,18
15222,1903,2,47
15223,1903,201,18
15224,1903,15,48
15225,1903,19,28
15226,1903,332,12
15227,1904,704,40
15228,1904,135,40
15229,1904,707,35
15230,1904,134,41
15231,1904,700,30
15232,1904,705,29
15233,1905,428,11
15234,1905,475,120
15235,1905,735,15
15236,1905,734,14
15237,1905,476,56
15238,1905,732,14
15239,1905,467,92
15240,1905,464,86
15241,1905,733,15
15242,1905,425,14
15243,1905,419,19
15244,1905,477,96
15245,1905,420,21
15246,1906,437,13
15247,1906,438,17
15248,1906,726,33
15249,1906,727,36
15250,1906,436,15
15251,1907,198,36
15252,1907,195,22
15253,1907,199,45
15254,1907,522,101
15255,1907,524,89
15256,1907,191,54
15257,1907,196,39
15258,1907,192,54
15259,1908,255,21
15260,1908,260,14
15261,1908,257,26
15262,1908,262,19
15263,1908,258,16
15264,1908,264,16
15265,1909,92,30
15266,1909,87,26
15267,1909,81,52
15268,1909,430,17
15269,1909,589,67
15270,1909,529,117
15271,1909,93,30
15272,1909,86,28
15273,1909,367,21
15274,1909,74,27
15275,1909,585,40
15276,1909,527,61
15277,1910,549,37
15278,1910,556,61
15279,1910,21,42
15280,1910,398,21
15281,1910,342,20
15282,1910,31,33
15283,1910,42,42
15284,1910,307,21
15285,1910,550,59
15286,1910,551,64
15287,1910,355,20
15288,1911,625,15
15289,1911,408,17
15290,1911,411,19
15291,1911,620,14
15292,1911,614,16
15293,1911,615,16
15294,1911,621,23
15295,1911,624,13
15296,1911,613,25
15297,1911,413,16
15298,1911,616,18
15299,1911,417,18
15300,1911,416,25
15301,1912,303,24
15302,1912,300,20
15303,1912,718,28
15304,1912,298,14
15305,1912,719,35
15306,1912,305,23
15307,1912,297,14
15308,1912,301,11
15309,1912,304,19
15310,1912,717,28
15311,1913,729,43
15312,1913,440,24
15313,1913,730,33
15314,1913,441,16
15315,1914,725,33
15316,1914,726,36
15317,1914,439,18
15318,1914,438,21
15319,1914,436,19
15320,1914,728,42
15321,1914,727,29
15322,1914,437,20
15323,1915,129,28
15324,1915,135,53
15325,1915,121,54
15326,1915,136,44
15327,1915,133,49
15328,1915,122,47
15329,1915,704,39
15330,1915,126,46
15331,1915,134,41
15332,1915,699,39
15333,1915,123,49
15334,1916,438,16
15335,1916,437,25
15336,1916,725,34
15337,1916,436,13
15338,1916,439,21
15339,1916,728,36
15340,1917,288,29
15341,1917,292,22
15342,1917,289,21
15343,1917,291,15
15344,1917,293,21
15345,1917,444,25
15346,1918,651,24
15347,1918,647,16
15348,1918,650,18
15349,1918,653,17
15350,1918,649,18
15351,1918,654,19
15352,1919,256,30
15353,1919,253,15
15354,1919,255,17
15355,1919,257,25
15356,1919,260,23
15357,1919,269,20
15358,1919,263,19
15359,1919,265,16
15360,1919,258,27
15361,1919,262,28
15362,1919,264,21
15363,1919,254,25
15364,1920,215,18
15365,1920,224,21
15366,1920,221,22
15367,1920,374,14
15368,1920,231,23
15369,1920,223,27
15370,1920,757,12
15371,1920,209,23
15372,1920,216,27
15373,1920,230,21
15374,1920,212,19
15375,1921,191,60
15376,1921,196,47
15377,1921,522,95
15378,1921,189,52
15379,1921,524,150
15380,1921,190,41
15381,1921,192,37
15382,1921,197,28
15383,1921,194,29
15384,1921,199,52
15385,1921,525,87
15386,1922,581,34
15387,1922,112,41
15388,1922,102,35
15389,1922,114,44
15390,1922,101,41
15391,1922,578,64
15392,1922,582,58
15393,1922,384,24
15394,1922,381,25
15395,1922,99,40
15396,1923,781,236
15397,1923,350,14
15398,1923,405,15
15399,1923,40,44
15400,1923,345,18
15401,1923,559,60
15402,1923,627,21
15403,1923,308,13
15404,1923,458,113
15405,1924,253,24
15406,1924,267,27
15407,1924,268,20
15408,1924,257,24
15409,1924,256,15
15410,1924,269,20
15411,1924,266,24
15412,1924,258,26
15413,1924,254,22
15414,1924,255,21
15415,1924,261,24
15416,1925,360,23
15417,1925,405,18
15418,1925,29,48
15419,1925,21,55
15420,1926,364,25
15421,1926,95,47
15422,1926,430,20
15423,1926,369,18
15424,1926,431,23
15425,1926,86,45
15426,1926,79,47
15427,1926,526,122
15428,1926,435,20
15429,1926,89,60
15430,1927,93,44
15431,1927,82,39
15432,1927,91,45
15433,1927,73,36
15434,1928,414,25
15435,1928,415,17
15436,1928,615,18
15437,1928,318,16
15438,1928,408,24
15439,1928,320,25
15440,1928,407,21
15441,1928,416,18
15442,1929,61,48
15443,1929,693,35
15444,1929,57,42
15445,1929,610,49
15446,1929,386,24
15447,1929,54,49
15448,1929,696,39
15449,1929,690,37
15450,1929,691,40
15451,1929,55,60
15452,1929,59,56
15453,1929,697,33
15454,1930,109,54
15455,1930,115,42
15456,1930,578,50
15457,1930,103,46
15458,1930,97,59
15459,1930,380,20
15460,1930,108,28
15461,1930,116,49
15462,1930,113,54
15463,1930,114,51
15464,1930,104,51
15465,1930,99,34
15466,1931,689,31
15467,1931,680,20
15468,1931,684,39
15469,1931,602,80
15470,1932,635,17
15471,1932,349,19
15472,1932,626,23
15473,1932,784,151
15474,1932,33,47
15475,1933,613,21
15476,1933,618,18
15477,1933,406,16
15478,1933,621,21
15479,1933,614,18
15480,1933,625,23
15481,1933,612,16
15482,1934,404,25
15483,1934,460,65
15484,1934,38,52
15485,1934,46,33
15486,1934,635,24
15487,1934,356,22
15488,1934,392,16
15489,1934,52,54
15490,1934,346,17
15491,1934,784,183
15492,1934,462,81
15493,1935,318,21
15494,1935,619,19
15495,1935,615,17
15496,1935,320,19
15497,1935,409,16
15498,1935,621,17
15499,1935,417,18
15500,1935,410,15
15501,1935,416,17
15502,1935,612,19
15503,1935,414,15
15504,1936,525,121
15505,1936,196,51
15506,1936,194,51
15507,1936,199,38
15508,1937,788,264
15509,1937,356,17
15510,1937,21,35
15511,1937,629,24
15512,1937,35,46
15513,1937,786,249
15514,1937,44,38
15515,1937,50,50
15516,1937,404,18
15517,1938,707,31
15518,1938,701,36
15519,1938,117,33
15520,1938,123,60
15521,1938,128,47
15522,1939,22,43
15523,1939,395,20
15524,1939,45,40
15525,1939,35,48
15526,1939,788,235
15527,1939,627,18
15528,1939,27,35
15529,1940,279,15
15530,1940,754,17
15531,1940,283,13
15532,1940,274,23
15533,1940,756,19
15534,1941,794,205
15535,1941,516,121
15536,1941,513,122
15537,1941,512,112
15538,1941,514,108
15539,1941,597,65
15540,1941,600,57
15541,1942,750,14
15542,1942,749,14
15543,1942,443,12
15544,1942,442,15
15545,1943,811,185
15546,1943,810,216
15547,1943,805,235
15548,1943,535,148
15549,1943,807,187
15550,1944,363,21
15551,1944,91,47
15552,1944,364,20
15553,1944,589,67
15554,1944,86,44
15555,1944,432,15
15556,1944,585,35
15557,1944,434,20
15558,1944,433,17
15559,1944,82,35
15560,1945,292,23
15561,1945,285,26
15562,1945,294,28
15563,1945,295,24
15564,1945,289,18
15565,1945,444,15
15566,1946,802,222
15567,1946,531,136
15568,1946,797,300
15569,1946,803,242
15570,1946,804,255
15571,1946,800,280
15572,1946,530,115
15573,1947,484,141
15574,1947,482,106
15575,1947,481,150
15576,1947,491,102
15577,1947,487,127
15578,1947,488,118
15579,1947,483,115
15580,1947,764,17
15581,1947,479,111
15582,1947,493,124
15583,1947,761,15
15584,1947,480,149
15585,1948,512,100
15586,1948,517,139
15587,1948,794,186
15588,1948,598,67
15589,1948,511,90
15590,1948,510,150
15591,1948,793,248
15592,1948,516,98
15593,1948,601,67
15594,1948,796,208
15595,1949,501,103
15596,1949,768,15
15597,1949,499,131
15598,1949,765,14
15599,1949,500,111
15600,1949,498,116
15601,1949,496,89
15602,1950,341,20
15603,1950,47,50
15604,1950,32,38
15605,1950,52,45
15606,1950,627,17
15607,1950,21,52
15608,1950,782,210
15609,1950,33,39
15610,1950,40,45
15611,1950,344,16
15612,1950,24,44
15613,1951,2,38
15614,1951,20,55
15615,1951,330,17
15616,1951,323,19
15617,1951,539,56
15618,1951,329,23
15619,1951,208,30
15620,1951,778,210
15621,1951,538,65
15622,1951,202,20
15623,1951,544,44
15624,1951,449,113
15625,1952,691,38
15626,1952,386,23
15627,1952,53,42
15628,1952,61,42
15629,1952,697,42
15630,1952,56,34
15631,1953,500,149
15632,1953,502,115
15633,1953,497,105
15634,1953,496,75
15635,1953,501,95
15636,1953,498,99
15637,1953,767,14
15638,1953,495,97
15639,1954,270,19
15640,1954,756,17
15641,1954,280,29
15642,1954,274,16
15643,1954,278,26
15644,1954,282,18
15645,1954,273,18
15646,1954,755,14
15647,1954,279,13
15648,1954,276,21
15649,1954,754,15
15650,1955,242,17
15651,1955,235,27
15652,1955,243,20
15653,1955,233,26
15654,1955,247,29
15655,1955,245,20
15656,1955,240,21
15657,1955,237,30
15658,1955,234,16
15659,1955,246,21
15660,1956,110,52
15661,1956,107,44
15662,1956,382,17
15663,1956,111,47
15664,1956,580,61
15665,1956,581,70
15666,1956,100,49
15667,1956,108,25
15668,1956,579,58
15669,1957,518,91
15670,1957,161,58
15671,1957,520,150
15672,1957,168,36
15673,1957,174,34
15674,1957,170,38
15675,1957,173,23
15676,1957,171,47
15677,1957,521,114
15678,1958,497,137
15679,1958,498,98
15680,1958,495,107
15681,1958,496,136
15682,1959,672,21
15683,1959,669,24
15684,1959,668,14
15685,1959,670,22
15686,1960,71,33
15687,1960,435,24
15688,1960,96,29
15689,1960,95,46
15690,1960,434,18
15691,1960,361,22
15692,1960,77,43
15693,1960,587,47
15694,1960,72,47
15695,1960,78,52
15696,1960,89,41
15697,1960,432,22
15698,1961,277,18
15699,1961,756,15
15700,1961,270,27
15701,1961,283,20
15702,1961,281,25
15703,1962,267,19
15704,1962,264,18
15705,1962,259,24
15706,1962,261,24
15707,1962,255,21
15708,1962,256,19
15709,1962,263,17
15710,1962,258,27
15711,1962,257,26
15712,1962,269,26
15713,1962,253,22
15714,1963,720,38
15715,1963,719,50
15716,1963,303,16
15717,1963,297,19
15718,1964,674,16
15719,1964,675,19
15720,1964,673,17
15721,1964,676,20
15722,1965,79,46
15723,1965,364,18
15724,1965,95,44
15725,1965,368,16
15726,1965,361,21
15727,1965,588,64
15728,1965,73,51
15729,1965,70,37
15730,1965,435,20
15731,1965,82,52
15732,1965,78,55
15733,1965,92,56
15734,1966,306,21
15735,1966,782,248
15736,1966,784,247
15737,1966,347,22
15738,1966,459,98
15739,1966,43,48
15740,1966,403,25
15741,1967,655,23
15742,1967,651,24
15743,1967,647,15
15744,1967,650,19
15745,1967,649,14
15746,1967,648,21
15747,1967,654,24
15748,1967,652,19
15749,1968,109,31
15750,1968,382,18
15751,1968,582,63
15752,1968,113,42
15753,1968,580,64
15754,1969,90,43
15755,1969,585,58
15756,1969,96,46
15757,1969,361,19
15758,1969,431,23
15759,1969,69,56
15760,1970,235,14
15761,1970,233,19
15762,1970,239,23
15763,1970,247,26
15764,1970,234,27
15765,1970,241,18
15766,1970,244,23
15767,1970,252,26
15768,1970,246,22
15769,1970,245,22
15770,1971,312,26
15771,1971,741,14
15772,1971,313,21
15773,1971,748,19
15774,1971,747,13
15775,1971,314,23
15776,1971,746,12
15777,1971,743,14
15778,1971,742,16
15779,1971,745,19
15780,1971,744,18
15781,1972,642,23
15782,1972,644,13
15783,1972,639,25
15784,1972,646,19
15785,1972,638,14
15786,1972,643,18
15787,1973,785,209
15788,1973,637,18
15789,1973,557,80
15790,1973,399,18
15791,1973,358,15
15792,1973,786,197
15793,1973,631,20
15794,1973,626,16
15795,1973,462,58
15796,1974,277,22
15797,1974,280,24
15798,1974,755,17
15799,1974,275,25
15800,1974,756,14
15801,1974,281,17
15802,1974,271,22
15803,1974,272,18
15804,1974,273,22
15805,1974,283,24
15806,1974,754,17
15807,1974,270,19
15808,1975,194,54
15809,1975,195,35
15810,1975,523,133
15811,1975,190,55
15812,1975,193,29
15813,1975,522,113
15814,1975,196,52
15815,1975,525,111
15816,1975,199,49
15817,1975,198,36
15818,1975,197,32
15819,1975,189,41
15820,1976,60,48
15821,1976,61,53
15822,1976,67,47
15823,1976,610,57
15824,1976,53,45
15825,1976,698,44
15826,1976,62,60
15827,1977,751,15
15828,1977,752,13
15829,1977,443,21
15830,1977,750,18
15831,1978,459,141
15832,1978,311,24
15833,1978,558,42
15834,1978,347,22
15835,1978,781,266
15836,1978,633,21
15837,1979,578,61
15838,1979,104,40
15839,1979,111,54
15840,1979,384,18
15841,1979,582,53
15842,1979,99,40
15843,1980,749,17
15844,1980,752,15
15845,1980,751,17
15846,1980,443,22
15847,1980,750,14
15848,1980,442,16
15849,1981,546,62
15850,1981,446,70
15851,1981,775,147
15852,1981,11,52
15853,1981,16,38
15854,1981,540,37
15855,1981,10,49
15856,1981,323,19
15857,1981,321,19
15858,1981,779,230
15859,1982,35,46
15860,1982,348,18
15861,1982,29,38
15862,1982,52,59
15863,1982,552,80
15864,1982,359,25
15865,1982,50,37
15866,1982,309,25
15867,1982,47,43
15868,1982,41,44
15869,1982,557,65
15870,1982,399,18
15871,1982,551,62
15872,1982,42,39
15873,1983,457,119
15874,1983,42,44
15875,1983,461,140
15876,1983,29,49
15877,1983,456,94
15878,1983,352,18
15879,1983,37,37
15880,1984,301,16
15881,1984,718,35
15882,1984,298,19
15883,1984,299,26
15884,1984,303,24
15885,1984,302,24
15886,1984,305,25
15887,1984,304,24
15888,1984,717,39
15889,1985,261,26
15890,1985,266,23
15891,1985,262,24
15892,1985,255,28
15893,1985,254,21
15894,1985,260,26
15895,1985,264,24
15896,1985,269,20
15897,1985,263,29
15898,1986,32,45
15899,1986,345,18
15900,1986,396,13
15901,1986,309,16
15902,1986,548,69
15903,1986,783,207
15904,1986,355,21
15905,1987,467,132
15906,1987,737,14
15907,1987,422,22
15908,1987,735,19
15909,1987,738,15
15910,1987,464,133
15911,1987,731,20
15912,1987,477,99
15913,1987,470,140
15914,1988,346,21
15915,1988,636,22
15916,1988,628,17
15917,1988,355,14
15918,1988,42,52
15919,1988,50,45
15920,1988,401,20
15921,1988,345,24
15922,1988,40,39
15923,1989,86,48
15924,1989,94,47
15925,1989,528,146
15926,1989,90,50
15927,1989,78,45
15928,1989,431,14
15929,1989,361,18
15930,1989,95,46
15931,1989,71,44
15932,1989,82,48
15933,1989,584,48
15934,1990,195,47
15935,1990,196,52
15936,1990,190,45
15937,1990,194,32
15938,1990,524,117
15939,1990,200,59
15940,1990,193,43
15941,1990,523,95
15942,1990,191,39
15943,1990,522,83
15944,1991,165,42
15945,1991,519,112
15946,1991,168,45
15947,1991,162,46
15948,1991,161,31
15949,1991,171,34
15950,1991,173,36
15951,1991,169,42
15952,1991,518,73
15953,1991,520,136
15954,1991,174,48
15955,1991,163,51
15956,1992,430,14
15957,1992,90,51
15958,1992,363,14
15959,1992,364,24
15960,1992,584,60
15961,1992,80,55
15962,1992,527,150
15963,1992,586,64
15964,1992,89,39
15965,1992,84,47
15966,1993,368,17
15967,1993,529,66
15968,1993,586,49
15969,1993,85,58
15970,1993,584,80
15971,1993,527,136
15972,1993,82,55
15973,1993,70,33
15974,1993,71,55
15975,1993,362,16
15976,1993,92,32
15977,1993,435,14
15978,1994,463,104
15979,1994,21,41
15980,1994,23,33
15981,1994,34,54
15982,1995,519,109
15983,1995,164,30
15984,1995,161,49
15985,1995,170,50
15986,1995,162,43
15987,1995,520,91
15988,1995,163,42
15989,1995,172,37
15990,1995,165,47
15991,1996,785,198
15992,1996,549,48
15993,1996,21,43
15994,1996,22,42
15995,1996,788,218
15996,1996,38,24
15997,1996,633,21
15998,1996,782,239
15999,1996,634,14
16000,1996,462,113
16001,1996,559,63
16002,1996,24,47
16003,1996,48,49
16004,1997,622,18
16005,1997,315,28
16006,1997,317,23
16007,1997,414,18
16008,1997,411,21
16009,1998,134,59
16010,1998,132,31
16011,1998,129,45
16012,1998,122,41
16013,1998,117,44
16014,1998,703,43
16015,1999,553,46
16016,1999,38,41
16017,1999,405,14
16018,1999,24,44
16019,1999,355,20
16020,1999,52,45
16021,1999,348,14
16022,1999,45,60
16023,1999,787,267
16024,1999,401,24
16025,1999,462,90
16026,2000,478,84
16027,2000,737,15
16028,2000,477,127
16029,2000,735,19
16030,2000,418,16
16031,2001,113,52
16032,2001,579,49
16033,2001,112,39
16034,2001,109,35
16035,2001,104,57
16036,2001,580,80
16037,2001,581,64
16038,2001,108,46
16039,2001,97,53
16040,2002,451,96
16041,2002,776,268
16042,2002,454,133
16043,2002,779,189
16044,2002,542,77
16045,2002,206,29
16046,2002,334,22
16047,2002,546,73
16048,2002,537,54
16049,2002,4,38
16050,2003,336,18
16051,2003,20,48
16052,2003,323,22
16053,2003,335,15
16054,2003,451,116
16055,2003,10,35
16056,2003,18,29
16057,2004,683,37
16058,2004,679,20
16059,2004,606,76
16060,2004,602,56
16061,2004,687,32
16062,2004,389,20
16063,2004,603,65
16064,2004,681,25
16065,2004,689,46
16066,2005,381,20
16067,2005,113,46
16068,2005,583,52
16069,2005,115,47
16070,2005,383,22
16071,2006,719,36
16072,2006,297,30
16073,2006,302,19
16074,2006,304,16
16075,2006,298,28
16076,2006,300,19
16077,2006,717,31
16078,2006,303,28
16079,2007,739,15
16080,2007,472,113
16081,2007,737,16
16082,2007,426,25
16083,2008,543,78
16084,2008,542,76
16085,2008,545,60
16086,2008,17,59
16087,2008,335,16
16088,2008,13,49
16089,2008,326,22
16090,2009,701,30
16091,2009,129,33
16092,2009,134,47
16093,2009,117,35
16094,2009,127,44
16095,2009,121,56
16096,2009,699,37
16097,2009,119,55
16098,2009,118,57
16099,2009,706,39
16100,2009,705,40
16101,2010,190,43
16102,2010,200,43
16103,2010,194,31
16104,2010,197,50
16105,2010,192,34
16106,2011,404,16
16107,2011,24,37
16108,2011,357,20
16109,2011,34,46
16110,2011,49,46
16111,2011,788,276
16112,2012,81,51
16113,2012,430,14
16114,2012,72,44
16115,2012,364,21
16116,2012,90,60
16117,2012,84,46
16118,2012,434,12
16119,2012,78,56
16120,2012,76,50
16121,2013,162,49
16122,2013,167,26
16123,2013,171,60
16124,2013,157,53
16125,2014,625,17
16126,2014,620,20
16127,2014,316,28
16128,2014,318,25
16129,2014,411,15
16130,2014,417,24
16131,2015,782,222
16132,2015,354,15
16133,2015,347,15
16134,2015,44,32
16135,2015,27,35
16136,2015,557,44
16137,2015,788,191
16138,2015,342,25
16139,2015,396,20
16140,2015,33,47
16141,2016,137,23
16142,2016,139,40
16143,2016,147,36
16144,2016,142,42
16145,2016,153,49
16146,2016,154,42
16147,2016,708,36
16148,2016,709,29
16149,2016,144,26
16150,2016,155,35
16151,2017,716,35
16152,2017,180,60
16153,2017,183,47
16154,2017,187,55
16155,2017,181,30
16156,2017,177,28
16157,2018,509,120
16158,2018,514,73
16159,2018,512,114
16160,2018,601,51
16161,2018,600,46
16162,2018,790,209
16163,2018,516,95
16164,2018,795,273
16165,2018,789,174
16166,2018,791,201
16167,2019,460,70
16168,2019,550,68
16169,2019,310,23
16170,2019,398,17
16171,2019,49,42
16172,2020,734,15
16173,2020,474,85
16174,2020,428,21
16175,2020,470,100
16176,2020,467,146
16177,2020,731,15
16178,2021,199,49
16179,2021,193,46
16180,2021,200,41
16181,2021,189,38
16182,2021,190,42
16183,2021,523,63
16184,2021,524,87
16185,2021,191,38
16186,2021,195,26
16187,2021,198,32
16188,2021,194,35
16189,2021,192,54
16190,2022,658,23
16191,2022,656,18
16192,2022,657,18
16193,2022,660,22
16194,2022,659,18
16195,2023,723,37
16196,2023,722,27
16197,2023,724,39
16198,2023,721,24
16199,2024,3,38
16200,2024,2,49
16201,2024,205,18
16202,2024,449,112
16203,2024,454,102
16204,2024,208,16
16205,2024,327,17
16206,2024,778,202
16207,2024,330,17
16208,2025,522,94
16209,2025,524,120
16210,2025,195,43
16211,2025,198,44
16212,2025,194,42
16213,2025,189,40
16214,2025,523,107
16215,2026,441,16
16216,2026,729,45
16217,2026,730,50
16218,2026,440,18
16219,2027,669,21
16220,2027,672,12
16221,2027,670,16
16222,2027,668,17
16223,2027,671,22
16224,2028,188,50
16225,2028,185,41
16226,2028,716,27
16227,2028,713,35
16228,2028,177,49
16229,2028,181,44
16230,2029,659,23
16231,2029,661,15
16232,2029,660,19
16233,2029,656,19
16234,2030,717,39
16235,2030,303,21
16236,2030,720,33
16237,2030,300,14
16238,2030,301,21
16239,2030,305,13
16240,2030,719,26
16241,2031,94,41
16242,2031,585,56
16243,2031,78,44
16244,2031,584,62
16245,2031,362,16
16246,2031,80,56
16247,2031,77,41
16248,2031,367,21
16249,2032,198,39
16250,2032,524,115
16251,2032,193,29
16252,2032,522,123
16253,2032,190,40
16254,2032,192,25
16255,2033,764,19
16256,2033,487,124
16257,2033,481,123
16258,2033,491,106
16259,2033,492,59
16260,2033,480,118
16261,2033,484,113
16262,2033,485,86
16263,2033,493,98
16264,2033,488,128
16265,2033,762,18
16266,2033,763,15
16267,2034,169,55
16268,2034,170,37
16269,2034,162,45
16270,2034,519,111
16271,2034,159,51
16272,2034,171,51
16273,2034,167,53
16274,2034,172,44
16275,2034,164,32
16276,2035,136,35
16277,2035,701,47
16278,2035,119,29
16279,2035,128,40
16280,2035,706,35
16281,2036,777,242
16282,2036,775,155
16283,2036,339,19
16284,2036,537,64
16285,2036,447,132
16286,2036,17,36
16287,2036,336,19
16288,2036,540,44
16289,2036,16,32
16290,2036,18,51
16291,2036,2,42
16292,2037,259,26
16293,2037,261,28
16294,2037,254,21
16295,2037,255,22
16296,2037,269,16
16297,2037,258,22
16298,2037,266,21
16299,2037,263,21
16300,2037,260,22
16301,2037,265,22
16302,2038,315,22
16303,2038,624,18
16304,2038,615,18
16305,2038,406,18
16306,2038,617,18
16307,2038,414,24
16308,2038,619,18
16309,2038,412,23
16310,2038,407,18
16311,2038,417,16
16312,2038,317,27
16313,2039,729,38
16314,2039,730,41
16315,2039,440,18
16316,2039,441,13
16317,2040,60,47
16318,2040,609,48
16319,2040,66,37
16320,2040,62,58
16321,2040,63,48
16322,2040,57,45
16323,2040,67,55
16324,2040,58,44
16325,2040,387,21
16326,2040,61,29
16327,2040,608,69
16328,2041,624,19
16329,2041,416,16
16330,2041,614,25
16331,2041,407,20
16332,2042,671,12
16333,2042,670,22
16334,2042,669,15
16335,2042,668,25
16336,2042,672,16
16337,2043,231,20
16338,2043,220,23
16339,2043,214,26
16340,2043,230,23
16341,2043,213,12
16342,2043,376,18
16343,2043,229,18
16344,2043,374,20
16345,2043,209,23
16346,2044,686,39
16347,2044,688,47
16348,2044,603,74
16349,2044,607,55
16350,2044,687,38
16351,2044,683,44
16352,2044,602,47
16353,2044,605,43
16354,2044,604,62
16355,2044,681,41
16356,2044,389,19
16357,2044,390,15
16358,2045,44,48
16359,2045,49,23
16360,2045,548,55
16361,2045,42,36
16362,2045,557,73
16363,2045,630,24
16364,2045,38,47
16365,2045,459,126
16366,2045,23,42
16367,2045,391,24
16368,2045,394,21
16369,2045,346,21
16370,2045,551,55
16371,2046,194,46
16372,2046,195,50
16373,2046,523,137
16374,2046,192,48
16375,2046,199,29
16376,2046,525,110
16377,2046,196,36
16378,2047,760,16
16379,2047,210,20
16380,2047,373,17
16381,2047,211,19
16382,2047,371,16
16383,2047,217,20
16384,2047,218,22
16385,2047,223,25
16386,2048,430,19
16387,2048,71,39
16388,2048,94,30
16389,2048,91,43
16390,2048,435,18
16391,2048,529,79
16392,2048,95,44
16393,2048,90,40
16394,2048,72,41
16395,2048,527,116
16396,2048,366,21
16397,2048,587,74
16398,2048,81,29
16399,2049,164,43
16400,2049,176,49
16401,2049,169,48
16402,2049,160,52
16403,2049,166,48
16404,2049,518,119
16405,2049,520,120
16406,2050,728,35
16407,2050,727,30
16408,2050,725,40
16409,2050,436,16
16410,2050,726,45
16411,2050,437,17
16412,2051,506,94
16413,2051,507,73
16414,2051,771,13
16415,2051,505,116
16416,2051,504,108
16417,2051,770,18
16418,2051,769,15
16419,2051,503,131
16420,2052,171,43
16421,2052,165,39
16422,2052,174,42
16423,2052,157,31
16424,2053,392,21
16425,2053,457,78
16426,2053,784,281
16427,2053,343,17
16428,2053,40,54
16429,2053,44,34
16430,2053,460,60
16431,2054,722,37
16432,2054,724,36
16433,2054,721,34
16434,2054,723,27
16435,2055,36,45
16436,2055,393,13
16437,2055,391,15
16438,2055,634,18
16439,2055,22,42
16440,2055,31,33
16441,2055,554,43
16442,2055,51,35
16443,2056,73,36
16444,2056,587,77
16445,2056,528,130
16446,2056,527,98
16447,2056,369,19
16448,2056,430,17
16449,2056,76,57
16450,2056,74,47
16451,2057,791,234
16452,2057,794,261
16453,2057,597,64
16454,2057,512,128
16455,2057,596,60
16456,2057,513,108
16457,2057,599,48
16458,2057,511,120
16459,2057,795,196
16460,2057,510,111
16461,2057,792,291
16462,2057,517,108
16463,2057,600,44
16464,2058,309,27
16465,2058,781,239
16466,2058,44,47
16467,2058,352,20
16468,2058,30,50
16469,2058,359,19
16470,2058,307,18
16471,2058,310,25
16472,2058,462,70
16473,2058,351,25
16474,2058,558,53
16475,2059,443,15
16476,2059,749,18
16477,2059,442,18
16478,2059,752,16
16479,2059,751,13
16480,2059,750,14
16481,2060,693,49
16482,2060,57,50
16483,2060,67,32
16484,2060,66,41
16485,2060,53,50
16486,2060,60,45
16487,2060,64,38
16488,2060,692,42
16489,2060,65,33
16490,2060,63,52
16491,2061,244,18
16492,2061,252,18
16493,2061,238,19
16494,2061,251,14
16495,2061,239,20
16496,2061,235,25
16497,2061,237,18
16498,2061,242,24
16499,2061,243,21
16500,2061,249,27
16501,2061,245,30
16502,2061,240,21
16503,2062,298,15
16504,2062,300,16
16505,2062,718,37
16506,2062,299,20
16507,2062,297,24
16508,2062,720,30
16509,2062,717,31
16510,2062,305,24
16511,2063,231,26
16512,2063,373,15
16513,2063,374,16
16514,2063,376,19
16515,2063,372,15
16516,2063,230,28
16517,2063,371,17
16518,2063,215,29
16519,2063,228,27
16520,2063,210,22
16521,2063,377,16
16522,2064,96,40
16523,2064,82,47
16524,2064,588,70
16525,2064,90,50
16526,2064,88,52
16527,2064,366,16
16528,2064,432,15
16529,2064,87,36
16530,2064,94,42
16531,2064,527,103
16532,2064,79,58
16533,2065,120,36
16534,2065,706,37
16535,2065,126,26
16536,2065,121,60
16537,2065,700,28
16538,2065,122,45
16539,2065,123,44
16540,2065,131,40
16541,2065,707,42
16542,2065,130,50
16543,2065,119,57
16544,2066,245,23
16545,2066,252,27
16546,2066,247,18
16547,2066,233,12
16548,2066,241,21
16549,2066,243,19
16550,2066,249,14
16551,2066,239,20
16552,2066,244,16
16553,2066,236,19
16554,2067,217,21
16555,2067,232,21
16556,2067,219,19
16557,2067,221,18
16558,2067,212,19
16559,2067,229,15
16560,2067,214,22
16561,2067,224,24
16562,2067,376,11
16563,2068,429,19
16564,2068,739,16
16565,2068,465,105
16566,2068,470,82
16567,2068,468,95
16568,2068,472,120
16569,2068,421,20
16570,2068,738,13
16571,2068,737,14
16572,2068,733,14
16573,2069,320,22
16574,2069,620,25
16575,2069,411,16
16576,2069,414,15
16577,2069,623,19
16578,2069,618,12
16579,2069,318,17
16580,2069,315,26
16581,2069,406,14
16582,2070,646,20
16583,2070,638,20
16584,2070,644,16
16585,2070,642,11
16586,2071,662,13
16587,2071,663,20
16588,2071,664,17
16589,2071,666,18
16590,2072,23,49
16591,2072,346,22
16592,2072,348,22
16593,2072,461,133
16594,2072,458,136
16595,2072,554,71
16596,2072,41,42
16597,2072,44,38
16598,2072,311,22
16599,2072,788,234
16600,2073,331,17
16601,2073,18,42
16602,2073,3,34
16603,2073,4,45
16604,2073,1,36
16605,2073,539,41
16606,2073,7,47
16607,2074,744,11
16608,2074,312,28
16609,2074,743,14
16610,2074,741,15
16611,2074,313,18
16612,2074,748,12
16613,2074,314,22
16614,2074,745,15
16615,2074,742,17
16616,2075,197,40
16617,2075,196,41
16618,2075,190,57
16619,2075,195,33
16620,2075,522,137
16621,2075,193,48
16622,2075,194,43
16623,2075,189,35
16624,2075,191,47
16625,2075,524,90
16626,2075,198,43
16627,2076,298,19
16628,2076,302,23
16629,2076,718,36
16630,2076,719,36
16631,2077,119,46
16632,2077,701,43
16633,2077,703,35
16634,2077,133,49
16635,2077,135,49
16636,2077,707,34
16637,2077,125,42
16638,2077,699,44
16639,2077,121,41
16640,2077,132,33
16641,2077,127,42
16642,2078,41,49
16643,2078,549,69
16644,2078,788,193
16645,2078,459,145
16646,2078,32,42
16647,2078,781,136
16648,2078,34,31
16649,2078,51,41
16650,2078,787,216
16651,2078,557,36
16652,2078,548,54
16653,2078,629,17
16654,2078,345,25
16655,2079,520,118
16656,2079,174,31
16657,2079,157,60
16658,2079,519,116
16659,2079,168,52
16660,2079,169,37
16661,2079,172,29
16662,2079,163,31
16663,2079,173,60
16664,2079,162,44
16665,2079,165,44
16666,2080,74,47
16667,2080,91,36
16668,2080,527,109
16669,2080,82,32
16670,2080,586,56
16671,2080,94,37
16672,2080,529,107
16673,2080,435,17
16674,2081,646,19
16675,2081,642,18
16676,2081,640,18
16677,2081,645,19
16678,2081,641,19
16679,2082,50,43
16680,2082,462,66
16681,2082,38,39
16682,2082,21,28
16683,2082,29,43
16684,2082,633,20
16685,2082,782,282
16686,2082,345,20
16687,2082,34,33
16688,2082,786,166
16689,2083,111,53
16690,2083,381,18
16691,2083,114,49
16692,2083,99,42
16693,2083,108,55
16694,2083,100,46
16695,2083,578,69
16696,2083,579,50
16697,2083,105,45
16698,2083,101,39
16699,2083,113,40
16700,2083,106,34
16701,2083,383,16
16702,2084,533,130
16703,2084,800,145
16704,2084,801,158
16705,2084,797,151
16706,2084,799,215
16707,2084,804,300
16708,2084,803,134
16709,2084,531,104
16710,2084,798,223
16711,2084,532,142
16712,2084,802,216
16713,2084,530,109
16714,2085,595,59
16715,2085,590,59
16716,2085,592,61
16717,2085,591,60
16718,2085,594,59
16719,2085,593,57
16720,2086,527,108
16721,2086,71,50
16722,2086,588,43
16723,2086,78,52
16724,2086,74,59
16725,2086,369,18
16726,2086,367,18
16727,2086,363,13
16728,2086,431,18
16729,2086,96,42
16730,2087,291,14
16731,2087,285,12
16732,2087,293,19
16733,2087,444,18
16734,2087,289,17
16735,2087,288,16
16736,2087,292,18
16737,2088,723,29
16738,2088,724,36
16739,2088,721,38
16740,2088,722,39
16741,2089,518,95
16742,2089,164,52
16743,2089,176,48
16744,2089,161,36
16745,2089,160,36
16746,2089,162,55
16747,2089,163,56
16748,2089,173,34
16749,2089,172,33
16750,2089,166,21
16751,2089,520,124
16752,2089,171,51
16753,2090,370,20
16754,2090,218,17
16755,2090,376,19
16756,2090,215,17
16757,2090,232,24
16758,2090,378,17
16759,2090,229,25
16760,2090,223,29
16761,2090,759,18
16762,2090,372,18
16763,2091,262,26
16764,2091,269,21
16765,2091,263,28
16766,2091,259,20
16767,2091,267,15
16768,2091,266,30
16769,2091,268,17
16770,2091,256,24
16771,2091,261,17
16772,2091,253,15
16773,2091,264,22
16774,2091,255,27
16775,2091,257,19
16776,2092,730,36
16777,2092,729,35
16778,2092,441,18
16779,2092,440,21
16780,2093,556,48
16781,2093,463,119
16782,2093,391,14
16783,2093,344,17
16784,2093,360,17
16785,2093,41,48
16786,2093,630,16
16787,2093,549,53
16788,2093,635,21
16789,2093,346,17
16790,2093,636,22
16791,2093,553,62
16792,2094,605,72
16793,2094,680,15
16794,2094,602,71
16795,2094,688,29
16796,2094,683,34
16797,2094,389,16
16798,2094,606,50
16799,2095,324,19
16800,2095,780,270
16801,2095,207,15
16802,2095,9,47
16803,2095,2,51
16804,2095,449,106
16805,2095,328,24
16806,2096,457,123
16807,2096,354,25
16808,2096,37,41
16809,2096,356,14
16810,2096,455,85
16811,2096,395,16
16812,2096,462,127
16813,2096,22,33
16814,2096,24,49
16815,2096,783,211
16816,2096,307,17
16817,2096,26,47
16818,2096,41,31
16819,2097,46,41
16820,2097,628,20
16821,2097,404,15
16822,2097,42,45
16823,2097,629,25
16824,2097,50,51
16825,2097,359,21
16826,2097,630,14
16827,2097,31,41
16828,2098,330,18
16829,2098,204,25
16830,2098,12,43
16831,2098,542,64
16832,2098,777,239
16833,2098,773,256
16834,2098,3,44
16835,2098,208,24
16836,2098,448,133
16837,2098,20,46
16838,2098,324,16
16839,2099,769,17
16840,2099,506,91
16841,2099,505,119
16842,2099,503,79
16843,2100,346,20
16844,2100,310,14
16845,2100,549,71
16846,2100,33,33
16847,2100,558,41
16848,2100,781,211
16849,2100,637,18
16850,2100,787,274
16851,2100,462,115
16852,2101,29,30
16853,2101,25,33
16854,2101,35,31
16855,2101,634,17
16856,2101,558,60
16857,2101,28,41
16858,2101,359,20
16859,2101,631,19
16860,2101,632,18
16861,2101,626,17
16862,2101,462,105
16863,2102,431,15
16864,2102,91,39
16865,2102,83,36
16866,2102,84,37
16867,2102,528,63
16868,2102,432,12
16869,2102,94,34
16870,2102,363,14
16871,2102,529,82
16872,2103,321,17
16873,2103,329,11
16874,2103,9,42
16875,2103,449,133
16876,2103,5,43
16877,2103,202,19
16878,2104,566,35
16879,2104,568,65
16880,2104,562,32
16881,2104,565,60
16882,2105,229,17
16883,2105,212,23
16884,2105,225,17
16885,2105,760,14
16886,2105,216,19
16887,2105,228,24
16888,2105,218,14
16889,2105,209,13
16890,2105,223,19
16891,2105,210,20
16892,2105,231,13
16893,2105,232,16
16894,2106,100,38
16895,2106,115,21
16896,2106,102,27
16897,2106,383,15
16898,2106,106,33
16899,2106,112,33
16900,2106,384,20
16901,2106,578,59
16902,2107,619,14
16903,2107,617,10
16904,2107,623,16
16905,2107,318,22
16906,2107,315,21
16907,2107,320,22
16908,2108,386,12
16909,2108,59,31
16910,2108,57,50
16911,2108,68,34
16912,2108,58,48
16913,2108,692,38
16914,2108,698,31
16915,2109,1,26
16916,2109,775,194
16917,2109,543,48
16918,2109,545,67
16919,2109,453,80
16920,2109,773,234
16921,2109,326,20
16922,2109,449,102
16923,2109,538,51
16924,2109,5,33
16925,2109,452,59
16926,2110,103,48
16927,2110,106,34
16928,2110,382,21
16929,2110,582,37
16930,2111,228,17
16931,2111,371,18
16932,2111,372,14
16933,2111,760,16
16934,2112,497,94
16935,2112,499,128
16936,2112,765,14
16937,2112,502,82
16938,2112,494,89
16939,2112,501,73
16940,2112,767,16
16941,2112,495,79
16942,2112,498,90
16943,2112,766,11
16944,2112,496,103
16945,2112,768,12
16946,2113,320,23
16947,2113,316,17
16948,2113,416,12
16949,2113,616,14
16950,2113,622,13
16951,2113,318,17
16952,2114,717,26
16953,2114,719,21
16954,2114,298,26
16955,2114,301,21
16956,2114,299,21
16957,2114,303,24
16958,2114,304,20
16959,2114,300,18
16960,2114,297,18
16961,2114,305,17
16962,2114,302,20
16963,2114,720,29
16964,2114,718,35
16965,2115,371,13
16966,2115,210,21
16967,2115,212,20
16968,2115,376,21
16969,2115,222,18
16970,2115,229,19
16971,2115,374,10
16972,2115,228,23
16973,2115,218,17
16974,2115,760,19
16975,2116,266,21
16976,2116,269,17
16977,2116,265,19
16978,2116,254,19
16979,2116,260,16
16980,2116,255,16
16981,2116,258,11
16982,2117,800,253
16983,2117,530,98
16984,2117,532,79
16985,2117,802,222
16986,2117,799,148
16987,2117,801,167
16988,2117,798,165
16989,2117,797,167
16990,2117,803,183
16991,2117,804,188
16992,2117,531,117
16993,2117,533,115
16994,2118,720,24
16995,2118,303,24
16996,2118,299,15
16997,2118,717,38
16998,2118,302,20
16999,2119,273,16
17000,2119,276,27
17001,2119,282,23
17002,2119,280,20
17003,2119,278,21
17004,2119,284,23
17005,2119,274,17
17006,2119,275,24
17007,2119,754,15
17008,2119,279,15
17009,2119,756,14
17010,2120,44,39
17011,2120,43,33
17012,2120,341,15
17013,2120,787,129
17014,2120,633,12
17015,2120,626,11
17016,2120,343,21
17017,2120,402,11
17018,2120,41,27
17019,2120,630,18
17020,2120,460,78
17021,2120,459,138
17022,2121,271,14
17023,2121,280,18
17024,2121,275,16
17025,2121,282,26
17026,2121,754,18
17027,2121,273,18
17028,2121,284,17
17029,2121,272,12
17030,2121,276,22
17031,2122,201,15
17032,2122,546,44
17033,2122,206,16
17034,2122,775,232
17035,2122,334,15
17036,2122,18,36
17037,2122,544,42
17038,2122,325,17
17039,2122,6,33
17040,2122,542,33
17041,2122,5,45
17042,2123,107,31
17043,2123,583,71
17044,2123,99,40
17045,2123,98,29
17046,2123,382,18
17047,2124,572,57
17048,2124,574,48
17049,2124,571,37
17050,2124,573,65
17051,2124,576,47
17052,2124,570,37
17053,2124,575,46
17054,2124,569,53
17055,2124,577,61
17056,2125,424,10
17057,2125,475,116
17058,2125,469,108
17059,2125,465,85
17060,2125,423,15
17061,2125,468,119
17062,2125,477,64
17063,2125,731,15
17064,2125,418,13
17065,2126,582,60
17066,2126,109,37
17067,2126,102,31
17068,2126,101,43
17069,2126,581,45
17070,2126,105,51
17071,2126,108,21
17072,2126,110,43
17073,2126,113,26
17074,2126,579,41
17075,2126,382,13
17076,2126,99,31
17077,2127,728,34
17078,2127,436,13
17079,2127,438,22
17080,2127,727,39
17081,2128,809,155
17082,2128,812,183
17083,2128,534,72
17084,2128,805,245
17085,2128,806,142
17086,2128,535,104
17087,2128,808,231
17088,2128,807,201
17089,2128,810,148
17090,2128,811,176
17091,2129,266,16
17092,2129,262,20
17093,2129,268,25
17094,2129,259,16
17095,2129,263,15
17096,2129,253,17
17097,2129,257,15
17098,2129,255,17
17099,2129,256,15
17100,2129,267,26
17101,2129,254,12
17102,2129,265,20
17103,2129,264,22
17104,2129,261,16
17105,2130,177,45
17106,2130,178,38
17107,2130,187,41
17108,2130,180,24
17109,2130,183,41
17110,2130,179,48
17111,2130,182,41
17112,2130,713,39
17113,2131,239,19
17114,2131,243,20
17115,2131,241,24
17116,2131,242,17
17117,2131,237,19
17118,2131,249,25
17119,2131,236,26
17120,2131,234,13
17121,2131,235,17
17122,2131,251,11
17123,2131,247,19
17124,2131,252,17
17125,2132,586,56
17126,2132,363,19
17127,2132,79,24
17128,2132,69,22
17129,2132,84,22
17130,2132,96,23
17131,2132,75,47
17132,2132,88,42
17133,2132,80,42
17134,2132,70,27
17135,2133,740,11
17136,2133,426,15
17137,2133,429,15
17138,2133,471,122
17139,2133,421,11
17140,2133,423,20
17141,2133,476,109
17142,2133,424,13
17143,2133,473,106
17144,2133,738,13
17145,2133,467,97
17146,2133,422,14
17147,2134,282,19
17148,2134,271,23
17149,2134,276,18
17150,2134,281,22
17151,2134,753,14
17152,2134,280,20
17153,2134,755,13
17154,2135,516,109
17155,2135,795,209
17156,2135,517,108
17157,2135,514,118
17158,2135,512,129
17159,2135,600,30
17160,2135,508,94
17161,2136,719,32
17162,2136,718,39
17163,2136,717,34
17164,2136,298,21
17165,2136,303,23
17166,2136,299,14
17167,2136,300,17
17168,2136,301,22
17169,2136,304,19
17170,2136,297,22
17171,2136,305,16
17172,2136,720,23
17173,2137,522,78
17174,2137,525,86
17175,2137,197,42
17176,2137,195,40
17177,2137,524,98
17178,2138,58,27
17179,2138,53,37
17180,2138,57,47
17181,2138,64,37
17182,2139,84,54
17183,2139,432,13
17184,2139,70,29
17185,2139,369,13
17186,2139,73,42
17187,2139,74,34
17188,2139,587,54
17189,2139,366,16
17190,2139,86,33
17191,2139,527,105
17192,2140,228,16
17193,2140,376,17
17194,2140,210,23
17195,2140,209,24
17196,2140,223,18
17197,2140,371,18
17198,2140,757,14
17199,2141,41,30
17200,2141,350,17
17201,2141,346,13
17202,2141,24,46
17203,2141,22,40
17204,2141,23,36
17205,2141,786,171
17206,2141,359,15
17207,2141,391,15
17208,2142,33,39
17209,2142,402,19
17210,2142,41,41
17211,2142,462,109
17212,2142,357,15
17213,2143,672,13
17214,2143,670,19
17215,2143,669,14
17216,2143,671,14
17217,2143,668,19
17218,2144,186,41
17219,2144,188,49
17220,2144,181,41
17221,2144,185,31
17222,2144,182,42
17223,2144,184,47
17224,2145,468,112
17225,2145,420,20
17226,2145,427,15
17227,2145,466,102
17228,2145,470,65
17229,2145,426,21
17230,2145,740,15
17231,2145,469,114
17232,2145,474,88
17233,2145,733,16
17234,2145,422,16
17235,2145,737,18
17236,2145,475,64
17237,2146,743,16
17238,2146,745,14
17239,2146,742,18
17240,2146,313,19
17241,2146,314,22
17242,2146,312,18
17243,2146,744,18
17244,2147,400,16
17245,2147,786,173
17246,2147,787,190
17247,2147,553,59
17248,2147,552,54
17249,2147,628,15
17250,2148,324,13
17251,2148,20,31
17252,2148,452,118
17253,2148,328,19
17254,2148,5,42
17255,2148,2,40
17256,2148,774,239
17257,2148,446,64
17258,2148,450,110
17259,2148,332,16
17260,2148,337,12
17261,2149,169,32
17262,2149,174,33
17263,2149,172,44
17264,2149,161,47
17265,2149,160,41
17266,2149,159,27
17267,2149,166,54
17268,2149,519,85
17269,2149,176,39
17270,2149,170,40
17271,2150,779,210
17272,2150,201,19
17273,2150,773,143
17274,2150,4,42
17275,2150,202,18
17276,2150,538,47
17277,2150,544,40
17278,2150,19,41
17279,2150,203,21
17280,2150,9,43
17281,2150,2,33
17282,2151,187,50
17283,2151,177,44
17284,2151,179,40
17285,2151,186,50
17286,2151,180,35
17287,2152,116,38
17288,2152,100,38
17289,2152,101,38
17290,2152,579,57
17291,2153,664,19
17292,2153,667,19
17293,2153,662,19
17294,2153,665,13
17295,2153,663,20
17296,2153,666,13
17297,2154,753,15
17298,2154,284,14
17299,2154,274,19
17300,2154,278,17
17301,2154,270,27
17302,2155,193,42
17303,2155,191,57
17304,2155,523,106
17305,2155,194,44
17306,2155,199,33
17307,2155,524,108
17308,2155,200,41
17309,2155,197,29
17310,2155,196,33
17311,2155,525,105
17312,2155,198,44
17313,2155,189,25
17314,2156,580,48
17315,2156,116,58
17316,2156,101,30
17317,2156,103,43
17318,2156,109,42
17319,2156,114,23
17320,2157,690,37
17321,2157,694,32
17322,2157,695,34
17323,2157,698,36
17324,2157,387,22
17325,2158,640,19
17326,2158,639,18
17327,2158,645,20
17328,2158,644,15
17329,2158,646,22
17330,2158,642,20
17331,2158,643,15
17332,2158,638,20
17333,2158,641,19
17334,2159,608,56
17335,2159,60,40
17336,2159,385,18
17337,2159,54,25
17338,2159,67,38
17339,2160,647,19
17340,2160,653,16
17341,2160,655,19
17342,2160,651,20
17343,2160,648,16
17344,2160,654,18
17345,2160,649,22
17346,2160,650,15
17347,2161,326,17
17348,2161,541,52
17349,2161,7,44
17350,2161,9,37
17351,2161,448,97
17352,2161,328,17
17353,2161,452,110
17354,2161,206,27
17355,2162,360,17
17356,2162,783,219
17357,2162,402,17
17358,2162,550,55
17359,2162,33,58
17360,2162,24,38
17361,2162,403,22
17362,2162,29,39
17363,2162,38,43
17364,2162,630,19
17365,2162,787,213
17366,2162,461,102
17367,2162,307,14
17368,2162,398,15
17369,2163,22,55
17370,2163,28,49
17371,2163,627,15
17372,2163,23,39
17373,2163,781,182
17374,2164,560,48
17375,2164,564,57
17376,2164,568,65
17377,2164,567,44
17378,2164,566,40
17379,2164,562,65
17380,2165,320,26
17381,2165,611,15
17382,2165,319,27
17383,2165,416,14
17384,2165,406,13
17385,2165,616,17
17386,2165,409,16
17387,2165,408,16
17388,2165,617,17
17389,2165,317,15
17390,2165,413,18
17391,2165,615,12
17392,2165,622,19
17393,2165,625,20
17394,2166,280,23
17395,2166,271,20
17396,2166,277,18
17397,2166,278,19
17398,2166,283,16
17399,2166,273,16
17400,2166,281,13
17401,2166,272,24
17402,2166,279,12
17403,2166,754,18
17404,2166,756,13
17405,2167,395,11
17406,2167,24,47
17407,2167,555,46
17408,2167,31,46
17409,2167,35,52
17410,2168,404,20
17411,2168,462,112
17412,2168,356,17
17413,2168,51,55
17414,2168,360,21
17415,2168,349,16
17416,2168,627,19
17417,2168,52,52
17418,2168,628,15
17419,2168,457,62
17420,2168,787,179
17421,2168,456,125
17422,2169,492,116
17423,2169,484,88
17424,2169,481,103
17425,2169,487,89
17426,2169,479,104
17427,2169,483,89
17428,2169,485,106
17429,2169,761,13
17430,2169,480,88
17431,2170,787,210
17432,2170,357,18
17433,2170,41,44
17434,2170,635,17
17435,2170,351,17
17436,2170,629,18
17437,2170,37,32
17438,2170,783,192
17439,2170,49,47
17440,2171,145,50
17441,2171,148,53
17442,2171,143,43
17443,2171,156,28
17444,2171,151,35
17445,2171,150,34
17446,2171,711,32
17447,2172,257,20
17448,2172,261,19
17449,2172,255,20
17450,2172,263,16
17451,2172,256,24
17452,2172,268,11
17453,2172,260,13
17454,2173,24,49
17455,2173,30,40
17456,2173,558,56
17457,2173,781,237
17458,2173,455,132
17459,2174,795,244
17460,2174,792,200
17461,2174,600,57
17462,2174,791,172
17463,2174,598,38
17464,2174,789,120
17465,2174,508,102
17466,2175,164,54
17467,2175,166,41
17468,2175,171,27
17469,2175,175,40
17470,2175,518,118
17471,2175,167,41
17472,2175,159,28
17473,2175,519,89
17474,2176,640,16
17475,2176,643,19
17476,2176,641,13
17477,2176,639,16
17478,2176,644,18
17479,2176,646,21
17480,2176,638,12
17481,2176,642,20
17482,2176,645,18
17483,2177,456,133
17484,2177,630,15
17485,2177,47,36
17486,2177,559,72
17487,2177,35,35
17488,2177,43,30
17489,2177,463,134
17490,2177,40,40
17491,2178,674,17
17492,2178,675,17
17493,2178,676,14
17494,2178,673,21
17495,2179,219,23
17496,2179,221,20
17497,2179,227,23
17498,2179,216,26
17499,2180,375,16
17500,2180,231,18
17501,2180,225,28
17502,2180,378,18
17503,2180,216,24
17504,2180,218,15
17505,2180,213,12
17506,2181,725,23
17507,2181,728,35
17508,2181,726,43
17509,2181,436,20
17510,2181,437,18
17511,2181,439,16
17512,2181,727,46
17513,2182,296,20
17514,2182,295,19
17515,2182,292,27
17516,2182,293,20
17517,2182,287,24
17518,2182,290,23
17519,2182,294,16
17520,2182,291,17
17521,2183,237,19
17522,2183,245,18
17523,2183,236,13
17524,2183,234,20
17525,2184,434,19
17526,2184,86,39
17527,2184,431,14
17528,2184,69,45
17529,2184,363,17
17530,2184,369,18
17531,2184,74,27
17532,2184,70,56
17533,2185,577,38
17534,2185,573,69
17535,2185,575,46
17536,2185,570,58
17537,2185,572,53
17538,2186,717,37
17539,2186,300,28
17540,2186,720,41
17541,2186,305,19
17542,2186,301,19
17543,2186,719,34
17544,2186,298,23
17545,2187,803,198
17546,2187,799,140
17547,2187,531,109
17548,2187,530,81
17549,2187,797,244
17550,2187,533,96
17551,2188,352,18
17552,2188,392,14
17553,2188,48,44
17554,2188,45,38
17555,2188,344,16
17556,2188,630,16
17557,2188,787,185
17558,2188,397,20
17559,2188,394,13
17560,2188,632,13
17561,2188,354,18
17562,2189,752,19
17563,2189,751,16
17564,2189,442,19
17565,2189,750,14
17566,2189,749,13
17567,2189,443,21
17568,2190,657,16
17569,2190,658,18
17570,2190,656,10
17571,2190,660,15
17572,2190,661,16
17573,2191,448,118
17574,2191,338,17
17575,2191,9,41
17576,2191,340,15
17577,2191,538,52
17578,2191,536,63
17579,2191,778,271
17580,2191,327,13
17581,2191,542,54
17582,2191,17,45
17583,2191,446,70
17584,2192,671,17
17585,2192,668,18
17586,2192,670,19
17587,2192,669,14
17588,2192,672,18
17589,2193,164,28
17590,2193,158,32
17591,2193,520,81
17592,2193,176,41
17593,2193,160,33
17594,2193,168,46
17595,2193,166,37
17596,2193,159,43
17597,2193,172,52
17598,2193,171,42
17599,2194,71,36
17600,2194,77,45
17601,2194,78,57
17602,2194,94,39
17603,2194,95,23
17604,2194,364,14
17605,2194,76,43
17606,2194,588,37
17607,2195,565,50
17608,2195,566,62
17609,2195,564,74
17610,2195,568,43
17611,2195,561,74
17612,2196,203,15
17613,2196,20,37
17614,2196,201,14
17615,2196,539,50
17616,2196,335,20
17617,2196,329,17
17618,2197,204,18
17619,2197,327,18
17620,2197,337,17
17621,2197,454,92
17622,2197,321,14
17623,2197,10,51
17624,2197,15,43
17625,2197,779,171
17626,2197,543,71
17627,2197,14,46
17628,2198,595,41
17629,2198,594,47
17630,2198,593,35
17631,2198,592,53
17632,2198,590,37
17633,2198,591,46
17634,2199,178,52
17635,2199,186,49
17636,2199,184,30
17637,2199,716,41
17638,2199,713,35
17639,2199,183,43
17640,2199,179,46
17641,2200,658,15
17642,2200,660,18
17643,2200,659,12
17644,2200,656,17
17645,2200,657,15
17646,2200,661,16
17647,2201,394,12
17648,2201,400,16
17649,2201,559,50
17650,2201,21,24
17651,2201,43,50
17652,2201,782,122
17653,2201,36,42
17654,2201,358,21
17655,2201,631,18
17656,2201,29,44
17657,2202,724,50
17658,2202,721,35
17659,2202,722,37
17660,2202,723,33
17661,2203,672,16
17662,2203,670,15
17663,2203,668,17
17664,2203,671,23
17665,2204,198,52
17666,2204,200,42
17667,2204,191,35
17668,2204,523,92
17669,2204,195,52
17670,2204,524,90
17671,2204,189,44
17672,2204,192,51
17673,2204,196,41
17674,2204,197,40
17675,2204,190,29
17676,2204,194,22
17677,2205,571,54
17678,2205,576,69
17679,2205,574,79
17680,2205,572,71
17681,2206,727,43
17682,2206,438,18
17683,2206,436,18
17684,2206,726,35
17685,2206,728,30
17686,2206,437,19
17687,2207,690,33
17688,2207,59,36
17689,2207,56,31
17690,2207,609,39
17691,2207,610,53
17692,2207,695,30
17693,2207,55,41
17694,2207,60,46
17695,2207,385,21
17696,2207,57,52
17697,2207,387,19
17698,2208,439,16
17699,2208,726,31
17700,2208,436,18
17701,2208,438,18
17702,2208,727,31
17703,2208,725,33
17704,2209,306,20
17705,2209,636,18
17706,2209,342,14
17707,2209,48,44
17708,2209,23,35
17709,2209,396,16
17710,2210,677,17
17711,2210,678,19
17712,2211,471,116
17713,2211,422,15
17714,2211,425,16
17715,2211,418,18
17716,2211,466,120
17717,2212,464,115
17718,2212,470,79
17719,2212,469,69
17720,2212,739,17
17721,2212,466,104
17722,2213,441,23
17723,2213,730,28
17724,2213,729,25
17725,2213,440,18
17726,2214,34,44
17727,2214,455,104
17728,2214,787,193
17729,2214,40,47
17730,2214,47,50
17731,2214,25,27
17732,2214,348,18
17733,2214,637,16
17734,2214,23,26
17735,2214,456,81
17736,2214,551,58
17737,2214,33,33
17738,2215,9,39
17739,2215,333,21
17740,2215,2,36
17741,2215,327,16
17742,2215,20,31
17743,2215,207,15
17744,2215,19,37
17745,2216,696,27
17746,2216,62,46
17747,2216,610,70
17748,2216,694,47
17749,2216,55,48
17750,2216,695,34
17751,2217,648,15
17752,2217,655,16
17753,2217,654,19
17754,2217,652,15
17755,2217,649,14
17756,2217,651,17
17757,2217,653,17
17758,2217,650,11
17759,2217,647,14
17760,2218,31,42
17761,2218,558,53
17762,2218,400,14
17763,2218,306,12
17764,2218,26,46
17765,2218,549,64
17766,2218,556,46
17767,2218,398,17
17768,2218,461,108
17769,2219,440,14
17770,2219,441,23
17771,2219,730,44
17772,2219,729,39
17773,2220,683,30
17774,2220,686,42
17775,2220,689,39
17776,2220,603,59
17777,2220,688,33
17778,2220,607,43
17779,2220,680,13
17780,2220,605,46
17781,2220,388,16
17782,2220,684,39
17783,2221,745,12
17784,2221,313,17
17785,2221,312,17
17786,2221,741,13
17787,2221,743,15
17788,2221,314,13
17789,2221,744,16
17790,2221,748,17
17791,2221,742,15
17792,2221,746,17
17793,2221,747,13
17794,2222,493,114
17795,2222,762,16
17796,2222,489,100
17797,2222,483,73
17798,2222,764,13
17799,2222,482,107
17800,2222,492,81
17801,2222,479,73
17802,2222,488,98
17803,2222,490,106
17804,2222,491,75
17805,2223,489,130
17806,2223,486,99
17807,2223,482,112
17808,2223,483,80
17809,2223,484,100
17810,2223,488,116
17811,2223,479,72
17812,2223,490,103
17813,2223,491,139
17814,2223,487,72
17815,2224,812,199
17816,2224,811,294
17817,2224,535,111
17818,2224,806,194
17819,2225,195,52
17820,2225,189,36
17821,2225,198,44
17822,2225,190,28
17823,2225,191,39
17824,2225,196,29
17825,2225,192,44
17826,2225,524,102
17827,2225,197,51
17828,2225,200,45
17829,2225,525,103
17830,2225,194,40
17831,2225,199,38
17832,2226,490,102
17833,2226,764,15
17834,2226,481,133
17835,2226,484,116
17836,2226,480,89
17837,2226,485,113
17838,2226,763,15
17839,2226,482,101
17840,2227,741,16
17841,2227,312,17
17842,2227,746,15
17843,2227,314,20
17844,2227,747,15
17845,2227,744,18
17846,2227,313,20
17847,2227,745,14
17848,2227,748,13
17849,2227,743,11
17850,2227,742,14
17851,2228,249,24
17852,2228,247,29
17853,2228,251,15
17854,2228,241,15
17855,2229,250,20
17856,2229,237,21
17857,2229,235,15
17858,2229,236,17
17859,2229,242,17
17860,2229,241,18
17861,2229,233,24
17862,2229,239,16
17863,2229,243,18
17864,2230,64,39
17865,2230,386,17
17866,2230,694,39
17867,2230,690,38
17868,2230,57,40
17869,2230,691,37
17870,2230,67,44
17871,2230,695,32
17872,2230,608,55
17873,2230,61,26
17874,2230,63,39
17875,2230,54,30
17876,2231,287,16
17877,2231,288,16
17878,2231,289,18
17879,2231,294,17
17880,2231,285,17
17881,2232,604,52
17882,2232,681,33
17883,2232,679,13
17884,2232,607,35
17885,2232,389,16
17886,2232,602,60
17887,2232,680,19
17888,2232,686,34
17889,2232,603,47
17890,2232,685,26
17891,2233,548,37
17892,2233,36,42
17893,2233,554,59
17894,2233,400,17
17895,2233,51,37
17896,2234,261,26
17897,2234,266,16
17898,2234,260,15
17899,2234,257,14
17900,2234,259,21
17901,2234,258,25
17902,2234,267,14
17903,2234,262,24
17904,2234,264,22
17905,2234,269,17
17906,2235,802,156
17907,2235,801,160
17908,2235,799,152
17909,2235,531,104
17910,2235,803,269
17911,2235,797,217
17912,2236,469,67
17913,2236,419,22
17914,2236,731,18
17915,2236,464,124
17916,2236,427,17
17917,2236,738,16
17918,2236,739,13
17919,2237,281,17
17920,2237,271,17
17921,2237,753,12
17922,2237,282,17
17923,2237,280,26
17924,2237,283,26
17925,2237,754,14
17926,2237,278,18
17927,2238,244,23
17928,2238,243,17
17929,2238,250,19
17930,2238,233,16
17931,2238,237,17
17932,2238,251,15
17933,2239,651,14
17934,2239,650,16
17935,2239,649,19
17936,2239,648,18
17937,2239,647,15
17938,2240,218,24
17939,2240,377,20
17940,2240,230,19
17941,2240,210,22
17942,2240,214,22
17943,2240,215,20
17944,2240,229,19
17945,2240,220,18
17946,2240,373,20
17947,2240,216,26
17948,2240,221,22
17949,2241,797,172
17950,2241,799,235
17951,2241,802,235
17952,2241,532,126
17953,2241,533,98
17954,2242,731,16
17955,2242,421,18
17956,2242,475,93
17957,2242,464,94
17958,2242,476,109
17959,2243,279,13
17960,2243,270,22
17961,2243,274,27
17962,2243,275,20
17963,2243,276,23
17964,2243,278,20
17965,2243,280,16
17966,2243,754,14
17967,2243,284,28
17968,2243,277,15
17969,2243,281,21
17970,2243,282,24
17971,2244,611,19
17972,2244,319,24
17973,2244,318,18
17974,2244,617,21
17975,2244,412,13
17976,2244,615,16
17977,2244,624,16
17978,2244,408,17
17979,2244,616,17
17980,2245,304,21
17981,2245,297,18
17982,2245,305,24
17983,2245,303,20
17984,2245,717,31
17985,2245,719,35
17986,2245,720,40
17987,2245,298,24
17988,2245,302,15
17989,2245,301,20
17990,2245,299,17
17991,2246,223,22
17992,2246,228,22
17993,2246,216,21
17994,2246,377,15
17995,2246,213,14
17996,2246,757,15
17997,2246,217,13
17998,2246,370,16
17999,2246,211,20
18000,2246,758,12
18001,2247,182,50
18002,2247,715,38
18003,2247,177,47
18004,2247,713,24
18005,2247,714,27
18006,2247,187,48
18007,2247,180,47
18008,2247,186,41
18009,2248,285,13
18010,2248,293,14
18011,2248,286,21
18012,2248,295,20
18013,2248,290,20
18014,2248,296,17
18015,2248,292,21
18016,2248,289,21
18017,2248,445,23
18018,2248,291,12
18019,2248,288,22
18020,2248,294,22
18021,2248,444,17
18022,2249,677,15
18023,2249,678,15
18024,2250,184,45
18025,2250,716,27
18026,2250,713,34
18027,2250,185,37
18028,2251,388,16
18029,2251,604,59
18030,2251,606,53
18031,2251,682,34
18032,2252,479,110
18033,2252,483,76
18034,2252,492,106
18035,2252,761,14
18036,2252,487,136
18037,2252,491,105
18038,2252,486,132
18039,2252,493,118
18040,2252,480,116
18041,2253,478,124
18042,2253,472,115
18043,2253,419,19
18044,2253,466,89
18045,2253,424,14
18046,2253,735,15
18047,2253,736,13
18048,2253,473,105
18049,2254,558,48
18050,2254,35,51
18051,2254,788,195
18052,2254,48,51
18053,2254,553,52
18054,2254,31,33
18055,2254,344,19
18056,2254,627,19
18057,2254,632,17
18058,2255,80,30
18059,2255,81,41
18060,2255,526,104
18061,2255,70,27
18062,2255,362,18
18063,2255,88,42
18064,2255,527,83
18065,2255,79,36
18066,2255,587,51
18067,2256,653,11
18068,2256,648,18
18069,2256,655,16
18070,2256,654,18
18071,2257,301,24
18072,2257,304,16
18073,2257,302,18
18074,2257,718,39
18075,2258,661,23
18076,2258,659,14
18077,2258,660,15
18078,2258,656,17
18079,2258,658,21
18080,2258,657,16
18081,2259,344,21
18082,2259,52,45
18083,2259,25,48
18084,2259,357,20
18085,2259,549,74
18086,2259,23,34
18087,2259,32,40
18088,2259,783,250
18089,2259,788,116
18090,2259,786,140
18091,2260,113,34
18092,2260,582,53
18093,2260,112,28
18094,2260,383,18
18095,2260,98,41
18096,2260,110,56
18097,2261,198,39
18098,2261,197,40
18099,2261,194,51
18100,2261,195,31
18101,2261,524,56
18102,2261,522,95
18103,2261,523,90
18104,2261,192,40
18105,2261,191,45
18106,2261,193,47
18107,2261,199,37
18108,2261,525,109
18109,2262,758,12
18110,2262,374,18
18111,2262,229,21
18112,2262,212,23
18113,2262,231,22
18114,2262,376,17
18115,2262,220,22
18116,2262,232,13
18117,2262,226,20
18118,2262,377,11
18119,2263,394,16
18120,2263,637,15
18121,2263,42,45
18122,2263,310,12
18123,2263,549,56
18124,2263,787,150
18125,2263,784,264
18126,2263,41,55
18127,2263,459,61
18128,2263,22,22
18129,2263,391,13
18130,2263,455,84
18131,2264,506,103
18132,2264,503,102
18133,2264,771,17
18134,2264,507,84
18135,2264,772,15
18136,2264,770,19
18137,2264,505,104
18138,2264,769,11
18139,2264,504,102
18140,2265,719,36
18141,2265,720,39
18142,2265,301,17
18143,2265,302,22
18144,2265,304,14
18145,2265,305,29
18146,2265,298,29
18147,2265,299,18
18148,2265,297,17
18149,2265,300,23
18150,2265,303,14
18151,2265,718,30
18152,2265,717,31
18153,2266,609,47
18154,2266,67,38
18155,2266,696,40
18156,2266,385,16
18157,2266,55,24
18158,2266,61,33
18159,2266,692,32
18160,2266,695,29
18161,2266,56,50
18162,2266,63,48
18163,2266,693,32
18164,2266,68,35
18165,2267,730,30
18166,2267,729,33
18167,2267,441,17
18168,2267,440,14
18169,2268,314,19
18170,2268,741,15
18171,2268,748,12
18172,2268,312,16
18173,2269,319,19
18174,2269,406,15
18175,2269,410,16
18176,2269,407,20
18177,2269,412,15
18178,2270,777,219
18179,2270,3,40
18180,2270,774,199
18181,2270,6,42
18182,2271,133,38
18183,2271,128,40
18184,2271,121,35
18185,2271,122,38
18186,2271,700,43
18187,2271,125,41
18188,2271,701,46
18189,2271,702,29
18190,2271,136,34
18191,2271,706,42
18192,2271,707,34
18193,2272,526,78
18194,2272,527,114
18195,2272,432,19
18196,2272,589,70
18197,2272,80,46
18198,2272,84,43
18199,2272,528,128
18200,2272,529,142
18201,2272,96,49
18202,2272,91,44
18203,2272,369,24
18204,2272,588,53
18205,2273,713,37
18206,2273,185,28
18207,2273,178,45
18208,2273,716,29
18209,2273,182,39
18210,2273,179,49
18211,2273,186,50
18212,2273,183,36
18213,2274,494,150
18214,2274,498,100
18215,2274,497,113
18216,2274,496,117
18217,2274,500,80
18218,2274,495,124
18219,2274,499,109
18220,2274,502,132
18221,2274,501,126
18222,2274,766,20
18223,2274,768,14
18224,2274,765,19
18225,2275,802,237
18226,2275,803,213
18227,2275,801,229
18228,2275,530,137
18229,2275,804,227
18230,2275,799,260
18231,2275,532,148
18232,2276,91,53
18233,2276,92,43
18234,2276,529,94
18235,2276,365,24
18236,2276,90,49
18237,2276,83,34
18238,2276,584,64
18239,2276,71,55
18240,2276,82,54
18241,2277,800,217
18242,2277,804,275
18243,2277,802,221
18244,2277,533,107
18245,2277,531,114
18246,2277,798,235
18247,2277,530,115
18248,2277,801,260
18249,2277,803,148
18250,2278,294,17
18251,2278,290,21
18252,2278,286,22
18253,2278,444,20
18254,2278,296,19
18255,2278,293,19
18256,2278,285,29
18257,2278,291,17
18258,2278,295,20
18259,2278,287,20
18260,2278,289,24
18261,2278,288,24
18262,2278,292,24
18263,2279,333,22
18264,2279,14,26
18265,2279,780,214
18266,2279,339,14
18267,2279,335,24
18268,2279,16,47
18269,2279,336,14
18270,2280,558,44
18271,2280,48,42
18272,2280,27,45
18273,2280,44,42
18274,2280,49,42
18275,2280,50,57
18276,2280,457,150
18277,2280,635,17
18278,2280,632,20
18279,2280,400,21
18280,2281,11,35
18281,2281,335,21
18282,2281,446,134
18283,2281,541,63
18284,2281,453,105
18285,2281,204,22
18286,2281,539,64
18287,2282,254,25
18288,2282,258,14
18289,2282,253,27
18290,2282,269,18
18291,2282,265,19
18292,2283,78,52
18293,2283,585,50
18294,2283,587,57
18295,2283,83,44
18296,2283,430,20
18297,2283,366,25
18298,2283,75,34
18299,2283,365,17
18300,2283,432,17
18301,2283,526,129
18302,2283,81,47
18303,2283,527,133
18304,2284,659,18
18305,2284,656,21
18306,2284,657,22
18307,2284,661,17
18308,2284,658,13
18309,2284,660,17
18310,2285,296,14
18311,2285,287,30
18312,2285,285,29
18313,2285,290,13
18314,2285,293,17
18315,2285,291,24
18316,2286,807,231
18317,2286,808,198
18318,2286,811,228
18319,2286,809,220
18320,2286,535,113
18321,2286,812,232
18322,2286,805,203
18323,2286,806,162
18324,2287,334,23
18325,2287,538,55
18326,2287,327,24
18327,2287,336,12
18328,2287,332,17
18329,2287,340,15
18330,2287,545,63
18331,2288,714,47
18332,2288,188,38
18333,2288,184,53
18334,2288,183,58
18335,2288,179,56
18336,2289,638,18
18337,2289,645,19
18338,2289,639,17
18339,2289,640,23
18340,2289,643,15
18341,2289,644,13
18342,2289,641,18
18343,2290,336,16
18344,2290,776,248
18345,2290,777,220
18346,2290,544,51
18347,2290,325,16
18348,2290,11,37
18349,2290,447,97
18350,2290,334,22
18351,2290,12,51
18352,2290,6,40
18353,2290,331,16
18354,2291,318,25
18355,2291,414,14
18356,2291,623,13
18357,2291,417,18
18358,2291,411,18
18359,2291,406,17
18360,2291,618,22
18361,2291,407,12
18362,2292,30,44
18363,2292,781,186
18364,2292,404,20
18365,2292,552,71
18366,2293,721,35
18367,2293,724,50
18368,2293,722,50
18369,2293,723,50
18370,2294,464,90
18371,2294,732,11
18372,2294,478,80
18373,2294,465,122
18374,2294,472,113
18375,2294,476,109
18376,2294,421,25
18377,2294,736,19
18378,2295,503,123
18379,2295,772,17
18380,2295,770,20
18381,2295,771,20
18382,2295,504,121
18383,2295,505,105
18384,2296,654,16
18385,2296,650,23
18386,2296,651,17
18387,2296,647,17
18388,2296,649,23
18389,2296,655,25
18390,2296,652,18
18391,2296,653,14
18392,2297,281,21
18393,2297,274,28
18394,2297,280,24
18395,2297,754,14
18396,2297,276,20
18397,2297,283,13
18398,2297,277,30
18399,2297,755,19
18400,2297,284,20
18401,2297,753,17
18402,2297,272,26
18403,2298,318,19
18404,2298,623,18
18405,2298,415,25
18406,2298,315,26
18407,2299,589,78
18408,2299,584,64
18409,2299,368,14
18410,2299,78,38
18411,2299,73,29
18412,2299,89,33
18413,2299,80,28
18414,2299,430,17
18415,2299,96,42
18416,2299,83,60
18417,2300,343,21
18418,2300,554,70
18419,2300,782,142
18420,2300,21,59
18421,2300,405,18
18422,2300,346,17
18423,2300,32,50
18424,2300,28,39
18425,2300,49,39
18426,2300,787,142
18427,2300,360,14
18428,2300,788,179
18429,2300,550,42
18430,2301,326,25
18431,2301,208,26
18432,2301,536,69
18433,2301,328,19
18434,2301,451,99
18435,2301,13,51
18436,2301,779,243
18437,2302,658,18
18438,2302,657,20
18439,2302,659,14
18440,2302,660,23
18441,2302,656,14
18442,2302,661,22
18443,2303,722,30
18444,2303,721,41
18445,2303,724,46
18446,2303,723,41
18447,2304,757,14
18448,2304,211,22
18449,2304,758,20
18450,2304,230,25
18451,2304,214,24
18452,2304,220,17
18453,2304,370,19
18454,2304,216,25
18455,2304,759,15
18456,2304,212,21
18457,2304,378,13
18458,2304,210,19
18459,2305,105,38
18460,2305,113,60
18461,2305,382,18
18462,2305,110,38
18463,2305,380,19
18464,2305,114,58
18465,2305,578,36
18466,2305,115,50
18467,2305,98,44
18468,2305,97,38
18469,2305,100,30
18470,2306,661,15
18471,2306,656,19
18472,2306,659,20
18473,2306,657,17
18474,2307,380,16
18475,2307,107,45
18476,2307,580,69
18477,2307,381,19
18478,2307,384,20
18479,2307,101,32
18480,2307,112,43
18481,2307,579,58
18482,2308,233,20
18483,2308,246,21
18484,2308,251,25
18485,2308,244,19
18486,2308,236,22
18487,2309,214,18
18488,2309,219,22
18489,2309,212,25
18490,2309,226,20
18491,2309,218,20
18492,2309,228,23
18493,2309,757,13
18494,2309,230,22
18495,2309,374,21
18496,2309,377,17
18497,2310,663,22
18498,2310,662,25
18499,2310,664,21
18500,2310,666,19
18501,2310,667,16
18502,2310,665,18
18503,2311,116,52
18504,2311,582,57
18505,2311,109,52
18506,2311,384,18
18507,2311,115,50
18508,2311,97,58
18509,2311,114,60
18510,2311,108,39
18511,2312,750,16
18512,2312,443,20
18513,2312,752,15
18514,2312,751,16
18515,2312,442,25
18516,2312,749,18
18517,2313,326,24
18518,2313,536,61
18519,2313,11,38
18520,2313,13,57
18521,2313,19,36
18522,2313,201,21
18523,2313,16,48
18524,2313,449,78
18525,2313,9,44
18526,2313,537,54
18527,2313,206,21
18528,2313,337,20
18529,2313,778,212
18530,2313,780,276
18531,2314,676,17
18532,2314,674,22
18533,2314,673,18
18534,2314,675,23
18535,2315,274,17
18536,2315,278,23
18537,2315,273,28
18538,2315,275,25
18539,2315,272,21
18540,2315,283,19
18541,2315,271,14
18542,2315,755,20
18543,2315,284,13
18544,2315,277,21
18545,2315,753,17
18546,2315,280,21
18547,2315,270,20
18548,2316,736,20
18549,2316,425,18
18550,2316,466,124
18551,2316,420,25
18552,2316,731,19
18553,2316,477,150
18554,2316,424,25
18555,2316,739,14
18556,2316,475,95
18557,2316,468,98
18558,2316,734,16
18559,2316,418,16
18560,2316,735,16
18561,2317,47,53
18562,2317,21,41
18563,2317,39,53
18564,2317,354,18
18565,2317,549,55
18566,2317,34,38
18567,2318,256,23
18568,2318,265,22
18569,2318,258,20
18570,2318,268,26
18571,2318,261,27
18572,2318,267,24
18573,2318,255,24
18574,2318,259,26
18575,2318,269,26
18576,2318,264,23
18577,2319,637,18
18578,2319,346,21
18579,2319,353,15
18580,2319,631,22
18581,2320,102,43
18582,2320,109,60
18583,2320,379,13
18584,2320,107,38
18585,2320,581,59
18586,2320,110,33
18587,2320,384,22
18588,2320,578,80
18589,2320,380,21
18590,2320,112,46
18591,2320,99,38
18592,2320,582,46
18593,2321,134,49
18594,2321,131,44
18595,2321,121,28
18596,2321,699,40
18597,2321,702,46
18598,2321,132,53
18599,2321,124,36
18600,2321,127,24
18601,2322,435,17
18602,2322,70,37
18603,2322,90,45
18604,2322,526,119
18605,2322,75,44
18606,2323,225,17
18607,2323,215,22
18608,2323,759,13
18609,2323,223,30
18610,2323,374,21
18611,2323,227,25
18612,2323,757,13
18613,2323,760,13
18614,2323,222,25
18615,2323,370,24
18616,2323,371,23
18617,2323,214,25
18618,2324,276,14
18619,2324,281,25
18620,2324,279,17
18621,2324,277,28
18622,2324,273,21
18623,2324,756,14
18624,2324,274,22
18625,2324,272,22
18626,2324,280,20
18627,2324,754,12
18628,2324,270,14
18629,2324,755,16
18630,2325,488,92
18631,2325,761,15
18632,2325,762,14
18633,2325,480,127
18634,2325,486,109
18635,2325,489,145
18636,2325,493,125
18637,2325,484,113
18638,2325,482,125
18639,2325,492,122
18640,2325,487,124
18641,2326,741,19
18642,2326,312,22
18643,2326,744,19
18644,2326,742,18
18645,2326,745,17
18646,2326,313,22
18647,2327,451,150
18648,2327,12,56
18649,2327,20,37
18650,2327,538,65
18651,2327,773,208
18652,2327,14,60
18653,2327,8,44
18654,2327,5,45
18655,2328,236,28
18656,2328,251,21
18657,2328,247,18
18658,2328,238,24
18659,2328,239,14
18660,2328,248,20
18661,2328,246,28
18662,2329,564,60
18663,2329,568,54
18664,2329,561,80
18665,2329,565,62
18666,2329,562,50
18667,2329,567,45
18668,2330,650,18
18669,2330,649,25
18670,2330,653,19
18671,2330,654,17
18672,2330,648,13
18673,2330,647,18
18674,2330,652,18
18675,2330,651,18
18676,2331,580,66
18677,2331,107,49
18678,2331,384,19
18679,2331,582,58
18680,2331,97,50
18681,2331,108,46
18682,2332,73,53
18683,2332,95,57
18684,2332,431,19
18685,2332,88,30
18686,2332,85,46
18687,2332,84,50
18688,2332,369,18
18689,2332,363,16
18690,2332,90,56
18691,2332,92,52
18692,2332,432,17
18693,2332,82,52
18694,2333,84,38
18695,2333,589,75
18696,2333,362,17
18697,2333,529,93
18698,2333,364,19
18699,2333,368,19
18700,2334,275,19
18701,2334,277,20
18702,2334,274,25
18703,2334,279,24
18704,2334,756,18
18705,2334,273,20
18706,2334,753,20
18707,2335,807,187
18708,2335,535,132
18709,2335,808,236
18710,2335,812,288
18711,2335,810,260
18712,2335,534,94
18713,2335,806,196
18714,2335,805,170
18715,2336,427,24
18716,2336,476,147
18717,2336,473,109
18718,2336,467,92
18719,2337,421,18
18720,2337,420,23
18721,2337,471,116
18722,2337,422,15
18723,2337,468,109
18724,2337,426,19
18725,2337,740,17
18726,2337,419,25
18727,2337,477,88
18728,2337,423,24
18729,2337,425,16
18730,2337,470,99
18731,2338,674,18
18732,2338,673,16
18733,2338,676,14
18734,2338,675,18
18735,2339,243,25
18736,2339,234,18
18737,2339,236,24
18738,2339,242,23
18739,2339,238,25
18740,2339,241,29
18741,2339,252,16
18742,2340,580,63
18743,2340,99,53
18744,2340,108,55
18745,2340,582,80
18746,2340,579,80
18747,2340,101,42
18748,2341,677,14
18749,2341,678,24
18750,2342,11,54
18751,2342,446,110
18752,2342,780,232
18753,2342,326,20
18754,2342,203,25
18755,2342,537,45
18756,2342,8,49
18757,2342,543,39
18758,2342,20,46
18759,2343,605,61
18760,2343,689,34
18761,2343,388,15
18762,2343,606,58
18763,2344,83,41
18764,2344,362,16
18765,2344,365,13
18766,2344,584,73
18767,2344,367,16
18768,2344,76,32
18769,2344,89,40
18770,2344,528,109
18771,2344,70,41
18772,2344,361,22
18773,2345,641,24
18774,2345,645,19
18775,2345,643,15
18776,2345,646,14
18777,2345,640,20
18778,2346,303,21
18779,2346,299,19
18780,2346,304,12
18781,2346,301,30
18782,2346,717,35
18783,2346,298,26
18784,2346,718,32
18785,2346,302,15
18786,2346,300,24
18787,2346,297,26
18788,2346,719,46
18789,2346,720,36
18790,2347,495,94
18791,2347,501,96
18792,2347,500,107
18793,2347,494,107
18794,2347,497,108
18795,2347,499,139
18796,2347,498,118
18797,2347,766,16
18798,2348,497,123
18799,2348,501,74
18800,2348,494,97
18801,2348,498,113
18802,2348,499,86
18803,2348,495,106
18804,2348,496,133
18805,2348,765,16
18806,2348,500,104
18807,2348,767,16
18808,2348,502,150
18809,2349,193,44
18810,2349,191,44
18811,2349,189,39
18812,2349,523,126
18813,2349,195,40
18814,2349,190,43
18815,2349,192,38
18816,2349,525,109
18817,2349,199,30
18818,2350,600,54
18819,2350,516,147
18820,2350,794,183
18821,2350,791,242
18822,2350,796,228
18823,2350,790,219
18824,2350,601,69
18825,2350,508,103
18826,2350,517,99
18827,2350,597,52
18828,2350,789,300
18829,2351,648,12
18830,2351,654,21
18831,2351,647,14
18832,2351,655,13
18833,2351,651,14
18834,2351,652,17
18835,2352,701,35
18836,2352,121,28
18837,2352,135,58
18838,2352,705,34
18839,2352,119,48
18840,2352,704,36
18841,2352,128,44
18842,2352,122,38
18843,2352,125,46
18844,2352,706,26
18845,2353,781,226
18846,2353,784,177
18847,2353,311,22
18848,2353,457,131
18849,2353,39,42
18850,2353,37,39
18851,2354,29,41
18852,2354,42,43
18853,2354,31,37
18854,2354,391,19
18855,2354,626,24
18856,2354,788,167
18857,2354,22,51
18858,2354,311,14
18859,2354,402,19
18860,2354,463,94
18861,2354,44,55
18862,2354,787,268
18863,2354,33,36
18864,2355,750,16
18865,2355,752,17
18866,2355,443,19
18867,2355,442,15
18868,2355,749,16
18869,2355,751,13
18870,2356,655,17
18871,2356,649,19
18872,2356,651,14
18873,2356,654,20
18874,2356,647,14
18875,2356,650,16
18876,2356,648,17
18877,2357,665,18
18878,2357,662,19
18879,2357,664,23
18880,2357,663,17
18881,2358,428,16
18882,2358,473,111
18883,2358,418,19
18884,2358,429,20
18885,2358,425,17
18886,2358,424,20
18887,2358,422,22
18888,2358,731,18
18889,2358,426,12
18890,2358,464,94
18891,2358,736,16
18892,2358,739,12
18893,2359,84,55
18894,2359,435,23
18895,2359,430,17
18896,2359,366,22
18897,2359,82,54
18898,2359,71,43
18899,2359,85,34
18900,2360,142,37
18901,2360,708,47
18902,2360,147,35
18903,2360,153,38
18904,2360,155,41
18905,2360,146,60
18906,2360,156,54
18907,2360,140,54
18908,2360,149,42
18909,2360,145,33
18910,2361,512,71
18911,2361,597,67
18912,2361,511,150
18913,2361,514,72
18914,2361,794,176
18915,2361,596,68
18916,2361,516,115
18917,2361,515,128
18918,2361,508,96
18919,2361,509,106
18920,2361,600,48
18921,2361,791,300
18922,2361,790,274
18923,2362,788,204
18924,2362,459,110
18925,2362,787,240
18926,2362,394,17
18927,2363,345,18
18928,2363,48,60
18929,2363,349,18
18930,2363,393,20
18931,2363,37,45
18932,2363,352,19
18933,2363,34,53
18934,2363,26,42
18935,2364,156,58
18936,2364,154,38
18937,2364,143,45
18938,2364,710,26
18939,2364,141,54
18940,2365,603,52
18941,2365,681,41
18942,2365,605,64
18943,2365,685,45
18944,2365,682,37
18945,2365,679,21
18946,2366,432,19
18947,2366,584,58
18948,2366,72,55
18949,2366,77,49
18950,2366,74,51
18951,2366,587,65
18952,2366,75,35
18953,2366,435,16
18954,2366,430,19
18955,2366,91,44
18956,2367,271,27
18957,2367,278,20
18958,2367,277,20
18959,2367,272,30
18960,2367,279,24
18961,2367,753,17
18962,2367,755,20
18963,2367,284,21
18964,2367,274,24
18965,2367,754,15
18966,2368,740,12
18967,2368,738,13
18968,2368,472,116
18969,2368,473,121
18970,2368,731,13
18971,2368,468,133
18972,2368,465,113
18973,2368,422,16
18974,2368,474,137
18975,2368,424,23
18976,2368,426,20
18977,2369,608,50
18978,2369,65,32
18979,2369,692,35
18980,2369,385,12
18981,2369,695,31
18982,2369,56,45
18983,2369,53,55
18984,2369,694,32
18985,2369,697,37
18986,2370,221,25
18987,2370,211,26
18988,2370,378,22
18989,2370,218,21
18990,2370,222,17
18991,2371,23,50
18992,2371,782,113
18993,2371,635,20
18994,2371,49,39
18995,2371,307,29
18996,2371,346,21
18997,2371,784,208
18998,2372,392,15
18999,2372,395,23
19000,2372,343,14
19001,2372,628,20
19002,2372,29,44
19003,2372,553,48
19004,2372,37,39
19005,2373,310,30
19006,2373,48,55
19007,2373,34,45
19008,2373,783,123
19009,2373,634,20
19010,2373,391,15
19011,2373,626,22
19012,2373,552,80
19013,2373,549,75
19014,2373,460,133
19015,2373,345,19
19016,2373,29,43
19017,2373,35,46
19018,2374,419,17
19019,2374,424,17
19020,2374,427,15
19021,2374,475,97
19022,2374,470,107
19023,2374,474,73
19024,2374,736,18
19025,2375,91,60
19026,2375,586,63
19027,2375,69,45
19028,2375,81,39
19029,2375,95,47
19030,2375,368,16
19031,2375,70,27
19032,2375,84,42
19033,2375,367,22
19034,2375,74,39
19035,2375,82,42
19036,2376,111,48
19037,2376,98,49
19038,2376,114,60
19039,2376,110,51
19040,2376,380,16
19041,2376,384,19
19042,2377,452,106
19043,2377,201,17
19044,2377,337,20
19045,2377,339,15
19046,2377,328,18
19047,2377,206,22
19048,2377,208,22
19049,2378,568,56
19050,2378,562,63
19051,2378,566,40
19052,2378,563,70
19053,2378,567,66
19054,2378,564,56
19055,2378,560,57
19056,2378,561,64
19057,2378,565,69
19058,2379,518,102
19059,2379,519,65
19060,2379,521,117
19061,2379,174,60
19062,2379,170,42
19063,2380,809,198
19064,2380,807,143
19065,2380,808,209
19066,2380,535,102
19067,2381,441,23
19068,2381,440,19
19069,2381,729,48
19070,2381,730,31
19071,2382,295,19
19072,2382,293,19
19073,2382,286,16
19074,2382,296,23
19075,2382,294,28
19076,2382,285,30
19077,2383,572,55
19078,2383,569,78
19079,2383,570,69
19080,2383,574,56
19081,2383,577,71
19082,2384,793,198
19083,2384,597,73
19084,2384,791,169
19085,2384,512,111
19086,2384,596,52
19087,2385,418,17
19088,2385,467,72
19089,2385,424,17
19090,2385,469,137
19091,2385,738,13
19092,2385,420,23
19093,2385,736,15
19094,2385,740,17
19095,2385,471,109
19096,2385,735,16
19097,2385,465,101
19098,2386,721,41
19099,2386,723,41
19100,2386,722,29
19101,2386,724,29
19102,2387,182,32
19103,2387,179,43
19104,2387,185,29
19105,2387,177,43
19106,2387,714,27
19107,2387,184,41
19108,2387,180,40
19109,2387,183,50
19110,2387,716,41
19111,2387,713,31
19112,2387,187,35
19113,2388,554,51
19114,2388,559,66
19115,2388,26,48
19116,2388,23,53
19117,2388,310,19
19118,2388,38,31
19119,2388,309,14
19120,2388,46,28
19121,2388,631,14
19122,2389,223,21
19123,2389,225,18
19124,2389,226,23
19125,2389,227,29
19126,2389,231,26
19127,2389,222,26
19128,2389,214,17
19129,2389,232,26
19130,2389,377,16
19131,2390,342,21
19132,2390,400,14
19133,2390,51,42
19134,2390,356,16
19135,2390,457,117
19136,2390,402,19
19137,2390,784,187
19138,2390,25,39
19139,2390,635,16
19140,2390,391,18
19141,2390,40,51
19142,2390,347,23
19143,2391,452,145
19144,2391,321,22
19145,2391,1,31
19146,2391,539,74
19147,2391,446,87
19148,2391,774,168
19149,2391,327,15
19150,2391,450,104
19151,2391,778,161
19152,2392,237,20
19153,2392,246,20
19154,2392,233,20
19155,2392,239,20
19156,2392,240,26
19157,2392,250,26
19158,2392,245,25
19159,2392,243,22
19160,2392,248,15
19161,2392,238,16
19162,2392,252,22
19163,2392,234,19
19164,2393,622,24
19165,2393,315,22
19166,2393,611,13
19167,2393,623,22
19168,2393,320,30
19169,2393,410,14
19170,2393,614,23
19171,2393,407,16
19172,2393,624,24
19173,2393,621,24
19174,2394,229,17
19175,2394,223,20
19176,2394,226,14
19177,2394,215,13
19178,2394,209,19
19179,2394,759,15
19180,2394,760,17
19181,2394,214,22
19182,2394,224,26
19183,2394,376,17
19184,2394,377,14
19185,2394,372,22
19186,2394,212,25
19187,2395,303,20
19188,2395,718,36
19189,2395,302,23
19190,2395,720,41
19191,2395,305,25
19192,2395,297,23
19193,2395,301,20
19194,2395,300,20
19195,2395,717,39
19196,2395,719,34
19197,2395,299,24
19198,2395,304,27
19199,2396,269,23
19200,2396,256,25
19201,2396,259,21
19202,2396,257,23
19203,2396,258,20
19204,2396,264,18
19205,2396,266,25
19206,2396,267,21
19207,2396,262,21
19208,2396,265,23
19209,2397,138,42
19210,2397,710,35
19211,2397,141,45
19212,2397,142,44
19213,2397,709,33
19214,2397,140,36
19215,2397,711,35
19216,2397,146,41
19217,2397,148,41
19218,2397,712,26
19219,2397,153,49
19220,2397,151,34
19221,2398,804,218
19222,2398,802,199
19223,2398,797,177
19224,2398,799,246
19225,2398,533,129
19226,2398,803,221
19227,2398,531,85
19228,2398,532,116
19229,2398,530,96
19230,2399,715,29
19231,2399,186,47
19232,2399,180,39
19233,2399,179,46
19234,2399,182,56
19235,2399,184,59
19236,2399,181,42
19237,2399,178,32
19238,2399,714,30
19239,2399,185,49
19240,2399,713,40
19241,2399,188,41
19242,2400,655,15
19243,2400,654,13
19244,2400,653,21
19245,2400,648,22
19246,2400,650,20
19247,2400,647,18
19248,2400,649,21
19249,2400,652,20
19250,2400,651,14
19251,2401,589,50
19252,2401,71,31
19253,2401,78,28
19254,2401,93,46
19255,2401,433,19
19256,2401,368,18
19257,2402,180,40
19258,2402,178,44
19259,2402,715,21
19260,2402,713,41
19261,2402,181,41
19262,2402,716,32
19263,2402,183,52
19264,2402,184,48
19265,2402,182,43
19266,2402,714,22
19267,2402,179,36
19268,2403,561,61
19269,2403,568,57
19270,2403,564,44
19271,2403,563,57
19272,2403,567,37
19273,2403,562,68
19274,2403,560,58
19275,2403,565,42
19276,2403,566,66
19277,2404,720,33
19278,2404,300,20
19279,2404,303,16
19280,2404,719,25
19281,2404,298,13
19282,2404,304,17
19283,2404,717,30
19284,2404,301,21
19285,2405,115,45
19286,2405,383,17
19287,2405,580,51
19288,2405,379,17
19289,2406,723,31
19290,2406,721,29
19291,2406,722,35
19292,2406,724,41
19293,2407,730,33
19294,2407,441,18
19295,2407,729,37
19296,2407,440,16
19297,2408,799,260
19298,2408,531,98
19299,2408,800,247
19300,2408,533,96
19301,2408,803,193
19302,2408,798,213
19303,2408,797,156
19304,2408,532,114
19305,2408,801,143
19306,2409,278,16
19307,2409,281,16
19308,2409,277,21
19309,2409,270,21
19310,2409,279,17
19311,2409,283,22
19312,2410,729,34
19313,2410,730,34
19314,2410,440,15
19315,2410,441,17
19316,2411,455,108
19317,2411,48,40
19318,2411,548,62
19319,2411,559,51
19320,2411,36,41
19321,2411,552,48
19322,2411,400,12
19323,2411,31,34
19324,2411,401,18
19325,2411,553,52
19326,2411,357,14
19327,2411,783,219
19328,2411,45,48
19329,2412,458,78
19330,2412,636,14
19331,2412,403,15
19332,2412,555,43
19333,2412,784,213
19334,2412,349,19
19335,2412,344,17
19336,2412,783,211
19337,2412,38,38
19338,2412,43,52
19339,2412,787,203
19340,2413,100,34
19341,2413,114,27
19342,2413,582,52
19343,2413,108,53
19344,2413,99,42
19345,2413,115,30
19346,2413,103,39
19347,2413,384,16
19348,2413,579,47
19349,2413,102,43
19350,2413,109,34
19351,2413,116,26
19352,2413,578,66
19353,2414,147,31
19354,2414,153,39
19355,2414,139,44
19356,2414,708,32
19357,2415,624,13
19358,2415,613,15
19359,2415,411,14
19360,2415,620,17
19361,2416,198,36
19362,2416,190,51
19363,2416,191,37
19364,2416,197,51
19365,2416,195,24
19366,2416,196,31
19367,2416,522,75
19368,2416,525,91
19369,2416,524,93
19370,2416,194,43
19371,2416,199,46
19372,2417,172,33
19373,2417,168,48
19374,2417,519,95
19375,2417,167,37
19376,2417,163,47
19377,2417,164,37
19378,2417,169,43
19379,2417,175,37
19380,2418,63,39
19381,2418,59,42
19382,2418,691,23
19383,2418,67,49
19384,2418,696,41
19385,2418,62,35
19386,2418,609,45
19387,2418,65,41
19388,2418,55,42
19389,2418,57,38
19390,2418,54,29
19391,2419,285,16
19392,2419,295,20
19393,2419,292,17
19394,2419,291,12
19395,2419,290,21
19396,2419,444,18
19397,2419,445,20
19398,2419,289,11
19399,2419,294,17
19400,2419,296,18
19401,2419,288,24
19402,2419,293,22
19403,2420,176,35
19404,2420,169,38
19405,2420,166,32
19406,2420,157,30
19407,2420,167,32
19408,2420,158,45
19409,2421,239,11
19410,2421,248,24
19411,2421,234,18
19412,2421,243,24
19413,2421,233,17
19414,2421,237,19
19415,2421,247,14
19416,2421,245,21
19417,2422,771,11
19418,2422,770,14
19419,2422,506,75
19420,2422,503,89
19421,2423,437,14
19422,2423,438,16
19423,2423,726,30
19424,2423,436,16
19425,2424,768,13
19426,2424,496,118
19427,2424,501,67
19428,2424,494,123
19429,2424,498,95
19430,2424,500,89
19431,2425,384,14
19432,2425,109,36
19433,2425,104,32
19434,2425,115,24
19435,2425,102,40
19436,2425,580,41
19437,2425,382,18
19438,2425,103,50
19439,2426,222,14
19440,2426,229,20
19441,2426,374,16
19442,2426,217,17
19443,2426,232,25
19444,2426,371,12
19445,2427,674,14
19446,2427,673,19
19447,2427,676,15
19448,2427,675,11
19449,2428,694,34
19450,2428,698,30
19451,2428,693,26
19452,2428,55,41
19453,2428,58,43
19454,2428,53,35
19455,2428,63,36
19456,2428,610,53
19457,2428,61,34
19458,2428,695,33
19459,2428,386,21
19460,2428,692,43
19461,2428,64,44
19462,2428,68,41
19463,2429,65,39
19464,2429,694,26
19465,2429,698,29
19466,2429,54,28
19467,2429,56,38
19468,2429,609,39
19469,2429,61,46
19470,2430,6,44
19471,2430,7,36
19472,2430,336,15
19473,2430,14,36
19474,2430,537,56
19475,2430,323,15
19476,2430,1,48
19477,2430,17,45
19478,2430,335,19
19479,2430,774,156
19480,2430,545,58
19481,2431,482,100
19482,2431,489,85
19483,2431,479,74
19484,2431,761,12
19485,2431,488,125
19486,2431,486,101
19487,2431,487,99
19488,2432,121,43
19489,2432,120,41
19490,2432,132,30
19491,2432,701,23
19492,2432,117,37
19493,2432,134,37
19494,2432,130,42
19495,2432,700,35
19496,2432,133,42
19497,2432,135,45
19498,2432,704,26
19499,2432,129,45
19500,2433,721,33
19501,2433,722,39
19502,2433,724,33
19503,2433,723,36
19504,2434,770,14
19505,2434,504,113
19506,2434,771,14
19507,2434,772,12
19508,2434,503,80
19509,2434,505,68
19510,2434,769,17
19511,2434,507,101
19512,2434,506,113
19513,2435,650,21
19514,2435,654,17
19515,2435,655,17
19516,2435,653,12
19517,2435,649,17
19518,2435,651,23
19519,2435,648,11
19520,2436,693,43
19521,2436,58,46
19522,2436,691,31
19523,2436,67,39
19524,2436,53,47
19525,2436,64,47
19526,2437,175,51
19527,2437,169,41
19528,2437,520,105
19529,2437,157,29
19530,2437,166,47
19531,2437,518,98
19532,2437,164,44
19533,2437,163,26
19534,2437,159,44
19535,2438,61,32
19536,2438,58,51
19537,2438,691,42
19538,2438,68,38
19539,2439,376,14
19540,2439,209,17
19541,2439,758,14
19542,2439,760,14
19543,2439,222,19
19544,2439,216,19
19545,2439,230,26
19546,2439,757,14
19547,2439,373,12
19548,2440,498,99
19549,2440,497,148
19550,2440,496,131
19551,2440,495,127
19552,2440,494,69
19553,2440,767,15
19554,2440,765,12
19555,2441,582,44
19556,2441,101,30
19557,2441,111,23
19558,2441,99,32
19559,2441,107,34
19560,2441,581,50
19561,2441,108,40
19562,2441,580,67
19563,2441,384,16
19564,2442,652,15
19565,2442,650,18
19566,2442,649,20
19567,2442,648,16
19568,2442,651,21
19569,2442,653,17
19570,2443,660,20
19571,2443,659,22
19572,2443,661,22
19573,2443,657,17
19574,2443,656,17
19575,2443,658,15
19576,2444,282,21
19577,2444,279,16
19578,2444,274,23
19579,2444,754,17
19580,2444,281,23
19581,2444,277,23
19582,2444,275,24
19583,2445,445,15
19584,2445,288,26
19585,2445,444,19
19586,2445,289,20
19587,2446,674,12
19588,2446,673,19
19589,2446,675,17
19590,2446,676,20
19591,2447,115,31
19592,2447,579,47
19593,2447,580,60
19594,2447,101,29
19595,2447,112,46
19596,2447,106,52
19597,2447,578,46
19598,2447,381,14
19599,2447,113,44
19600,2447,104,53
19601,2448,544,34
19602,2448,2,48
19603,2448,5,41
19604,2448,450,107
19605,2449,489,103
19606,2449,484,70
19607,2449,480,119
19608,2449,764,16
19609,2449,486,104
19610,2449,490,70
19611,2449,488,91
19612,2450,654,15
19613,2450,648,17
19614,2450,652,22
19615,2450,655,16
19616,2450,651,16
19617,2450,647,19
19618,2451,13,28
19619,2451,204,21
19620,2451,452,107
19621,2451,10,28
19622,2451,541,70
19623,2451,325,15
19624,2451,536,54
19625,2451,12,42
19626,2451,542,44
19627,2451,451,73
19628,2451,203,24
19629,2451,539,49
19630,2452,209,21
19631,2452,378,16
19632,2452,231,23
19633,2452,225,24
19634,2452,229,24
19635,2452,213,13
19636,2452,219,18
19637,2452,375,18
19638,2452,220,20
19639,2452,215,12
19640,2452,758,18
19641,2453,797,151
19642,2453,798,192
19643,2453,530,94
19644,2453,804,208
19645,2453,531,89
19646,2453,802,254
19647,2453,800,209
19648,2454,199,29
19649,2454,523,101
19650,2454,194,27
19651,2454,524,117
19652,2454,196,29
19653,2454,191,34
19654,2455,770,14
19655,2455,505,90
19656,2455,507,119
19657,2455,772,12
19658,2455,506,84
19659,2455,504,96
19660,2455,769,15
19661,2456,99,47
19662,2456,101,44
19663,2456,109,39
19664,2456,578,63
19665,2456,98,43
19666,2456,579,39
19667,2456,97,35
19668,2456,107,35
19669,2456,379,20
19670,2456,582,78
19671,2457,275,20
19672,2457,271,21
19673,2457,753,18
19674,2457,282,23
19675,2457,280,17
19676,2457,283,17
19677,2457,276,15
19678,2458,52,47
19679,2458,557,67
19680,2458,391,12
19681,2458,786,258
19682,2458,458,118
19683,2459,783,220
19684,2459,633,24
19685,2459,396,16
19686,2459,311,21
19687,2459,352,20
19688,2459,39,40
19689,2459,461,83
19690,2459,784,190
19691,2459,554,60
19692,2459,38,34
19693,2459,786,120
19694,2459,344,24
19695,2459,345,17
19696,2460,200,36
19697,2460,525,125
19698,2460,191,43
19699,2460,199,50
19700,2460,190,50
19701,2460,193,35
19702,2460,195,38
19703,2460,524,89
19704,2460,197,34
19705,2460,192,31
19706,2461,81,38
19707,2461,95,44
19708,2461,434,22
19709,2461,94,41
19710,2461,368,14
19711,2461,87,48
19712,2461,82,29
19713,2461,86,42
19714,2462,722,36
19715,2462,724,35
19716,2462,723,30
19717,2462,721,30
19718,2463,742,16
19719,2463,746,14
19720,2463,743,14
19721,2463,312,21
19722,2463,314,26
19723,2463,313,14
19724,2463,744,18
19725,2464,474,103
19726,2464,419,15
19727,2464,469,137
19728,2464,736,19
19729,2464,467,81
19730,2464,427,17
19731,2465,72,26
19732,2465,368,21
19733,2465,96,32
19734,2465,73,38
19735,2465,365,20
19736,2465,432,12
19737,2465,78,46
19738,2465,92,52
19739,2466,566,64
19740,2466,564,58
19741,2466,563,43
19742,2466,567,45
19743,2466,565,50
19744,2466,568,51
19745,2466,562,42
19746,2466,560,52
19747,2466,561,56
19748,2467,542,55
19749,2467,16,47
19750,2467,7,31
19751,2467,18,45
19752,2467,1,24
19753,2467,3,50
19754,2468,750,12
19755,2468,442,20
19756,2468,443,20
19757,2468,749,13
19758,2468,751,16
19759,2468,752,15
19760,2469,384,17
19761,2469,382,17
19762,2469,105,46
19763,2469,580,41
19764,2469,116,44
19765,2469,582,44
19766,2469,381,15
19767,2469,98,29
19768,2469,581,53
19769,2470,475,96
19770,2470,738,15
19771,2470,422,22
19772,2470,464,96
19773,2470,740,18
19774,2470,426,20
19775,2470,732,14
19776,2471,544,37
19777,2471,451,92
19778,2471,206,22
19779,2471,323,11
19780,2472,603,58
19781,2472,685,37
19782,2472,606,45
19783,2472,390,14
19784,2472,683,37
19785,2472,607,66
19786,2472,604,48
19787,2472,684,24
19788,2472,388,18
19789,2472,679,19
19790,2473,728,32
19791,2473,438,16
19792,2473,437,15
19793,2473,726,38
19794,2474,293,15
19795,2474,290,21
19796,2474,292,21
19797,2474,295,13
19798,2474,286,24
19799,2474,285,20
19800,2474,296,15
19801,2474,289,14
19802,2474,288,20
19803,2475,226,16
19804,2475,229,20
19805,2475,230,11
19806,2475,222,23
19807,2475,215,18
19808,2475,216,18
19809,2475,375,21
19810,2475,209,25
19811,2475,213,14
19812,2476,765,17
19813,2476,498,96
19814,2476,502,105
19815,2476,496,122
19816,2476,768,16
19817,2476,499,72
19818,2476,494,111
19819,2476,501,116
19820,2476,766,14
19821,2476,497,61
19822,2477,118,49
19823,2477,121,54
19824,2477,133,43
19825,2477,119,25
19826,2477,125,42
19827,2477,134,28
19828,2477,127,23
19829,2477,126,44
19830,2477,132,40
19831,2478,796,189
19832,2478,508,122
19833,2478,791,240
19834,2478,789,203
19835,2478,596,45
19836,2478,598,40
19837,2478,790,166
19838,2478,513,91
19839,2478,515,108
19840,2478,601,63
19841,2478,793,204
19842,2478,516,100
19843,2479,293,28
19844,2479,288,14
19845,2479,290,26
19846,2479,289,19
19847,2479,286,21
19848,2479,295,19
19849,2479,294,19
19850,2479,287,23
19851,2480,93,34
19852,2480,528,81
19853,2480,83,37
19854,2480,89,36
19855,2480,95,32
19856,2480,81,46
19857,2480,82,29
19858,2480,85,30
19859,2480,88,41
19860,2480,86,43
19861,2481,674,17
19862,2481,673,24
19863,2481,675,23
19864,2481,676,10
19865,2482,526,129
19866,2482,363,16
19867,2482,95,50
19868,2482,586,42
19869,2482,78,31
19870,2482,83,53
19871,2482,79,50
19872,2483,373,17
19873,2483,226,25
19874,2483,216,26
19875,2483,223,20
19876,2483,227,24
19877,2483,232,19
19878,2483,374,20
19879,2484,116,41
19880,2484,97,40
19881,2484,102,55
19882,2484,110,35
19883,2484,99,50
19884,2484,106,37
19885,2484,111,55
19886,2484,583,40
19887,2485,396,19
19888,2485,781,112
19889,2485,460,83
19890,2485,349,15
19891,2485,558,52
19892,2485,309,15
19893,2485,342,13
19894,2485,402,19
19895,2485,463,84
19896,2485,51,30
19897,2485,549,52
19898,2485,45,51
19899,2486,160,54
19900,2486,168,30
19901,2486,158,44
19902,2486,172,43
19903,2486,169,37
19904,2486,175,40
19905,2486,170,49
19906,2486,161,28
19907,2486,162,30
19908,2487,492,111
19909,2487,484,101
19910,2487,479,98
19911,2487,485,89
19912,2487,482,68
19913,2487,480,75
19914,2487,483,137
19915,2487,493,105
19916,2487,488,142
19917,2488,657,19
19918,2488,658,16
19919,2488,660,18
19920,2488,656,20
19921,2488,661,20
19922,2489,730,31
19923,2489,729,42
19924,2489,440,14
19925,2489,441,17
19926,2490,487,81
19927,2490,483,73
19928,2490,490,84
19929,2490,480,81
19930,2490,486,134
19931,2491,653,22
19932,2491,649,17
19933,2491,651,13
19934,2491,654,17
19935,2491,648,18
19936,2491,650,14
19937,2491,655,23
19938,2491,652,14
19939,2492,161,46
19940,2492,518,65
19941,2492,171,44
19942,2492,166,30
19943,2492,164,39
19944,2493,801,253
19945,2493,802,195
19946,2493,533,110
19947,2493,798,267
19948,2493,803,152
19949,2494,70,42
19950,2494,527,130
19951,2494,587,54
19952,2494,93,46
19953,2494,83,54
19954,2494,584,54
19955,2494,434,17
19956,2494,369,11
19957,2494,69,38
19958,2494,430,14
19959,2494,526,109
19960,2495,216,16
19961,2495,217,20
19962,2495,223,18
19963,2495,228,15
19964,2495,218,20
19965,2495,760,15
19966,2495,374,20
19967,2495,209,11
19968,2495,219,22
19969,2495,226,28
19970,2496,519,109
19971,2496,167,34
19972,2496,170,35
19973,2496,521,103
19974,2496,175,36
19975,2496,518,118
19976,2496,165,53
19977,2496,162,30
19978,2496,173,45
19979,2496,176,39
19980,2497,97,49
19981,2497,583,77
19982,2497,581,59
19983,2497,110,42
19984,2497,107,31
19985,2498,248,12
19986,2498,252,15
19987,2498,237,13
19988,2498,241,20
19989,2499,772,11
19990,2499,503,72
19991,2499,504,138
19992,2499,505,104
19993,2499,507,94
19994,2499,506,105
19995,2499,771,16
19996,2499,770,15
19997,2500,585,43
19998,2500,88,53
19999,2500,584,57
20000,2500,362,16
