inventory_id,location_type,store_id,warehouse_id,variant_id,quantity
1,Warehouse,null,1,1,5
2,Warehouse,null,1,2,4
3,Warehouse,null,1,3,3
4,Warehouse,null,1,4,3
5,Warehouse,null,1,5,3
6,Warehouse,null,1,6,4
7,Warehouse,null,1,7,5
8,Warehouse,null,1,8,3
9,Warehouse,null,1,9,3
10,Warehouse,null,1,10,3
11,Warehouse,null,1,11,3
12,Warehouse,null,1,12,3
13,Warehouse,null,1,13,4
14,Warehouse,null,1,14,4
15,Warehouse,null,1,15,3
16,Warehouse,null,1,16,5
17,Warehouse,null,1,17,4
18,Warehouse,null,1,18,6
19,Warehouse,null,1,19,3
20,Warehouse,null,1,20,5
21,Warehouse,null,1,21,3
22,Warehouse,null,1,22,3
23,Warehouse,null,1,23,4
24,Warehouse,null,1,25,3
25,Warehouse,null,1,29,4
26,Warehouse,null,1,30,3
27,Warehouse,null,1,31,4
28,Warehouse,null,1,32,3
29,Warehouse,null,1,33,3
30,Warehouse,null,1,34,3
31,Warehouse,null,1,35,3
32,Warehouse,null,1,36,3
33,Warehouse,null,1,37,3
34,Warehouse,null,1,38,3
35,Warehouse,null,1,39,3
36,Warehouse,null,1,40,4
37,Warehouse,null,1,41,3
38,Warehouse,null,1,42,3
39,Warehouse,null,1,43,3
40,Warehouse,null,1,44,3
41,Warehouse,null,1,45,4
42,Warehouse,null,1,46,3
43,Warehouse,null,1,47,3
44,Warehouse,null,1,48,3
45,Warehouse,null,1,49,3
46,Warehouse,null,1,50,3
47,Warehouse,null,1,51,5
48,Warehouse,null,1,52,3
49,Warehouse,null,1,53,4
50,Warehouse,null,1,54,3
51,Warehouse,null,1,55,3
52,Warehouse,null,1,56,5
53,Warehouse,null,1,57,3
54,Warehouse,null,1,58,3
55,Warehouse,null,1,59,3
56,Warehouse,null,1,60,3
57,Warehouse,null,1,61,4
58,Warehouse,null,1,62,3
59,Warehouse,null,1,63,3
60,Warehouse,null,1,64,3
61,Warehouse,null,1,65,4
62,Warehouse,null,1,66,3
63,Warehouse,null,1,67,3
64,Warehouse,null,1,68,3
65,Warehouse,null,1,69,3
66,Warehouse,null,1,70,4
67,Warehouse,null,1,71,3
68,Warehouse,null,1,73,3
69,Warehouse,null,1,74,3
70,Warehouse,null,1,75,3
71,Warehouse,null,1,76,3
72,Warehouse,null,1,77,3
73,Warehouse,null,1,78,3
74,Warehouse,null,1,79,3
75,Warehouse,null,1,80,3
76,Warehouse,null,1,81,3
77,Warehouse,null,1,82,4
78,Warehouse,null,1,83,3
79,Warehouse,null,1,85,3
80,Warehouse,null,1,86,3
81,Warehouse,null,1,87,3
82,Warehouse,null,1,88,3
83,Warehouse,null,1,89,3
84,Warehouse,null,1,90,3
85,Warehouse,null,1,91,3
86,Warehouse,null,1,92,3
87,Warehouse,null,1,93,3
88,Warehouse,null,1,94,3
89,Warehouse,null,1,95,3
90,Warehouse,null,1,96,3
91,Warehouse,null,1,97,4
92,Warehouse,null,1,98,4
93,Warehouse,null,1,99,4
94,Warehouse,null,1,100,3
95,Warehouse,null,1,101,4
96,Warehouse,null,1,102,3
97,Warehouse,null,1,103,3
98,Warehouse,null,1,104,4
99,Warehouse,null,1,105,3
100,Warehouse,null,1,106,4
101,Warehouse,null,1,107,4
102,Warehouse,null,1,108,3
103,Warehouse,null,1,109,3
104,Warehouse,null,1,110,4
105,Warehouse,null,1,111,3
106,Warehouse,null,1,112,3
107,Warehouse,null,1,113,3
108,Warehouse,null,1,114,3
109,Warehouse,null,1,115,3
110,Warehouse,null,1,116,3
111,Warehouse,null,1,117,3
112,Warehouse,null,1,118,3
113,Warehouse,null,1,119,3
114,Warehouse,null,1,121,4
115,Warehouse,null,1,122,3
116,Warehouse,null,1,123,3
117,Warehouse,null,1,124,3
118,Warehouse,null,1,125,3
119,Warehouse,null,1,126,3
120,Warehouse,null,1,127,3
121,Warehouse,null,1,128,3
122,Warehouse,null,1,129,3
123,Warehouse,null,1,130,3
124,Warehouse,null,1,131,3
125,Warehouse,null,1,132,3
126,Warehouse,null,1,133,3
127,Warehouse,null,1,134,3
128,Warehouse,null,1,135,3
129,Warehouse,null,1,136,3
130,Warehouse,null,1,137,3
131,Warehouse,null,1,139,3
132,Warehouse,null,1,140,3
133,Warehouse,null,1,141,3
134,Warehouse,null,1,142,3
135,Warehouse,null,1,143,3
136,Warehouse,null,1,144,3
137,Warehouse,null,1,145,3
138,Warehouse,null,1,146,3
139,Warehouse,null,1,148,3
140,Warehouse,null,1,149,3
141,Warehouse,null,1,150,3
142,Warehouse,null,1,152,3
143,Warehouse,null,1,153,3
144,Warehouse,null,1,154,3
145,Warehouse,null,1,155,3
146,Warehouse,null,1,156,3
147,Warehouse,null,1,157,3
148,Warehouse,null,1,158,3
149,Warehouse,null,1,161,3
150,Warehouse,null,1,162,3
151,Warehouse,null,1,163,3
152,Warehouse,null,1,164,4
153,Warehouse,null,1,165,3
154,Warehouse,null,1,166,3
155,Warehouse,null,1,167,3
156,Warehouse,null,1,168,4
157,Warehouse,null,1,169,3
158,Warehouse,null,1,170,3
159,Warehouse,null,1,172,3
160,Warehouse,null,1,173,3
161,Warehouse,null,1,174,3
162,Warehouse,null,1,175,3
163,Warehouse,null,1,176,3
164,Warehouse,null,1,177,3
165,Warehouse,null,1,178,3
166,Warehouse,null,1,179,3
167,Warehouse,null,1,180,3
168,Warehouse,null,1,181,3
169,Warehouse,null,1,182,3
170,Warehouse,null,1,183,3
171,Warehouse,null,1,184,3
172,Warehouse,null,1,185,3
173,Warehouse,null,1,186,3
174,Warehouse,null,1,187,3
175,Warehouse,null,1,188,3
176,Warehouse,null,1,189,3
177,Warehouse,null,1,190,3
178,Warehouse,null,1,191,3
179,Warehouse,null,1,192,3
180,Warehouse,null,1,193,3
181,Warehouse,null,1,194,3
182,Warehouse,null,1,195,3
183,Warehouse,null,1,196,3
184,Warehouse,null,1,197,3
185,Warehouse,null,1,198,3
186,Warehouse,null,1,199,3
187,Warehouse,null,1,200,3
188,Warehouse,null,1,201,3
189,Warehouse,null,1,202,3
190,Warehouse,null,1,203,3
191,Warehouse,null,1,204,3
192,Warehouse,null,1,205,3
193,Warehouse,null,1,206,3
194,Warehouse,null,1,207,3
195,Warehouse,null,1,208,4
196,Warehouse,null,1,209,3
197,Warehouse,null,1,210,3
198,Warehouse,null,1,211,3
199,Warehouse,null,1,212,3
200,Warehouse,null,1,213,3
201,Warehouse,null,1,214,3
202,Warehouse,null,1,215,3
203,Warehouse,null,1,216,3
204,Warehouse,null,1,217,3
205,Warehouse,null,1,219,3
206,Warehouse,null,1,220,3
207,Warehouse,null,1,221,3
208,Warehouse,null,1,222,4
209,Warehouse,null,1,223,3
210,Warehouse,null,1,224,3
211,Warehouse,null,1,227,3
212,Warehouse,null,1,229,4
213,Warehouse,null,1,230,3
214,Warehouse,null,1,231,3
215,Warehouse,null,1,232,4
216,Warehouse,null,1,233,3
217,Warehouse,null,1,234,3
218,Warehouse,null,1,235,3
219,Warehouse,null,1,236,3
220,Warehouse,null,1,237,3
221,Warehouse,null,1,238,3
222,Warehouse,null,1,239,3
223,Warehouse,null,1,240,3
224,Warehouse,null,1,241,3
225,Warehouse,null,1,242,3
226,Warehouse,null,1,243,3
227,Warehouse,null,1,244,3
228,Warehouse,null,1,245,3
229,Warehouse,null,1,246,3
230,Warehouse,null,1,247,3
231,Warehouse,null,1,248,3
232,Warehouse,null,1,249,3
233,Warehouse,null,1,250,3
234,Warehouse,null,1,251,3
235,Warehouse,null,1,252,3
236,Warehouse,null,1,253,4
237,Warehouse,null,1,254,4
238,Warehouse,null,1,255,3
239,Warehouse,null,1,256,3
240,Warehouse,null,1,257,3
241,Warehouse,null,1,258,4
242,Warehouse,null,1,259,3
243,Warehouse,null,1,260,3
244,Warehouse,null,1,261,3
245,Warehouse,null,1,262,3
246,Warehouse,null,1,263,4
247,Warehouse,null,1,264,3
248,Warehouse,null,1,265,3
249,Warehouse,null,1,266,3
250,Warehouse,null,1,267,3
251,Warehouse,null,1,268,3
252,Warehouse,null,1,269,4
253,Warehouse,null,1,270,3
254,Warehouse,null,1,271,4
255,Warehouse,null,1,272,4
256,Warehouse,null,1,273,3
257,Warehouse,null,1,274,3
258,Warehouse,null,1,275,4
259,Warehouse,null,1,276,4
260,Warehouse,null,1,277,3
261,Warehouse,null,1,278,3
262,Warehouse,null,1,279,3
263,Warehouse,null,1,280,4
264,Warehouse,null,1,281,6
265,Warehouse,null,1,282,3
266,Warehouse,null,1,283,4
267,Warehouse,null,1,284,3
268,Warehouse,null,1,285,4
269,Warehouse,null,1,286,4
270,Warehouse,null,1,287,3
271,Warehouse,null,1,288,3
272,Warehouse,null,1,289,3
273,Warehouse,null,1,290,3
274,Warehouse,null,1,291,3
275,Warehouse,null,1,292,3
276,Warehouse,null,1,293,4
277,Warehouse,null,1,294,3
278,Warehouse,null,1,295,3
279,Warehouse,null,1,296,3
280,Warehouse,null,1,297,3
281,Warehouse,null,1,298,3
282,Warehouse,null,1,299,4
283,Warehouse,null,1,300,3
284,Warehouse,null,1,301,3
285,Warehouse,null,1,302,3
286,Warehouse,null,1,303,3
287,Warehouse,null,1,304,3
288,Warehouse,null,1,305,7
289,Warehouse,null,1,306,3
290,Warehouse,null,1,308,3
291,Warehouse,null,1,309,4
292,Warehouse,null,1,310,3
293,Warehouse,null,1,311,3
294,Warehouse,null,1,312,3
295,Warehouse,null,1,313,3
296,Warehouse,null,1,314,3
297,Warehouse,null,1,315,3
298,Warehouse,null,1,316,3
299,Warehouse,null,1,317,3
300,Warehouse,null,1,318,3
301,Warehouse,null,1,319,3
302,Warehouse,null,1,321,3
303,Warehouse,null,1,322,3
304,Warehouse,null,1,323,4
305,Warehouse,null,1,324,4
306,Warehouse,null,1,325,3
307,Warehouse,null,1,326,3
308,Warehouse,null,1,327,3
309,Warehouse,null,1,328,3
310,Warehouse,null,1,329,3
311,Warehouse,null,1,330,3
312,Warehouse,null,1,331,3
313,Warehouse,null,1,332,3
314,Warehouse,null,1,333,3
315,Warehouse,null,1,334,3
316,Warehouse,null,1,335,4
317,Warehouse,null,1,336,4
318,Warehouse,null,1,337,3
319,Warehouse,null,1,338,4
320,Warehouse,null,1,339,3
321,Warehouse,null,1,340,3
322,Warehouse,null,1,341,3
323,Warehouse,null,1,342,4
324,Warehouse,null,1,343,3
325,Warehouse,null,1,344,3
326,Warehouse,null,1,345,3
327,Warehouse,null,1,346,3
328,Warehouse,null,1,347,3
329,Warehouse,null,1,348,3
330,Warehouse,null,1,349,3
331,Warehouse,null,1,350,3
332,Warehouse,null,1,351,3
333,Warehouse,null,1,352,3
334,Warehouse,null,1,354,3
335,Warehouse,null,1,355,3
336,Warehouse,null,1,356,4
337,Warehouse,null,1,357,3
338,Warehouse,null,1,359,3
339,Warehouse,null,1,360,3
340,Warehouse,null,1,361,4
341,Warehouse,null,1,362,3
342,Warehouse,null,1,363,3
343,Warehouse,null,1,364,3
344,Warehouse,null,1,365,4
345,Warehouse,null,1,366,3
346,Warehouse,null,1,367,3
347,Warehouse,null,1,368,3
348,Warehouse,null,1,369,3
349,Warehouse,null,1,370,3
350,Warehouse,null,1,371,4
351,Warehouse,null,1,373,3
352,Warehouse,null,1,374,4
353,Warehouse,null,1,378,3
354,Warehouse,null,1,379,3
355,Warehouse,null,1,380,3
356,Warehouse,null,1,381,4
357,Warehouse,null,1,383,3
358,Warehouse,null,1,384,3
359,Warehouse,null,1,385,4
360,Warehouse,null,1,386,3
361,Warehouse,null,1,387,3
362,Warehouse,null,1,388,3
363,Warehouse,null,1,389,3
364,Warehouse,null,1,390,3
365,Warehouse,null,1,391,3
366,Warehouse,null,1,392,3
367,Warehouse,null,1,393,3
368,Warehouse,null,1,394,3
369,Warehouse,null,1,395,3
370,Warehouse,null,1,396,4
371,Warehouse,null,1,397,3
372,Warehouse,null,1,398,3
373,Warehouse,null,1,399,3
374,Warehouse,null,1,400,4
375,Warehouse,null,1,401,3
376,Warehouse,null,1,402,5
377,Warehouse,null,1,404,3
378,Warehouse,null,1,405,3
379,Warehouse,null,1,406,3
380,Warehouse,null,1,407,3
381,Warehouse,null,1,408,3
382,Warehouse,null,1,409,3
383,Warehouse,null,1,410,3
384,Warehouse,null,1,411,3
385,Warehouse,null,1,412,3
386,Warehouse,null,1,413,3
387,Warehouse,null,1,414,3
388,Warehouse,null,1,415,3
389,Warehouse,null,1,416,3
390,Warehouse,null,1,417,3
391,Warehouse,null,1,418,3
392,Warehouse,null,1,419,3
393,Warehouse,null,1,420,3
394,Warehouse,null,1,421,3
395,Warehouse,null,1,422,3
396,Warehouse,null,1,423,3
397,Warehouse,null,1,424,3
398,Warehouse,null,1,425,3
399,Warehouse,null,1,426,3
400,Warehouse,null,1,427,3
401,Warehouse,null,1,428,3
402,Warehouse,null,1,429,3
403,Warehouse,null,1,430,3
404,Warehouse,null,1,431,3
405,Warehouse,null,1,432,3
406,Warehouse,null,1,433,3
407,Warehouse,null,1,434,3
408,Warehouse,null,1,435,3
409,Warehouse,null,1,436,3
410,Warehouse,null,1,437,3
411,Warehouse,null,1,438,3
412,Warehouse,null,1,439,3
413,Warehouse,null,1,440,3
414,Warehouse,null,1,441,3
415,Warehouse,null,1,442,3
416,Warehouse,null,1,443,3
417,Warehouse,null,1,444,3
418,Warehouse,null,1,445,3
419,Warehouse,null,1,446,6
420,Store,16,null,447,1
421,Warehouse,null,1,447,5
422,Warehouse,null,1,448,6
423,Store,11,null,449,1
424,Warehouse,null,1,449,5
425,Warehouse,null,1,450,6
426,Warehouse,null,1,451,6
427,Warehouse,null,1,452,6
428,Warehouse,null,1,453,6
429,Store,8,null,454,1
430,Warehouse,null,1,454,5
431,Warehouse,null,1,455,7
432,Warehouse,null,1,456,6
433,Store,11,null,457,1
434,Warehouse,null,1,457,5
435,Warehouse,null,1,458,6
436,Warehouse,null,1,459,6
437,Warehouse,null,1,460,7
438,Warehouse,null,1,461,6
439,Store,15,null,462,1
440,Warehouse,null,1,462,5
441,Warehouse,null,1,463,6
442,Store,16,null,464,1
443,Warehouse,null,1,464,5
444,Warehouse,null,1,465,6
445,Store,10,null,466,1
446,Warehouse,null,1,466,5
447,Store,8,null,467,1
448,Warehouse,null,1,467,5
449,Warehouse,null,1,468,6
450,Warehouse,null,1,469,6
451,Warehouse,null,1,470,6
452,Warehouse,null,1,472,6
453,Warehouse,null,1,473,7
454,Warehouse,null,1,474,6
455,Store,17,null,475,1
456,Warehouse,null,1,475,5
457,Warehouse,null,1,476,6
458,Warehouse,null,1,477,6
459,Store,12,null,478,1
460,Warehouse,null,1,478,5
461,Store,15,null,479,1
462,Warehouse,null,1,479,5
463,Warehouse,null,1,480,8
464,Warehouse,null,1,481,6
465,Store,13,null,482,1
466,Warehouse,null,1,482,7
467,Warehouse,null,1,483,8
468,Store,9,null,484,1
469,Warehouse,null,1,484,6
470,Warehouse,null,1,485,7
471,Store,11,null,486,1
472,Warehouse,null,1,486,6
473,Store,7,null,487,1
474,Warehouse,null,1,487,5
475,Store,11,null,488,1
476,Warehouse,null,1,488,6
477,Warehouse,null,1,489,6
478,Warehouse,null,1,490,7
479,Warehouse,null,1,491,6
480,Warehouse,null,1,492,7
481,Warehouse,null,1,493,7
482,Store,19,null,494,1
483,Warehouse,null,1,494,7
484,Warehouse,null,1,495,8
485,Warehouse,null,1,496,8
486,Store,15,null,497,1
487,Warehouse,null,1,497,5
488,Store,8,null,498,1
489,Warehouse,null,1,498,5
490,Store,16,null,499,1
491,Warehouse,null,1,499,7
492,Warehouse,null,1,500,6
493,Warehouse,null,1,501,7
494,Warehouse,null,1,502,7
495,Warehouse,null,1,503,6
496,Warehouse,null,1,504,7
497,Warehouse,null,1,505,7
498,Store,11,null,506,1
499,Warehouse,null,1,506,5
500,Warehouse,null,1,507,7
501,Warehouse,null,1,508,7
502,Warehouse,null,1,509,6
503,Warehouse,null,1,510,6
504,Store,17,null,511,1
505,Warehouse,null,1,511,5
506,Warehouse,null,1,512,6
507,Warehouse,null,1,513,6
508,Warehouse,null,1,514,6
509,Store,11,null,515,1
510,Warehouse,null,1,515,5
511,Warehouse,null,1,516,7
512,Warehouse,null,1,517,6
513,Warehouse,null,1,518,6
514,Store,7,null,519,1
515,Warehouse,null,1,519,5
516,Warehouse,null,1,520,6
517,Store,15,null,521,1
518,Warehouse,null,1,521,5
519,Warehouse,null,1,522,6
520,Store,11,null,523,1
521,Warehouse,null,1,523,5
522,Warehouse,null,1,524,6
523,Warehouse,null,1,525,6
524,Warehouse,null,1,526,6
525,Store,10,null,527,1
526,Warehouse,null,1,527,5
527,Store,14,null,528,1
528,Warehouse,null,1,528,5
529,Warehouse,null,1,530,7
530,Warehouse,null,1,531,8
531,Warehouse,null,1,532,7
532,Warehouse,null,1,533,7
533,Warehouse,null,1,534,6
534,Store,16,null,535,1
535,Warehouse,null,1,535,5
536,Warehouse,null,1,536,4
537,Warehouse,null,1,537,4
538,Warehouse,null,1,538,3
539,Warehouse,null,1,539,3
540,Warehouse,null,1,540,3
541,Warehouse,null,1,541,3
542,Warehouse,null,1,542,3
543,Warehouse,null,1,543,3
544,Warehouse,null,1,544,3
545,Warehouse,null,1,545,4
546,Warehouse,null,1,546,3
547,Warehouse,null,1,547,3
548,Warehouse,null,1,548,4
549,Warehouse,null,1,549,4
550,Warehouse,null,1,550,3
551,Warehouse,null,1,551,3
552,Warehouse,null,1,552,4
553,Warehouse,null,1,553,4
554,Warehouse,null,1,554,3
555,Warehouse,null,1,555,3
556,Warehouse,null,1,556,3
557,Warehouse,null,1,557,3
558,Warehouse,null,1,558,4
559,Warehouse,null,1,559,3
560,Warehouse,null,1,560,3
561,Warehouse,null,1,561,4
562,Warehouse,null,1,562,3
563,Warehouse,null,1,563,3
564,Warehouse,null,1,564,4
565,Warehouse,null,1,565,3
566,Warehouse,null,1,566,4
567,Warehouse,null,1,567,3
568,Warehouse,null,1,568,4
569,Warehouse,null,1,569,3
570,Warehouse,null,1,570,3
571,Warehouse,null,1,571,3
572,Warehouse,null,1,572,3
573,Warehouse,null,1,574,3
574,Warehouse,null,1,575,3
575,Warehouse,null,1,576,3
576,Warehouse,null,1,577,3
577,Warehouse,null,1,578,4
578,Warehouse,null,1,579,4
579,Warehouse,null,1,580,4
580,Warehouse,null,1,581,3
581,Warehouse,null,1,582,3
582,Warehouse,null,1,583,4
583,Warehouse,null,1,584,3
584,Warehouse,null,1,585,3
585,Warehouse,null,1,586,3
586,Warehouse,null,1,587,3
587,Warehouse,null,1,588,3
588,Warehouse,null,1,589,3
589,Warehouse,null,1,590,3
590,Warehouse,null,1,591,3
591,Warehouse,null,1,592,3
592,Warehouse,null,1,593,3
593,Warehouse,null,1,594,3
594,Warehouse,null,1,595,3
595,Warehouse,null,1,596,4
596,Warehouse,null,1,597,3
597,Warehouse,null,1,598,3
598,Warehouse,null,1,599,3
599,Warehouse,null,1,600,3
600,Warehouse,null,1,601,3
601,Warehouse,null,1,602,3
602,Warehouse,null,1,603,3
603,Warehouse,null,1,604,3
604,Warehouse,null,1,605,4
605,Warehouse,null,1,606,3
606,Warehouse,null,1,607,3
607,Warehouse,null,1,608,3
608,Warehouse,null,1,609,4
609,Warehouse,null,1,610,3
610,Warehouse,null,1,611,3
611,Warehouse,null,1,614,3
612,Warehouse,null,1,615,3
613,Warehouse,null,1,617,3
614,Warehouse,null,1,618,3
615,Warehouse,null,1,619,3
616,Warehouse,null,1,621,3
617,Warehouse,null,1,622,3
618,Warehouse,null,1,623,3
619,Warehouse,null,1,624,3
620,Warehouse,null,1,625,3
621,Warehouse,null,1,626,3
622,Warehouse,null,1,627,3
623,Warehouse,null,1,628,3
624,Warehouse,null,1,629,3
625,Warehouse,null,1,632,3
626,Warehouse,null,1,633,3
627,Warehouse,null,1,635,3
628,Warehouse,null,1,636,3
629,Warehouse,null,1,637,3
630,Warehouse,null,1,638,3
631,Warehouse,null,1,639,3
632,Warehouse,null,1,640,3
633,Warehouse,null,1,641,3
634,Warehouse,null,1,642,3
635,Warehouse,null,1,643,3
636,Warehouse,null,1,644,3
637,Warehouse,null,1,645,3
638,Warehouse,null,1,646,3
639,Warehouse,null,1,647,3
640,Warehouse,null,1,648,5
641,Warehouse,null,1,649,3
642,Warehouse,null,1,650,4
643,Warehouse,null,1,651,4
644,Warehouse,null,1,652,4
645,Warehouse,null,1,653,4
646,Warehouse,null,1,654,3
647,Warehouse,null,1,655,3
648,Warehouse,null,1,656,3
649,Warehouse,null,1,657,3
650,Warehouse,null,1,658,3
651,Warehouse,null,1,659,3
652,Warehouse,null,1,660,3
653,Warehouse,null,1,661,3
654,Warehouse,null,1,662,3
655,Warehouse,null,1,663,3
656,Warehouse,null,1,664,3
657,Warehouse,null,1,665,3
658,Warehouse,null,1,666,3
659,Warehouse,null,1,667,3
660,Warehouse,null,1,668,3
661,Warehouse,null,1,669,3
662,Warehouse,null,1,670,3
663,Warehouse,null,1,671,3
664,Warehouse,null,1,672,3
665,Warehouse,null,1,673,3
666,Warehouse,null,1,674,3
667,Warehouse,null,1,675,4
668,Warehouse,null,1,676,4
669,Warehouse,null,1,677,3
670,Warehouse,null,1,678,3
671,Warehouse,null,1,679,3
672,Warehouse,null,1,680,3
673,Warehouse,null,1,681,4
674,Warehouse,null,1,682,4
675,Warehouse,null,1,683,3
676,Warehouse,null,1,684,3
677,Warehouse,null,1,685,3
678,Warehouse,null,1,686,3
679,Warehouse,null,1,687,3
680,Warehouse,null,1,688,3
681,Warehouse,null,1,689,3
682,Warehouse,null,1,690,3
683,Warehouse,null,1,691,3
684,Warehouse,null,1,692,3
685,Warehouse,null,1,694,3
686,Warehouse,null,1,695,3
687,Warehouse,null,1,696,3
688,Warehouse,null,1,697,3
689,Warehouse,null,1,698,3
690,Warehouse,null,1,699,3
691,Warehouse,null,1,700,3
692,Warehouse,null,1,701,3
693,Warehouse,null,1,702,3
694,Warehouse,null,1,704,3
695,Warehouse,null,1,705,3
696,Warehouse,null,1,706,3
697,Warehouse,null,1,707,3
698,Warehouse,null,1,708,3
699,Warehouse,null,1,710,3
700,Warehouse,null,1,711,3
701,Warehouse,null,1,712,3
702,Warehouse,null,1,713,3
703,Warehouse,null,1,714,3
704,Warehouse,null,1,715,3
705,Warehouse,null,1,716,3
706,Warehouse,null,1,717,3
707,Warehouse,null,1,718,3
708,Warehouse,null,1,719,3
709,Warehouse,null,1,720,3
710,Warehouse,null,1,721,3
711,Warehouse,null,1,722,3
712,Warehouse,null,1,723,3
713,Warehouse,null,1,724,3
714,Warehouse,null,1,725,3
715,Warehouse,null,1,726,3
716,Warehouse,null,1,727,3
717,Warehouse,null,1,728,3
718,Warehouse,null,1,729,3
719,Warehouse,null,1,730,3
720,Warehouse,null,1,731,3
721,Warehouse,null,1,732,3
722,Warehouse,null,1,733,3
723,Warehouse,null,1,734,3
724,Warehouse,null,1,735,3
725,Warehouse,null,1,736,3
726,Warehouse,null,1,737,3
727,Warehouse,null,1,738,3
728,Warehouse,null,1,739,3
729,Warehouse,null,1,740,3
730,Warehouse,null,1,741,3
731,Warehouse,null,1,742,3
732,Warehouse,null,1,743,3
733,Warehouse,null,1,744,3
734,Warehouse,null,1,745,3
735,Warehouse,null,1,746,3
736,Warehouse,null,1,747,3
737,Warehouse,null,1,748,3
738,Warehouse,null,1,749,3
739,Warehouse,null,1,750,3
740,Warehouse,null,1,751,3
741,Warehouse,null,1,752,3
742,Warehouse,null,1,753,4
743,Warehouse,null,1,754,3
744,Warehouse,null,1,755,3
745,Warehouse,null,1,756,3
746,Warehouse,null,1,757,3
747,Warehouse,null,1,758,3
748,Warehouse,null,1,759,3
749,Warehouse,null,1,760,3
750,Warehouse,null,1,761,3
751,Warehouse,null,1,762,3
752,Warehouse,null,1,763,3
753,Warehouse,null,1,764,3
754,Warehouse,null,1,765,4
755,Warehouse,null,1,766,4
756,Warehouse,null,1,767,3
757,Warehouse,null,1,768,4
758,Warehouse,null,1,769,3
759,Warehouse,null,1,770,3
760,Warehouse,null,1,771,3
761,Warehouse,null,1,772,3
762,Store,8,null,773,1
763,Warehouse,null,1,773,5
764,Store,8,null,774,1
765,Warehouse,null,1,774,5
766,Store,8,null,775,1
767,Warehouse,null,1,775,5
768,Warehouse,null,1,776,6
769,Warehouse,null,1,777,6
770,Warehouse,null,1,778,6
771,Warehouse,null,1,779,6
772,Store,17,null,780,1
773,Warehouse,null,1,780,5
774,Store,18,null,781,1
775,Warehouse,null,1,781,6
776,Warehouse,null,1,782,6
777,Store,14,null,783,1
778,Warehouse,null,1,783,5
779,Store,14,null,784,1
780,Warehouse,null,1,784,5
781,Store,8,null,785,1
782,Warehouse,null,1,785,5
783,Store,16,null,786,1
784,Warehouse,null,1,786,5
785,Store,8,null,787,1
786,Warehouse,null,1,787,5
787,Store,18,null,788,1
788,Warehouse,null,1,788,5
789,Warehouse,null,1,789,6
790,Warehouse,null,1,790,6
791,Warehouse,null,1,791,6
792,Store,10,null,792,1
793,Warehouse,null,1,792,5
794,Warehouse,null,1,793,6
795,Warehouse,null,1,794,6
796,Warehouse,null,1,795,6
797,Store,11,null,796,1
798,Warehouse,null,1,796,5
799,Store,11,null,797,1
800,Warehouse,null,1,797,5
801,Store,8,null,798,1
802,Warehouse,null,1,798,5
803,Store,14,null,799,1
804,Warehouse,null,1,799,5
805,Warehouse,null,1,800,6
806,Store,14,null,801,1
807,Warehouse,null,1,801,5
808,Store,16,null,802,1
809,Warehouse,null,1,802,5
810,Store,11,null,803,1
811,Warehouse,null,1,803,5
812,Warehouse,null,1,804,7
813,Warehouse,null,1,805,6
814,Store,16,null,806,1
815,Warehouse,null,1,806,5
816,Store,7,null,807,1
817,Warehouse,null,1,807,5
818,Store,11,null,808,1
819,Warehouse,null,1,808,5
820,Warehouse,null,1,809,6
821,Store,11,null,810,1
822,Warehouse,null,1,810,5
823,Store,9,null,811,1
824,Warehouse,null,1,811,5
825,Store,11,null,812,1
826,Warehouse,null,1,812,5
827,Warehouse,null,2,1,3
828,Warehouse,null,2,2,3
829,Warehouse,null,2,3,3
830,Warehouse,null,2,4,3
831,Warehouse,null,2,5,3
832,Warehouse,null,2,6,3
833,Warehouse,null,2,7,3
834,Warehouse,null,2,8,3
835,Warehouse,null,2,9,3
836,Warehouse,null,2,10,3
837,Warehouse,null,2,11,4
838,Warehouse,null,2,12,3
839,Warehouse,null,2,13,3
840,Warehouse,null,2,14,3
841,Warehouse,null,2,15,3
842,Warehouse,null,2,16,3
843,Warehouse,null,2,17,3
844,Warehouse,null,2,18,3
845,Warehouse,null,2,19,3
846,Warehouse,null,2,20,3
847,Warehouse,null,2,21,3
848,Warehouse,null,2,24,3
849,Warehouse,null,2,26,3
850,Warehouse,null,2,28,3
851,Warehouse,null,2,29,3
852,Warehouse,null,2,31,3
853,Warehouse,null,2,32,3
854,Warehouse,null,2,33,3
855,Warehouse,null,2,34,3
856,Warehouse,null,2,35,3
857,Warehouse,null,2,36,3
858,Warehouse,null,2,37,3
859,Warehouse,null,2,38,4
860,Warehouse,null,2,39,4
861,Warehouse,null,2,40,3
862,Warehouse,null,2,42,3
863,Warehouse,null,2,44,3
864,Warehouse,null,2,46,3
865,Warehouse,null,2,47,3
866,Warehouse,null,2,48,3
867,Warehouse,null,2,49,3
868,Warehouse,null,2,50,3
869,Warehouse,null,2,51,3
870,Warehouse,null,2,53,3
871,Warehouse,null,2,54,3
872,Warehouse,null,2,55,3
873,Warehouse,null,2,56,3
874,Warehouse,null,2,57,3
875,Warehouse,null,2,58,3
876,Warehouse,null,2,59,3
877,Warehouse,null,2,60,3
878,Warehouse,null,2,61,3
879,Warehouse,null,2,62,3
880,Warehouse,null,2,63,4
881,Warehouse,null,2,64,3
882,Warehouse,null,2,65,3
883,Warehouse,null,2,66,3
884,Warehouse,null,2,67,3
885,Warehouse,null,2,68,3
886,Warehouse,null,2,70,3
887,Warehouse,null,2,71,3
888,Warehouse,null,2,72,3
889,Warehouse,null,2,73,3
890,Warehouse,null,2,74,3
891,Warehouse,null,2,76,3
892,Warehouse,null,2,77,3
893,Warehouse,null,2,78,3
894,Warehouse,null,2,79,3
895,Warehouse,null,2,81,3
896,Warehouse,null,2,82,3
897,Warehouse,null,2,83,3
898,Warehouse,null,2,84,3
899,Warehouse,null,2,85,3
900,Warehouse,null,2,88,3
901,Warehouse,null,2,89,3
902,Warehouse,null,2,90,3
903,Warehouse,null,2,91,3
904,Warehouse,null,2,93,3
905,Warehouse,null,2,94,3
906,Warehouse,null,2,96,3
907,Warehouse,null,2,97,3
908,Warehouse,null,2,98,3
909,Warehouse,null,2,99,3
910,Warehouse,null,2,100,3
911,Warehouse,null,2,101,3
912,Warehouse,null,2,102,3
913,Warehouse,null,2,103,3
914,Warehouse,null,2,104,3
915,Warehouse,null,2,105,3
916,Warehouse,null,2,106,3
917,Warehouse,null,2,107,3
918,Warehouse,null,2,108,3
919,Warehouse,null,2,109,3
920,Warehouse,null,2,110,3
921,Warehouse,null,2,111,3
922,Warehouse,null,2,112,3
923,Warehouse,null,2,113,3
924,Warehouse,null,2,114,3
925,Warehouse,null,2,115,3
926,Warehouse,null,2,116,3
927,Warehouse,null,2,117,3
928,Warehouse,null,2,119,3
929,Warehouse,null,2,120,3
930,Warehouse,null,2,121,3
931,Warehouse,null,2,122,3
932,Warehouse,null,2,123,3
933,Warehouse,null,2,124,3
934,Warehouse,null,2,125,3
935,Warehouse,null,2,126,3
936,Warehouse,null,2,127,3
937,Warehouse,null,2,128,3
938,Warehouse,null,2,129,3
939,Warehouse,null,2,130,3
940,Warehouse,null,2,131,3
941,Warehouse,null,2,133,3
942,Warehouse,null,2,134,3
943,Warehouse,null,2,135,3
944,Warehouse,null,2,136,3
945,Warehouse,null,2,137,3
946,Warehouse,null,2,139,3
947,Warehouse,null,2,140,3
948,Warehouse,null,2,141,3
949,Warehouse,null,2,142,3
950,Warehouse,null,2,143,3
951,Warehouse,null,2,144,3
952,Warehouse,null,2,145,3
953,Warehouse,null,2,146,3
954,Warehouse,null,2,147,3
955,Warehouse,null,2,148,3
956,Warehouse,null,2,149,3
957,Warehouse,null,2,150,3
958,Warehouse,null,2,151,3
959,Warehouse,null,2,152,3
960,Warehouse,null,2,153,3
961,Warehouse,null,2,154,3
962,Warehouse,null,2,155,3
963,Warehouse,null,2,156,3
964,Warehouse,null,2,159,3
965,Warehouse,null,2,160,3
966,Warehouse,null,2,161,4
967,Warehouse,null,2,162,3
968,Warehouse,null,2,163,3
969,Warehouse,null,2,164,4
970,Warehouse,null,2,166,4
971,Warehouse,null,2,167,3
972,Warehouse,null,2,168,3
973,Warehouse,null,2,169,3
974,Warehouse,null,2,170,3
975,Warehouse,null,2,171,3
976,Warehouse,null,2,172,3
977,Warehouse,null,2,174,3
978,Warehouse,null,2,175,3
979,Warehouse,null,2,176,3
980,Warehouse,null,2,177,3
981,Warehouse,null,2,178,3
982,Warehouse,null,2,179,3
983,Warehouse,null,2,180,3
984,Warehouse,null,2,181,3
985,Warehouse,null,2,182,3
986,Warehouse,null,2,183,3
987,Warehouse,null,2,184,3
988,Warehouse,null,2,185,3
989,Warehouse,null,2,186,3
990,Warehouse,null,2,187,3
991,Warehouse,null,2,188,3
992,Warehouse,null,2,189,3
993,Warehouse,null,2,190,3
994,Warehouse,null,2,191,3
995,Warehouse,null,2,192,3
996,Warehouse,null,2,193,3
997,Warehouse,null,2,194,5
998,Warehouse,null,2,195,3
999,Warehouse,null,2,196,4
1000,Warehouse,null,2,197,3
1001,Warehouse,null,2,198,3
1002,Warehouse,null,2,199,3
1003,Warehouse,null,2,200,3
1004,Warehouse,null,2,201,3
1005,Warehouse,null,2,203,3
1006,Warehouse,null,2,204,3
1007,Warehouse,null,2,205,3
1008,Warehouse,null,2,206,3
1009,Warehouse,null,2,207,3
1010,Warehouse,null,2,208,3
1011,Warehouse,null,2,209,3
1012,Warehouse,null,2,210,3
1013,Warehouse,null,2,211,3
1014,Warehouse,null,2,213,3
1015,Warehouse,null,2,214,3
1016,Warehouse,null,2,215,3
1017,Warehouse,null,2,216,3
1018,Warehouse,null,2,217,3
1019,Warehouse,null,2,218,3
1020,Warehouse,null,2,219,3
1021,Warehouse,null,2,220,3
1022,Warehouse,null,2,221,3
1023,Warehouse,null,2,222,3
1024,Warehouse,null,2,223,3
1025,Warehouse,null,2,224,3
1026,Warehouse,null,2,225,3
1027,Warehouse,null,2,226,3
1028,Warehouse,null,2,227,3
1029,Warehouse,null,2,228,3
1030,Warehouse,null,2,229,3
1031,Warehouse,null,2,230,3
1032,Warehouse,null,2,231,3
1033,Warehouse,null,2,232,3
1034,Warehouse,null,2,234,3
1035,Warehouse,null,2,235,3
1036,Warehouse,null,2,236,3
1037,Warehouse,null,2,237,3
1038,Warehouse,null,2,238,3
1039,Warehouse,null,2,239,3
1040,Warehouse,null,2,240,3
1041,Warehouse,null,2,241,3
1042,Warehouse,null,2,242,3
1043,Warehouse,null,2,243,3
1044,Warehouse,null,2,246,3
1045,Warehouse,null,2,247,3
1046,Warehouse,null,2,249,3
1047,Warehouse,null,2,251,3
1048,Warehouse,null,2,252,3
1049,Warehouse,null,2,254,3
1050,Warehouse,null,2,255,3
1051,Warehouse,null,2,256,3
1052,Warehouse,null,2,257,3
1053,Warehouse,null,2,258,3
1054,Warehouse,null,2,259,3
1055,Warehouse,null,2,260,3
1056,Warehouse,null,2,261,3
1057,Warehouse,null,2,262,3
1058,Warehouse,null,2,263,3
1059,Warehouse,null,2,264,3
1060,Warehouse,null,2,265,3
1061,Warehouse,null,2,266,3
1062,Warehouse,null,2,267,3
1063,Warehouse,null,2,268,3
1064,Warehouse,null,2,269,3
1065,Warehouse,null,2,270,3
1066,Warehouse,null,2,271,3
1067,Warehouse,null,2,272,3
1068,Warehouse,null,2,273,3
1069,Warehouse,null,2,274,3
1070,Warehouse,null,2,275,3
1071,Warehouse,null,2,276,3
1072,Warehouse,null,2,277,3
1073,Warehouse,null,2,278,3
1074,Warehouse,null,2,279,3
1075,Warehouse,null,2,280,3
1076,Warehouse,null,2,281,3
1077,Warehouse,null,2,282,3
1078,Warehouse,null,2,283,3
1079,Warehouse,null,2,284,3
1080,Warehouse,null,2,285,3
1081,Warehouse,null,2,286,3
1082,Warehouse,null,2,289,3
1083,Warehouse,null,2,291,3
1084,Warehouse,null,2,297,3
1085,Warehouse,null,2,298,3
1086,Warehouse,null,2,299,3
1087,Warehouse,null,2,300,3
1088,Warehouse,null,2,301,3
1089,Warehouse,null,2,302,3
1090,Warehouse,null,2,303,3
1091,Warehouse,null,2,304,3
1092,Warehouse,null,2,305,3
1093,Warehouse,null,2,306,3
1094,Warehouse,null,2,307,3
1095,Warehouse,null,2,308,3
1096,Warehouse,null,2,309,3
1097,Warehouse,null,2,310,3
1098,Warehouse,null,2,311,4
1099,Warehouse,null,2,312,3
1100,Warehouse,null,2,313,4
1101,Warehouse,null,2,314,3
1102,Warehouse,null,2,315,3
1103,Warehouse,null,2,316,3
1104,Warehouse,null,2,317,3
1105,Warehouse,null,2,318,3
1106,Warehouse,null,2,319,3
1107,Warehouse,null,2,320,3
1108,Warehouse,null,2,321,3
1109,Warehouse,null,2,323,3
1110,Warehouse,null,2,324,3
1111,Warehouse,null,2,325,3
1112,Warehouse,null,2,326,3
1113,Warehouse,null,2,327,3
1114,Warehouse,null,2,328,3
1115,Warehouse,null,2,329,3
1116,Warehouse,null,2,330,3
1117,Warehouse,null,2,331,3
1118,Warehouse,null,2,332,3
1119,Warehouse,null,2,333,3
1120,Warehouse,null,2,334,3
1121,Warehouse,null,2,335,3
1122,Warehouse,null,2,336,3
1123,Warehouse,null,2,337,3
1124,Warehouse,null,2,338,3
1125,Warehouse,null,2,339,3
1126,Warehouse,null,2,340,3
1127,Warehouse,null,2,342,3
1128,Warehouse,null,2,343,3
1129,Warehouse,null,2,344,3
1130,Warehouse,null,2,345,3
1131,Warehouse,null,2,346,3
1132,Warehouse,null,2,347,3
1133,Warehouse,null,2,349,3
1134,Warehouse,null,2,350,3
1135,Warehouse,null,2,351,3
1136,Warehouse,null,2,352,3
1137,Warehouse,null,2,353,3
1138,Warehouse,null,2,354,3
1139,Warehouse,null,2,355,3
1140,Warehouse,null,2,358,3
1141,Warehouse,null,2,359,3
1142,Warehouse,null,2,360,3
1143,Warehouse,null,2,362,3
1144,Warehouse,null,2,364,3
1145,Warehouse,null,2,365,3
1146,Warehouse,null,2,366,3
1147,Warehouse,null,2,370,3
1148,Warehouse,null,2,371,3
1149,Warehouse,null,2,372,3
1150,Warehouse,null,2,373,4
1151,Warehouse,null,2,374,4
1152,Warehouse,null,2,375,3
1153,Warehouse,null,2,376,3
1154,Warehouse,null,2,377,3
1155,Warehouse,null,2,378,3
1156,Warehouse,null,2,379,3
1157,Warehouse,null,2,380,3
1158,Warehouse,null,2,381,3
1159,Warehouse,null,2,382,3
1160,Warehouse,null,2,383,3
1161,Warehouse,null,2,384,3
1162,Warehouse,null,2,385,3
1163,Warehouse,null,2,386,3
1164,Warehouse,null,2,387,3
1165,Warehouse,null,2,388,3
1166,Warehouse,null,2,389,3
1167,Warehouse,null,2,390,3
1168,Warehouse,null,2,394,3
1169,Warehouse,null,2,396,3
1170,Warehouse,null,2,398,3
1171,Warehouse,null,2,399,3
1172,Warehouse,null,2,400,3
1173,Warehouse,null,2,401,3
1174,Warehouse,null,2,402,3
1175,Warehouse,null,2,404,3
1176,Warehouse,null,2,405,3
1177,Warehouse,null,2,407,3
1178,Warehouse,null,2,408,3
1179,Warehouse,null,2,409,3
1180,Warehouse,null,2,410,3
1181,Warehouse,null,2,411,3
1182,Warehouse,null,2,412,3
1183,Warehouse,null,2,413,3
1184,Warehouse,null,2,414,3
1185,Warehouse,null,2,416,3
1186,Warehouse,null,2,417,3
1187,Warehouse,null,2,419,3
1188,Warehouse,null,2,420,3
1189,Warehouse,null,2,421,3
1190,Warehouse,null,2,422,3
1191,Warehouse,null,2,423,3
1192,Warehouse,null,2,424,3
1193,Warehouse,null,2,425,3
1194,Warehouse,null,2,426,3
1195,Warehouse,null,2,427,3
1196,Warehouse,null,2,428,3
1197,Warehouse,null,2,430,3
1198,Warehouse,null,2,434,3
1199,Warehouse,null,2,436,3
1200,Warehouse,null,2,437,3
1201,Warehouse,null,2,438,3
1202,Warehouse,null,2,439,3
1203,Warehouse,null,2,440,3
1204,Warehouse,null,2,441,3
1205,Warehouse,null,2,442,3
1206,Warehouse,null,2,443,3
1207,Store,23,null,446,1
1208,Warehouse,null,2,446,5
1209,Store,4,null,447,1
1210,Warehouse,null,2,447,5
1211,Warehouse,null,2,448,6
1212,Warehouse,null,2,449,6
1213,Store,20,null,450,1
1214,Warehouse,null,2,450,5
1215,Store,27,null,451,1
1216,Warehouse,null,2,451,5
1217,Store,23,null,452,1
1218,Warehouse,null,2,452,5
1219,Warehouse,null,2,453,6
1220,Warehouse,null,2,454,6
1221,Warehouse,null,2,456,6
1222,Warehouse,null,2,457,6
1223,Warehouse,null,2,458,6
1224,Store,4,null,460,1
1225,Warehouse,null,2,460,5
1226,Store,22,null,461,1
1227,Warehouse,null,2,461,5
1228,Warehouse,null,2,462,6
1229,Warehouse,null,2,463,6
1230,Store,4,null,464,1
1231,Warehouse,null,2,464,5
1232,Store,22,null,465,1
1233,Warehouse,null,2,465,5
1234,Store,4,null,466,1
1235,Warehouse,null,2,466,5
1236,Store,24,null,467,1
1237,Warehouse,null,2,467,5
1238,Store,23,null,468,1
1239,Warehouse,null,2,468,5
1240,Store,4,null,469,1
1241,Warehouse,null,2,469,5
1242,Warehouse,null,2,470,6
1243,Warehouse,null,2,471,6
1244,Warehouse,null,2,472,6
1245,Warehouse,null,2,473,6
1246,Warehouse,null,2,474,6
1247,Warehouse,null,2,475,6
1248,Warehouse,null,2,476,6
1249,Warehouse,null,2,477,6
1250,Store,6,null,478,1
1251,Warehouse,null,2,478,5
1252,Warehouse,null,2,479,6
1253,Store,23,null,480,1
1254,Warehouse,null,2,480,5
1255,Warehouse,null,2,481,6
1256,Warehouse,null,2,482,6
1257,Store,23,null,483,1
1258,Warehouse,null,2,483,5
1259,Store,1,null,484,1
1260,Warehouse,null,2,484,5
1261,Store,20,null,485,1
1262,Warehouse,null,2,485,5
1263,Store,22,null,486,1
1264,Warehouse,null,2,486,5
1265,Warehouse,null,2,487,6
1266,Store,23,null,488,1
1267,Warehouse,null,2,488,5
1268,Warehouse,null,2,489,6
1269,Store,26,null,490,1
1270,Warehouse,null,2,490,5
1271,Warehouse,null,2,491,6
1272,Warehouse,null,2,492,6
1273,Store,23,null,493,1
1274,Warehouse,null,2,493,5
1275,Warehouse,null,2,494,6
1276,Warehouse,null,2,495,6
1277,Store,6,null,496,1
1278,Warehouse,null,2,496,5
1279,Warehouse,null,2,497,6
1280,Warehouse,null,2,498,6
1281,Warehouse,null,2,499,6
1282,Warehouse,null,2,500,6
1283,Warehouse,null,2,501,6
1284,Warehouse,null,2,502,6
1285,Warehouse,null,2,503,8
1286,Warehouse,null,2,504,7
1287,Warehouse,null,2,505,7
1288,Warehouse,null,2,506,7
1289,Store,20,null,507,1
1290,Warehouse,null,2,507,6
1291,Warehouse,null,2,508,6
1292,Warehouse,null,2,509,6
1293,Warehouse,null,2,510,6
1294,Store,23,null,512,1
1295,Warehouse,null,2,512,5
1296,Warehouse,null,2,513,6
1297,Warehouse,null,2,514,6
1298,Warehouse,null,2,515,6
1299,Warehouse,null,2,516,6
1300,Warehouse,null,2,517,6
1301,Store,6,null,518,1
1302,Warehouse,null,2,518,5
1303,Warehouse,null,2,519,6
1304,Store,26,null,522,1
1305,Warehouse,null,2,522,5
1306,Store,4,null,523,1
1307,Warehouse,null,2,523,5
1308,Warehouse,null,2,524,6
1309,Warehouse,null,2,525,6
1310,Store,1,null,527,1
1311,Warehouse,null,2,527,5
1312,Warehouse,null,2,528,6
1313,Warehouse,null,2,529,6
1314,Warehouse,null,2,530,6
1315,Warehouse,null,2,531,6
1316,Warehouse,null,2,532,6
1317,Warehouse,null,2,533,6
1318,Store,27,null,534,1
1319,Warehouse,null,2,534,5
1320,Warehouse,null,2,535,6
1321,Warehouse,null,2,536,3
1322,Warehouse,null,2,537,3
1323,Warehouse,null,2,538,3
1324,Warehouse,null,2,539,3
1325,Warehouse,null,2,540,3
1326,Warehouse,null,2,541,3
1327,Warehouse,null,2,542,3
1328,Warehouse,null,2,543,3
1329,Warehouse,null,2,544,3
1330,Warehouse,null,2,545,4
1331,Warehouse,null,2,546,3
1332,Warehouse,null,2,547,3
1333,Warehouse,null,2,549,3
1334,Warehouse,null,2,550,3
1335,Warehouse,null,2,551,3
1336,Warehouse,null,2,552,3
1337,Warehouse,null,2,553,3
1338,Warehouse,null,2,554,4
1339,Warehouse,null,2,556,3
1340,Warehouse,null,2,557,3
1341,Warehouse,null,2,558,3
1342,Warehouse,null,2,560,3
1343,Warehouse,null,2,564,3
1344,Warehouse,null,2,566,3
1345,Warehouse,null,2,567,3
1346,Warehouse,null,2,568,3
1347,Warehouse,null,2,569,3
1348,Warehouse,null,2,570,3
1349,Warehouse,null,2,571,3
1350,Warehouse,null,2,572,3
1351,Warehouse,null,2,573,3
1352,Warehouse,null,2,574,3
1353,Warehouse,null,2,575,3
1354,Warehouse,null,2,576,3
1355,Warehouse,null,2,577,3
1356,Warehouse,null,2,578,3
1357,Warehouse,null,2,579,3
1358,Warehouse,null,2,580,3
1359,Warehouse,null,2,581,3
1360,Warehouse,null,2,582,3
1361,Warehouse,null,2,583,3
1362,Warehouse,null,2,584,3
1363,Warehouse,null,2,585,3
1364,Warehouse,null,2,586,3
1365,Warehouse,null,2,589,3
1366,Warehouse,null,2,596,3
1367,Warehouse,null,2,597,3
1368,Warehouse,null,2,598,3
1369,Warehouse,null,2,599,3
1370,Warehouse,null,2,600,3
1371,Warehouse,null,2,601,3
1372,Warehouse,null,2,602,3
1373,Warehouse,null,2,603,4
1374,Warehouse,null,2,604,3
1375,Warehouse,null,2,605,3
1376,Warehouse,null,2,606,4
1377,Warehouse,null,2,607,4
1378,Warehouse,null,2,608,3
1379,Warehouse,null,2,609,3
1380,Warehouse,null,2,610,3
1381,Warehouse,null,2,611,3
1382,Warehouse,null,2,613,3
1383,Warehouse,null,2,615,3
1384,Warehouse,null,2,616,3
1385,Warehouse,null,2,617,3
1386,Warehouse,null,2,618,3
1387,Warehouse,null,2,619,3
1388,Warehouse,null,2,621,3
1389,Warehouse,null,2,623,3
1390,Warehouse,null,2,625,3
1391,Warehouse,null,2,630,3
1392,Warehouse,null,2,631,3
1393,Warehouse,null,2,632,3
1394,Warehouse,null,2,633,3
1395,Warehouse,null,2,635,3
1396,Warehouse,null,2,638,3
1397,Warehouse,null,2,639,3
1398,Warehouse,null,2,640,3
1399,Warehouse,null,2,641,3
1400,Warehouse,null,2,642,3
1401,Warehouse,null,2,643,3
1402,Warehouse,null,2,644,3
1403,Warehouse,null,2,645,3
1404,Warehouse,null,2,646,3
1405,Warehouse,null,2,647,3
1406,Warehouse,null,2,648,3
1407,Warehouse,null,2,649,3
1408,Warehouse,null,2,650,3
1409,Warehouse,null,2,651,3
1410,Warehouse,null,2,652,3
1411,Warehouse,null,2,653,3
1412,Warehouse,null,2,654,3
1413,Warehouse,null,2,655,3
1414,Warehouse,null,2,656,3
1415,Warehouse,null,2,658,3
1416,Warehouse,null,2,659,3
1417,Warehouse,null,2,660,3
1418,Warehouse,null,2,661,3
1419,Warehouse,null,2,662,3
1420,Warehouse,null,2,663,3
1421,Warehouse,null,2,664,3
1422,Warehouse,null,2,665,3
1423,Warehouse,null,2,666,3
1424,Warehouse,null,2,667,3
1425,Warehouse,null,2,668,3
1426,Warehouse,null,2,669,3
1427,Warehouse,null,2,670,3
1428,Warehouse,null,2,671,3
1429,Warehouse,null,2,672,3
1430,Warehouse,null,2,673,3
1431,Warehouse,null,2,674,3
1432,Warehouse,null,2,675,3
1433,Warehouse,null,2,676,3
1434,Warehouse,null,2,677,3
1435,Warehouse,null,2,678,3
1436,Warehouse,null,2,679,3
1437,Warehouse,null,2,680,3
1438,Warehouse,null,2,681,3
1439,Warehouse,null,2,682,3
1440,Warehouse,null,2,683,3
1441,Warehouse,null,2,684,3
1442,Warehouse,null,2,685,3
1443,Warehouse,null,2,686,3
1444,Warehouse,null,2,687,3
1445,Warehouse,null,2,688,3
1446,Warehouse,null,2,689,3
1447,Warehouse,null,2,690,3
1448,Warehouse,null,2,691,3
1449,Warehouse,null,2,692,3
1450,Warehouse,null,2,693,3
1451,Warehouse,null,2,694,3
1452,Warehouse,null,2,695,3
1453,Warehouse,null,2,696,3
1454,Warehouse,null,2,697,3
1455,Warehouse,null,2,698,3
1456,Warehouse,null,2,699,3
1457,Warehouse,null,2,700,3
1458,Warehouse,null,2,701,3
1459,Warehouse,null,2,702,3
1460,Warehouse,null,2,703,3
1461,Warehouse,null,2,704,3
1462,Warehouse,null,2,705,3
1463,Warehouse,null,2,706,3
1464,Warehouse,null,2,707,3
1465,Warehouse,null,2,708,4
1466,Warehouse,null,2,709,3
1467,Warehouse,null,2,710,3
1468,Warehouse,null,2,711,3
1469,Warehouse,null,2,712,3
1470,Warehouse,null,2,713,3
1471,Warehouse,null,2,714,3
1472,Warehouse,null,2,715,3
1473,Warehouse,null,2,716,3
1474,Warehouse,null,2,717,3
1475,Warehouse,null,2,718,3
1476,Warehouse,null,2,719,3
1477,Warehouse,null,2,720,3
1478,Warehouse,null,2,721,3
1479,Warehouse,null,2,722,3
1480,Warehouse,null,2,723,3
1481,Warehouse,null,2,724,3
1482,Warehouse,null,2,725,3
1483,Warehouse,null,2,726,4
1484,Warehouse,null,2,727,3
1485,Warehouse,null,2,728,4
1486,Warehouse,null,2,729,4
1487,Warehouse,null,2,730,4
1488,Warehouse,null,2,731,3
1489,Warehouse,null,2,732,3
1490,Warehouse,null,2,733,3
1491,Warehouse,null,2,734,3
1492,Warehouse,null,2,735,3
1493,Warehouse,null,2,736,3
1494,Warehouse,null,2,737,3
1495,Warehouse,null,2,738,3
1496,Warehouse,null,2,740,3
1497,Warehouse,null,2,741,3
1498,Warehouse,null,2,742,3
1499,Warehouse,null,2,743,3
1500,Warehouse,null,2,744,3
1501,Warehouse,null,2,745,3
1502,Warehouse,null,2,746,3
1503,Warehouse,null,2,747,3
1504,Warehouse,null,2,748,3
1505,Warehouse,null,2,749,3
1506,Warehouse,null,2,750,3
1507,Warehouse,null,2,751,3
1508,Warehouse,null,2,752,3
1509,Warehouse,null,2,753,3
1510,Warehouse,null,2,754,3
1511,Warehouse,null,2,755,3
1512,Warehouse,null,2,756,3
1513,Warehouse,null,2,757,3
1514,Warehouse,null,2,758,3
1515,Warehouse,null,2,759,3
1516,Warehouse,null,2,760,3
1517,Warehouse,null,2,761,3
1518,Warehouse,null,2,762,3
1519,Warehouse,null,2,763,3
1520,Warehouse,null,2,764,3
1521,Warehouse,null,2,765,3
1522,Warehouse,null,2,766,3
1523,Warehouse,null,2,768,3
1524,Warehouse,null,2,769,3
1525,Warehouse,null,2,770,4
1526,Warehouse,null,2,771,5
1527,Warehouse,null,2,772,4
1528,Warehouse,null,2,773,6
1529,Warehouse,null,2,774,6
1530,Store,27,null,775,1
1531,Warehouse,null,2,775,5
1532,Store,4,null,776,1
1533,Warehouse,null,2,776,5
1534,Store,22,null,777,1
1535,Warehouse,null,2,777,5
1536,Store,1,null,778,1
1537,Warehouse,null,2,778,5
1538,Store,25,null,779,1
1539,Warehouse,null,2,779,5
1540,Store,6,null,780,1
1541,Warehouse,null,2,780,5
1542,Warehouse,null,2,781,6
1543,Store,6,null,782,1
1544,Warehouse,null,2,782,5
1545,Store,23,null,783,1
1546,Warehouse,null,2,783,5
1547,Store,6,null,784,1
1548,Warehouse,null,2,784,5
1549,Store,4,null,786,1
1550,Warehouse,null,2,786,5
1551,Store,26,null,787,1
1552,Warehouse,null,2,787,5
1553,Store,6,null,788,1
1554,Warehouse,null,2,788,5
1555,Warehouse,null,2,789,6
1556,Store,1,null,790,1
1557,Warehouse,null,2,790,5
1558,Warehouse,null,2,791,6
1559,Store,26,null,792,1
1560,Warehouse,null,2,792,5
1561,Warehouse,null,2,793,6
1562,Store,26,null,794,1
1563,Warehouse,null,2,794,5
1564,Store,2,null,795,1
1565,Warehouse,null,2,795,5
1566,Warehouse,null,2,796,6
1567,Store,1,null,797,1
1568,Warehouse,null,2,797,5
1569,Warehouse,null,2,798,6
1570,Warehouse,null,2,799,6
1571,Store,5,null,800,1
1572,Warehouse,null,2,800,5
1573,Warehouse,null,2,801,6
1574,Store,5,null,802,1
1575,Warehouse,null,2,802,5
1576,Store,4,null,803,1
1577,Warehouse,null,2,803,5
1578,Store,6,null,804,1
1579,Warehouse,null,2,804,5
1580,Store,20,null,805,1
1581,Warehouse,null,2,805,5
1582,Store,23,null,806,1
1583,Warehouse,null,2,806,5
1584,Store,6,null,807,1
1585,Warehouse,null,2,807,5
1586,Warehouse,null,2,808,6
1587,Warehouse,null,2,809,6
1588,Store,4,null,810,1
1589,Warehouse,null,2,810,5
1590,Store,24,null,811,1
1591,Warehouse,null,2,811,5
1592,Store,4,null,812,1
1593,Warehouse,null,2,812,5
1594,Warehouse,null,3,1,3
1595,Warehouse,null,3,2,4
1596,Warehouse,null,3,3,4
1597,Warehouse,null,3,6,4
1598,Warehouse,null,3,7,3
1599,Warehouse,null,3,8,3
1600,Warehouse,null,3,9,3
1601,Warehouse,null,3,10,3
1602,Warehouse,null,3,11,3
1603,Warehouse,null,3,12,3
1604,Warehouse,null,3,14,4
1605,Warehouse,null,3,15,3
1606,Warehouse,null,3,16,4
1607,Warehouse,null,3,17,3
1608,Warehouse,null,3,18,3
1609,Warehouse,null,3,19,3
1610,Warehouse,null,3,20,3
1611,Warehouse,null,3,22,3
1612,Warehouse,null,3,24,3
1613,Warehouse,null,3,30,3
1614,Warehouse,null,3,31,3
1615,Warehouse,null,3,35,3
1616,Warehouse,null,3,36,3
1617,Warehouse,null,3,39,3
1618,Warehouse,null,3,45,3
1619,Warehouse,null,3,46,3
1620,Warehouse,null,3,48,3
1621,Warehouse,null,3,49,3
1622,Warehouse,null,3,53,3
1623,Warehouse,null,3,55,3
1624,Warehouse,null,3,56,3
1625,Warehouse,null,3,58,3
1626,Warehouse,null,3,59,3
1627,Warehouse,null,3,62,3
1628,Warehouse,null,3,65,3
1629,Warehouse,null,3,66,3
1630,Warehouse,null,3,67,3
1631,Warehouse,null,3,68,3
1632,Warehouse,null,3,69,3
1633,Warehouse,null,3,71,3
1634,Warehouse,null,3,72,3
1635,Warehouse,null,3,73,3
1636,Warehouse,null,3,74,3
1637,Warehouse,null,3,75,3
1638,Warehouse,null,3,76,3
1639,Warehouse,null,3,78,3
1640,Warehouse,null,3,79,3
1641,Warehouse,null,3,81,3
1642,Warehouse,null,3,82,3
1643,Warehouse,null,3,83,3
1644,Warehouse,null,3,84,3
1645,Warehouse,null,3,85,3
1646,Warehouse,null,3,86,3
1647,Warehouse,null,3,87,3
1648,Warehouse,null,3,88,3
1649,Warehouse,null,3,90,3
1650,Warehouse,null,3,91,3
1651,Warehouse,null,3,94,3
1652,Warehouse,null,3,95,3
1653,Warehouse,null,3,97,3
1654,Warehouse,null,3,98,3
1655,Warehouse,null,3,99,3
1656,Warehouse,null,3,101,3
1657,Warehouse,null,3,107,3
1658,Warehouse,null,3,108,3
1659,Warehouse,null,3,111,3
1660,Warehouse,null,3,114,3
1661,Warehouse,null,3,115,3
1662,Warehouse,null,3,116,3
1663,Warehouse,null,3,117,3
1664,Warehouse,null,3,118,3
1665,Warehouse,null,3,119,3
1666,Warehouse,null,3,120,3
1667,Warehouse,null,3,121,4
1668,Warehouse,null,3,122,3
1669,Warehouse,null,3,123,3
1670,Warehouse,null,3,125,3
1671,Warehouse,null,3,126,3
1672,Warehouse,null,3,127,3
1673,Warehouse,null,3,128,3
1674,Warehouse,null,3,129,3
1675,Warehouse,null,3,130,4
1676,Warehouse,null,3,131,3
1677,Warehouse,null,3,132,3
1678,Warehouse,null,3,133,3
1679,Warehouse,null,3,134,3
1680,Warehouse,null,3,135,4
1681,Warehouse,null,3,136,3
1682,Warehouse,null,3,141,3
1683,Warehouse,null,3,143,3
1684,Warehouse,null,3,145,3
1685,Warehouse,null,3,147,3
1686,Warehouse,null,3,151,3
1687,Warehouse,null,3,152,3
1688,Warehouse,null,3,154,3
1689,Warehouse,null,3,156,3
1690,Warehouse,null,3,157,3
1691,Warehouse,null,3,159,3
1692,Warehouse,null,3,160,3
1693,Warehouse,null,3,162,3
1694,Warehouse,null,3,164,3
1695,Warehouse,null,3,166,3
1696,Warehouse,null,3,167,3
1697,Warehouse,null,3,177,3
1698,Warehouse,null,3,178,3
1699,Warehouse,null,3,179,3
1700,Warehouse,null,3,180,3
1701,Warehouse,null,3,181,3
1702,Warehouse,null,3,183,3
1703,Warehouse,null,3,184,3
1704,Warehouse,null,3,185,3
1705,Warehouse,null,3,187,3
1706,Warehouse,null,3,188,3
1707,Warehouse,null,3,189,3
1708,Warehouse,null,3,190,3
1709,Warehouse,null,3,191,3
1710,Warehouse,null,3,192,3
1711,Warehouse,null,3,193,3
1712,Warehouse,null,3,194,3
1713,Warehouse,null,3,195,3
1714,Warehouse,null,3,196,3
1715,Warehouse,null,3,197,4
1716,Warehouse,null,3,198,3
1717,Warehouse,null,3,199,3
1718,Warehouse,null,3,200,3
1719,Warehouse,null,3,202,3
1720,Warehouse,null,3,203,3
1721,Warehouse,null,3,207,3
1722,Warehouse,null,3,208,3
1723,Warehouse,null,3,209,3
1724,Warehouse,null,3,212,3
1725,Warehouse,null,3,214,3
1726,Warehouse,null,3,216,3
1727,Warehouse,null,3,217,3
1728,Warehouse,null,3,218,3
1729,Warehouse,null,3,219,3
1730,Warehouse,null,3,220,3
1731,Warehouse,null,3,222,3
1732,Warehouse,null,3,225,3
1733,Warehouse,null,3,226,3
1734,Warehouse,null,3,228,3
1735,Warehouse,null,3,230,3
1736,Warehouse,null,3,232,3
1737,Warehouse,null,3,233,3
1738,Warehouse,null,3,234,3
1739,Warehouse,null,3,235,3
1740,Warehouse,null,3,236,3
1741,Warehouse,null,3,237,3
1742,Warehouse,null,3,238,3
1743,Warehouse,null,3,239,3
1744,Warehouse,null,3,240,3
1745,Warehouse,null,3,241,3
1746,Warehouse,null,3,242,3
1747,Warehouse,null,3,243,3
1748,Warehouse,null,3,244,3
1749,Warehouse,null,3,245,3
1750,Warehouse,null,3,246,3
1751,Warehouse,null,3,247,3
1752,Warehouse,null,3,248,3
1753,Warehouse,null,3,249,3
1754,Warehouse,null,3,250,3
1755,Warehouse,null,3,251,3
1756,Warehouse,null,3,252,3
1757,Warehouse,null,3,253,3
1758,Warehouse,null,3,255,3
1759,Warehouse,null,3,256,3
1760,Warehouse,null,3,258,3
1761,Warehouse,null,3,259,3
1762,Warehouse,null,3,260,3
1763,Warehouse,null,3,261,3
1764,Warehouse,null,3,262,3
1765,Warehouse,null,3,264,3
1766,Warehouse,null,3,268,3
1767,Warehouse,null,3,269,3
1768,Warehouse,null,3,270,3
1769,Warehouse,null,3,271,3
1770,Warehouse,null,3,272,3
1771,Warehouse,null,3,275,3
1772,Warehouse,null,3,276,3
1773,Warehouse,null,3,278,3
1774,Warehouse,null,3,279,3
1775,Warehouse,null,3,280,3
1776,Warehouse,null,3,282,3
1777,Warehouse,null,3,283,3
1778,Warehouse,null,3,285,3
1779,Warehouse,null,3,286,3
1780,Warehouse,null,3,287,3
1781,Warehouse,null,3,288,3
1782,Warehouse,null,3,289,3
1783,Warehouse,null,3,290,3
1784,Warehouse,null,3,291,3
1785,Warehouse,null,3,292,3
1786,Warehouse,null,3,293,3
1787,Warehouse,null,3,294,3
1788,Warehouse,null,3,295,3
1789,Warehouse,null,3,296,3
1790,Warehouse,null,3,298,3
1791,Warehouse,null,3,299,3
1792,Warehouse,null,3,301,3
1793,Warehouse,null,3,302,3
1794,Warehouse,null,3,305,3
1795,Warehouse,null,3,308,3
1796,Warehouse,null,3,310,3
1797,Warehouse,null,3,312,3
1798,Warehouse,null,3,313,3
1799,Warehouse,null,3,314,3
1800,Warehouse,null,3,315,3
1801,Warehouse,null,3,316,3
1802,Warehouse,null,3,317,3
1803,Warehouse,null,3,318,3
1804,Warehouse,null,3,319,3
1805,Warehouse,null,3,320,3
1806,Warehouse,null,3,321,3
1807,Warehouse,null,3,323,3
1808,Warehouse,null,3,324,3
1809,Warehouse,null,3,325,3
1810,Warehouse,null,3,326,3
1811,Warehouse,null,3,327,3
1812,Warehouse,null,3,328,3
1813,Warehouse,null,3,329,3
1814,Warehouse,null,3,331,3
1815,Warehouse,null,3,333,3
1816,Warehouse,null,3,334,3
1817,Warehouse,null,3,335,3
1818,Warehouse,null,3,336,4
1819,Warehouse,null,3,337,3
1820,Warehouse,null,3,338,3
1821,Warehouse,null,3,339,3
1822,Warehouse,null,3,343,3
1823,Warehouse,null,3,352,3
1824,Warehouse,null,3,356,3
1825,Warehouse,null,3,361,3
1826,Warehouse,null,3,362,3
1827,Warehouse,null,3,363,3
1828,Warehouse,null,3,365,3
1829,Warehouse,null,3,366,3
1830,Warehouse,null,3,367,3
1831,Warehouse,null,3,368,3
1832,Warehouse,null,3,369,3
1833,Warehouse,null,3,370,3
1834,Warehouse,null,3,374,3
1835,Warehouse,null,3,377,3
1836,Warehouse,null,3,378,3
1837,Warehouse,null,3,381,3
1838,Warehouse,null,3,382,3
1839,Warehouse,null,3,383,3
1840,Warehouse,null,3,384,3
1841,Warehouse,null,3,385,3
1842,Warehouse,null,3,386,3
1843,Warehouse,null,3,387,3
1844,Warehouse,null,3,388,3
1845,Warehouse,null,3,389,3
1846,Warehouse,null,3,390,3
1847,Warehouse,null,3,401,3
1848,Warehouse,null,3,407,3
1849,Warehouse,null,3,409,3
1850,Warehouse,null,3,410,3
1851,Warehouse,null,3,411,3
1852,Warehouse,null,3,412,3
1853,Warehouse,null,3,415,3
1854,Warehouse,null,3,416,3
1855,Warehouse,null,3,417,3
1856,Warehouse,null,3,418,3
1857,Warehouse,null,3,420,3
1858,Warehouse,null,3,421,3
1859,Warehouse,null,3,422,3
1860,Warehouse,null,3,424,3
1861,Warehouse,null,3,425,3
1862,Warehouse,null,3,426,3
1863,Warehouse,null,3,427,3
1864,Warehouse,null,3,429,3
1865,Warehouse,null,3,430,3
1866,Warehouse,null,3,431,3
1867,Warehouse,null,3,432,3
1868,Warehouse,null,3,435,3
1869,Warehouse,null,3,436,3
1870,Warehouse,null,3,437,3
1871,Warehouse,null,3,438,3
1872,Warehouse,null,3,439,3
1873,Warehouse,null,3,440,3
1874,Warehouse,null,3,441,3
1875,Warehouse,null,3,442,3
1876,Warehouse,null,3,443,3
1877,Warehouse,null,3,444,3
1878,Warehouse,null,3,445,3
1879,Warehouse,null,3,447,6
1880,Warehouse,null,3,448,6
1881,Warehouse,null,3,449,6
1882,Warehouse,null,3,450,6
1883,Warehouse,null,3,452,6
1884,Warehouse,null,3,454,6
1885,Warehouse,null,3,456,6
1886,Warehouse,null,3,457,6
1887,Warehouse,null,3,463,6
1888,Warehouse,null,3,464,6
1889,Warehouse,null,3,465,6
1890,Warehouse,null,3,466,6
1891,Warehouse,null,3,467,6
1892,Warehouse,null,3,468,6
1893,Warehouse,null,3,469,6
1894,Warehouse,null,3,470,6
1895,Store,33,null,471,1
1896,Warehouse,null,3,471,5
1897,Warehouse,null,3,472,6
1898,Warehouse,null,3,474,6
1899,Warehouse,null,3,475,6
1900,Store,34,null,479,1
1901,Warehouse,null,3,479,5
1902,Warehouse,null,3,480,7
1903,Warehouse,null,3,481,6
1904,Store,35,null,482,1
1905,Warehouse,null,3,482,5
1906,Warehouse,null,3,483,6
1907,Warehouse,null,3,484,7
1908,Warehouse,null,3,485,6
1909,Warehouse,null,3,486,7
1910,Store,33,null,487,1
1911,Warehouse,null,3,487,5
1912,Store,35,null,488,1
1913,Warehouse,null,3,488,6
1914,Warehouse,null,3,489,7
1915,Warehouse,null,3,490,7
1916,Warehouse,null,3,491,6
1917,Warehouse,null,3,492,6
1918,Warehouse,null,3,493,6
1919,Warehouse,null,3,494,6
1920,Warehouse,null,3,495,6
1921,Warehouse,null,3,496,6
1922,Warehouse,null,3,497,6
1923,Warehouse,null,3,498,6
1924,Warehouse,null,3,499,6
1925,Warehouse,null,3,500,6
1926,Warehouse,null,3,508,6
1927,Warehouse,null,3,511,6
1928,Warehouse,null,3,513,6
1929,Warehouse,null,3,515,6
1930,Warehouse,null,3,517,6
1931,Store,34,null,518,1
1932,Warehouse,null,3,518,5
1933,Warehouse,null,3,523,6
1934,Warehouse,null,3,524,6
1935,Store,32,null,525,1
1936,Warehouse,null,3,525,5
1937,Warehouse,null,3,526,6
1938,Warehouse,null,3,527,6
1939,Warehouse,null,3,528,6
1940,Warehouse,null,3,529,6
1941,Warehouse,null,3,530,6
1942,Store,34,null,531,1
1943,Warehouse,null,3,531,5
1944,Warehouse,null,3,532,6
1945,Store,35,null,533,1
1946,Warehouse,null,3,533,5
1947,Warehouse,null,3,536,3
1948,Warehouse,null,3,538,3
1949,Warehouse,null,3,539,3
1950,Warehouse,null,3,543,3
1951,Warehouse,null,3,544,3
1952,Warehouse,null,3,545,3
1953,Warehouse,null,3,550,3
1954,Warehouse,null,3,555,3
1955,Warehouse,null,3,559,3
1956,Warehouse,null,3,560,3
1957,Warehouse,null,3,561,3
1958,Warehouse,null,3,563,3
1959,Warehouse,null,3,564,3
1960,Warehouse,null,3,566,3
1961,Warehouse,null,3,567,3
1962,Warehouse,null,3,568,3
1963,Warehouse,null,3,579,3
1964,Warehouse,null,3,580,3
1965,Warehouse,null,3,583,3
1966,Warehouse,null,3,584,3
1967,Warehouse,null,3,585,3
1968,Warehouse,null,3,587,3
1969,Warehouse,null,3,588,3
1970,Warehouse,null,3,589,3
1971,Warehouse,null,3,590,3
1972,Warehouse,null,3,591,3
1973,Warehouse,null,3,592,3
1974,Warehouse,null,3,593,3
1975,Warehouse,null,3,594,3
1976,Warehouse,null,3,595,3
1977,Warehouse,null,3,597,3
1978,Warehouse,null,3,600,3
1979,Warehouse,null,3,602,3
1980,Warehouse,null,3,605,3
1981,Warehouse,null,3,607,3
1982,Warehouse,null,3,608,3
1983,Warehouse,null,3,609,3
1984,Warehouse,null,3,612,3
1985,Warehouse,null,3,613,3
1986,Warehouse,null,3,616,3
1987,Warehouse,null,3,617,3
1988,Warehouse,null,3,618,3
1989,Warehouse,null,3,619,3
1990,Warehouse,null,3,620,3
1991,Warehouse,null,3,621,3
1992,Warehouse,null,3,623,3
1993,Warehouse,null,3,624,3
1994,Warehouse,null,3,625,3
1995,Warehouse,null,3,639,3
1996,Warehouse,null,3,643,3
1997,Warehouse,null,3,644,3
1998,Warehouse,null,3,645,3
1999,Warehouse,null,3,646,3
2000,Warehouse,null,3,656,3
2001,Warehouse,null,3,657,3
2002,Warehouse,null,3,658,3
2003,Warehouse,null,3,659,3
2004,Warehouse,null,3,660,3
2005,Warehouse,null,3,661,3
2006,Warehouse,null,3,662,3
2007,Warehouse,null,3,663,3
2008,Warehouse,null,3,664,3
2009,Warehouse,null,3,665,3
2010,Warehouse,null,3,666,3
2011,Warehouse,null,3,667,3
2012,Warehouse,null,3,673,3
2013,Warehouse,null,3,674,3
2014,Warehouse,null,3,675,3
2015,Warehouse,null,3,676,3
2016,Warehouse,null,3,681,3
2017,Warehouse,null,3,682,3
2018,Warehouse,null,3,683,3
2019,Warehouse,null,3,684,3
2020,Warehouse,null,3,685,3
2021,Warehouse,null,3,686,3
2022,Warehouse,null,3,687,3
2023,Warehouse,null,3,689,3
2024,Warehouse,null,3,692,3
2025,Warehouse,null,3,693,3
2026,Warehouse,null,3,695,3
2027,Warehouse,null,3,696,3
2028,Warehouse,null,3,697,3
2029,Warehouse,null,3,698,3
2030,Warehouse,null,3,699,3
2031,Warehouse,null,3,700,4
2032,Warehouse,null,3,701,3
2033,Warehouse,null,3,702,3
2034,Warehouse,null,3,703,3
2035,Warehouse,null,3,704,3
2036,Warehouse,null,3,705,3
2037,Warehouse,null,3,706,3
2038,Warehouse,null,3,707,3
2039,Warehouse,null,3,708,3
2040,Warehouse,null,3,709,3
2041,Warehouse,null,3,713,3
2042,Warehouse,null,3,714,3
2043,Warehouse,null,3,715,3
2044,Warehouse,null,3,716,3
2045,Warehouse,null,3,717,3
2046,Warehouse,null,3,718,3
2047,Warehouse,null,3,719,3
2048,Warehouse,null,3,720,3
2049,Warehouse,null,3,721,3
2050,Warehouse,null,3,722,3
2051,Warehouse,null,3,723,3
2052,Warehouse,null,3,724,3
2053,Warehouse,null,3,725,4
2054,Warehouse,null,3,726,3
2055,Warehouse,null,3,727,3
2056,Warehouse,null,3,729,3
2057,Warehouse,null,3,730,3
2058,Warehouse,null,3,731,3
2059,Warehouse,null,3,732,3
2060,Warehouse,null,3,733,3
2061,Warehouse,null,3,735,3
2062,Warehouse,null,3,736,3
2063,Warehouse,null,3,737,3
2064,Warehouse,null,3,738,3
2065,Warehouse,null,3,739,3
2066,Warehouse,null,3,740,3
2067,Warehouse,null,3,741,3
2068,Warehouse,null,3,742,3
2069,Warehouse,null,3,744,3
2070,Warehouse,null,3,745,3
2071,Warehouse,null,3,746,3
2072,Warehouse,null,3,747,3
2073,Warehouse,null,3,749,3
2074,Warehouse,null,3,750,3
2075,Warehouse,null,3,751,3
2076,Warehouse,null,3,752,3
2077,Warehouse,null,3,753,3
2078,Warehouse,null,3,754,3
2079,Warehouse,null,3,757,3
2080,Warehouse,null,3,759,3
2081,Warehouse,null,3,762,3
2082,Warehouse,null,3,763,3
2083,Warehouse,null,3,764,3
2084,Warehouse,null,3,765,3
2085,Warehouse,null,3,766,3
2086,Warehouse,null,3,767,3
2087,Warehouse,null,3,768,3
2088,Store,34,null,774,1
2089,Warehouse,null,3,774,5
2090,Store,35,null,775,1
2091,Warehouse,null,3,775,5
2092,Store,34,null,776,1
2093,Warehouse,null,3,776,5
2094,Warehouse,null,3,777,6
2095,Store,35,null,778,1
2096,Warehouse,null,3,778,5
2097,Store,35,null,780,1
2098,Warehouse,null,3,780,5
2099,Warehouse,null,3,781,6
2100,Warehouse,null,3,784,6
2101,Store,33,null,793,1
2102,Warehouse,null,3,793,5
2103,Warehouse,null,3,794,6
2104,Warehouse,null,3,795,6
2105,Store,34,null,798,1
2106,Warehouse,null,3,798,5
2107,Warehouse,null,3,799,6
2108,Store,35,null,800,1
2109,Warehouse,null,3,800,5
2110,Store,35,null,801,1
2111,Warehouse,null,3,801,5
2112,Store,33,null,802,1
2113,Warehouse,null,3,802,5
2114,Warehouse,null,3,803,6
2115,Store,33,null,804,1
2116,Warehouse,null,3,804,5
2117,Warehouse,null,4,1,3
2118,Warehouse,null,4,2,4
2119,Warehouse,null,4,3,3
2120,Warehouse,null,4,5,6
2121,Warehouse,null,4,6,3
2122,Warehouse,null,4,7,3
2123,Warehouse,null,4,8,3
2124,Warehouse,null,4,9,3
2125,Warehouse,null,4,10,3
2126,Warehouse,null,4,11,3
2127,Warehouse,null,4,13,3
2128,Warehouse,null,4,14,3
2129,Warehouse,null,4,15,3
2130,Warehouse,null,4,16,3
2131,Warehouse,null,4,17,3
2132,Warehouse,null,4,18,3
2133,Warehouse,null,4,19,3
2134,Warehouse,null,4,20,3
2135,Warehouse,null,4,22,3
2136,Warehouse,null,4,23,3
2137,Warehouse,null,4,26,3
2138,Warehouse,null,4,27,3
2139,Warehouse,null,4,29,3
2140,Warehouse,null,4,30,3
2141,Warehouse,null,4,31,3
2142,Warehouse,null,4,32,3
2143,Warehouse,null,4,33,3
2144,Warehouse,null,4,34,3
2145,Warehouse,null,4,35,3
2146,Warehouse,null,4,36,3
2147,Warehouse,null,4,39,3
2148,Warehouse,null,4,40,3
2149,Warehouse,null,4,41,3
2150,Warehouse,null,4,42,3
2151,Warehouse,null,4,43,3
2152,Warehouse,null,4,47,4
2153,Warehouse,null,4,48,3
2154,Warehouse,null,4,49,3
2155,Warehouse,null,4,50,3
2156,Warehouse,null,4,51,3
2157,Warehouse,null,4,52,3
2158,Warehouse,null,4,54,3
2159,Warehouse,null,4,55,3
2160,Warehouse,null,4,56,3
2161,Warehouse,null,4,57,3
2162,Warehouse,null,4,58,3
2163,Warehouse,null,4,59,3
2164,Warehouse,null,4,61,3
2165,Warehouse,null,4,64,3
2166,Warehouse,null,4,65,3
2167,Warehouse,null,4,66,3
2168,Warehouse,null,4,70,3
2169,Warehouse,null,4,71,3
2170,Warehouse,null,4,73,3
2171,Warehouse,null,4,74,3
2172,Warehouse,null,4,75,3
2173,Warehouse,null,4,77,3
2174,Warehouse,null,4,79,3
2175,Warehouse,null,4,80,3
2176,Warehouse,null,4,82,3
2177,Warehouse,null,4,85,3
2178,Warehouse,null,4,86,3
2179,Warehouse,null,4,87,3
2180,Warehouse,null,4,88,3
2181,Warehouse,null,4,89,3
2182,Warehouse,null,4,90,3
2183,Warehouse,null,4,92,3
2184,Warehouse,null,4,94,3
2185,Warehouse,null,4,96,3
2186,Warehouse,null,4,97,3
2187,Warehouse,null,4,103,3
2188,Warehouse,null,4,104,3
2189,Warehouse,null,4,107,3
2190,Warehouse,null,4,108,3
2191,Warehouse,null,4,112,3
2192,Warehouse,null,4,113,3
2193,Warehouse,null,4,117,3
2194,Warehouse,null,4,120,3
2195,Warehouse,null,4,121,3
2196,Warehouse,null,4,122,3
2197,Warehouse,null,4,123,3
2198,Warehouse,null,4,124,3
2199,Warehouse,null,4,125,3
2200,Warehouse,null,4,126,3
2201,Warehouse,null,4,127,3
2202,Warehouse,null,4,128,3
2203,Warehouse,null,4,129,3
2204,Warehouse,null,4,130,3
2205,Warehouse,null,4,131,3
2206,Warehouse,null,4,132,3
2207,Warehouse,null,4,133,3
2208,Warehouse,null,4,134,3
2209,Warehouse,null,4,135,3
2210,Warehouse,null,4,136,3
2211,Warehouse,null,4,138,3
2212,Warehouse,null,4,141,3
2213,Warehouse,null,4,145,3
2214,Warehouse,null,4,146,3
2215,Warehouse,null,4,148,3
2216,Warehouse,null,4,153,3
2217,Warehouse,null,4,156,3
2218,Warehouse,null,4,178,3
2219,Warehouse,null,4,179,3
2220,Warehouse,null,4,182,3
2221,Warehouse,null,4,183,3
2222,Warehouse,null,4,184,3
2223,Warehouse,null,4,185,3
2224,Warehouse,null,4,187,3
2225,Warehouse,null,4,188,3
2226,Warehouse,null,4,202,3
2227,Warehouse,null,4,203,3
2228,Warehouse,null,4,204,3
2229,Warehouse,null,4,205,3
2230,Warehouse,null,4,206,3
2231,Warehouse,null,4,207,3
2232,Warehouse,null,4,208,3
2233,Warehouse,null,4,215,3
2234,Warehouse,null,4,218,3
2235,Warehouse,null,4,221,3
2236,Warehouse,null,4,224,3
2237,Warehouse,null,4,229,3
2238,Warehouse,null,4,230,3
2239,Warehouse,null,4,233,3
2240,Warehouse,null,4,234,4
2241,Warehouse,null,4,235,3
2242,Warehouse,null,4,236,3
2243,Warehouse,null,4,237,4
2244,Warehouse,null,4,239,4
2245,Warehouse,null,4,240,3
2246,Warehouse,null,4,243,3
2247,Warehouse,null,4,245,4
2248,Warehouse,null,4,247,4
2249,Warehouse,null,4,248,4
2250,Warehouse,null,4,250,3
2251,Warehouse,null,4,270,3
2252,Warehouse,null,4,273,3
2253,Warehouse,null,4,274,3
2254,Warehouse,null,4,276,3
2255,Warehouse,null,4,278,3
2256,Warehouse,null,4,279,3
2257,Warehouse,null,4,280,3
2258,Warehouse,null,4,282,3
2259,Warehouse,null,4,285,3
2260,Warehouse,null,4,286,4
2261,Warehouse,null,4,288,3
2262,Warehouse,null,4,289,3
2263,Warehouse,null,4,290,3
2264,Warehouse,null,4,291,3
2265,Warehouse,null,4,292,3
2266,Warehouse,null,4,293,4
2267,Warehouse,null,4,294,3
2268,Warehouse,null,4,295,3
2269,Warehouse,null,4,296,3
2270,Warehouse,null,4,297,4
2271,Warehouse,null,4,298,4
2272,Warehouse,null,4,299,4
2273,Warehouse,null,4,300,4
2274,Warehouse,null,4,301,4
2275,Warehouse,null,4,302,3
2276,Warehouse,null,4,303,3
2277,Warehouse,null,4,304,4
2278,Warehouse,null,4,305,3
2279,Warehouse,null,4,306,3
2280,Warehouse,null,4,307,3
2281,Warehouse,null,4,308,3
2282,Warehouse,null,4,309,3
2283,Warehouse,null,4,310,3
2284,Warehouse,null,4,311,3
2285,Warehouse,null,4,312,3
2286,Warehouse,null,4,313,3
2287,Warehouse,null,4,314,3
2288,Warehouse,null,4,316,3
2289,Warehouse,null,4,317,3
2290,Warehouse,null,4,318,3
2291,Warehouse,null,4,319,3
2292,Warehouse,null,4,321,3
2293,Warehouse,null,4,322,3
2294,Warehouse,null,4,323,3
2295,Warehouse,null,4,324,3
2296,Warehouse,null,4,325,3
2297,Warehouse,null,4,326,3
2298,Warehouse,null,4,327,3
2299,Warehouse,null,4,328,3
2300,Warehouse,null,4,329,3
2301,Warehouse,null,4,330,3
2302,Warehouse,null,4,332,3
2303,Warehouse,null,4,333,3
2304,Warehouse,null,4,334,3
2305,Warehouse,null,4,335,3
2306,Warehouse,null,4,336,3
2307,Warehouse,null,4,337,3
2308,Warehouse,null,4,338,3
2309,Warehouse,null,4,339,3
2310,Warehouse,null,4,340,3
2311,Warehouse,null,4,342,3
2312,Warehouse,null,4,343,3
2313,Warehouse,null,4,345,3
2314,Warehouse,null,4,346,3
2315,Warehouse,null,4,348,3
2316,Warehouse,null,4,350,3
2317,Warehouse,null,4,351,3
2318,Warehouse,null,4,354,3
2319,Warehouse,null,4,358,3
2320,Warehouse,null,4,360,3
2321,Warehouse,null,4,362,3
2322,Warehouse,null,4,363,3
2323,Warehouse,null,4,364,3
2324,Warehouse,null,4,367,3
2325,Warehouse,null,4,370,3
2326,Warehouse,null,4,374,3
2327,Warehouse,null,4,377,3
2328,Warehouse,null,4,379,3
2329,Warehouse,null,4,384,4
2330,Warehouse,null,4,385,3
2331,Warehouse,null,4,386,3
2332,Warehouse,null,4,387,3
2333,Warehouse,null,4,388,3
2334,Warehouse,null,4,390,3
2335,Warehouse,null,4,391,3
2336,Warehouse,null,4,392,3
2337,Warehouse,null,4,394,3
2338,Warehouse,null,4,395,3
2339,Warehouse,null,4,396,3
2340,Warehouse,null,4,399,3
2341,Warehouse,null,4,400,3
2342,Warehouse,null,4,402,3
2343,Warehouse,null,4,403,3
2344,Warehouse,null,4,404,3
2345,Warehouse,null,4,405,3
2346,Warehouse,null,4,406,3
2347,Warehouse,null,4,407,3
2348,Warehouse,null,4,408,3
2349,Warehouse,null,4,409,3
2350,Warehouse,null,4,411,3
2351,Warehouse,null,4,413,3
2352,Warehouse,null,4,414,3
2353,Warehouse,null,4,415,3
2354,Warehouse,null,4,417,3
2355,Warehouse,null,4,418,3
2356,Warehouse,null,4,421,3
2357,Warehouse,null,4,422,3
2358,Warehouse,null,4,424,3
2359,Warehouse,null,4,425,3
2360,Warehouse,null,4,426,3
2361,Warehouse,null,4,427,3
2362,Warehouse,null,4,428,3
2363,Warehouse,null,4,430,3
2364,Warehouse,null,4,431,3
2365,Warehouse,null,4,432,3
2366,Warehouse,null,4,433,3
2367,Warehouse,null,4,440,3
2368,Warehouse,null,4,441,3
2369,Warehouse,null,4,442,3
2370,Warehouse,null,4,443,3
2371,Warehouse,null,4,444,3
2372,Warehouse,null,4,445,3
2373,Warehouse,null,4,446,7
2374,Warehouse,null,4,447,6
2375,Warehouse,null,4,448,6
2376,Warehouse,null,4,449,6
2377,Warehouse,null,4,450,7
2378,Warehouse,null,4,451,6
2379,Warehouse,null,4,452,6
2380,Store,30,null,453,1
2381,Warehouse,null,4,453,5
2382,Warehouse,null,4,454,7
2383,Warehouse,null,4,455,6
2384,Warehouse,null,4,456,7
2385,Store,28,null,459,1
2386,Warehouse,null,4,459,5
2387,Warehouse,null,4,463,6
2388,Warehouse,null,4,464,6
2389,Warehouse,null,4,465,6
2390,Warehouse,null,4,466,6
2391,Warehouse,null,4,468,6
2392,Warehouse,null,4,471,6
2393,Warehouse,null,4,472,6
2394,Warehouse,null,4,474,6
2395,Warehouse,null,4,475,6
2396,Warehouse,null,4,476,6
2397,Store,29,null,477,1
2398,Warehouse,null,4,477,5
2399,Warehouse,null,4,479,6
2400,Warehouse,null,4,482,6
2401,Warehouse,null,4,483,6
2402,Store,28,null,484,1
2403,Warehouse,null,4,484,5
2404,Warehouse,null,4,485,6
2405,Warehouse,null,4,487,6
2406,Store,31,null,488,1
2407,Warehouse,null,4,488,5
2408,Store,31,null,490,1
2409,Warehouse,null,4,490,5
2410,Warehouse,null,4,491,6
2411,Warehouse,null,4,493,6
2412,Store,30,null,494,1
2413,Warehouse,null,4,494,5
2414,Warehouse,null,4,495,6
2415,Warehouse,null,4,496,6
2416,Warehouse,null,4,497,6
2417,Warehouse,null,4,498,6
2418,Warehouse,null,4,499,6
2419,Warehouse,null,4,500,6
2420,Warehouse,null,4,501,6
2421,Warehouse,null,4,502,6
2422,Warehouse,null,4,503,7
2423,Warehouse,null,4,504,6
2424,Warehouse,null,4,505,6
2425,Warehouse,null,4,506,6
2426,Warehouse,null,4,507,6
2427,Warehouse,null,4,512,6
2428,Warehouse,null,4,526,6
2429,Warehouse,null,4,527,6
2430,Warehouse,null,4,528,6
2431,Store,30,null,529,1
2432,Warehouse,null,4,529,5
2433,Warehouse,null,4,530,6
2434,Warehouse,null,4,531,6
2435,Warehouse,null,4,533,6
2436,Warehouse,null,4,536,3
2437,Warehouse,null,4,537,3
2438,Warehouse,null,4,538,3
2439,Warehouse,null,4,539,4
2440,Warehouse,null,4,540,3
2441,Warehouse,null,4,541,3
2442,Warehouse,null,4,542,4
2443,Warehouse,null,4,543,3
2444,Warehouse,null,4,544,4
2445,Warehouse,null,4,545,3
2446,Warehouse,null,4,546,3
2447,Warehouse,null,4,547,3
2448,Warehouse,null,4,549,3
2449,Warehouse,null,4,552,3
2450,Warehouse,null,4,554,3
2451,Warehouse,null,4,556,3
2452,Warehouse,null,4,557,3
2453,Warehouse,null,4,558,3
2454,Warehouse,null,4,559,3
2455,Warehouse,null,4,560,3
2456,Warehouse,null,4,561,3
2457,Warehouse,null,4,562,3
2458,Warehouse,null,4,563,3
2459,Warehouse,null,4,564,3
2460,Warehouse,null,4,565,3
2461,Warehouse,null,4,566,3
2462,Warehouse,null,4,567,3
2463,Warehouse,null,4,568,3
2464,Warehouse,null,4,580,3
2465,Warehouse,null,4,582,3
2466,Warehouse,null,4,585,3
2467,Warehouse,null,4,586,3
2468,Warehouse,null,4,587,3
2469,Warehouse,null,4,588,3
2470,Warehouse,null,4,589,3
2471,Warehouse,null,4,590,3
2472,Warehouse,null,4,591,3
2473,Warehouse,null,4,593,3
2474,Warehouse,null,4,594,3
2475,Warehouse,null,4,595,3
2476,Warehouse,null,4,596,3
2477,Warehouse,null,4,597,3
2478,Warehouse,null,4,602,3
2479,Warehouse,null,4,603,3
2480,Warehouse,null,4,604,3
2481,Warehouse,null,4,605,3
2482,Warehouse,null,4,606,3
2483,Warehouse,null,4,607,3
2484,Warehouse,null,4,608,3
2485,Warehouse,null,4,609,3
2486,Warehouse,null,4,610,4
2487,Warehouse,null,4,612,3
2488,Warehouse,null,4,613,3
2489,Warehouse,null,4,614,3
2490,Warehouse,null,4,616,3
2491,Warehouse,null,4,618,3
2492,Warehouse,null,4,619,3
2493,Warehouse,null,4,621,3
2494,Warehouse,null,4,622,3
2495,Warehouse,null,4,623,3
2496,Warehouse,null,4,625,3
2497,Warehouse,null,4,627,3
2498,Warehouse,null,4,629,3
2499,Warehouse,null,4,630,3
2500,Warehouse,null,4,631,3
2501,Warehouse,null,4,632,3
2502,Warehouse,null,4,633,3
2503,Warehouse,null,4,634,3
2504,Warehouse,null,4,635,3
2505,Warehouse,null,4,636,3
2506,Warehouse,null,4,637,3
2507,Warehouse,null,4,639,3
2508,Warehouse,null,4,640,3
2509,Warehouse,null,4,641,3
2510,Warehouse,null,4,643,3
2511,Warehouse,null,4,645,3
2512,Warehouse,null,4,646,3
2513,Warehouse,null,4,647,3
2514,Warehouse,null,4,648,3
2515,Warehouse,null,4,649,3
2516,Warehouse,null,4,650,3
2517,Warehouse,null,4,651,3
2518,Warehouse,null,4,652,3
2519,Warehouse,null,4,653,3
2520,Warehouse,null,4,654,3
2521,Warehouse,null,4,655,3
2522,Warehouse,null,4,656,3
2523,Warehouse,null,4,657,3
2524,Warehouse,null,4,658,3
2525,Warehouse,null,4,661,3
2526,Warehouse,null,4,662,3
2527,Warehouse,null,4,663,3
2528,Warehouse,null,4,664,3
2529,Warehouse,null,4,665,3
2530,Warehouse,null,4,666,3
2531,Warehouse,null,4,667,3
2532,Warehouse,null,4,673,3
2533,Warehouse,null,4,674,3
2534,Warehouse,null,4,675,3
2535,Warehouse,null,4,676,3
2536,Warehouse,null,4,677,3
2537,Warehouse,null,4,678,3
2538,Warehouse,null,4,681,3
2539,Warehouse,null,4,683,3
2540,Warehouse,null,4,686,3
2541,Warehouse,null,4,687,3
2542,Warehouse,null,4,689,3
2543,Warehouse,null,4,690,3
2544,Warehouse,null,4,691,3
2545,Warehouse,null,4,692,3
2546,Warehouse,null,4,693,3
2547,Warehouse,null,4,694,3
2548,Warehouse,null,4,696,3
2549,Warehouse,null,4,697,3
2550,Warehouse,null,4,699,3
2551,Warehouse,null,4,702,3
2552,Warehouse,null,4,706,3
2553,Warehouse,null,4,707,3
2554,Warehouse,null,4,708,3
2555,Warehouse,null,4,709,3
2556,Warehouse,null,4,710,3
2557,Warehouse,null,4,711,3
2558,Warehouse,null,4,715,3
2559,Warehouse,null,4,716,3
2560,Warehouse,null,4,717,3
2561,Warehouse,null,4,718,3
2562,Warehouse,null,4,719,3
2563,Warehouse,null,4,720,3
2564,Warehouse,null,4,721,3
2565,Warehouse,null,4,722,3
2566,Warehouse,null,4,723,3
2567,Warehouse,null,4,724,3
2568,Warehouse,null,4,729,3
2569,Warehouse,null,4,730,3
2570,Warehouse,null,4,732,3
2571,Warehouse,null,4,734,3
2572,Warehouse,null,4,735,3
2573,Warehouse,null,4,737,3
2574,Warehouse,null,4,738,3
2575,Warehouse,null,4,740,3
2576,Warehouse,null,4,741,3
2577,Warehouse,null,4,742,3
2578,Warehouse,null,4,743,3
2579,Warehouse,null,4,744,3
2580,Warehouse,null,4,745,3
2581,Warehouse,null,4,746,3
2582,Warehouse,null,4,748,3
2583,Warehouse,null,4,749,3
2584,Warehouse,null,4,750,3
2585,Warehouse,null,4,751,3
2586,Warehouse,null,4,752,3
2587,Warehouse,null,4,754,3
2588,Warehouse,null,4,755,3
2589,Warehouse,null,4,756,3
2590,Warehouse,null,4,757,3
2591,Warehouse,null,4,758,3
2592,Warehouse,null,4,759,3
2593,Warehouse,null,4,760,3
2594,Warehouse,null,4,761,3
2595,Warehouse,null,4,762,3
2596,Warehouse,null,4,765,3
2597,Warehouse,null,4,766,3
2598,Warehouse,null,4,767,3
2599,Warehouse,null,4,768,3
2600,Warehouse,null,4,769,3
2601,Warehouse,null,4,770,3
2602,Warehouse,null,4,771,3
2603,Warehouse,null,4,773,6
2604,Store,31,null,774,1
2605,Warehouse,null,4,774,5
2606,Warehouse,null,4,775,6
2607,Warehouse,null,4,776,6
2608,Warehouse,null,4,777,6
2609,Warehouse,null,4,778,7
2610,Warehouse,null,4,779,6
2611,Warehouse,null,4,780,6
2612,Warehouse,null,4,781,6
2613,Warehouse,null,4,783,6
2614,Warehouse,null,4,784,6
2615,Store,31,null,786,1
2616,Warehouse,null,4,786,5
2617,Store,29,null,787,1
2618,Warehouse,null,4,787,5
2619,Store,30,null,788,1
2620,Warehouse,null,4,788,5
2621,Warehouse,null,4,791,6
2622,Warehouse,null,4,793,6
2623,Store,31,null,797,1
2624,Warehouse,null,4,797,5
2625,Store,31,null,799,1
2626,Warehouse,null,4,799,5
2627,Store,31,null,800,1
2628,Warehouse,null,4,800,5
2629,Warehouse,null,4,801,6
2630,Warehouse,null,4,803,6
2631,Warehouse,null,4,804,6
2632,Warehouse,null,5,1,3
2633,Warehouse,null,5,2,3
2634,Warehouse,null,5,3,3
2635,Warehouse,null,5,4,3
2636,Warehouse,null,5,5,3
2637,Warehouse,null,5,6,3
2638,Warehouse,null,5,7,3
2639,Warehouse,null,5,8,3
2640,Warehouse,null,5,9,3
2641,Warehouse,null,5,10,4
2642,Warehouse,null,5,12,3
2643,Warehouse,null,5,13,4
2644,Warehouse,null,5,14,3
2645,Warehouse,null,5,15,3
2646,Warehouse,null,5,16,3
2647,Warehouse,null,5,17,3
2648,Warehouse,null,5,18,3
2649,Warehouse,null,5,19,3
2650,Warehouse,null,5,20,3
2651,Warehouse,null,5,21,3
2652,Warehouse,null,5,22,3
2653,Warehouse,null,5,23,3
2654,Warehouse,null,5,24,3
2655,Warehouse,null,5,25,3
2656,Warehouse,null,5,26,3
2657,Warehouse,null,5,27,3
2658,Warehouse,null,5,28,4
2659,Warehouse,null,5,29,5
2660,Warehouse,null,5,30,3
2661,Warehouse,null,5,31,3
2662,Warehouse,null,5,32,3
2663,Warehouse,null,5,33,3
2664,Warehouse,null,5,34,3
2665,Warehouse,null,5,35,4
2666,Warehouse,null,5,36,3
2667,Warehouse,null,5,37,3
2668,Warehouse,null,5,38,3
2669,Warehouse,null,5,39,3
2670,Warehouse,null,5,41,3
2671,Warehouse,null,5,42,3
2672,Warehouse,null,5,43,3
2673,Warehouse,null,5,44,3
2674,Warehouse,null,5,45,3
2675,Warehouse,null,5,46,3
2676,Warehouse,null,5,47,3
2677,Warehouse,null,5,48,3
2678,Warehouse,null,5,49,3
2679,Warehouse,null,5,50,3
2680,Warehouse,null,5,51,3
2681,Warehouse,null,5,52,3
2682,Warehouse,null,5,53,3
2683,Warehouse,null,5,54,3
2684,Warehouse,null,5,55,3
2685,Warehouse,null,5,57,3
2686,Warehouse,null,5,58,5
2687,Warehouse,null,5,59,3
2688,Warehouse,null,5,60,3
2689,Warehouse,null,5,63,3
2690,Warehouse,null,5,64,3
2691,Warehouse,null,5,65,3
2692,Warehouse,null,5,66,3
2693,Warehouse,null,5,67,4
2694,Warehouse,null,5,68,3
2695,Warehouse,null,5,69,3
2696,Warehouse,null,5,70,3
2697,Warehouse,null,5,71,4
2698,Warehouse,null,5,72,3
2699,Warehouse,null,5,73,3
2700,Warehouse,null,5,74,3
2701,Warehouse,null,5,75,3
2702,Warehouse,null,5,76,3
2703,Warehouse,null,5,77,3
2704,Warehouse,null,5,78,3
2705,Warehouse,null,5,79,3
2706,Warehouse,null,5,80,3
2707,Warehouse,null,5,81,3
2708,Warehouse,null,5,82,3
2709,Warehouse,null,5,83,3
2710,Warehouse,null,5,84,3
2711,Warehouse,null,5,85,3
2712,Warehouse,null,5,86,4
2713,Warehouse,null,5,87,3
2714,Warehouse,null,5,88,4
2715,Warehouse,null,5,89,3
2716,Warehouse,null,5,90,3
2717,Warehouse,null,5,91,3
2718,Warehouse,null,5,92,3
2719,Warehouse,null,5,93,3
2720,Warehouse,null,5,94,3
2721,Warehouse,null,5,95,3
2722,Warehouse,null,5,96,3
2723,Warehouse,null,5,97,3
2724,Warehouse,null,5,98,3
2725,Warehouse,null,5,99,4
2726,Warehouse,null,5,100,3
2727,Warehouse,null,5,101,3
2728,Warehouse,null,5,102,4
2729,Warehouse,null,5,103,3
2730,Warehouse,null,5,104,3
2731,Warehouse,null,5,105,3
2732,Warehouse,null,5,106,3
2733,Warehouse,null,5,107,3
2734,Warehouse,null,5,108,3
2735,Warehouse,null,5,109,4
2736,Warehouse,null,5,110,3
2737,Warehouse,null,5,111,4
2738,Warehouse,null,5,112,3
2739,Warehouse,null,5,113,3
2740,Warehouse,null,5,114,3
2741,Warehouse,null,5,115,3
2742,Warehouse,null,5,116,3
2743,Warehouse,null,5,117,3
2744,Warehouse,null,5,118,4
2745,Warehouse,null,5,119,5
2746,Warehouse,null,5,120,4
2747,Warehouse,null,5,121,4
2748,Warehouse,null,5,122,5
2749,Warehouse,null,5,123,4
2750,Warehouse,null,5,124,3
2751,Warehouse,null,5,125,5
2752,Warehouse,null,5,126,3
2753,Warehouse,null,5,127,4
2754,Warehouse,null,5,128,3
2755,Warehouse,null,5,129,3
2756,Warehouse,null,5,130,3
2757,Warehouse,null,5,131,3
2758,Warehouse,null,5,132,4
2759,Warehouse,null,5,133,3
2760,Warehouse,null,5,134,4
2761,Warehouse,null,5,135,3
2762,Warehouse,null,5,137,3
2763,Warehouse,null,5,138,3
2764,Warehouse,null,5,140,3
2765,Warehouse,null,5,141,3
2766,Warehouse,null,5,142,3
2767,Warehouse,null,5,143,3
2768,Warehouse,null,5,145,3
2769,Warehouse,null,5,146,3
2770,Warehouse,null,5,147,3
2771,Warehouse,null,5,148,3
2772,Warehouse,null,5,149,3
2773,Warehouse,null,5,150,3
2774,Warehouse,null,5,151,3
2775,Warehouse,null,5,152,3
2776,Warehouse,null,5,153,3
2777,Warehouse,null,5,155,3
2778,Warehouse,null,5,156,3
2779,Warehouse,null,5,157,3
2780,Warehouse,null,5,158,4
2781,Warehouse,null,5,159,3
2782,Warehouse,null,5,160,4
2783,Warehouse,null,5,161,4
2784,Warehouse,null,5,162,4
2785,Warehouse,null,5,163,3
2786,Warehouse,null,5,164,3
2787,Warehouse,null,5,165,3
2788,Warehouse,null,5,166,3
2789,Warehouse,null,5,167,3
2790,Warehouse,null,5,168,4
2791,Warehouse,null,5,169,4
2792,Warehouse,null,5,170,4
2793,Warehouse,null,5,171,3
2794,Warehouse,null,5,172,4
2795,Warehouse,null,5,173,3
2796,Warehouse,null,5,174,3
2797,Warehouse,null,5,175,4
2798,Warehouse,null,5,176,3
2799,Warehouse,null,5,177,4
2800,Warehouse,null,5,178,3
2801,Warehouse,null,5,179,4
2802,Warehouse,null,5,180,4
2803,Warehouse,null,5,181,3
2804,Warehouse,null,5,182,3
2805,Warehouse,null,5,183,4
2806,Warehouse,null,5,184,3
2807,Warehouse,null,5,185,3
2808,Warehouse,null,5,186,3
2809,Warehouse,null,5,187,4
2810,Warehouse,null,5,188,3
2811,Warehouse,null,5,189,3
2812,Warehouse,null,5,190,3
2813,Warehouse,null,5,191,3
2814,Warehouse,null,5,192,3
2815,Warehouse,null,5,193,5
2816,Warehouse,null,5,194,3
2817,Warehouse,null,5,195,3
2818,Warehouse,null,5,197,4
2819,Warehouse,null,5,198,3
2820,Warehouse,null,5,199,3
2821,Warehouse,null,5,200,3
2822,Warehouse,null,5,201,3
2823,Warehouse,null,5,203,4
2824,Warehouse,null,5,204,4
2825,Warehouse,null,5,205,3
2826,Warehouse,null,5,206,3
2827,Warehouse,null,5,208,3
2828,Warehouse,null,5,209,3
2829,Warehouse,null,5,210,3
2830,Warehouse,null,5,211,3
2831,Warehouse,null,5,212,6
2832,Warehouse,null,5,213,4
2833,Warehouse,null,5,214,4
2834,Warehouse,null,5,215,4
2835,Warehouse,null,5,216,4
2836,Warehouse,null,5,217,3
2837,Warehouse,null,5,218,3
2838,Warehouse,null,5,219,4
2839,Warehouse,null,5,221,3
2840,Warehouse,null,5,222,3
2841,Warehouse,null,5,223,4
2842,Warehouse,null,5,224,4
2843,Warehouse,null,5,225,3
2844,Warehouse,null,5,226,4
2845,Warehouse,null,5,227,3
2846,Warehouse,null,5,228,3
2847,Warehouse,null,5,229,3
2848,Warehouse,null,5,230,3
2849,Warehouse,null,5,231,4
2850,Warehouse,null,5,232,3
2851,Warehouse,null,5,233,3
2852,Warehouse,null,5,234,4
2853,Warehouse,null,5,235,3
2854,Warehouse,null,5,236,5
2855,Warehouse,null,5,237,3
2856,Warehouse,null,5,238,3
2857,Warehouse,null,5,239,3
2858,Warehouse,null,5,240,3
2859,Warehouse,null,5,241,4
2860,Warehouse,null,5,242,3
2861,Warehouse,null,5,243,4
2862,Warehouse,null,5,244,5
2863,Warehouse,null,5,245,3
2864,Warehouse,null,5,246,4
2865,Warehouse,null,5,247,3
2866,Warehouse,null,5,248,3
2867,Warehouse,null,5,249,3
2868,Warehouse,null,5,250,3
2869,Warehouse,null,5,251,3
2870,Warehouse,null,5,252,3
2871,Warehouse,null,5,253,5
2872,Warehouse,null,5,254,3
2873,Warehouse,null,5,255,4
2874,Warehouse,null,5,256,5
2875,Warehouse,null,5,257,3
2876,Warehouse,null,5,258,3
2877,Warehouse,null,5,259,4
2878,Warehouse,null,5,260,3
2879,Warehouse,null,5,261,4
2880,Warehouse,null,5,262,4
2881,Warehouse,null,5,263,6
2882,Warehouse,null,5,264,5
2883,Warehouse,null,5,265,3
2884,Warehouse,null,5,266,5
2885,Warehouse,null,5,267,3
2886,Warehouse,null,5,268,4
2887,Warehouse,null,5,269,6
2888,Warehouse,null,5,270,3
2889,Warehouse,null,5,271,3
2890,Warehouse,null,5,272,3
2891,Warehouse,null,5,273,3
2892,Warehouse,null,5,274,3
2893,Warehouse,null,5,275,3
2894,Warehouse,null,5,276,3
2895,Warehouse,null,5,278,3
2896,Warehouse,null,5,279,3
2897,Warehouse,null,5,280,3
2898,Warehouse,null,5,281,3
2899,Warehouse,null,5,282,3
2900,Warehouse,null,5,283,3
2901,Warehouse,null,5,284,3
2902,Warehouse,null,5,285,4
2903,Warehouse,null,5,286,3
2904,Warehouse,null,5,287,3
2905,Warehouse,null,5,288,3
2906,Warehouse,null,5,289,4
2907,Warehouse,null,5,290,4
2908,Warehouse,null,5,291,4
2909,Warehouse,null,5,292,4
2910,Warehouse,null,5,293,6
2911,Warehouse,null,5,294,4
2912,Warehouse,null,5,295,4
2913,Warehouse,null,5,296,4
2914,Warehouse,null,5,297,3
2915,Warehouse,null,5,298,3
2916,Warehouse,null,5,299,3
2917,Warehouse,null,5,300,3
2918,Warehouse,null,5,301,5
2919,Warehouse,null,5,302,4
2920,Warehouse,null,5,303,3
2921,Warehouse,null,5,304,4
2922,Warehouse,null,5,305,3
2923,Warehouse,null,5,306,3
2924,Warehouse,null,5,307,3
2925,Warehouse,null,5,308,3
2926,Warehouse,null,5,310,3
2927,Warehouse,null,5,311,3
2928,Warehouse,null,5,312,3
2929,Warehouse,null,5,313,3
2930,Warehouse,null,5,314,4
2931,Warehouse,null,5,315,3
2932,Warehouse,null,5,316,3
2933,Warehouse,null,5,317,3
2934,Warehouse,null,5,318,3
2935,Warehouse,null,5,319,3
2936,Warehouse,null,5,320,3
2937,Warehouse,null,5,321,3
2938,Warehouse,null,5,322,3
2939,Warehouse,null,5,323,3
2940,Warehouse,null,5,325,4
2941,Warehouse,null,5,326,3
2942,Warehouse,null,5,327,3
2943,Warehouse,null,5,328,3
2944,Warehouse,null,5,329,3
2945,Warehouse,null,5,330,3
2946,Warehouse,null,5,331,3
2947,Warehouse,null,5,332,3
2948,Warehouse,null,5,333,3
2949,Warehouse,null,5,334,3
2950,Warehouse,null,5,336,3
2951,Warehouse,null,5,337,3
2952,Warehouse,null,5,338,3
2953,Warehouse,null,5,339,3
2954,Warehouse,null,5,340,3
2955,Warehouse,null,5,341,3
2956,Warehouse,null,5,342,3
2957,Warehouse,null,5,343,4
2958,Warehouse,null,5,344,3
2959,Warehouse,null,5,345,3
2960,Warehouse,null,5,346,3
2961,Warehouse,null,5,347,3
2962,Warehouse,null,5,348,3
2963,Warehouse,null,5,349,3
2964,Warehouse,null,5,350,3
2965,Warehouse,null,5,352,3
2966,Warehouse,null,5,353,3
2967,Warehouse,null,5,354,3
2968,Warehouse,null,5,355,3
2969,Warehouse,null,5,356,3
2970,Warehouse,null,5,357,3
2971,Warehouse,null,5,358,3
2972,Warehouse,null,5,360,3
2973,Warehouse,null,5,361,3
2974,Warehouse,null,5,362,5
2975,Warehouse,null,5,363,3
2976,Warehouse,null,5,364,4
2977,Warehouse,null,5,365,3
2978,Warehouse,null,5,366,4
2979,Warehouse,null,5,367,3
2980,Warehouse,null,5,368,4
2981,Warehouse,null,5,369,3
2982,Warehouse,null,5,370,3
2983,Warehouse,null,5,371,3
2984,Warehouse,null,5,372,4
2985,Warehouse,null,5,373,3
2986,Warehouse,null,5,374,3
2987,Warehouse,null,5,375,3
2988,Warehouse,null,5,376,4
2989,Warehouse,null,5,377,3
2990,Warehouse,null,5,378,3
2991,Warehouse,null,5,379,3
2992,Warehouse,null,5,380,3
2993,Warehouse,null,5,381,3
2994,Warehouse,null,5,382,3
2995,Warehouse,null,5,383,3
2996,Warehouse,null,5,384,3
2997,Warehouse,null,5,385,3
2998,Warehouse,null,5,386,4
2999,Warehouse,null,5,387,3
3000,Warehouse,null,5,388,3
3001,Warehouse,null,5,389,3
3002,Warehouse,null,5,390,3
3003,Warehouse,null,5,392,4
3004,Warehouse,null,5,393,3
3005,Warehouse,null,5,394,3
3006,Warehouse,null,5,395,4
3007,Warehouse,null,5,396,3
3008,Warehouse,null,5,397,3
3009,Warehouse,null,5,398,3
3010,Warehouse,null,5,399,3
3011,Warehouse,null,5,402,3
3012,Warehouse,null,5,403,3
3013,Warehouse,null,5,404,3
3014,Warehouse,null,5,405,3
3015,Warehouse,null,5,406,3
3016,Warehouse,null,5,407,3
3017,Warehouse,null,5,408,3
3018,Warehouse,null,5,409,3
3019,Warehouse,null,5,410,3
3020,Warehouse,null,5,411,3
3021,Warehouse,null,5,412,3
3022,Warehouse,null,5,413,3
3023,Warehouse,null,5,414,3
3024,Warehouse,null,5,415,3
3025,Warehouse,null,5,416,3
3026,Warehouse,null,5,417,3
3027,Warehouse,null,5,418,3
3028,Warehouse,null,5,419,3
3029,Warehouse,null,5,420,3
3030,Warehouse,null,5,421,3
3031,Warehouse,null,5,422,3
3032,Warehouse,null,5,423,3
3033,Warehouse,null,5,424,3
3034,Warehouse,null,5,425,3
3035,Warehouse,null,5,426,3
3036,Warehouse,null,5,427,3
3037,Warehouse,null,5,428,3
3038,Warehouse,null,5,429,3
3039,Warehouse,null,5,430,3
3040,Warehouse,null,5,431,3
3041,Warehouse,null,5,432,3
3042,Warehouse,null,5,433,3
3043,Warehouse,null,5,434,3
3044,Warehouse,null,5,435,3
3045,Warehouse,null,5,436,3
3046,Warehouse,null,5,437,3
3047,Warehouse,null,5,438,3
3048,Warehouse,null,5,439,3
3049,Warehouse,null,5,440,3
3050,Warehouse,null,5,441,3
3051,Warehouse,null,5,442,3
3052,Warehouse,null,5,443,3
3053,Warehouse,null,5,444,3
3054,Warehouse,null,5,445,4
3055,Warehouse,null,5,446,6
3056,Warehouse,null,5,447,6
3057,Warehouse,null,5,448,6
3058,Store,71,null,449,1
3059,Warehouse,null,5,449,5
3060,Warehouse,null,5,450,6
3061,Warehouse,null,5,451,7
3062,Warehouse,null,5,452,7
3063,Warehouse,null,5,453,6
3064,Warehouse,null,5,454,6
3065,Store,69,null,455,1
3066,Warehouse,null,5,455,5
3067,Warehouse,null,5,457,6
3068,Store,69,null,458,1
3069,Warehouse,null,5,458,5
3070,Warehouse,null,5,459,6
3071,Store,66,null,460,1
3072,Warehouse,null,5,460,5
3073,Warehouse,null,5,461,6
3074,Warehouse,null,5,462,6
3075,Warehouse,null,5,464,6
3076,Warehouse,null,5,465,6
3077,Store,69,null,466,1
3078,Warehouse,null,5,466,5
3079,Warehouse,null,5,467,6
3080,Store,71,null,469,1
3081,Warehouse,null,5,469,5
3082,Warehouse,null,5,470,6
3083,Warehouse,null,5,471,6
3084,Store,67,null,472,1
3085,Warehouse,null,5,472,5
3086,Store,71,null,473,1
3087,Warehouse,null,5,473,5
3088,Warehouse,null,5,474,6
3089,Store,66,null,475,1
3090,Warehouse,null,5,475,5
3091,Warehouse,null,5,476,6
3092,Warehouse,null,5,477,6
3093,Warehouse,null,5,478,6
3094,Warehouse,null,5,479,6
3095,Warehouse,null,5,480,6
3096,Warehouse,null,5,481,6
3097,Warehouse,null,5,482,6
3098,Store,68,null,483,1
3099,Warehouse,null,5,483,5
3100,Warehouse,null,5,484,6
3101,Warehouse,null,5,485,6
3102,Warehouse,null,5,486,6
3103,Warehouse,null,5,487,6
3104,Warehouse,null,5,488,6
3105,Store,64,null,489,1
3106,Warehouse,null,5,489,5
3107,Warehouse,null,5,490,6
3108,Warehouse,null,5,491,6
3109,Warehouse,null,5,492,6
3110,Store,64,null,494,1
3111,Warehouse,null,5,494,5
3112,Warehouse,null,5,495,6
3113,Warehouse,null,5,496,6
3114,Warehouse,null,5,497,6
3115,Warehouse,null,5,498,6
3116,Store,71,null,499,1
3117,Warehouse,null,5,499,5
3118,Warehouse,null,5,500,6
3119,Warehouse,null,5,501,6
3120,Warehouse,null,5,502,6
3121,Warehouse,null,5,503,6
3122,Warehouse,null,5,504,6
3123,Store,66,null,505,1
3124,Warehouse,null,5,505,5
3125,Warehouse,null,5,506,6
3126,Warehouse,null,5,507,6
3127,Warehouse,null,5,508,7
3128,Store,68,null,509,1
3129,Warehouse,null,5,509,5
3130,Warehouse,null,5,511,6
3131,Warehouse,null,5,512,6
3132,Warehouse,null,5,513,6
3133,Warehouse,null,5,514,6
3134,Warehouse,null,5,515,6
3135,Warehouse,null,5,516,6
3136,Store,65,null,517,1
3137,Warehouse,null,5,517,5
3138,Store,71,null,518,1
3139,Warehouse,null,5,518,5
3140,Warehouse,null,5,519,6
3141,Warehouse,null,5,520,6
3142,Warehouse,null,5,521,6
3143,Warehouse,null,5,522,6
3144,Store,69,null,523,1
3145,Warehouse,null,5,523,5
3146,Warehouse,null,5,524,6
3147,Warehouse,null,5,525,6
3148,Warehouse,null,5,526,6
3149,Warehouse,null,5,527,6
3150,Warehouse,null,5,528,6
3151,Warehouse,null,5,529,6
3152,Store,80,null,530,1
3153,Warehouse,null,5,530,5
3154,Store,67,null,531,1
3155,Warehouse,null,5,531,5
3156,Store,64,null,532,1
3157,Warehouse,null,5,532,5
3158,Store,67,null,533,1
3159,Warehouse,null,5,533,5
3160,Warehouse,null,5,534,6
3161,Store,67,null,535,1
3162,Warehouse,null,5,535,5
3163,Warehouse,null,5,536,4
3164,Warehouse,null,5,537,3
3165,Warehouse,null,5,538,3
3166,Warehouse,null,5,539,3
3167,Warehouse,null,5,540,3
3168,Warehouse,null,5,541,4
3169,Warehouse,null,5,542,3
3170,Warehouse,null,5,544,3
3171,Warehouse,null,5,546,3
3172,Warehouse,null,5,547,3
3173,Warehouse,null,5,548,3
3174,Warehouse,null,5,549,3
3175,Warehouse,null,5,551,3
3176,Warehouse,null,5,552,3
3177,Warehouse,null,5,553,3
3178,Warehouse,null,5,554,3
3179,Warehouse,null,5,555,3
3180,Warehouse,null,5,557,3
3181,Warehouse,null,5,558,3
3182,Warehouse,null,5,559,3
3183,Warehouse,null,5,560,5
3184,Warehouse,null,5,561,6
3185,Warehouse,null,5,562,5
3186,Warehouse,null,5,563,4
3187,Warehouse,null,5,564,6
3188,Warehouse,null,5,565,7
3189,Warehouse,null,5,566,4
3190,Warehouse,null,5,567,5
3191,Warehouse,null,5,568,3
3192,Warehouse,null,5,569,3
3193,Warehouse,null,5,570,3
3194,Warehouse,null,5,571,3
3195,Warehouse,null,5,572,3
3196,Warehouse,null,5,573,3
3197,Warehouse,null,5,574,3
3198,Warehouse,null,5,575,4
3199,Warehouse,null,5,576,3
3200,Warehouse,null,5,577,3
3201,Warehouse,null,5,578,3
3202,Warehouse,null,5,579,3
3203,Warehouse,null,5,580,3
3204,Warehouse,null,5,581,3
3205,Warehouse,null,5,582,4
3206,Warehouse,null,5,583,3
3207,Warehouse,null,5,584,4
3208,Warehouse,null,5,585,4
3209,Warehouse,null,5,586,3
3210,Warehouse,null,5,587,3
3211,Warehouse,null,5,588,3
3212,Warehouse,null,5,589,3
3213,Warehouse,null,5,590,3
3214,Warehouse,null,5,591,3
3215,Warehouse,null,5,592,3
3216,Warehouse,null,5,593,3
3217,Warehouse,null,5,594,3
3218,Warehouse,null,5,595,3
3219,Warehouse,null,5,596,3
3220,Warehouse,null,5,597,3
3221,Warehouse,null,5,598,3
3222,Warehouse,null,5,599,3
3223,Warehouse,null,5,600,3
3224,Warehouse,null,5,601,4
3225,Warehouse,null,5,602,4
3226,Warehouse,null,5,603,3
3227,Warehouse,null,5,604,4
3228,Warehouse,null,5,605,3
3229,Warehouse,null,5,606,3
3230,Warehouse,null,5,607,3
3231,Warehouse,null,5,609,3
3232,Warehouse,null,5,611,3
3233,Warehouse,null,5,612,3
3234,Warehouse,null,5,613,3
3235,Warehouse,null,5,614,3
3236,Warehouse,null,5,615,3
3237,Warehouse,null,5,616,3
3238,Warehouse,null,5,617,3
3239,Warehouse,null,5,618,3
3240,Warehouse,null,5,619,3
3241,Warehouse,null,5,620,3
3242,Warehouse,null,5,621,3
3243,Warehouse,null,5,622,3
3244,Warehouse,null,5,624,3
3245,Warehouse,null,5,625,3
3246,Warehouse,null,5,626,3
3247,Warehouse,null,5,627,3
3248,Warehouse,null,5,628,4
3249,Warehouse,null,5,629,3
3250,Warehouse,null,5,630,3
3251,Warehouse,null,5,631,3
3252,Warehouse,null,5,632,3
3253,Warehouse,null,5,633,3
3254,Warehouse,null,5,634,3
3255,Warehouse,null,5,635,3
3256,Warehouse,null,5,637,3
3257,Warehouse,null,5,638,3
3258,Warehouse,null,5,639,3
3259,Warehouse,null,5,640,3
3260,Warehouse,null,5,641,3
3261,Warehouse,null,5,642,3
3262,Warehouse,null,5,643,3
3263,Warehouse,null,5,644,3
3264,Warehouse,null,5,645,3
3265,Warehouse,null,5,646,3
3266,Warehouse,null,5,647,4
3267,Warehouse,null,5,648,3
3268,Warehouse,null,5,649,3
3269,Warehouse,null,5,650,4
3270,Warehouse,null,5,651,3
3271,Warehouse,null,5,652,3
3272,Warehouse,null,5,653,3
3273,Warehouse,null,5,654,4
3274,Warehouse,null,5,655,4
3275,Warehouse,null,5,656,3
3276,Warehouse,null,5,657,3
3277,Warehouse,null,5,658,3
3278,Warehouse,null,5,659,3
3279,Warehouse,null,5,660,3
3280,Warehouse,null,5,661,3
3281,Warehouse,null,5,662,4
3282,Warehouse,null,5,663,4
3283,Warehouse,null,5,664,5
3284,Warehouse,null,5,665,3
3285,Warehouse,null,5,666,3
3286,Warehouse,null,5,667,4
3287,Warehouse,null,5,668,3
3288,Warehouse,null,5,669,3
3289,Warehouse,null,5,670,4
3290,Warehouse,null,5,671,3
3291,Warehouse,null,5,672,3
3292,Warehouse,null,5,673,4
3293,Warehouse,null,5,674,4
3294,Warehouse,null,5,675,3
3295,Warehouse,null,5,676,4
3296,Warehouse,null,5,677,3
3297,Warehouse,null,5,678,3
3298,Warehouse,null,5,679,3
3299,Warehouse,null,5,680,3
3300,Warehouse,null,5,681,3
3301,Warehouse,null,5,682,3
3302,Warehouse,null,5,683,3
3303,Warehouse,null,5,684,3
3304,Warehouse,null,5,685,3
3305,Warehouse,null,5,686,3
3306,Warehouse,null,5,687,3
3307,Warehouse,null,5,688,3
3308,Warehouse,null,5,689,3
3309,Warehouse,null,5,690,3
3310,Warehouse,null,5,691,4
3311,Warehouse,null,5,692,3
3312,Warehouse,null,5,693,3
3313,Warehouse,null,5,694,3
3314,Warehouse,null,5,698,3
3315,Warehouse,null,5,700,3
3316,Warehouse,null,5,701,3
3317,Warehouse,null,5,703,3
3318,Warehouse,null,5,704,3
3319,Warehouse,null,5,705,3
3320,Warehouse,null,5,706,3
3321,Warehouse,null,5,707,3
3322,Warehouse,null,5,709,3
3323,Warehouse,null,5,710,3
3324,Warehouse,null,5,711,3
3325,Warehouse,null,5,713,4
3326,Warehouse,null,5,714,4
3327,Warehouse,null,5,716,3
3328,Warehouse,null,5,717,3
3329,Warehouse,null,5,718,3
3330,Warehouse,null,5,719,3
3331,Warehouse,null,5,720,3
3332,Warehouse,null,5,721,3
3333,Warehouse,null,5,722,3
3334,Warehouse,null,5,723,3
3335,Warehouse,null,5,724,3
3336,Warehouse,null,5,725,3
3337,Warehouse,null,5,726,3
3338,Warehouse,null,5,727,3
3339,Warehouse,null,5,728,3
3340,Warehouse,null,5,729,3
3341,Warehouse,null,5,730,3
3342,Warehouse,null,5,731,3
3343,Warehouse,null,5,732,3
3344,Warehouse,null,5,733,3
3345,Warehouse,null,5,734,3
3346,Warehouse,null,5,735,3
3347,Warehouse,null,5,736,3
3348,Warehouse,null,5,737,3
3349,Warehouse,null,5,738,3
3350,Warehouse,null,5,739,3
3351,Warehouse,null,5,740,3
3352,Warehouse,null,5,741,3
3353,Warehouse,null,5,742,3
3354,Warehouse,null,5,743,3
3355,Warehouse,null,5,744,3
3356,Warehouse,null,5,745,3
3357,Warehouse,null,5,746,3
3358,Warehouse,null,5,747,3
3359,Warehouse,null,5,748,3
3360,Warehouse,null,5,749,3
3361,Warehouse,null,5,750,3
3362,Warehouse,null,5,751,3
3363,Warehouse,null,5,752,3
3364,Warehouse,null,5,753,3
3365,Warehouse,null,5,754,3
3366,Warehouse,null,5,755,3
3367,Warehouse,null,5,756,3
3368,Warehouse,null,5,757,3
3369,Warehouse,null,5,758,3
3370,Warehouse,null,5,759,3
3371,Warehouse,null,5,760,3
3372,Warehouse,null,5,761,3
3373,Warehouse,null,5,762,3
3374,Warehouse,null,5,763,3
3375,Warehouse,null,5,764,3
3376,Warehouse,null,5,765,3
3377,Warehouse,null,5,766,3
3378,Warehouse,null,5,767,3
3379,Warehouse,null,5,768,3
3380,Warehouse,null,5,769,3
3381,Warehouse,null,5,770,3
3382,Store,70,null,773,1
3383,Warehouse,null,5,773,5
3384,Warehouse,null,5,774,6
3385,Warehouse,null,5,775,6
3386,Warehouse,null,5,776,6
3387,Warehouse,null,5,777,6
3388,Warehouse,null,5,778,6
3389,Store,71,null,779,1
3390,Warehouse,null,5,779,5
3391,Warehouse,null,5,780,6
3392,Store,64,null,781,1
3393,Warehouse,null,5,781,5
3394,Store,64,null,782,1
3395,Warehouse,null,5,782,5
3396,Warehouse,null,5,784,6
3397,Store,67,null,785,1
3398,Warehouse,null,5,785,5
3399,Store,71,null,786,1
3400,Warehouse,null,5,786,5
3401,Store,68,null,787,1
3402,Warehouse,null,5,787,5
3403,Store,66,null,788,1
3404,Warehouse,null,5,788,5
3405,Warehouse,null,5,789,6
3406,Store,66,null,790,1
3407,Warehouse,null,5,790,5
3408,Store,69,null,791,1
3409,Warehouse,null,5,791,5
3410,Warehouse,null,5,792,6
3411,Warehouse,null,5,793,6
3412,Warehouse,null,5,794,6
3413,Warehouse,null,5,796,6
3414,Store,64,null,797,1
3415,Warehouse,null,5,797,5
3416,Warehouse,null,5,798,7
3417,Store,69,null,799,1
3418,Warehouse,null,5,799,5
3419,Warehouse,null,5,800,6
3420,Store,66,null,801,1
3421,Warehouse,null,5,801,5
3422,Store,69,null,802,1
3423,Warehouse,null,5,802,5
3424,Store,67,null,803,1
3425,Warehouse,null,5,803,5
3426,Store,68,null,804,1
3427,Warehouse,null,5,804,5
3428,Warehouse,null,5,805,6
3429,Store,70,null,806,1
3430,Warehouse,null,5,806,5
3431,Store,64,null,807,1
3432,Warehouse,null,5,807,5
3433,Store,80,null,808,1
3434,Warehouse,null,5,808,5
3435,Store,67,null,809,1
3436,Warehouse,null,5,809,5
3437,Store,70,null,810,1
3438,Warehouse,null,5,810,5
3439,Warehouse,null,5,811,6
3440,Warehouse,null,5,812,6
3441,Warehouse,null,6,1,3
3442,Warehouse,null,6,2,3
3443,Warehouse,null,6,5,3
3444,Warehouse,null,6,10,3
3445,Warehouse,null,6,11,3
3446,Warehouse,null,6,13,3
3447,Warehouse,null,6,14,3
3448,Warehouse,null,6,15,3
3449,Warehouse,null,6,16,3
3450,Warehouse,null,6,18,3
3451,Warehouse,null,6,20,3
3452,Warehouse,null,6,21,3
3453,Warehouse,null,6,22,3
3454,Warehouse,null,6,25,3
3455,Warehouse,null,6,27,3
3456,Warehouse,null,6,28,3
3457,Warehouse,null,6,29,3
3458,Warehouse,null,6,31,3
3459,Warehouse,null,6,33,3
3460,Warehouse,null,6,34,3
3461,Warehouse,null,6,35,3
3462,Warehouse,null,6,36,3
3463,Warehouse,null,6,38,3
3464,Warehouse,null,6,40,3
3465,Warehouse,null,6,41,3
3466,Warehouse,null,6,42,3
3467,Warehouse,null,6,46,3
3468,Warehouse,null,6,48,3
3469,Warehouse,null,6,49,3
3470,Warehouse,null,6,50,3
3471,Warehouse,null,6,51,3
3472,Warehouse,null,6,55,3
3473,Warehouse,null,6,56,3
3474,Warehouse,null,6,61,3
3475,Warehouse,null,6,63,3
3476,Warehouse,null,6,65,3
3477,Warehouse,null,6,67,3
3478,Warehouse,null,6,68,3
3479,Warehouse,null,6,69,4
3480,Warehouse,null,6,70,4
3481,Warehouse,null,6,72,3
3482,Warehouse,null,6,73,3
3483,Warehouse,null,6,74,3
3484,Warehouse,null,6,76,3
3485,Warehouse,null,6,81,3
3486,Warehouse,null,6,82,3
3487,Warehouse,null,6,83,3
3488,Warehouse,null,6,84,3
3489,Warehouse,null,6,85,3
3490,Warehouse,null,6,93,3
3491,Warehouse,null,6,100,3
3492,Warehouse,null,6,115,3
3493,Warehouse,null,6,120,3
3494,Warehouse,null,6,122,3
3495,Warehouse,null,6,128,3
3496,Warehouse,null,6,129,3
3497,Warehouse,null,6,130,3
3498,Warehouse,null,6,131,3
3499,Warehouse,null,6,133,3
3500,Warehouse,null,6,134,3
3501,Warehouse,null,6,141,3
3502,Warehouse,null,6,145,3
3503,Warehouse,null,6,150,3
3504,Warehouse,null,6,154,3
3505,Warehouse,null,6,155,3
3506,Warehouse,null,6,158,3
3507,Warehouse,null,6,159,3
3508,Warehouse,null,6,161,3
3509,Warehouse,null,6,162,3
3510,Warehouse,null,6,163,3
3511,Warehouse,null,6,164,3
3512,Warehouse,null,6,165,3
3513,Warehouse,null,6,168,3
3514,Warehouse,null,6,170,3
3515,Warehouse,null,6,172,3
3516,Warehouse,null,6,174,3
3517,Warehouse,null,6,175,3
3518,Warehouse,null,6,177,3
3519,Warehouse,null,6,178,3
3520,Warehouse,null,6,179,3
3521,Warehouse,null,6,180,3
3522,Warehouse,null,6,181,3
3523,Warehouse,null,6,182,3
3524,Warehouse,null,6,183,3
3525,Warehouse,null,6,184,3
3526,Warehouse,null,6,185,3
3527,Warehouse,null,6,186,3
3528,Warehouse,null,6,187,3
3529,Warehouse,null,6,188,3
3530,Warehouse,null,6,191,3
3531,Warehouse,null,6,194,3
3532,Warehouse,null,6,196,3
3533,Warehouse,null,6,204,3
3534,Warehouse,null,6,206,3
3535,Warehouse,null,6,207,3
3536,Warehouse,null,6,212,3
3537,Warehouse,null,6,213,3
3538,Warehouse,null,6,214,3
3539,Warehouse,null,6,216,3
3540,Warehouse,null,6,219,3
3541,Warehouse,null,6,222,3
3542,Warehouse,null,6,227,3
3543,Warehouse,null,6,229,3
3544,Warehouse,null,6,233,3
3545,Warehouse,null,6,234,3
3546,Warehouse,null,6,235,3
3547,Warehouse,null,6,236,3
3548,Warehouse,null,6,237,3
3549,Warehouse,null,6,238,3
3550,Warehouse,null,6,239,3
3551,Warehouse,null,6,240,3
3552,Warehouse,null,6,241,3
3553,Warehouse,null,6,242,3
3554,Warehouse,null,6,243,3
3555,Warehouse,null,6,245,3
3556,Warehouse,null,6,246,3
3557,Warehouse,null,6,247,3
3558,Warehouse,null,6,248,3
3559,Warehouse,null,6,249,3
3560,Warehouse,null,6,250,3
3561,Warehouse,null,6,251,3
3562,Warehouse,null,6,252,3
3563,Warehouse,null,6,253,3
3564,Warehouse,null,6,254,3
3565,Warehouse,null,6,255,3
3566,Warehouse,null,6,256,3
3567,Warehouse,null,6,257,3
3568,Warehouse,null,6,259,3
3569,Warehouse,null,6,260,3
3570,Warehouse,null,6,261,3
3571,Warehouse,null,6,262,3
3572,Warehouse,null,6,263,3
3573,Warehouse,null,6,264,3
3574,Warehouse,null,6,265,3
3575,Warehouse,null,6,266,3
3576,Warehouse,null,6,267,3
3577,Warehouse,null,6,268,3
3578,Warehouse,null,6,269,3
3579,Warehouse,null,6,271,3
3580,Warehouse,null,6,278,3
3581,Warehouse,null,6,280,3
3582,Warehouse,null,6,281,3
3583,Warehouse,null,6,282,3
3584,Warehouse,null,6,283,3
3585,Warehouse,null,6,285,3
3586,Warehouse,null,6,286,3
3587,Warehouse,null,6,287,3
3588,Warehouse,null,6,288,3
3589,Warehouse,null,6,289,3
3590,Warehouse,null,6,290,3
3591,Warehouse,null,6,291,3
3592,Warehouse,null,6,292,3
3593,Warehouse,null,6,293,3
3594,Warehouse,null,6,294,3
3595,Warehouse,null,6,295,3
3596,Warehouse,null,6,296,3
3597,Warehouse,null,6,306,3
3598,Warehouse,null,6,307,3
3599,Warehouse,null,6,308,3
3600,Warehouse,null,6,309,3
3601,Warehouse,null,6,312,3
3602,Warehouse,null,6,313,3
3603,Warehouse,null,6,314,3
3604,Warehouse,null,6,321,3
3605,Warehouse,null,6,323,3
3606,Warehouse,null,6,324,3
3607,Warehouse,null,6,326,3
3608,Warehouse,null,6,327,3
3609,Warehouse,null,6,328,3
3610,Warehouse,null,6,329,3
3611,Warehouse,null,6,330,3
3612,Warehouse,null,6,331,3
3613,Warehouse,null,6,332,3
3614,Warehouse,null,6,334,3
3615,Warehouse,null,6,335,3
3616,Warehouse,null,6,337,3
3617,Warehouse,null,6,341,3
3618,Warehouse,null,6,349,3
3619,Warehouse,null,6,351,3
3620,Warehouse,null,6,353,3
3621,Warehouse,null,6,354,3
3622,Warehouse,null,6,355,3
3623,Warehouse,null,6,356,3
3624,Warehouse,null,6,357,3
3625,Warehouse,null,6,361,3
3626,Warehouse,null,6,362,3
3627,Warehouse,null,6,365,3
3628,Warehouse,null,6,369,3
3629,Warehouse,null,6,377,3
3630,Warehouse,null,6,380,3
3631,Warehouse,null,6,385,3
3632,Warehouse,null,6,387,3
3633,Warehouse,null,6,388,3
3634,Warehouse,null,6,389,3
3635,Warehouse,null,6,390,3
3636,Warehouse,null,6,391,3
3637,Warehouse,null,6,392,3
3638,Warehouse,null,6,393,3
3639,Warehouse,null,6,394,3
3640,Warehouse,null,6,395,3
3641,Warehouse,null,6,397,3
3642,Warehouse,null,6,400,3
3643,Warehouse,null,6,402,3
3644,Warehouse,null,6,403,3
3645,Warehouse,null,6,404,3
3646,Warehouse,null,6,418,3
3647,Warehouse,null,6,419,3
3648,Warehouse,null,6,420,3
3649,Warehouse,null,6,421,3
3650,Warehouse,null,6,423,3
3651,Warehouse,null,6,424,3
3652,Warehouse,null,6,426,3
3653,Warehouse,null,6,427,3
3654,Warehouse,null,6,430,4
3655,Warehouse,null,6,432,3
3656,Warehouse,null,6,434,3
3657,Warehouse,null,6,436,3
3658,Warehouse,null,6,437,3
3659,Warehouse,null,6,438,3
3660,Warehouse,null,6,439,3
3661,Warehouse,null,6,444,3
3662,Warehouse,null,6,445,3
3663,Warehouse,null,6,446,6
3664,Warehouse,null,6,450,6
3665,Warehouse,null,6,452,6
3666,Warehouse,null,6,454,6
3667,Warehouse,null,6,455,6
3668,Warehouse,null,6,457,6
3669,Warehouse,null,6,458,6
3670,Store,74,null,459,1
3671,Warehouse,null,6,459,5
3672,Warehouse,null,6,462,6
3673,Store,74,null,463,1
3674,Warehouse,null,6,463,5
3675,Warehouse,null,6,464,6
3676,Warehouse,null,6,466,6
3677,Warehouse,null,6,467,6
3678,Warehouse,null,6,469,6
3679,Warehouse,null,6,470,6
3680,Warehouse,null,6,471,6
3681,Store,77,null,472,1
3682,Warehouse,null,6,472,5
3683,Store,95,null,474,1
3684,Warehouse,null,6,474,5
3685,Warehouse,null,6,475,6
3686,Warehouse,null,6,477,6
3687,Store,94,null,478,1
3688,Warehouse,null,6,478,5
3689,Store,74,null,480,1
3690,Warehouse,null,6,480,5
3691,Warehouse,null,6,482,6
3692,Warehouse,null,6,483,6
3693,Store,94,null,487,1
3694,Warehouse,null,6,487,5
3695,Warehouse,null,6,488,6
3696,Store,74,null,492,1
3697,Warehouse,null,6,492,5
3698,Warehouse,null,6,493,6
3699,Warehouse,null,6,494,7
3700,Store,75,null,495,1
3701,Warehouse,null,6,495,5
3702,Warehouse,null,6,496,6
3703,Warehouse,null,6,497,6
3704,Warehouse,null,6,498,7
3705,Warehouse,null,6,499,6
3706,Store,74,null,500,1
3707,Warehouse,null,6,500,5
3708,Warehouse,null,6,501,6
3709,Warehouse,null,6,502,7
3710,Warehouse,null,6,503,6
3711,Warehouse,null,6,504,6
3712,Warehouse,null,6,505,6
3713,Warehouse,null,6,506,6
3714,Store,94,null,507,1
3715,Warehouse,null,6,507,5
3716,Warehouse,null,6,508,6
3717,Store,74,null,509,1
3718,Warehouse,null,6,509,5
3719,Warehouse,null,6,510,6
3720,Warehouse,null,6,511,6
3721,Store,94,null,512,1
3722,Warehouse,null,6,512,5
3723,Store,72,null,513,1
3724,Warehouse,null,6,513,5
3725,Warehouse,null,6,514,6
3726,Warehouse,null,6,515,6
3727,Warehouse,null,6,516,6
3728,Store,95,null,517,1
3729,Warehouse,null,6,517,5
3730,Warehouse,null,6,519,6
3731,Warehouse,null,6,520,6
3732,Warehouse,null,6,522,6
3733,Store,76,null,523,1
3734,Warehouse,null,6,523,5
3735,Warehouse,null,6,526,7
3736,Warehouse,null,6,527,7
3737,Warehouse,null,6,532,6
3738,Warehouse,null,6,536,3
3739,Warehouse,null,6,538,3
3740,Warehouse,null,6,540,3
3741,Warehouse,null,6,542,3
3742,Warehouse,null,6,543,3
3743,Warehouse,null,6,546,3
3744,Warehouse,null,6,548,3
3745,Warehouse,null,6,549,3
3746,Warehouse,null,6,552,3
3747,Warehouse,null,6,554,3
3748,Warehouse,null,6,555,3
3749,Warehouse,null,6,557,3
3750,Warehouse,null,6,560,3
3751,Warehouse,null,6,561,3
3752,Warehouse,null,6,562,3
3753,Warehouse,null,6,563,3
3754,Warehouse,null,6,564,3
3755,Warehouse,null,6,565,3
3756,Warehouse,null,6,566,3
3757,Warehouse,null,6,567,3
3758,Warehouse,null,6,568,3
3759,Warehouse,null,6,580,3
3760,Warehouse,null,6,584,3
3761,Warehouse,null,6,586,3
3762,Warehouse,null,6,587,3
3763,Warehouse,null,6,590,3
3764,Warehouse,null,6,591,3
3765,Warehouse,null,6,592,3
3766,Warehouse,null,6,593,3
3767,Warehouse,null,6,594,3
3768,Warehouse,null,6,595,3
3769,Warehouse,null,6,596,3
3770,Warehouse,null,6,597,3
3771,Warehouse,null,6,599,3
3772,Warehouse,null,6,600,3
3773,Warehouse,null,6,601,3
3774,Warehouse,null,6,604,3
3775,Warehouse,null,6,607,3
3776,Warehouse,null,6,609,3
3777,Warehouse,null,6,628,3
3778,Warehouse,null,6,630,3
3779,Warehouse,null,6,631,3
3780,Warehouse,null,6,632,3
3781,Warehouse,null,6,635,3
3782,Warehouse,null,6,636,3
3783,Warehouse,null,6,637,3
3784,Warehouse,null,6,638,3
3785,Warehouse,null,6,639,3
3786,Warehouse,null,6,640,3
3787,Warehouse,null,6,641,3
3788,Warehouse,null,6,642,3
3789,Warehouse,null,6,643,3
3790,Warehouse,null,6,644,3
3791,Warehouse,null,6,645,3
3792,Warehouse,null,6,646,3
3793,Warehouse,null,6,647,3
3794,Warehouse,null,6,648,3
3795,Warehouse,null,6,649,3
3796,Warehouse,null,6,650,3
3797,Warehouse,null,6,651,3
3798,Warehouse,null,6,652,3
3799,Warehouse,null,6,653,3
3800,Warehouse,null,6,654,3
3801,Warehouse,null,6,656,3
3802,Warehouse,null,6,657,3
3803,Warehouse,null,6,658,3
3804,Warehouse,null,6,659,3
3805,Warehouse,null,6,660,3
3806,Warehouse,null,6,661,3
3807,Warehouse,null,6,662,3
3808,Warehouse,null,6,663,3
3809,Warehouse,null,6,664,3
3810,Warehouse,null,6,665,3
3811,Warehouse,null,6,668,3
3812,Warehouse,null,6,669,3
3813,Warehouse,null,6,670,3
3814,Warehouse,null,6,671,3
3815,Warehouse,null,6,672,3
3816,Warehouse,null,6,673,3
3817,Warehouse,null,6,674,3
3818,Warehouse,null,6,675,3
3819,Warehouse,null,6,676,3
3820,Warehouse,null,6,677,3
3821,Warehouse,null,6,678,3
3822,Warehouse,null,6,680,3
3823,Warehouse,null,6,681,3
3824,Warehouse,null,6,682,3
3825,Warehouse,null,6,684,3
3826,Warehouse,null,6,687,3
3827,Warehouse,null,6,688,3
3828,Warehouse,null,6,689,3
3829,Warehouse,null,6,690,3
3830,Warehouse,null,6,692,3
3831,Warehouse,null,6,693,3
3832,Warehouse,null,6,694,3
3833,Warehouse,null,6,695,3
3834,Warehouse,null,6,696,3
3835,Warehouse,null,6,697,3
3836,Warehouse,null,6,698,3
3837,Warehouse,null,6,700,3
3838,Warehouse,null,6,704,3
3839,Warehouse,null,6,707,3
3840,Warehouse,null,6,709,3
3841,Warehouse,null,6,713,3
3842,Warehouse,null,6,715,3
3843,Warehouse,null,6,716,3
3844,Warehouse,null,6,721,3
3845,Warehouse,null,6,722,3
3846,Warehouse,null,6,723,3
3847,Warehouse,null,6,724,3
3848,Warehouse,null,6,725,3
3849,Warehouse,null,6,726,3
3850,Warehouse,null,6,727,3
3851,Warehouse,null,6,728,3
3852,Warehouse,null,6,731,3
3853,Warehouse,null,6,733,3
3854,Warehouse,null,6,734,3
3855,Warehouse,null,6,735,3
3856,Warehouse,null,6,736,3
3857,Warehouse,null,6,737,3
3858,Warehouse,null,6,739,3
3859,Warehouse,null,6,740,3
3860,Warehouse,null,6,741,3
3861,Warehouse,null,6,742,3
3862,Warehouse,null,6,743,3
3863,Warehouse,null,6,744,3
3864,Warehouse,null,6,745,3
3865,Warehouse,null,6,746,3
3866,Warehouse,null,6,747,3
3867,Warehouse,null,6,748,3
3868,Warehouse,null,6,753,3
3869,Warehouse,null,6,754,3
3870,Warehouse,null,6,759,3
3871,Warehouse,null,6,761,3
3872,Warehouse,null,6,765,3
3873,Warehouse,null,6,766,3
3874,Warehouse,null,6,767,3
3875,Warehouse,null,6,768,3
3876,Warehouse,null,6,769,3
3877,Warehouse,null,6,770,3
3878,Warehouse,null,6,771,3
3879,Warehouse,null,6,772,3
3880,Warehouse,null,6,775,6
3881,Warehouse,null,6,776,6
3882,Warehouse,null,6,777,6
3883,Warehouse,null,6,778,6
3884,Warehouse,null,6,779,6
3885,Store,77,null,781,1
3886,Warehouse,null,6,781,5
3887,Store,76,null,784,1
3888,Warehouse,null,6,784,5
3889,Warehouse,null,6,785,6
3890,Store,74,null,787,1
3891,Warehouse,null,6,787,5
3892,Store,74,null,788,1
3893,Warehouse,null,6,788,5
3894,Store,73,null,789,1
3895,Warehouse,null,6,789,5
3896,Store,73,null,790,1
3897,Warehouse,null,6,790,5
3898,Store,77,null,791,1
3899,Warehouse,null,6,791,5
3900,Store,72,null,792,1
3901,Warehouse,null,6,792,5
3902,Warehouse,null,6,793,6
3903,Warehouse,null,6,794,6
3904,Store,94,null,795,1
3905,Warehouse,null,6,795,5
3906,Warehouse,null,6,796,6
3907,Store,94,null,797,1
3908,Warehouse,null,6,797,5
3909,Warehouse,null,6,799,6
3910,Store,77,null,800,1
3911,Warehouse,null,6,800,5
3912,Store,76,null,801,1
3913,Warehouse,null,6,801,5
3914,Store,75,null,802,1
3915,Warehouse,null,6,802,5
3916,Store,76,null,803,1
3917,Warehouse,null,6,803,5
3918,Warehouse,null,7,1,3
3919,Warehouse,null,7,2,3
3920,Warehouse,null,7,3,3
3921,Warehouse,null,7,4,3
3922,Warehouse,null,7,6,3
3923,Warehouse,null,7,7,3
3924,Warehouse,null,7,8,3
3925,Warehouse,null,7,9,3
3926,Warehouse,null,7,10,3
3927,Warehouse,null,7,11,3
3928,Warehouse,null,7,12,3
3929,Warehouse,null,7,13,3
3930,Warehouse,null,7,14,3
3931,Warehouse,null,7,16,3
3932,Warehouse,null,7,17,3
3933,Warehouse,null,7,18,3
3934,Warehouse,null,7,20,3
3935,Warehouse,null,7,21,3
3936,Warehouse,null,7,22,3
3937,Warehouse,null,7,23,3
3938,Warehouse,null,7,25,3
3939,Warehouse,null,7,26,3
3940,Warehouse,null,7,27,3
3941,Warehouse,null,7,28,3
3942,Warehouse,null,7,29,3
3943,Warehouse,null,7,30,3
3944,Warehouse,null,7,31,3
3945,Warehouse,null,7,32,3
3946,Warehouse,null,7,33,3
3947,Warehouse,null,7,34,3
3948,Warehouse,null,7,35,4
3949,Warehouse,null,7,36,3
3950,Warehouse,null,7,37,3
3951,Warehouse,null,7,38,3
3952,Warehouse,null,7,39,3
3953,Warehouse,null,7,40,3
3954,Warehouse,null,7,41,3
3955,Warehouse,null,7,42,3
3956,Warehouse,null,7,44,3
3957,Warehouse,null,7,45,3
3958,Warehouse,null,7,46,3
3959,Warehouse,null,7,48,3
3960,Warehouse,null,7,49,3
3961,Warehouse,null,7,50,3
3962,Warehouse,null,7,51,3
3963,Warehouse,null,7,52,3
3964,Warehouse,null,7,53,4
3965,Warehouse,null,7,55,4
3966,Warehouse,null,7,56,4
3967,Warehouse,null,7,57,3
3968,Warehouse,null,7,58,3
3969,Warehouse,null,7,59,3
3970,Warehouse,null,7,60,3
3971,Warehouse,null,7,61,3
3972,Warehouse,null,7,62,3
3973,Warehouse,null,7,63,4
3974,Warehouse,null,7,64,4
3975,Warehouse,null,7,65,3
3976,Warehouse,null,7,66,3
3977,Warehouse,null,7,67,3
3978,Warehouse,null,7,68,4
3979,Warehouse,null,7,69,3
3980,Warehouse,null,7,70,3
3981,Warehouse,null,7,71,3
3982,Warehouse,null,7,72,3
3983,Warehouse,null,7,73,3
3984,Warehouse,null,7,76,3
3985,Warehouse,null,7,77,3
3986,Warehouse,null,7,78,4
3987,Warehouse,null,7,79,3
3988,Warehouse,null,7,81,3
3989,Warehouse,null,7,82,3
3990,Warehouse,null,7,83,4
3991,Warehouse,null,7,84,3
3992,Warehouse,null,7,86,3
3993,Warehouse,null,7,89,3
3994,Warehouse,null,7,90,3
3995,Warehouse,null,7,92,3
3996,Warehouse,null,7,93,3
3997,Warehouse,null,7,94,3
3998,Warehouse,null,7,95,4
3999,Warehouse,null,7,96,3
4000,Warehouse,null,7,98,3
4001,Warehouse,null,7,99,3
4002,Warehouse,null,7,101,3
4003,Warehouse,null,7,102,3
4004,Warehouse,null,7,104,3
4005,Warehouse,null,7,105,3
4006,Warehouse,null,7,106,3
4007,Warehouse,null,7,107,3
4008,Warehouse,null,7,108,3
4009,Warehouse,null,7,109,3
4010,Warehouse,null,7,110,3
4011,Warehouse,null,7,112,3
4012,Warehouse,null,7,113,3
4013,Warehouse,null,7,114,3
4014,Warehouse,null,7,117,3
4015,Warehouse,null,7,118,3
4016,Warehouse,null,7,120,3
4017,Warehouse,null,7,121,3
4018,Warehouse,null,7,122,3
4019,Warehouse,null,7,123,3
4020,Warehouse,null,7,124,3
4021,Warehouse,null,7,126,3
4022,Warehouse,null,7,127,3
4023,Warehouse,null,7,128,3
4024,Warehouse,null,7,129,3
4025,Warehouse,null,7,130,3
4026,Warehouse,null,7,131,3
4027,Warehouse,null,7,132,3
4028,Warehouse,null,7,133,3
4029,Warehouse,null,7,134,3
4030,Warehouse,null,7,135,3
4031,Warehouse,null,7,136,3
4032,Warehouse,null,7,157,4
4033,Warehouse,null,7,158,3
4034,Warehouse,null,7,159,4
4035,Warehouse,null,7,160,3
4036,Warehouse,null,7,161,3
4037,Warehouse,null,7,162,3
4038,Warehouse,null,7,163,4
4039,Warehouse,null,7,164,3
4040,Warehouse,null,7,165,3
4041,Warehouse,null,7,166,3
4042,Warehouse,null,7,167,3
4043,Warehouse,null,7,168,3
4044,Warehouse,null,7,169,5
4045,Warehouse,null,7,170,3
4046,Warehouse,null,7,171,3
4047,Warehouse,null,7,172,3
4048,Warehouse,null,7,173,3
4049,Warehouse,null,7,174,3
4050,Warehouse,null,7,175,3
4051,Warehouse,null,7,176,3
4052,Warehouse,null,7,177,3
4053,Warehouse,null,7,178,3
4054,Warehouse,null,7,179,3
4055,Warehouse,null,7,180,3
4056,Warehouse,null,7,181,3
4057,Warehouse,null,7,182,3
4058,Warehouse,null,7,183,3
4059,Warehouse,null,7,184,3
4060,Warehouse,null,7,185,3
4061,Warehouse,null,7,186,3
4062,Warehouse,null,7,187,3
4063,Warehouse,null,7,188,3
4064,Warehouse,null,7,189,3
4065,Warehouse,null,7,190,3
4066,Warehouse,null,7,191,3
4067,Warehouse,null,7,192,3
4068,Warehouse,null,7,193,3
4069,Warehouse,null,7,194,3
4070,Warehouse,null,7,195,3
4071,Warehouse,null,7,196,3
4072,Warehouse,null,7,197,3
4073,Warehouse,null,7,198,4
4074,Warehouse,null,7,199,3
4075,Warehouse,null,7,200,3
4076,Warehouse,null,7,201,3
4077,Warehouse,null,7,202,3
4078,Warehouse,null,7,203,3
4079,Warehouse,null,7,205,3
4080,Warehouse,null,7,206,4
4081,Warehouse,null,7,208,3
4082,Warehouse,null,7,210,3
4083,Warehouse,null,7,213,3
4084,Warehouse,null,7,214,3
4085,Warehouse,null,7,216,3
4086,Warehouse,null,7,217,3
4087,Warehouse,null,7,219,3
4088,Warehouse,null,7,221,3
4089,Warehouse,null,7,222,3
4090,Warehouse,null,7,223,3
4091,Warehouse,null,7,226,3
4092,Warehouse,null,7,227,3
4093,Warehouse,null,7,228,3
4094,Warehouse,null,7,233,3
4095,Warehouse,null,7,234,3
4096,Warehouse,null,7,235,3
4097,Warehouse,null,7,236,3
4098,Warehouse,null,7,237,3
4099,Warehouse,null,7,238,3
4100,Warehouse,null,7,239,3
4101,Warehouse,null,7,240,3
4102,Warehouse,null,7,241,3
4103,Warehouse,null,7,242,3
4104,Warehouse,null,7,243,3
4105,Warehouse,null,7,245,4
4106,Warehouse,null,7,246,3
4107,Warehouse,null,7,247,3
4108,Warehouse,null,7,248,4
4109,Warehouse,null,7,250,3
4110,Warehouse,null,7,252,3
4111,Warehouse,null,7,253,3
4112,Warehouse,null,7,254,3
4113,Warehouse,null,7,255,3
4114,Warehouse,null,7,257,3
4115,Warehouse,null,7,258,3
4116,Warehouse,null,7,260,3
4117,Warehouse,null,7,265,3
4118,Warehouse,null,7,266,3
4119,Warehouse,null,7,267,3
4120,Warehouse,null,7,269,3
4121,Warehouse,null,7,271,3
4122,Warehouse,null,7,272,3
4123,Warehouse,null,7,273,3
4124,Warehouse,null,7,274,3
4125,Warehouse,null,7,275,3
4126,Warehouse,null,7,276,3
4127,Warehouse,null,7,278,3
4128,Warehouse,null,7,279,3
4129,Warehouse,null,7,280,3
4130,Warehouse,null,7,281,3
4131,Warehouse,null,7,282,3
4132,Warehouse,null,7,283,3
4133,Warehouse,null,7,284,3
4134,Warehouse,null,7,285,3
4135,Warehouse,null,7,286,3
4136,Warehouse,null,7,287,3
4137,Warehouse,null,7,288,3
4138,Warehouse,null,7,289,3
4139,Warehouse,null,7,290,4
4140,Warehouse,null,7,291,3
4141,Warehouse,null,7,292,3
4142,Warehouse,null,7,293,3
4143,Warehouse,null,7,294,4
4144,Warehouse,null,7,295,3
4145,Warehouse,null,7,296,3
4146,Warehouse,null,7,297,3
4147,Warehouse,null,7,298,3
4148,Warehouse,null,7,299,3
4149,Warehouse,null,7,300,3
4150,Warehouse,null,7,301,3
4151,Warehouse,null,7,302,3
4152,Warehouse,null,7,303,3
4153,Warehouse,null,7,304,3
4154,Warehouse,null,7,305,3
4155,Warehouse,null,7,306,3
4156,Warehouse,null,7,307,3
4157,Warehouse,null,7,308,3
4158,Warehouse,null,7,309,3
4159,Warehouse,null,7,311,3
4160,Warehouse,null,7,315,3
4161,Warehouse,null,7,316,3
4162,Warehouse,null,7,317,3
4163,Warehouse,null,7,318,3
4164,Warehouse,null,7,319,3
4165,Warehouse,null,7,320,4
4166,Warehouse,null,7,321,3
4167,Warehouse,null,7,322,3
4168,Warehouse,null,7,323,3
4169,Warehouse,null,7,324,3
4170,Warehouse,null,7,325,3
4171,Warehouse,null,7,326,3
4172,Warehouse,null,7,327,3
4173,Warehouse,null,7,328,3
4174,Warehouse,null,7,331,3
4175,Warehouse,null,7,332,3
4176,Warehouse,null,7,334,3
4177,Warehouse,null,7,336,3
4178,Warehouse,null,7,337,3
4179,Warehouse,null,7,338,3
4180,Warehouse,null,7,339,3
4181,Warehouse,null,7,340,3
4182,Warehouse,null,7,341,3
4183,Warehouse,null,7,342,3
4184,Warehouse,null,7,343,3
4185,Warehouse,null,7,344,3
4186,Warehouse,null,7,345,3
4187,Warehouse,null,7,347,3
4188,Warehouse,null,7,348,3
4189,Warehouse,null,7,350,3
4190,Warehouse,null,7,351,3
4191,Warehouse,null,7,352,3
4192,Warehouse,null,7,354,3
4193,Warehouse,null,7,355,3
4194,Warehouse,null,7,357,3
4195,Warehouse,null,7,358,3
4196,Warehouse,null,7,359,3
4197,Warehouse,null,7,360,3
4198,Warehouse,null,7,361,3
4199,Warehouse,null,7,362,3
4200,Warehouse,null,7,363,3
4201,Warehouse,null,7,364,3
4202,Warehouse,null,7,365,3
4203,Warehouse,null,7,367,3
4204,Warehouse,null,7,368,3
4205,Warehouse,null,7,369,3
4206,Warehouse,null,7,370,3
4207,Warehouse,null,7,372,3
4208,Warehouse,null,7,373,3
4209,Warehouse,null,7,376,3
4210,Warehouse,null,7,379,3
4211,Warehouse,null,7,382,3
4212,Warehouse,null,7,383,3
4213,Warehouse,null,7,385,3
4214,Warehouse,null,7,386,4
4215,Warehouse,null,7,387,3
4216,Warehouse,null,7,388,3
4217,Warehouse,null,7,390,3
4218,Warehouse,null,7,391,3
4219,Warehouse,null,7,393,3
4220,Warehouse,null,7,394,3
4221,Warehouse,null,7,395,3
4222,Warehouse,null,7,396,3
4223,Warehouse,null,7,398,3
4224,Warehouse,null,7,399,3
4225,Warehouse,null,7,400,3
4226,Warehouse,null,7,401,3
4227,Warehouse,null,7,402,3
4228,Warehouse,null,7,403,3
4229,Warehouse,null,7,404,3
4230,Warehouse,null,7,406,3
4231,Warehouse,null,7,407,3
4232,Warehouse,null,7,408,3
4233,Warehouse,null,7,409,3
4234,Warehouse,null,7,410,3
4235,Warehouse,null,7,412,3
4236,Warehouse,null,7,413,3
4237,Warehouse,null,7,414,3
4238,Warehouse,null,7,415,3
4239,Warehouse,null,7,416,3
4240,Warehouse,null,7,417,3
4241,Warehouse,null,7,418,3
4242,Warehouse,null,7,420,3
4243,Warehouse,null,7,421,3
4244,Warehouse,null,7,422,3
4245,Warehouse,null,7,423,3
4246,Warehouse,null,7,424,3
4247,Warehouse,null,7,425,3
4248,Warehouse,null,7,426,3
4249,Warehouse,null,7,427,3
4250,Warehouse,null,7,429,3
4251,Warehouse,null,7,431,3
4252,Warehouse,null,7,432,3
4253,Warehouse,null,7,433,3
4254,Warehouse,null,7,434,3
4255,Warehouse,null,7,435,3
4256,Warehouse,null,7,436,3
4257,Warehouse,null,7,437,3
4258,Warehouse,null,7,438,3
4259,Warehouse,null,7,439,3
4260,Warehouse,null,7,440,4
4261,Warehouse,null,7,441,3
4262,Warehouse,null,7,444,3
4263,Warehouse,null,7,445,3
4264,Warehouse,null,7,446,6
4265,Warehouse,null,7,447,6
4266,Store,82,null,448,1
4267,Warehouse,null,7,448,5
4268,Warehouse,null,7,449,6
4269,Warehouse,null,7,450,6
4270,Warehouse,null,7,451,7
4271,Warehouse,null,7,452,6
4272,Warehouse,null,7,453,6
4273,Warehouse,null,7,454,6
4274,Warehouse,null,7,455,6
4275,Store,81,null,456,1
4276,Warehouse,null,7,456,5
4277,Warehouse,null,7,457,6
4278,Warehouse,null,7,459,6
4279,Warehouse,null,7,460,6
4280,Warehouse,null,7,461,6
4281,Warehouse,null,7,462,6
4282,Store,88,null,463,1
4283,Warehouse,null,7,463,5
4284,Warehouse,null,7,464,6
4285,Warehouse,null,7,465,6
4286,Warehouse,null,7,466,6
4287,Warehouse,null,7,467,6
4288,Warehouse,null,7,468,6
4289,Warehouse,null,7,469,6
4290,Warehouse,null,7,470,6
4291,Warehouse,null,7,471,6
4292,Warehouse,null,7,472,6
4293,Warehouse,null,7,473,6
4294,Warehouse,null,7,474,6
4295,Warehouse,null,7,475,6
4296,Warehouse,null,7,476,6
4297,Warehouse,null,7,477,6
4298,Store,85,null,478,1
4299,Warehouse,null,7,478,5
4300,Store,82,null,479,1
4301,Warehouse,null,7,479,5
4302,Warehouse,null,7,480,8
4303,Warehouse,null,7,481,6
4304,Warehouse,null,7,482,6
4305,Warehouse,null,7,483,6
4306,Warehouse,null,7,484,6
4307,Warehouse,null,7,485,6
4308,Store,84,null,486,1
4309,Warehouse,null,7,486,5
4310,Store,92,null,487,1
4311,Warehouse,null,7,487,5
4312,Warehouse,null,7,488,7
4313,Warehouse,null,7,489,6
4314,Store,82,null,491,1
4315,Warehouse,null,7,491,5
4316,Warehouse,null,7,492,8
4317,Warehouse,null,7,493,7
4318,Warehouse,null,7,494,6
4319,Store,82,null,495,1
4320,Warehouse,null,7,495,5
4321,Warehouse,null,7,496,6
4322,Store,85,null,497,1
4323,Warehouse,null,7,497,5
4324,Warehouse,null,7,498,7
4325,Warehouse,null,7,499,6
4326,Warehouse,null,7,500,7
4327,Warehouse,null,7,501,6
4328,Warehouse,null,7,502,6
4329,Warehouse,null,7,503,6
4330,Warehouse,null,7,504,6
4331,Warehouse,null,7,505,6
4332,Warehouse,null,7,506,6
4333,Store,91,null,507,1
4334,Warehouse,null,7,507,5
4335,Warehouse,null,7,508,6
4336,Store,89,null,509,1
4337,Warehouse,null,7,509,5
4338,Warehouse,null,7,510,6
4339,Warehouse,null,7,511,6
4340,Store,93,null,512,1
4341,Warehouse,null,7,512,5
4342,Store,84,null,513,1
4343,Warehouse,null,7,513,5
4344,Store,88,null,514,1
4345,Warehouse,null,7,514,5
4346,Warehouse,null,7,515,6
4347,Warehouse,null,7,516,6
4348,Warehouse,null,7,517,6
4349,Store,93,null,518,1
4350,Warehouse,null,7,518,5
4351,Warehouse,null,7,519,6
4352,Store,82,null,520,1
4353,Warehouse,null,7,520,5
4354,Warehouse,null,7,521,6
4355,Warehouse,null,7,522,6
4356,Store,85,null,523,1
4357,Warehouse,null,7,523,5
4358,Store,93,null,524,1
4359,Warehouse,null,7,524,5
4360,Warehouse,null,7,525,6
4361,Store,84,null,526,1
4362,Warehouse,null,7,526,5
4363,Warehouse,null,7,527,6
4364,Store,82,null,528,1
4365,Warehouse,null,7,528,5
4366,Warehouse,null,7,529,6
4367,Warehouse,null,7,530,6
4368,Warehouse,null,7,531,6
4369,Warehouse,null,7,532,6
4370,Warehouse,null,7,533,6
4371,Warehouse,null,7,534,6
4372,Warehouse,null,7,535,6
4373,Warehouse,null,7,536,3
4374,Warehouse,null,7,537,3
4375,Warehouse,null,7,539,3
4376,Warehouse,null,7,540,3
4377,Warehouse,null,7,542,3
4378,Warehouse,null,7,543,3
4379,Warehouse,null,7,544,4
4380,Warehouse,null,7,545,3
4381,Warehouse,null,7,546,4
4382,Warehouse,null,7,547,3
4383,Warehouse,null,7,548,3
4384,Warehouse,null,7,549,3
4385,Warehouse,null,7,550,3
4386,Warehouse,null,7,552,3
4387,Warehouse,null,7,553,3
4388,Warehouse,null,7,555,3
4389,Warehouse,null,7,557,3
4390,Warehouse,null,7,558,3
4391,Warehouse,null,7,559,3
4392,Warehouse,null,7,560,3
4393,Warehouse,null,7,561,3
4394,Warehouse,null,7,562,4
4395,Warehouse,null,7,563,3
4396,Warehouse,null,7,564,3
4397,Warehouse,null,7,565,3
4398,Warehouse,null,7,566,3
4399,Warehouse,null,7,567,3
4400,Warehouse,null,7,568,3
4401,Warehouse,null,7,569,3
4402,Warehouse,null,7,570,3
4403,Warehouse,null,7,571,3
4404,Warehouse,null,7,572,3
4405,Warehouse,null,7,574,3
4406,Warehouse,null,7,575,3
4407,Warehouse,null,7,576,3
4408,Warehouse,null,7,577,3
4409,Warehouse,null,7,579,3
4410,Warehouse,null,7,580,3
4411,Warehouse,null,7,581,3
4412,Warehouse,null,7,582,3
4413,Warehouse,null,7,583,3
4414,Warehouse,null,7,584,3
4415,Warehouse,null,7,585,3
4416,Warehouse,null,7,586,3
4417,Warehouse,null,7,587,3
4418,Warehouse,null,7,588,3
4419,Warehouse,null,7,589,3
4420,Warehouse,null,7,596,3
4421,Warehouse,null,7,597,3
4422,Warehouse,null,7,598,3
4423,Warehouse,null,7,599,3
4424,Warehouse,null,7,600,3
4425,Warehouse,null,7,601,3
4426,Warehouse,null,7,602,3
4427,Warehouse,null,7,603,3
4428,Warehouse,null,7,604,3
4429,Warehouse,null,7,605,3
4430,Warehouse,null,7,606,3
4431,Warehouse,null,7,607,3
4432,Warehouse,null,7,608,3
4433,Warehouse,null,7,609,3
4434,Warehouse,null,7,610,4
4435,Warehouse,null,7,611,3
4436,Warehouse,null,7,613,3
4437,Warehouse,null,7,615,4
4438,Warehouse,null,7,616,3
4439,Warehouse,null,7,617,3
4440,Warehouse,null,7,618,3
4441,Warehouse,null,7,619,3
4442,Warehouse,null,7,620,3
4443,Warehouse,null,7,621,3
4444,Warehouse,null,7,622,3
4445,Warehouse,null,7,624,3
4446,Warehouse,null,7,625,3
4447,Warehouse,null,7,626,3
4448,Warehouse,null,7,628,3
4449,Warehouse,null,7,629,3
4450,Warehouse,null,7,630,3
4451,Warehouse,null,7,631,3
4452,Warehouse,null,7,632,3
4453,Warehouse,null,7,633,3
4454,Warehouse,null,7,634,3
4455,Warehouse,null,7,638,3
4456,Warehouse,null,7,639,3
4457,Warehouse,null,7,640,3
4458,Warehouse,null,7,641,4
4459,Warehouse,null,7,642,3
4460,Warehouse,null,7,643,3
4461,Warehouse,null,7,644,3
4462,Warehouse,null,7,645,3
4463,Warehouse,null,7,646,3
4464,Warehouse,null,7,647,4
4465,Warehouse,null,7,648,4
4466,Warehouse,null,7,649,4
4467,Warehouse,null,7,650,4
4468,Warehouse,null,7,651,3
4469,Warehouse,null,7,652,4
4470,Warehouse,null,7,653,4
4471,Warehouse,null,7,654,4
4472,Warehouse,null,7,655,3
4473,Warehouse,null,7,656,3
4474,Warehouse,null,7,657,3
4475,Warehouse,null,7,658,3
4476,Warehouse,null,7,659,3
4477,Warehouse,null,7,661,3
4478,Warehouse,null,7,662,3
4479,Warehouse,null,7,663,3
4480,Warehouse,null,7,664,3
4481,Warehouse,null,7,665,3
4482,Warehouse,null,7,666,3
4483,Warehouse,null,7,667,3
4484,Warehouse,null,7,668,3
4485,Warehouse,null,7,669,3
4486,Warehouse,null,7,670,3
4487,Warehouse,null,7,671,3
4488,Warehouse,null,7,672,3
4489,Warehouse,null,7,673,3
4490,Warehouse,null,7,674,3
4491,Warehouse,null,7,675,4
4492,Warehouse,null,7,676,4
4493,Warehouse,null,7,677,3
4494,Warehouse,null,7,678,3
4495,Warehouse,null,7,679,3
4496,Warehouse,null,7,681,3
4497,Warehouse,null,7,682,3
4498,Warehouse,null,7,683,3
4499,Warehouse,null,7,684,3
4500,Warehouse,null,7,685,3
4501,Warehouse,null,7,686,3
4502,Warehouse,null,7,687,3
4503,Warehouse,null,7,689,3
4504,Warehouse,null,7,690,3
4505,Warehouse,null,7,691,3
4506,Warehouse,null,7,692,4
4507,Warehouse,null,7,693,4
4508,Warehouse,null,7,694,3
4509,Warehouse,null,7,695,3
4510,Warehouse,null,7,696,3
4511,Warehouse,null,7,697,3
4512,Warehouse,null,7,698,3
4513,Warehouse,null,7,699,3
4514,Warehouse,null,7,700,3
4515,Warehouse,null,7,701,3
4516,Warehouse,null,7,702,3
4517,Warehouse,null,7,703,3
4518,Warehouse,null,7,704,3
4519,Warehouse,null,7,705,3
4520,Warehouse,null,7,706,3
4521,Warehouse,null,7,707,3
4522,Warehouse,null,7,713,3
4523,Warehouse,null,7,714,3
4524,Warehouse,null,7,716,3
4525,Warehouse,null,7,717,3
4526,Warehouse,null,7,718,3
4527,Warehouse,null,7,719,3
4528,Warehouse,null,7,721,3
4529,Warehouse,null,7,722,3
4530,Warehouse,null,7,723,3
4531,Warehouse,null,7,724,3
4532,Warehouse,null,7,725,3
4533,Warehouse,null,7,726,3
4534,Warehouse,null,7,727,3
4535,Warehouse,null,7,728,3
4536,Warehouse,null,7,729,4
4537,Warehouse,null,7,730,3
4538,Warehouse,null,7,731,3
4539,Warehouse,null,7,733,3
4540,Warehouse,null,7,734,3
4541,Warehouse,null,7,735,3
4542,Warehouse,null,7,737,3
4543,Warehouse,null,7,738,3
4544,Warehouse,null,7,740,3
4545,Warehouse,null,7,754,3
4546,Warehouse,null,7,756,3
4547,Warehouse,null,7,761,3
4548,Warehouse,null,7,762,3
4549,Warehouse,null,7,763,3
4550,Warehouse,null,7,764,3
4551,Warehouse,null,7,765,3
4552,Warehouse,null,7,767,3
4553,Warehouse,null,7,768,3
4554,Warehouse,null,7,769,3
4555,Warehouse,null,7,770,3
4556,Warehouse,null,7,771,3
4557,Warehouse,null,7,772,3
4558,Store,89,null,773,1
4559,Warehouse,null,7,773,5
4560,Warehouse,null,7,775,6
4561,Warehouse,null,7,776,6
4562,Warehouse,null,7,777,6
4563,Warehouse,null,7,778,6
4564,Warehouse,null,7,780,6
4565,Warehouse,null,7,781,6
4566,Store,90,null,782,1
4567,Warehouse,null,7,782,5
4568,Warehouse,null,7,783,6
4569,Warehouse,null,7,784,6
4570,Store,91,null,785,1
4571,Warehouse,null,7,785,5
4572,Store,89,null,786,1
4573,Warehouse,null,7,786,5
4574,Warehouse,null,7,787,6
4575,Store,85,null,788,1
4576,Warehouse,null,7,788,5
4577,Warehouse,null,7,789,6
4578,Warehouse,null,7,790,6
4579,Store,81,null,791,1
4580,Warehouse,null,7,791,5
4581,Warehouse,null,7,792,6
4582,Warehouse,null,7,793,6
4583,Warehouse,null,7,794,6
4584,Warehouse,null,7,795,6
4585,Store,85,null,796,1
4586,Warehouse,null,7,796,5
4587,Warehouse,null,7,797,6
4588,Store,83,null,798,1
4589,Warehouse,null,7,798,5
4590,Warehouse,null,7,799,6
4591,Store,84,null,800,1
4592,Warehouse,null,7,800,5
4593,Store,84,null,801,1
4594,Warehouse,null,7,801,5
4595,Warehouse,null,7,802,6
4596,Store,82,null,803,1
4597,Warehouse,null,7,803,5
4598,Warehouse,null,7,804,6
4599,Store,87,null,805,1
4600,Warehouse,null,7,805,5
4601,Store,86,null,806,1
4602,Warehouse,null,7,806,5
4603,Warehouse,null,7,807,6
4604,Warehouse,null,7,808,6
4605,Warehouse,null,7,809,6
4606,Store,85,null,810,1
4607,Warehouse,null,7,810,5
4608,Warehouse,null,7,811,6
4609,Warehouse,null,7,812,6
4610,Warehouse,null,8,2,3
4611,Warehouse,null,8,3,3
4612,Warehouse,null,8,4,3
4613,Warehouse,null,8,7,3
4614,Warehouse,null,8,9,3
4615,Warehouse,null,8,10,3
4616,Warehouse,null,8,11,3
4617,Warehouse,null,8,13,3
4618,Warehouse,null,8,14,3
4619,Warehouse,null,8,15,3
4620,Warehouse,null,8,16,3
4621,Warehouse,null,8,17,3
4622,Warehouse,null,8,18,3
4623,Warehouse,null,8,19,3
4624,Warehouse,null,8,20,3
4625,Warehouse,null,8,21,7
4626,Warehouse,null,8,22,3
4627,Warehouse,null,8,23,6
4628,Warehouse,null,8,24,7
4629,Warehouse,null,8,25,3
4630,Warehouse,null,8,26,3
4631,Warehouse,null,8,27,3
4632,Warehouse,null,8,28,3
4633,Warehouse,null,8,29,5
4634,Warehouse,null,8,30,3
4635,Warehouse,null,8,31,3
4636,Warehouse,null,8,32,3
4637,Warehouse,null,8,33,3
4638,Warehouse,null,8,34,7
4639,Warehouse,null,8,35,6
4640,Warehouse,null,8,36,4
4641,Warehouse,null,8,37,3
4642,Warehouse,null,8,38,4
4643,Warehouse,null,8,39,5
4644,Warehouse,null,8,40,4
4645,Warehouse,null,8,41,3
4646,Warehouse,null,8,42,3
4647,Warehouse,null,8,43,3
4648,Warehouse,null,8,44,3
4649,Warehouse,null,8,45,3
4650,Warehouse,null,8,46,3
4651,Warehouse,null,8,47,3
4652,Warehouse,null,8,48,7
4653,Warehouse,null,8,49,3
4654,Warehouse,null,8,50,3
4655,Warehouse,null,8,51,3
4656,Warehouse,null,8,52,3
4657,Warehouse,null,8,53,3
4658,Warehouse,null,8,54,3
4659,Warehouse,null,8,55,3
4660,Warehouse,null,8,57,3
4661,Warehouse,null,8,58,3
4662,Warehouse,null,8,60,3
4663,Warehouse,null,8,62,3
4664,Warehouse,null,8,63,3
4665,Warehouse,null,8,64,3
4666,Warehouse,null,8,65,3
4667,Warehouse,null,8,66,3
4668,Warehouse,null,8,67,3
4669,Warehouse,null,8,68,3
4670,Warehouse,null,8,69,3
4671,Warehouse,null,8,70,3
4672,Warehouse,null,8,71,5
4673,Warehouse,null,8,72,4
4674,Warehouse,null,8,73,5
4675,Warehouse,null,8,74,3
4676,Warehouse,null,8,75,3
4677,Warehouse,null,8,76,3
4678,Warehouse,null,8,77,3
4679,Warehouse,null,8,78,3
4680,Warehouse,null,8,79,3
4681,Warehouse,null,8,80,3
4682,Warehouse,null,8,81,3
4683,Warehouse,null,8,82,3
4684,Warehouse,null,8,83,3
4685,Warehouse,null,8,84,6
4686,Warehouse,null,8,85,3
4687,Warehouse,null,8,86,3
4688,Warehouse,null,8,87,3
4689,Warehouse,null,8,88,3
4690,Warehouse,null,8,89,3
4691,Warehouse,null,8,90,3
4692,Warehouse,null,8,91,3
4693,Warehouse,null,8,92,4
4694,Warehouse,null,8,93,3
4695,Warehouse,null,8,94,3
4696,Warehouse,null,8,95,3
4697,Warehouse,null,8,96,3
4698,Warehouse,null,8,97,4
4699,Warehouse,null,8,98,3
4700,Warehouse,null,8,99,4
4701,Store,38,null,100,1
4702,Warehouse,null,8,100,4
4703,Warehouse,null,8,101,3
4704,Warehouse,null,8,102,5
4705,Warehouse,null,8,103,4
4706,Warehouse,null,8,104,3
4707,Warehouse,null,8,105,3
4708,Warehouse,null,8,106,4
4709,Warehouse,null,8,107,3
4710,Warehouse,null,8,108,5
4711,Warehouse,null,8,109,8
4712,Warehouse,null,8,110,4
4713,Warehouse,null,8,111,4
4714,Warehouse,null,8,112,3
4715,Warehouse,null,8,113,3
4716,Warehouse,null,8,114,6
4717,Warehouse,null,8,115,6
4718,Warehouse,null,8,116,4
4719,Warehouse,null,8,117,3
4720,Warehouse,null,8,118,3
4721,Warehouse,null,8,119,3
4722,Warehouse,null,8,120,5
4723,Warehouse,null,8,121,3
4724,Warehouse,null,8,122,3
4725,Warehouse,null,8,123,3
4726,Warehouse,null,8,124,3
4727,Warehouse,null,8,125,3
4728,Warehouse,null,8,126,3
4729,Warehouse,null,8,127,3
4730,Warehouse,null,8,128,3
4731,Warehouse,null,8,129,3
4732,Warehouse,null,8,130,3
4733,Warehouse,null,8,131,3
4734,Warehouse,null,8,132,3
4735,Warehouse,null,8,133,3
4736,Warehouse,null,8,134,3
4737,Warehouse,null,8,135,3
4738,Warehouse,null,8,136,3
4739,Warehouse,null,8,137,3
4740,Warehouse,null,8,138,3
4741,Warehouse,null,8,139,3
4742,Warehouse,null,8,140,3
4743,Warehouse,null,8,141,3
4744,Warehouse,null,8,142,3
4745,Warehouse,null,8,143,3
4746,Warehouse,null,8,144,3
4747,Warehouse,null,8,145,3
4748,Warehouse,null,8,146,3
4749,Warehouse,null,8,147,3
4750,Warehouse,null,8,148,3
4751,Warehouse,null,8,149,3
4752,Warehouse,null,8,151,3
4753,Warehouse,null,8,153,3
4754,Warehouse,null,8,154,4
4755,Warehouse,null,8,155,3
4756,Warehouse,null,8,156,4
4757,Warehouse,null,8,157,3
4758,Warehouse,null,8,158,3
4759,Warehouse,null,8,159,3
4760,Warehouse,null,8,160,3
4761,Warehouse,null,8,161,3
4762,Warehouse,null,8,162,4
4763,Warehouse,null,8,163,3
4764,Warehouse,null,8,164,3
4765,Warehouse,null,8,165,4
4766,Warehouse,null,8,166,4
4767,Warehouse,null,8,167,4
4768,Warehouse,null,8,168,3
4769,Warehouse,null,8,169,3
4770,Warehouse,null,8,170,4
4771,Warehouse,null,8,171,3
4772,Warehouse,null,8,172,3
4773,Warehouse,null,8,173,4
4774,Warehouse,null,8,174,3
4775,Warehouse,null,8,175,4
4776,Warehouse,null,8,176,4
4777,Warehouse,null,8,177,3
4778,Warehouse,null,8,178,3
4779,Warehouse,null,8,179,3
4780,Warehouse,null,8,180,3
4781,Warehouse,null,8,181,3
4782,Warehouse,null,8,182,3
4783,Warehouse,null,8,183,3
4784,Warehouse,null,8,184,3
4785,Warehouse,null,8,185,5
4786,Warehouse,null,8,187,3
4787,Warehouse,null,8,188,3
4788,Warehouse,null,8,189,3
4789,Warehouse,null,8,190,3
4790,Warehouse,null,8,191,4
4791,Warehouse,null,8,192,3
4792,Warehouse,null,8,193,3
4793,Warehouse,null,8,194,4
4794,Warehouse,null,8,195,3
4795,Warehouse,null,8,196,3
4796,Warehouse,null,8,197,4
4797,Store,38,null,198,1
4798,Warehouse,null,8,198,4
4799,Warehouse,null,8,199,3
4800,Warehouse,null,8,200,4
4801,Warehouse,null,8,201,3
4802,Warehouse,null,8,202,3
4803,Warehouse,null,8,203,3
4804,Warehouse,null,8,204,3
4805,Warehouse,null,8,205,3
4806,Warehouse,null,8,209,6
4807,Warehouse,null,8,210,3
4808,Warehouse,null,8,211,3
4809,Warehouse,null,8,212,4
4810,Warehouse,null,8,213,3
4811,Warehouse,null,8,214,3
4812,Warehouse,null,8,215,6
4813,Warehouse,null,8,216,5
4814,Warehouse,null,8,217,4
4815,Warehouse,null,8,218,4
4816,Warehouse,null,8,219,5
4817,Warehouse,null,8,220,4
4818,Warehouse,null,8,221,3
4819,Warehouse,null,8,222,4
4820,Warehouse,null,8,223,7
4821,Warehouse,null,8,224,3
4822,Warehouse,null,8,225,5
4823,Warehouse,null,8,226,4
4824,Warehouse,null,8,227,4
4825,Warehouse,null,8,228,6
4826,Warehouse,null,8,229,4
4827,Warehouse,null,8,230,4
4828,Warehouse,null,8,231,5
4829,Warehouse,null,8,232,4
4830,Warehouse,null,8,233,3
4831,Warehouse,null,8,234,3
4832,Warehouse,null,8,235,4
4833,Warehouse,null,8,236,4
4834,Warehouse,null,8,237,4
4835,Warehouse,null,8,238,3
4836,Warehouse,null,8,239,5
4837,Warehouse,null,8,240,3
4838,Warehouse,null,8,241,4
4839,Warehouse,null,8,242,4
4840,Warehouse,null,8,243,3
4841,Warehouse,null,8,244,3
4842,Warehouse,null,8,245,3
4843,Warehouse,null,8,246,3
4844,Warehouse,null,8,247,3
4845,Warehouse,null,8,249,3
4846,Warehouse,null,8,250,3
4847,Warehouse,null,8,251,3
4848,Warehouse,null,8,252,3
4849,Warehouse,null,8,253,3
4850,Warehouse,null,8,254,3
4851,Warehouse,null,8,255,4
4852,Warehouse,null,8,256,3
4853,Warehouse,null,8,257,3
4854,Warehouse,null,8,258,3
4855,Warehouse,null,8,259,4
4856,Warehouse,null,8,260,4
4857,Warehouse,null,8,261,3
4858,Warehouse,null,8,262,3
4859,Warehouse,null,8,263,4
4860,Warehouse,null,8,264,3
4861,Warehouse,null,8,265,3
4862,Warehouse,null,8,266,3
4863,Warehouse,null,8,267,3
4864,Warehouse,null,8,268,4
4865,Warehouse,null,8,269,4
4866,Warehouse,null,8,270,3
4867,Warehouse,null,8,271,4
4868,Warehouse,null,8,272,4
4869,Warehouse,null,8,273,3
4870,Warehouse,null,8,274,6
4871,Warehouse,null,8,275,4
4872,Warehouse,null,8,276,4
4873,Warehouse,null,8,277,3
4874,Warehouse,null,8,278,6
4875,Warehouse,null,8,279,4
4876,Warehouse,null,8,280,7
4877,Warehouse,null,8,281,5
4878,Warehouse,null,8,282,4
4879,Warehouse,null,8,283,3
4880,Warehouse,null,8,284,4
4881,Warehouse,null,8,285,3
4882,Warehouse,null,8,286,3
4883,Warehouse,null,8,287,3
4884,Warehouse,null,8,288,4
4885,Warehouse,null,8,289,3
4886,Warehouse,null,8,290,3
4887,Warehouse,null,8,291,3
4888,Warehouse,null,8,292,3
4889,Warehouse,null,8,293,3
4890,Warehouse,null,8,294,4
4891,Warehouse,null,8,295,3
4892,Warehouse,null,8,296,3
4893,Warehouse,null,8,297,3
4894,Warehouse,null,8,298,3
4895,Warehouse,null,8,299,3
4896,Warehouse,null,8,300,3
4897,Warehouse,null,8,301,3
4898,Warehouse,null,8,302,3
4899,Warehouse,null,8,303,3
4900,Warehouse,null,8,304,3
4901,Warehouse,null,8,305,3
4902,Warehouse,null,8,306,3
4903,Warehouse,null,8,307,3
4904,Warehouse,null,8,308,4
4905,Warehouse,null,8,309,3
4906,Warehouse,null,8,310,4
4907,Warehouse,null,8,311,4
4908,Warehouse,null,8,312,3
4909,Warehouse,null,8,313,3
4910,Warehouse,null,8,314,3
4911,Warehouse,null,8,315,4
4912,Warehouse,null,8,316,3
4913,Warehouse,null,8,317,3
4914,Warehouse,null,8,318,10
4915,Warehouse,null,8,319,3
4916,Warehouse,null,8,320,5
4917,Warehouse,null,8,322,3
4918,Warehouse,null,8,323,3
4919,Warehouse,null,8,324,3
4920,Warehouse,null,8,325,3
4921,Warehouse,null,8,327,3
4922,Warehouse,null,8,329,3
4923,Warehouse,null,8,330,3
4924,Warehouse,null,8,331,3
4925,Warehouse,null,8,332,3
4926,Warehouse,null,8,334,3
4927,Warehouse,null,8,336,3
4928,Warehouse,null,8,337,3
4929,Warehouse,null,8,338,3
4930,Warehouse,null,8,339,3
4931,Warehouse,null,8,340,3
4932,Warehouse,null,8,341,3
4933,Warehouse,null,8,342,5
4934,Warehouse,null,8,343,3
4935,Warehouse,null,8,344,4
4936,Warehouse,null,8,345,4
4937,Warehouse,null,8,346,3
4938,Warehouse,null,8,347,3
4939,Warehouse,null,8,348,3
4940,Warehouse,null,8,349,3
4941,Warehouse,null,8,350,3
4942,Warehouse,null,8,351,3
4943,Warehouse,null,8,352,3
4944,Warehouse,null,8,353,3
4945,Warehouse,null,8,354,4
4946,Warehouse,null,8,355,3
4947,Warehouse,null,8,356,3
4948,Warehouse,null,8,357,3
4949,Warehouse,null,8,358,3
4950,Warehouse,null,8,359,3
4951,Warehouse,null,8,360,3
4952,Warehouse,null,8,361,3
4953,Warehouse,null,8,362,3
4954,Warehouse,null,8,363,3
4955,Warehouse,null,8,364,3
4956,Warehouse,null,8,365,5
4957,Warehouse,null,8,366,3
4958,Warehouse,null,8,367,3
4959,Warehouse,null,8,368,5
4960,Warehouse,null,8,369,3
4961,Warehouse,null,8,370,4
4962,Warehouse,null,8,371,3
4963,Warehouse,null,8,372,3
4964,Warehouse,null,8,373,4
4965,Warehouse,null,8,374,4
4966,Warehouse,null,8,375,4
4967,Warehouse,null,8,376,4
4968,Warehouse,null,8,377,4
4969,Warehouse,null,8,378,4
4970,Warehouse,null,8,379,3
4971,Warehouse,null,8,380,3
4972,Warehouse,null,8,381,3
4973,Warehouse,null,8,382,4
4974,Warehouse,null,8,383,3
4975,Warehouse,null,8,384,6
4976,Warehouse,null,8,385,3
4977,Warehouse,null,8,386,3
4978,Warehouse,null,8,387,3
4979,Warehouse,null,8,389,3
4980,Warehouse,null,8,390,3
4981,Warehouse,null,8,391,4
4982,Warehouse,null,8,392,3
4983,Warehouse,null,8,393,4
4984,Warehouse,null,8,394,3
4985,Warehouse,null,8,395,3
4986,Warehouse,null,8,396,4
4987,Warehouse,null,8,397,4
4988,Warehouse,null,8,398,3
4989,Warehouse,null,8,399,3
4990,Warehouse,null,8,400,3
4991,Warehouse,null,8,401,3
4992,Warehouse,null,8,402,3
4993,Warehouse,null,8,403,3
4994,Warehouse,null,8,404,3
4995,Warehouse,null,8,405,3
4996,Warehouse,null,8,406,3
4997,Warehouse,null,8,407,3
4998,Warehouse,null,8,408,3
4999,Warehouse,null,8,409,3
5000,Warehouse,null,8,410,4
5001,Warehouse,null,8,411,3
5002,Warehouse,null,8,412,3
5003,Warehouse,null,8,413,3
5004,Warehouse,null,8,414,3
5005,Warehouse,null,8,415,3
5006,Warehouse,null,8,416,5
5007,Warehouse,null,8,417,3
5008,Warehouse,null,8,418,3
5009,Warehouse,null,8,419,3
5010,Warehouse,null,8,420,3
5011,Warehouse,null,8,421,3
5012,Warehouse,null,8,422,3
5013,Warehouse,null,8,423,3
5014,Warehouse,null,8,424,4
5015,Warehouse,null,8,425,5
5016,Warehouse,null,8,426,3
5017,Warehouse,null,8,427,4
5018,Warehouse,null,8,428,3
5019,Warehouse,null,8,429,3
5020,Warehouse,null,8,430,4
5021,Warehouse,null,8,431,3
5022,Warehouse,null,8,432,4
5023,Warehouse,null,8,433,4
5024,Warehouse,null,8,434,3
5025,Warehouse,null,8,435,4
5026,Warehouse,null,8,436,3
5027,Warehouse,null,8,437,3
5028,Warehouse,null,8,438,3
5029,Warehouse,null,8,439,3
5030,Warehouse,null,8,442,3
5031,Warehouse,null,8,443,3
5032,Warehouse,null,8,444,3
5033,Warehouse,null,8,445,3
5034,Warehouse,null,8,447,6
5035,Warehouse,null,8,448,6
5036,Warehouse,null,8,449,6
5037,Warehouse,null,8,450,6
5038,Warehouse,null,8,451,6
5039,Warehouse,null,8,453,6
5040,Store,42,null,454,1
5041,Warehouse,null,8,454,5
5042,Warehouse,null,8,455,6
5043,Warehouse,null,8,456,6
5044,Store,38,null,457,1
5045,Warehouse,null,8,457,5
5046,Warehouse,null,8,458,8
5047,Store,39,null,459,1
5048,Warehouse,null,8,459,5
5049,Store,38,null,460,1
5050,Warehouse,null,8,460,5
5051,Warehouse,null,8,461,6
5052,Warehouse,null,8,462,6
5053,Warehouse,null,8,463,6
5054,Store,38,null,464,1
5055,Warehouse,null,8,464,5
5056,Warehouse,null,8,465,6
5057,Warehouse,null,8,466,6
5058,Warehouse,null,8,467,6
5059,Store,39,null,468,1
5060,Warehouse,null,8,468,5
5061,Warehouse,null,8,469,7
5062,Warehouse,null,8,470,6
5063,Store,36,null,471,1
5064,Warehouse,null,8,471,5
5065,Store,37,null,472,1
5066,Warehouse,null,8,472,5
5067,Store,39,null,473,1
5068,Warehouse,null,8,473,5
5069,Warehouse,null,8,474,7
5070,Warehouse,null,8,475,6
5071,Warehouse,null,8,476,6
5072,Warehouse,null,8,477,6
5073,Store,37,null,478,1
5074,Warehouse,null,8,478,5
5075,Warehouse,null,8,479,6
5076,Warehouse,null,8,481,6
5077,Store,40,null,482,1
5078,Warehouse,null,8,482,5
5079,Warehouse,null,8,483,6
5080,Store,39,null,484,1
5081,Warehouse,null,8,484,5
5082,Warehouse,null,8,485,6
5083,Store,39,null,486,1
5084,Warehouse,null,8,486,5
5085,Warehouse,null,8,487,6
5086,Warehouse,null,8,488,6
5087,Store,38,null,489,1
5088,Warehouse,null,8,489,5
5089,Warehouse,null,8,490,6
5090,Warehouse,null,8,491,6
5091,Warehouse,null,8,496,6
5092,Warehouse,null,8,498,6
5093,Warehouse,null,8,499,6
5094,Warehouse,null,8,500,6
5095,Warehouse,null,8,501,6
5096,Warehouse,null,8,503,6
5097,Warehouse,null,8,504,6
5098,Store,40,null,505,1
5099,Warehouse,null,8,505,5
5100,Store,39,null,506,1
5101,Warehouse,null,8,506,5
5102,Warehouse,null,8,507,6
5103,Warehouse,null,8,508,7
5104,Store,38,null,509,1
5105,Warehouse,null,8,509,5
5106,Warehouse,null,8,510,6
5107,Store,36,null,511,1
5108,Warehouse,null,8,511,5
5109,Warehouse,null,8,512,6
5110,Store,36,null,513,1
5111,Warehouse,null,8,513,5
5112,Store,36,null,514,1
5113,Warehouse,null,8,514,5
5114,Store,38,null,515,1
5115,Warehouse,null,8,515,5
5116,Warehouse,null,8,516,7
5117,Warehouse,null,8,517,6
5118,Store,40,null,518,1
5119,Warehouse,null,8,518,6
5120,Warehouse,null,8,519,7
5121,Store,36,null,520,1
5122,Warehouse,null,8,520,5
5123,Store,40,null,521,1
5124,Warehouse,null,8,521,6
5125,Store,43,null,522,1
5126,Warehouse,null,8,522,5
5127,Warehouse,null,8,523,6
5128,Warehouse,null,8,524,6
5129,Warehouse,null,8,525,6
5130,Warehouse,null,8,526,6
5131,Store,39,null,527,1
5132,Warehouse,null,8,527,5
5133,Warehouse,null,8,528,6
5134,Warehouse,null,8,529,6
5135,Warehouse,null,8,530,6
5136,Warehouse,null,8,531,6
5137,Store,40,null,532,1
5138,Warehouse,null,8,532,5
5139,Store,39,null,533,1
5140,Warehouse,null,8,533,6
5141,Warehouse,null,8,534,6
5142,Store,41,null,535,1
5143,Warehouse,null,8,535,5
5144,Warehouse,null,8,536,3
5145,Warehouse,null,8,537,3
5146,Warehouse,null,8,538,3
5147,Warehouse,null,8,539,3
5148,Warehouse,null,8,540,3
5149,Warehouse,null,8,541,3
5150,Warehouse,null,8,542,3
5151,Warehouse,null,8,543,3
5152,Warehouse,null,8,544,3
5153,Warehouse,null,8,545,3
5154,Warehouse,null,8,547,3
5155,Warehouse,null,8,548,3
5156,Warehouse,null,8,549,4
5157,Warehouse,null,8,550,3
5158,Warehouse,null,8,551,3
5159,Warehouse,null,8,552,4
5160,Warehouse,null,8,553,3
5161,Warehouse,null,8,554,3
5162,Warehouse,null,8,555,3
5163,Warehouse,null,8,556,3
5164,Warehouse,null,8,557,4
5165,Warehouse,null,8,558,3
5166,Warehouse,null,8,559,3
5167,Warehouse,null,8,560,3
5168,Warehouse,null,8,561,3
5169,Warehouse,null,8,562,3
5170,Warehouse,null,8,563,3
5171,Warehouse,null,8,564,3
5172,Warehouse,null,8,565,3
5173,Warehouse,null,8,567,3
5174,Warehouse,null,8,568,3
5175,Warehouse,null,8,569,3
5176,Warehouse,null,8,570,3
5177,Warehouse,null,8,572,3
5178,Warehouse,null,8,573,3
5179,Warehouse,null,8,574,3
5180,Warehouse,null,8,575,3
5181,Warehouse,null,8,576,3
5182,Warehouse,null,8,577,3
5183,Warehouse,null,8,578,4
5184,Warehouse,null,8,579,4
5185,Warehouse,null,8,580,4
5186,Warehouse,null,8,581,3
5187,Warehouse,null,8,582,6
5188,Warehouse,null,8,583,4
5189,Warehouse,null,8,584,3
5190,Warehouse,null,8,585,3
5191,Warehouse,null,8,586,3
5192,Warehouse,null,8,587,3
5193,Warehouse,null,8,588,3
5194,Warehouse,null,8,589,3
5195,Warehouse,null,8,590,3
5196,Warehouse,null,8,591,3
5197,Warehouse,null,8,592,3
5198,Warehouse,null,8,593,3
5199,Warehouse,null,8,594,3
5200,Warehouse,null,8,595,3
5201,Warehouse,null,8,596,4
5202,Warehouse,null,8,597,3
5203,Warehouse,null,8,598,4
5204,Warehouse,null,8,600,3
5205,Warehouse,null,8,601,4
5206,Warehouse,null,8,602,3
5207,Warehouse,null,8,604,3
5208,Warehouse,null,8,605,3
5209,Warehouse,null,8,606,3
5210,Warehouse,null,8,608,3
5211,Warehouse,null,8,609,3
5212,Warehouse,null,8,611,3
5213,Warehouse,null,8,612,3
5214,Warehouse,null,8,613,3
5215,Warehouse,null,8,614,4
5216,Warehouse,null,8,615,3
5217,Warehouse,null,8,616,3
5218,Warehouse,null,8,617,3
5219,Warehouse,null,8,618,3
5220,Warehouse,null,8,619,3
5221,Warehouse,null,8,620,3
5222,Warehouse,null,8,621,4
5223,Warehouse,null,8,622,3
5224,Warehouse,null,8,623,4
5225,Warehouse,null,8,624,4
5226,Warehouse,null,8,625,3
5227,Warehouse,null,8,626,4
5228,Warehouse,null,8,627,3
5229,Warehouse,null,8,628,3
5230,Warehouse,null,8,629,3
5231,Warehouse,null,8,630,3
5232,Warehouse,null,8,631,3
5233,Warehouse,null,8,632,3
5234,Warehouse,null,8,633,3
5235,Warehouse,null,8,634,4
5236,Warehouse,null,8,635,4
5237,Warehouse,null,8,636,4
5238,Warehouse,null,8,637,3
5239,Warehouse,null,8,638,3
5240,Warehouse,null,8,639,3
5241,Warehouse,null,8,640,3
5242,Warehouse,null,8,641,4
5243,Warehouse,null,8,642,3
5244,Warehouse,null,8,643,3
5245,Warehouse,null,8,644,3
5246,Warehouse,null,8,645,3
5247,Warehouse,null,8,646,3
5248,Warehouse,null,8,647,4
5249,Warehouse,null,8,648,4
5250,Warehouse,null,8,649,4
5251,Warehouse,null,8,650,5
5252,Warehouse,null,8,651,4
5253,Warehouse,null,8,652,4
5254,Warehouse,null,8,653,3
5255,Warehouse,null,8,654,4
5256,Warehouse,null,8,655,4
5257,Warehouse,null,8,656,3
5258,Warehouse,null,8,657,5
5259,Warehouse,null,8,658,3
5260,Warehouse,null,8,659,5
5261,Warehouse,null,8,660,3
5262,Warehouse,null,8,661,3
5263,Warehouse,null,8,662,3
5264,Warehouse,null,8,663,3
5265,Warehouse,null,8,664,3
5266,Warehouse,null,8,665,3
5267,Warehouse,null,8,666,3
5268,Warehouse,null,8,667,3
5269,Warehouse,null,8,668,3
5270,Warehouse,null,8,669,3
5271,Warehouse,null,8,670,3
5272,Warehouse,null,8,671,3
5273,Warehouse,null,8,672,3
5274,Warehouse,null,8,673,3
5275,Warehouse,null,8,674,3
5276,Warehouse,null,8,675,3
5277,Warehouse,null,8,676,3
5278,Warehouse,null,8,679,3
5279,Warehouse,null,8,680,3
5280,Warehouse,null,8,681,3
5281,Warehouse,null,8,682,3
5282,Warehouse,null,8,683,3
5283,Warehouse,null,8,684,3
5284,Warehouse,null,8,685,3
5285,Warehouse,null,8,686,3
5286,Warehouse,null,8,687,3
5287,Warehouse,null,8,688,3
5288,Warehouse,null,8,689,3
5289,Warehouse,null,8,690,3
5290,Warehouse,null,8,692,3
5291,Warehouse,null,8,693,3
5292,Warehouse,null,8,694,3
5293,Warehouse,null,8,696,3
5294,Warehouse,null,8,697,3
5295,Warehouse,null,8,698,3
5296,Warehouse,null,8,699,3
5297,Warehouse,null,8,700,3
5298,Warehouse,null,8,701,3
5299,Warehouse,null,8,702,3
5300,Warehouse,null,8,703,3
5301,Warehouse,null,8,704,3
5302,Warehouse,null,8,705,3
5303,Warehouse,null,8,706,3
5304,Warehouse,null,8,707,3
5305,Warehouse,null,8,708,3
5306,Warehouse,null,8,709,3
5307,Warehouse,null,8,710,3
5308,Warehouse,null,8,711,3
5309,Warehouse,null,8,712,3
5310,Warehouse,null,8,713,3
5311,Warehouse,null,8,714,3
5312,Warehouse,null,8,715,3
5313,Warehouse,null,8,716,3
5314,Warehouse,null,8,717,3
5315,Warehouse,null,8,718,3
5316,Warehouse,null,8,719,3
5317,Warehouse,null,8,720,3
5318,Store,36,null,721,1
5319,Warehouse,null,8,721,4
5320,Warehouse,null,8,722,3
5321,Warehouse,null,8,723,3
5322,Warehouse,null,8,724,4
5323,Warehouse,null,8,725,3
5324,Warehouse,null,8,726,3
5325,Warehouse,null,8,727,3
5326,Warehouse,null,8,728,3
5327,Warehouse,null,8,731,3
5328,Warehouse,null,8,732,3
5329,Warehouse,null,8,733,3
5330,Warehouse,null,8,734,3
5331,Warehouse,null,8,735,3
5332,Warehouse,null,8,736,3
5333,Warehouse,null,8,737,3
5334,Warehouse,null,8,738,3
5335,Warehouse,null,8,739,3
5336,Warehouse,null,8,740,3
5337,Warehouse,null,8,741,3
5338,Warehouse,null,8,742,3
5339,Warehouse,null,8,743,3
5340,Warehouse,null,8,744,3
5341,Warehouse,null,8,745,3
5342,Warehouse,null,8,746,3
5343,Warehouse,null,8,748,3
5344,Warehouse,null,8,749,3
5345,Warehouse,null,8,750,3
5346,Warehouse,null,8,751,3
5347,Warehouse,null,8,752,3
5348,Warehouse,null,8,753,3
5349,Warehouse,null,8,754,3
5350,Warehouse,null,8,755,3
5351,Warehouse,null,8,756,3
5352,Warehouse,null,8,757,3
5353,Warehouse,null,8,758,3
5354,Warehouse,null,8,759,3
5355,Warehouse,null,8,760,4
5356,Warehouse,null,8,761,3
5357,Warehouse,null,8,763,3
5358,Warehouse,null,8,764,3
5359,Warehouse,null,8,765,3
5360,Warehouse,null,8,768,3
5361,Warehouse,null,8,769,3
5362,Warehouse,null,8,770,3
5363,Warehouse,null,8,771,3
5364,Warehouse,null,8,772,3
5365,Warehouse,null,8,773,6
5366,Store,40,null,774,1
5367,Warehouse,null,8,774,5
5368,Store,40,null,776,1
5369,Warehouse,null,8,776,5
5370,Store,38,null,777,1
5371,Warehouse,null,8,777,5
5372,Store,38,null,779,1
5373,Warehouse,null,8,779,5
5374,Store,42,null,780,1
5375,Warehouse,null,8,780,5
5376,Store,43,null,781,1
5377,Warehouse,null,8,781,5
5378,Warehouse,null,8,782,6
5379,Store,39,null,783,1
5380,Warehouse,null,8,783,5
5381,Store,39,null,784,1
5382,Warehouse,null,8,784,5
5383,Store,43,null,785,1
5384,Warehouse,null,8,785,5
5385,Store,38,null,786,1
5386,Warehouse,null,8,786,5
5387,Store,36,null,787,1
5388,Warehouse,null,8,787,5
5389,Store,43,null,788,1
5390,Warehouse,null,8,788,5
5391,Store,39,null,789,1
5392,Warehouse,null,8,789,5
5393,Store,38,null,790,1
5394,Warehouse,null,8,790,5
5395,Warehouse,null,8,791,7
5396,Store,41,null,792,1
5397,Warehouse,null,8,792,5
5398,Warehouse,null,8,793,7
5399,Warehouse,null,8,794,6
5400,Store,39,null,795,1
5401,Warehouse,null,8,795,5
5402,Warehouse,null,8,796,7
5403,Store,40,null,797,1
5404,Warehouse,null,8,797,5
5405,Store,36,null,798,1
5406,Warehouse,null,8,798,5
5407,Store,38,null,799,1
5408,Warehouse,null,8,799,5
5409,Warehouse,null,8,800,6
5410,Warehouse,null,8,801,7
5411,Warehouse,null,8,802,7
5412,Warehouse,null,8,803,7
5413,Store,38,null,804,1
5414,Warehouse,null,8,804,5
5415,Store,40,null,805,1
5416,Warehouse,null,8,805,5
5417,Store,41,null,806,1
5418,Warehouse,null,8,806,5
5419,Warehouse,null,8,807,6
5420,Store,41,null,808,1
5421,Warehouse,null,8,808,5
5422,Store,39,null,809,1
5423,Warehouse,null,8,809,5
5424,Store,38,null,810,1
5425,Warehouse,null,8,810,5
5426,Store,40,null,811,1
5427,Warehouse,null,8,811,5
5428,Store,41,null,812,1
5429,Warehouse,null,8,812,5
5430,Warehouse,null,9,1,3
5431,Warehouse,null,9,2,3
5432,Warehouse,null,9,3,3
5433,Warehouse,null,9,4,3
5434,Warehouse,null,9,5,4
5435,Warehouse,null,9,6,3
5436,Warehouse,null,9,7,3
5437,Warehouse,null,9,8,3
5438,Warehouse,null,9,9,3
5439,Warehouse,null,9,10,3
5440,Warehouse,null,9,11,3
5441,Warehouse,null,9,12,4
5442,Warehouse,null,9,13,3
5443,Warehouse,null,9,14,3
5444,Warehouse,null,9,15,3
5445,Warehouse,null,9,16,3
5446,Warehouse,null,9,18,3
5447,Warehouse,null,9,19,3
5448,Warehouse,null,9,20,4
5449,Warehouse,null,9,21,3
5450,Warehouse,null,9,22,3
5451,Warehouse,null,9,23,3
5452,Warehouse,null,9,24,3
5453,Warehouse,null,9,25,3
5454,Warehouse,null,9,26,4
5455,Warehouse,null,9,27,3
5456,Warehouse,null,9,30,3
5457,Warehouse,null,9,32,3
5458,Warehouse,null,9,33,3
5459,Warehouse,null,9,34,3
5460,Warehouse,null,9,37,3
5461,Warehouse,null,9,38,3
5462,Warehouse,null,9,39,3
5463,Warehouse,null,9,41,3
5464,Warehouse,null,9,44,3
5465,Warehouse,null,9,45,3
5466,Warehouse,null,9,46,3
5467,Warehouse,null,9,47,3
5468,Warehouse,null,9,51,3
5469,Warehouse,null,9,52,3
5470,Warehouse,null,9,53,3
5471,Warehouse,null,9,54,3
5472,Warehouse,null,9,55,3
5473,Warehouse,null,9,56,3
5474,Warehouse,null,9,58,3
5475,Warehouse,null,9,59,3
5476,Warehouse,null,9,60,3
5477,Warehouse,null,9,61,3
5478,Warehouse,null,9,68,3
5479,Warehouse,null,9,69,3
5480,Warehouse,null,9,70,3
5481,Warehouse,null,9,71,3
5482,Warehouse,null,9,72,3
5483,Warehouse,null,9,73,3
5484,Warehouse,null,9,74,3
5485,Warehouse,null,9,75,3
5486,Warehouse,null,9,76,3
5487,Warehouse,null,9,77,3
5488,Warehouse,null,9,79,3
5489,Warehouse,null,9,80,3
5490,Warehouse,null,9,81,3
5491,Warehouse,null,9,82,3
5492,Warehouse,null,9,83,3
5493,Warehouse,null,9,84,3
5494,Warehouse,null,9,85,3
5495,Warehouse,null,9,86,3
5496,Warehouse,null,9,87,3
5497,Warehouse,null,9,88,3
5498,Warehouse,null,9,89,3
5499,Warehouse,null,9,90,3
5500,Warehouse,null,9,91,3
5501,Warehouse,null,9,92,3
5502,Warehouse,null,9,94,4
5503,Warehouse,null,9,95,4
5504,Warehouse,null,9,96,3
5505,Warehouse,null,9,97,4
5506,Warehouse,null,9,98,3
5507,Warehouse,null,9,99,3
5508,Warehouse,null,9,100,3
5509,Warehouse,null,9,101,4
5510,Warehouse,null,9,102,3
5511,Warehouse,null,9,103,3
5512,Warehouse,null,9,105,4
5513,Warehouse,null,9,106,3
5514,Warehouse,null,9,107,3
5515,Warehouse,null,9,108,3
5516,Warehouse,null,9,109,3
5517,Warehouse,null,9,110,3
5518,Warehouse,null,9,111,3
5519,Warehouse,null,9,112,3
5520,Warehouse,null,9,114,3
5521,Warehouse,null,9,115,3
5522,Warehouse,null,9,116,3
5523,Warehouse,null,9,117,3
5524,Warehouse,null,9,118,3
5525,Warehouse,null,9,119,3
5526,Warehouse,null,9,120,3
5527,Warehouse,null,9,121,3
5528,Warehouse,null,9,122,3
5529,Warehouse,null,9,123,3
5530,Warehouse,null,9,124,3
5531,Warehouse,null,9,126,3
5532,Warehouse,null,9,127,3
5533,Warehouse,null,9,128,3
5534,Warehouse,null,9,129,3
5535,Warehouse,null,9,130,3
5536,Warehouse,null,9,131,3
5537,Warehouse,null,9,132,3
5538,Warehouse,null,9,135,3
5539,Warehouse,null,9,137,3
5540,Warehouse,null,9,138,3
5541,Warehouse,null,9,140,3
5542,Warehouse,null,9,141,3
5543,Warehouse,null,9,142,3
5544,Warehouse,null,9,143,3
5545,Warehouse,null,9,144,3
5546,Warehouse,null,9,145,4
5547,Warehouse,null,9,146,3
5548,Warehouse,null,9,147,4
5549,Warehouse,null,9,148,3
5550,Warehouse,null,9,149,3
5551,Warehouse,null,9,150,3
5552,Warehouse,null,9,151,3
5553,Warehouse,null,9,152,3
5554,Warehouse,null,9,153,3
5555,Warehouse,null,9,154,3
5556,Warehouse,null,9,155,3
5557,Warehouse,null,9,156,3
5558,Warehouse,null,9,157,3
5559,Warehouse,null,9,158,3
5560,Warehouse,null,9,159,3
5561,Warehouse,null,9,160,3
5562,Warehouse,null,9,161,3
5563,Warehouse,null,9,162,3
5564,Warehouse,null,9,163,3
5565,Warehouse,null,9,164,3
5566,Warehouse,null,9,165,3
5567,Warehouse,null,9,166,3
5568,Warehouse,null,9,167,3
5569,Warehouse,null,9,168,3
5570,Warehouse,null,9,169,3
5571,Warehouse,null,9,170,3
5572,Warehouse,null,9,171,3
5573,Warehouse,null,9,172,3
5574,Warehouse,null,9,173,3
5575,Warehouse,null,9,174,3
5576,Warehouse,null,9,176,3
5577,Warehouse,null,9,178,3
5578,Warehouse,null,9,180,3
5579,Warehouse,null,9,188,3
5580,Warehouse,null,9,189,3
5581,Warehouse,null,9,190,3
5582,Warehouse,null,9,191,5
5583,Warehouse,null,9,192,4
5584,Warehouse,null,9,193,4
5585,Warehouse,null,9,194,3
5586,Warehouse,null,9,195,3
5587,Warehouse,null,9,196,3
5588,Warehouse,null,9,197,4
5589,Warehouse,null,9,198,3
5590,Warehouse,null,9,199,3
5591,Warehouse,null,9,200,4
5592,Warehouse,null,9,201,3
5593,Warehouse,null,9,202,3
5594,Warehouse,null,9,203,3
5595,Warehouse,null,9,204,3
5596,Warehouse,null,9,206,3
5597,Warehouse,null,9,207,3
5598,Warehouse,null,9,208,3
5599,Warehouse,null,9,209,3
5600,Warehouse,null,9,210,3
5601,Warehouse,null,9,211,3
5602,Warehouse,null,9,212,4
5603,Warehouse,null,9,214,3
5604,Warehouse,null,9,215,3
5605,Warehouse,null,9,216,3
5606,Warehouse,null,9,217,3
5607,Warehouse,null,9,218,3
5608,Warehouse,null,9,219,3
5609,Warehouse,null,9,220,3
5610,Warehouse,null,9,221,3
5611,Warehouse,null,9,222,3
5612,Warehouse,null,9,223,3
5613,Warehouse,null,9,224,3
5614,Warehouse,null,9,225,3
5615,Warehouse,null,9,226,3
5616,Warehouse,null,9,227,3
5617,Warehouse,null,9,228,3
5618,Warehouse,null,9,229,3
5619,Warehouse,null,9,230,3
5620,Warehouse,null,9,231,3
5621,Warehouse,null,9,232,3
5622,Warehouse,null,9,233,3
5623,Warehouse,null,9,234,3
5624,Warehouse,null,9,235,3
5625,Warehouse,null,9,236,4
5626,Warehouse,null,9,237,4
5627,Warehouse,null,9,238,3
5628,Warehouse,null,9,239,3
5629,Warehouse,null,9,240,6
5630,Warehouse,null,9,241,4
5631,Warehouse,null,9,242,3
5632,Warehouse,null,9,243,4
5633,Warehouse,null,9,244,4
5634,Warehouse,null,9,245,3
5635,Warehouse,null,9,246,4
5636,Warehouse,null,9,247,3
5637,Warehouse,null,9,248,4
5638,Warehouse,null,9,249,3
5639,Warehouse,null,9,250,3
5640,Warehouse,null,9,251,5
5641,Warehouse,null,9,252,4
5642,Warehouse,null,9,253,3
5643,Warehouse,null,9,254,3
5644,Warehouse,null,9,255,3
5645,Warehouse,null,9,256,3
5646,Warehouse,null,9,257,3
5647,Warehouse,null,9,258,3
5648,Warehouse,null,9,259,3
5649,Warehouse,null,9,260,3
5650,Warehouse,null,9,261,3
5651,Warehouse,null,9,262,3
5652,Warehouse,null,9,263,3
5653,Warehouse,null,9,264,3
5654,Warehouse,null,9,265,3
5655,Warehouse,null,9,266,3
5656,Warehouse,null,9,267,3
5657,Warehouse,null,9,268,3
5658,Warehouse,null,9,269,3
5659,Warehouse,null,9,270,4
5660,Warehouse,null,9,271,4
5661,Warehouse,null,9,272,5
5662,Warehouse,null,9,273,3
5663,Warehouse,null,9,274,3
5664,Warehouse,null,9,275,5
5665,Warehouse,null,9,276,3
5666,Warehouse,null,9,277,6
5667,Warehouse,null,9,278,5
5668,Warehouse,null,9,279,5
5669,Warehouse,null,9,280,5
5670,Warehouse,null,9,281,6
5671,Warehouse,null,9,282,3
5672,Warehouse,null,9,283,4
5673,Warehouse,null,9,284,4
5674,Warehouse,null,9,285,3
5675,Warehouse,null,9,286,4
5676,Warehouse,null,9,287,4
5677,Warehouse,null,9,288,4
5678,Warehouse,null,9,289,4
5679,Warehouse,null,9,290,4
5680,Warehouse,null,9,291,3
5681,Warehouse,null,9,292,3
5682,Warehouse,null,9,293,4
5683,Warehouse,null,9,294,4
5684,Warehouse,null,9,295,4
5685,Warehouse,null,9,296,3
5686,Warehouse,null,9,297,3
5687,Warehouse,null,9,298,3
5688,Warehouse,null,9,299,4
5689,Warehouse,null,9,300,3
5690,Warehouse,null,9,301,4
5691,Warehouse,null,9,302,3
5692,Warehouse,null,9,303,3
5693,Warehouse,null,9,304,3
5694,Warehouse,null,9,305,3
5695,Warehouse,null,9,306,3
5696,Warehouse,null,9,307,3
5697,Warehouse,null,9,309,3
5698,Warehouse,null,9,310,3
5699,Warehouse,null,9,311,3
5700,Warehouse,null,9,313,3
5701,Warehouse,null,9,315,3
5702,Warehouse,null,9,316,3
5703,Warehouse,null,9,317,3
5704,Warehouse,null,9,318,3
5705,Warehouse,null,9,319,3
5706,Warehouse,null,9,320,3
5707,Warehouse,null,9,322,3
5708,Warehouse,null,9,323,3
5709,Warehouse,null,9,325,3
5710,Warehouse,null,9,326,3
5711,Warehouse,null,9,328,3
5712,Warehouse,null,9,329,3
5713,Warehouse,null,9,330,3
5714,Warehouse,null,9,331,3
5715,Warehouse,null,9,332,3
5716,Warehouse,null,9,333,3
5717,Warehouse,null,9,334,3
5718,Warehouse,null,9,335,3
5719,Warehouse,null,9,336,4
5720,Warehouse,null,9,337,3
5721,Warehouse,null,9,338,3
5722,Warehouse,null,9,340,3
5723,Warehouse,null,9,342,3
5724,Warehouse,null,9,343,3
5725,Warehouse,null,9,345,3
5726,Warehouse,null,9,346,3
5727,Warehouse,null,9,347,3
5728,Warehouse,null,9,348,3
5729,Warehouse,null,9,349,3
5730,Warehouse,null,9,350,3
5731,Warehouse,null,9,351,3
5732,Warehouse,null,9,353,3
5733,Warehouse,null,9,354,3
5734,Warehouse,null,9,355,3
5735,Warehouse,null,9,356,3
5736,Warehouse,null,9,358,3
5737,Warehouse,null,9,359,3
5738,Warehouse,null,9,360,3
5739,Warehouse,null,9,361,3
5740,Warehouse,null,9,362,3
5741,Warehouse,null,9,363,3
5742,Warehouse,null,9,365,3
5743,Warehouse,null,9,367,3
5744,Warehouse,null,9,368,4
5745,Warehouse,null,9,369,3
5746,Warehouse,null,9,370,3
5747,Warehouse,null,9,371,3
5748,Warehouse,null,9,372,3
5749,Warehouse,null,9,373,3
5750,Warehouse,null,9,374,3
5751,Warehouse,null,9,375,3
5752,Warehouse,null,9,376,3
5753,Warehouse,null,9,377,3
5754,Warehouse,null,9,378,3
5755,Warehouse,null,9,379,3
5756,Warehouse,null,9,380,3
5757,Warehouse,null,9,381,3
5758,Warehouse,null,9,382,3
5759,Warehouse,null,9,383,3
5760,Warehouse,null,9,384,3
5761,Warehouse,null,9,385,3
5762,Warehouse,null,9,387,3
5763,Warehouse,null,9,388,3
5764,Warehouse,null,9,389,3
5765,Warehouse,null,9,390,3
5766,Warehouse,null,9,392,3
5767,Warehouse,null,9,393,3
5768,Warehouse,null,9,394,3
5769,Warehouse,null,9,395,3
5770,Warehouse,null,9,396,3
5771,Warehouse,null,9,399,3
5772,Warehouse,null,9,400,3
5773,Warehouse,null,9,401,3
5774,Warehouse,null,9,402,3
5775,Warehouse,null,9,404,3
5776,Warehouse,null,9,405,3
5777,Warehouse,null,9,406,3
5778,Warehouse,null,9,407,3
5779,Warehouse,null,9,408,3
5780,Warehouse,null,9,409,3
5781,Warehouse,null,9,410,3
5782,Warehouse,null,9,411,3
5783,Warehouse,null,9,412,3
5784,Warehouse,null,9,413,3
5785,Warehouse,null,9,414,3
5786,Warehouse,null,9,415,3
5787,Warehouse,null,9,416,3
5788,Warehouse,null,9,417,3
5789,Warehouse,null,9,419,3
5790,Warehouse,null,9,420,3
5791,Warehouse,null,9,421,3
5792,Warehouse,null,9,422,4
5793,Warehouse,null,9,425,3
5794,Warehouse,null,9,426,3
5795,Warehouse,null,9,427,3
5796,Warehouse,null,9,428,3
5797,Warehouse,null,9,429,3
5798,Warehouse,null,9,430,3
5799,Warehouse,null,9,431,3
5800,Warehouse,null,9,432,3
5801,Warehouse,null,9,433,3
5802,Warehouse,null,9,434,3
5803,Warehouse,null,9,435,3
5804,Warehouse,null,9,436,3
5805,Warehouse,null,9,437,3
5806,Warehouse,null,9,438,3
5807,Warehouse,null,9,439,3
5808,Warehouse,null,9,440,3
5809,Warehouse,null,9,441,3
5810,Warehouse,null,9,442,3
5811,Warehouse,null,9,443,3
5812,Warehouse,null,9,444,3
5813,Warehouse,null,9,445,3
5814,Store,44,null,446,1
5815,Warehouse,null,9,446,5
5816,Store,59,null,447,1
5817,Warehouse,null,9,447,5
5818,Warehouse,null,9,448,6
5819,Warehouse,null,9,449,6
5820,Store,48,null,450,1
5821,Warehouse,null,9,450,5
5822,Store,44,null,451,1
5823,Warehouse,null,9,451,5
5824,Store,47,null,452,1
5825,Warehouse,null,9,452,5
5826,Store,57,null,453,1
5827,Warehouse,null,9,453,5
5828,Warehouse,null,9,454,6
5829,Warehouse,null,9,455,6
5830,Warehouse,null,9,456,6
5831,Store,47,null,457,1
5832,Warehouse,null,9,457,5
5833,Warehouse,null,9,458,6
5834,Store,44,null,460,1
5835,Warehouse,null,9,460,5
5836,Store,59,null,462,1
5837,Warehouse,null,9,462,5
5838,Store,50,null,463,1
5839,Warehouse,null,9,463,5
5840,Store,48,null,464,1
5841,Warehouse,null,9,464,5
5842,Store,44,null,465,1
5843,Warehouse,null,9,465,5
5844,Warehouse,null,9,466,6
5845,Store,45,null,467,1
5846,Warehouse,null,9,467,5
5847,Store,50,null,468,1
5848,Warehouse,null,9,468,5
5849,Store,49,null,469,1
5850,Warehouse,null,9,469,5
5851,Store,47,null,471,1
5852,Warehouse,null,9,471,5
5853,Warehouse,null,9,472,6
5854,Warehouse,null,9,473,6
5855,Store,45,null,475,1
5856,Warehouse,null,9,475,5
5857,Warehouse,null,9,476,6
5858,Warehouse,null,9,477,6
5859,Warehouse,null,9,479,6
5860,Warehouse,null,9,482,7
5861,Warehouse,null,9,484,6
5862,Warehouse,null,9,485,6
5863,Store,58,null,486,1
5864,Warehouse,null,9,486,5
5865,Warehouse,null,9,487,7
5866,Warehouse,null,9,488,7
5867,Warehouse,null,9,489,6
5868,Store,46,null,490,1
5869,Warehouse,null,9,490,5
5870,Store,61,null,491,1
5871,Warehouse,null,9,491,5
5872,Warehouse,null,9,492,6
5873,Warehouse,null,9,493,6
5874,Warehouse,null,9,494,6
5875,Warehouse,null,9,495,6
5876,Warehouse,null,9,496,6
5877,Store,61,null,497,1
5878,Warehouse,null,9,497,5
5879,Store,48,null,498,1
5880,Warehouse,null,9,498,5
5881,Warehouse,null,9,499,6
5882,Warehouse,null,9,500,6
5883,Warehouse,null,9,501,6
5884,Warehouse,null,9,502,6
5885,Warehouse,null,9,503,6
5886,Store,48,null,504,1
5887,Warehouse,null,9,504,5
5888,Store,58,null,506,1
5889,Warehouse,null,9,506,5
5890,Warehouse,null,9,507,6
5891,Warehouse,null,9,508,6
5892,Warehouse,null,9,509,6
5893,Warehouse,null,9,510,6
5894,Warehouse,null,9,511,6
5895,Warehouse,null,9,512,6
5896,Store,45,null,513,1
5897,Warehouse,null,9,513,5
5898,Store,48,null,514,1
5899,Warehouse,null,9,514,5
5900,Warehouse,null,9,515,6
5901,Warehouse,null,9,516,6
5902,Store,45,null,517,1
5903,Warehouse,null,9,517,5
5904,Warehouse,null,9,518,6
5905,Warehouse,null,9,519,6
5906,Warehouse,null,9,520,6
5907,Warehouse,null,9,521,6
5908,Warehouse,null,9,522,6
5909,Warehouse,null,9,523,6
5910,Warehouse,null,9,524,7
5911,Store,48,null,525,1
5912,Warehouse,null,9,525,5
5913,Warehouse,null,9,526,6
5914,Warehouse,null,9,527,6
5915,Warehouse,null,9,528,6
5916,Store,49,null,529,1
5917,Warehouse,null,9,529,5
5918,Warehouse,null,9,530,6
5919,Warehouse,null,9,531,6
5920,Warehouse,null,9,532,6
5921,Warehouse,null,9,533,6
5922,Warehouse,null,9,534,6
5923,Warehouse,null,9,536,3
5924,Warehouse,null,9,537,3
5925,Warehouse,null,9,538,3
5926,Warehouse,null,9,540,3
5927,Warehouse,null,9,541,3
5928,Warehouse,null,9,542,3
5929,Warehouse,null,9,543,3
5930,Warehouse,null,9,544,3
5931,Warehouse,null,9,545,3
5932,Warehouse,null,9,546,3
5933,Warehouse,null,9,547,3
5934,Warehouse,null,9,549,3
5935,Warehouse,null,9,550,3
5936,Warehouse,null,9,553,3
5937,Warehouse,null,9,554,4
5938,Warehouse,null,9,555,3
5939,Warehouse,null,9,556,3
5940,Warehouse,null,9,557,3
5941,Warehouse,null,9,558,3
5942,Warehouse,null,9,559,3
5943,Warehouse,null,9,560,3
5944,Warehouse,null,9,562,3
5945,Warehouse,null,9,564,3
5946,Warehouse,null,9,566,3
5947,Warehouse,null,9,567,3
5948,Warehouse,null,9,568,3
5949,Warehouse,null,9,570,3
5950,Warehouse,null,9,571,3
5951,Warehouse,null,9,572,3
5952,Warehouse,null,9,573,3
5953,Warehouse,null,9,575,3
5954,Warehouse,null,9,576,3
5955,Warehouse,null,9,578,3
5956,Warehouse,null,9,579,4
5957,Warehouse,null,9,580,4
5958,Warehouse,null,9,581,4
5959,Warehouse,null,9,582,4
5960,Warehouse,null,9,583,3
5961,Warehouse,null,9,584,4
5962,Warehouse,null,9,585,3
5963,Warehouse,null,9,586,3
5964,Warehouse,null,9,587,3
5965,Warehouse,null,9,589,3
5966,Warehouse,null,9,590,3
5967,Warehouse,null,9,591,3
5968,Warehouse,null,9,592,3
5969,Warehouse,null,9,593,3
5970,Warehouse,null,9,594,3
5971,Warehouse,null,9,595,3
5972,Warehouse,null,9,596,3
5973,Warehouse,null,9,597,3
5974,Warehouse,null,9,598,3
5975,Warehouse,null,9,599,3
5976,Warehouse,null,9,600,3
5977,Warehouse,null,9,601,3
5978,Warehouse,null,9,602,3
5979,Warehouse,null,9,603,3
5980,Warehouse,null,9,604,3
5981,Warehouse,null,9,605,3
5982,Warehouse,null,9,607,3
5983,Warehouse,null,9,610,3
5984,Warehouse,null,9,611,3
5985,Warehouse,null,9,612,3
5986,Warehouse,null,9,613,3
5987,Warehouse,null,9,614,3
5988,Warehouse,null,9,615,3
5989,Warehouse,null,9,616,3
5990,Warehouse,null,9,617,3
5991,Warehouse,null,9,618,3
5992,Warehouse,null,9,619,3
5993,Warehouse,null,9,620,3
5994,Warehouse,null,9,621,3
5995,Warehouse,null,9,622,3
5996,Warehouse,null,9,623,3
5997,Warehouse,null,9,624,3
5998,Warehouse,null,9,625,3
5999,Warehouse,null,9,626,3
6000,Warehouse,null,9,627,3
6001,Warehouse,null,9,628,3
6002,Warehouse,null,9,629,3
6003,Warehouse,null,9,631,3
6004,Warehouse,null,9,632,3
6005,Warehouse,null,9,633,3
6006,Warehouse,null,9,634,3
6007,Warehouse,null,9,635,3
6008,Warehouse,null,9,636,3
6009,Warehouse,null,9,637,3
6010,Warehouse,null,9,638,3
6011,Warehouse,null,9,639,3
6012,Warehouse,null,9,640,3
6013,Warehouse,null,9,641,3
6014,Warehouse,null,9,642,3
6015,Warehouse,null,9,643,3
6016,Warehouse,null,9,644,3
6017,Warehouse,null,9,645,3
6018,Warehouse,null,9,646,3
6019,Warehouse,null,9,647,3
6020,Warehouse,null,9,648,3
6021,Warehouse,null,9,649,3
6022,Warehouse,null,9,650,3
6023,Warehouse,null,9,651,3
6024,Warehouse,null,9,654,3
6025,Warehouse,null,9,655,3
6026,Warehouse,null,9,657,3
6027,Warehouse,null,9,658,3
6028,Warehouse,null,9,659,3
6029,Warehouse,null,9,661,3
6030,Warehouse,null,9,662,3
6031,Warehouse,null,9,664,3
6032,Warehouse,null,9,665,3
6033,Warehouse,null,9,666,3
6034,Warehouse,null,9,667,3
6035,Warehouse,null,9,668,3
6036,Warehouse,null,9,669,3
6037,Warehouse,null,9,670,3
6038,Warehouse,null,9,672,3
6039,Warehouse,null,9,677,3
6040,Warehouse,null,9,678,3
6041,Warehouse,null,9,679,3
6042,Warehouse,null,9,680,3
6043,Warehouse,null,9,681,3
6044,Warehouse,null,9,683,3
6045,Warehouse,null,9,685,3
6046,Warehouse,null,9,686,3
6047,Warehouse,null,9,687,3
6048,Warehouse,null,9,688,3
6049,Warehouse,null,9,689,3
6050,Warehouse,null,9,690,3
6051,Warehouse,null,9,692,3
6052,Warehouse,null,9,693,3
6053,Warehouse,null,9,695,3
6054,Warehouse,null,9,696,3
6055,Warehouse,null,9,697,3
6056,Warehouse,null,9,698,3
6057,Warehouse,null,9,699,3
6058,Warehouse,null,9,700,3
6059,Warehouse,null,9,701,3
6060,Warehouse,null,9,702,3
6061,Warehouse,null,9,703,3
6062,Warehouse,null,9,704,3
6063,Warehouse,null,9,705,3
6064,Warehouse,null,9,706,3
6065,Warehouse,null,9,707,3
6066,Warehouse,null,9,708,3
6067,Warehouse,null,9,709,3
6068,Warehouse,null,9,710,3
6069,Warehouse,null,9,711,3
6070,Warehouse,null,9,712,3
6071,Warehouse,null,9,713,3
6072,Warehouse,null,9,716,3
6073,Warehouse,null,9,717,3
6074,Warehouse,null,9,718,3
6075,Warehouse,null,9,719,3
6076,Warehouse,null,9,720,3
6077,Warehouse,null,9,721,3
6078,Warehouse,null,9,722,3
6079,Warehouse,null,9,723,3
6080,Warehouse,null,9,724,3
6081,Warehouse,null,9,725,3
6082,Warehouse,null,9,726,3
6083,Warehouse,null,9,728,3
6084,Warehouse,null,9,729,3
6085,Warehouse,null,9,730,3
6086,Warehouse,null,9,731,3
6087,Warehouse,null,9,732,3
6088,Warehouse,null,9,733,3
6089,Warehouse,null,9,735,3
6090,Warehouse,null,9,738,3
6091,Warehouse,null,9,739,3
6092,Warehouse,null,9,740,4
6093,Warehouse,null,9,741,3
6094,Warehouse,null,9,742,3
6095,Warehouse,null,9,743,3
6096,Warehouse,null,9,744,3
6097,Warehouse,null,9,746,3
6098,Warehouse,null,9,748,3
6099,Warehouse,null,9,749,3
6100,Warehouse,null,9,750,3
6101,Warehouse,null,9,751,3
6102,Warehouse,null,9,752,3
6103,Warehouse,null,9,753,3
6104,Warehouse,null,9,754,3
6105,Warehouse,null,9,755,3
6106,Warehouse,null,9,756,3
6107,Warehouse,null,9,757,3
6108,Warehouse,null,9,758,3
6109,Warehouse,null,9,759,3
6110,Warehouse,null,9,760,3
6111,Warehouse,null,9,761,3
6112,Warehouse,null,9,763,3
6113,Warehouse,null,9,765,3
6114,Warehouse,null,9,766,3
6115,Warehouse,null,9,767,3
6116,Warehouse,null,9,768,3
6117,Warehouse,null,9,769,3
6118,Warehouse,null,9,770,3
6119,Warehouse,null,9,771,3
6120,Warehouse,null,9,772,3
6121,Store,61,null,773,1
6122,Warehouse,null,9,773,5
6123,Warehouse,null,9,774,6
6124,Warehouse,null,9,775,6
6125,Store,45,null,776,1
6126,Warehouse,null,9,776,5
6127,Store,44,null,777,1
6128,Warehouse,null,9,777,5
6129,Store,57,null,778,1
6130,Warehouse,null,9,778,5
6131,Store,44,null,779,1
6132,Warehouse,null,9,779,5
6133,Warehouse,null,9,781,6
6134,Store,61,null,782,1
6135,Warehouse,null,9,782,5
6136,Warehouse,null,9,783,6
6137,Warehouse,null,9,784,6
6138,Store,61,null,785,1
6139,Warehouse,null,9,785,5
6140,Store,46,null,786,1
6141,Warehouse,null,9,786,5
6142,Store,61,null,787,1
6143,Warehouse,null,9,787,5
6144,Store,48,null,788,1
6145,Warehouse,null,9,788,5
6146,Store,45,null,789,1
6147,Warehouse,null,9,789,5
6148,Store,44,null,790,1
6149,Warehouse,null,9,790,5
6150,Warehouse,null,9,791,6
6151,Store,46,null,792,1
6152,Warehouse,null,9,792,5
6153,Warehouse,null,9,793,6
6154,Store,45,null,794,1
6155,Warehouse,null,9,794,5
6156,Warehouse,null,9,795,6
6157,Store,48,null,796,1
6158,Warehouse,null,9,796,5
6159,Store,44,null,797,1
6160,Warehouse,null,9,797,5
6161,Store,48,null,798,1
6162,Warehouse,null,9,798,5
6163,Warehouse,null,9,799,6
6164,Store,49,null,800,1
6165,Warehouse,null,9,800,5
6166,Store,49,null,801,1
6167,Warehouse,null,9,801,5
6168,Warehouse,null,9,802,6
6169,Warehouse,null,9,803,6
6170,Store,58,null,804,1
6171,Warehouse,null,9,804,5
6172,Store,44,null,805,1
6173,Warehouse,null,9,805,5
6174,Warehouse,null,9,806,6
6175,Warehouse,null,9,807,6
6176,Warehouse,null,9,808,6
6177,Store,47,null,810,1
6178,Warehouse,null,9,810,5
6179,Warehouse,null,9,811,6
6180,Store,61,null,812,1
6181,Warehouse,null,9,812,5
6182,Warehouse,null,10,1,3
6183,Warehouse,null,10,2,3
6184,Warehouse,null,10,3,3
6185,Warehouse,null,10,4,3
6186,Warehouse,null,10,5,3
6187,Warehouse,null,10,7,3
6188,Warehouse,null,10,8,3
6189,Warehouse,null,10,9,3
6190,Warehouse,null,10,10,3
6191,Warehouse,null,10,11,3
6192,Warehouse,null,10,12,3
6193,Warehouse,null,10,13,3
6194,Warehouse,null,10,14,3
6195,Warehouse,null,10,15,3
6196,Warehouse,null,10,16,3
6197,Warehouse,null,10,18,3
6198,Warehouse,null,10,19,3
6199,Warehouse,null,10,20,3
6200,Warehouse,null,10,21,3
6201,Warehouse,null,10,22,3
6202,Warehouse,null,10,23,3
6203,Warehouse,null,10,24,5
6204,Warehouse,null,10,25,3
6205,Warehouse,null,10,27,3
6206,Warehouse,null,10,28,3
6207,Warehouse,null,10,29,6
6208,Warehouse,null,10,30,3
6209,Warehouse,null,10,31,3
6210,Warehouse,null,10,32,3
6211,Warehouse,null,10,33,4
6212,Warehouse,null,10,34,4
6213,Warehouse,null,10,35,3
6214,Warehouse,null,10,36,3
6215,Warehouse,null,10,37,3
6216,Warehouse,null,10,38,3
6217,Warehouse,null,10,39,3
6218,Warehouse,null,10,40,3
6219,Warehouse,null,10,41,3
6220,Warehouse,null,10,42,3
6221,Warehouse,null,10,43,3
6222,Warehouse,null,10,44,4
6223,Warehouse,null,10,45,3
6224,Warehouse,null,10,46,3
6225,Warehouse,null,10,47,3
6226,Warehouse,null,10,49,3
6227,Warehouse,null,10,50,3
6228,Warehouse,null,10,51,3
6229,Warehouse,null,10,52,3
6230,Warehouse,null,10,53,3
6231,Warehouse,null,10,54,3
6232,Warehouse,null,10,55,4
6233,Warehouse,null,10,56,3
6234,Warehouse,null,10,58,3
6235,Warehouse,null,10,59,3
6236,Warehouse,null,10,60,3
6237,Warehouse,null,10,61,3
6238,Warehouse,null,10,62,3
6239,Warehouse,null,10,63,3
6240,Warehouse,null,10,64,3
6241,Warehouse,null,10,65,3
6242,Warehouse,null,10,66,3
6243,Warehouse,null,10,67,3
6244,Warehouse,null,10,68,3
6245,Warehouse,null,10,69,4
6246,Warehouse,null,10,70,8
6247,Warehouse,null,10,71,3
6248,Warehouse,null,10,72,3
6249,Warehouse,null,10,73,3
6250,Warehouse,null,10,74,3
6251,Warehouse,null,10,75,3
6252,Store,51,null,76,1
6253,Warehouse,null,10,76,6
6254,Warehouse,null,10,77,3
6255,Warehouse,null,10,78,3
6256,Warehouse,null,10,79,4
6257,Warehouse,null,10,80,3
6258,Warehouse,null,10,81,4
6259,Warehouse,null,10,82,4
6260,Warehouse,null,10,83,4
6261,Warehouse,null,10,84,3
6262,Warehouse,null,10,85,4
6263,Warehouse,null,10,86,4
6264,Warehouse,null,10,87,3
6265,Warehouse,null,10,88,4
6266,Warehouse,null,10,89,4
6267,Warehouse,null,10,90,3
6268,Warehouse,null,10,91,3
6269,Warehouse,null,10,92,3
6270,Warehouse,null,10,93,3
6271,Warehouse,null,10,94,3
6272,Warehouse,null,10,95,4
6273,Warehouse,null,10,96,3
6274,Warehouse,null,10,97,3
6275,Warehouse,null,10,98,3
6276,Warehouse,null,10,99,3
6277,Warehouse,null,10,100,3
6278,Warehouse,null,10,101,4
6279,Warehouse,null,10,102,3
6280,Warehouse,null,10,103,3
6281,Warehouse,null,10,104,3
6282,Warehouse,null,10,105,3
6283,Warehouse,null,10,107,4
6284,Warehouse,null,10,108,4
6285,Warehouse,null,10,109,3
6286,Warehouse,null,10,110,3
6287,Warehouse,null,10,111,3
6288,Warehouse,null,10,112,3
6289,Warehouse,null,10,113,3
6290,Warehouse,null,10,114,3
6291,Warehouse,null,10,115,4
6292,Warehouse,null,10,116,3
6293,Warehouse,null,10,117,3
6294,Warehouse,null,10,118,3
6295,Warehouse,null,10,119,3
6296,Warehouse,null,10,121,3
6297,Warehouse,null,10,122,3
6298,Warehouse,null,10,123,3
6299,Warehouse,null,10,125,3
6300,Warehouse,null,10,126,3
6301,Warehouse,null,10,127,3
6302,Warehouse,null,10,129,3
6303,Warehouse,null,10,131,3
6304,Warehouse,null,10,132,3
6305,Warehouse,null,10,133,3
6306,Warehouse,null,10,134,3
6307,Warehouse,null,10,136,3
6308,Warehouse,null,10,137,3
6309,Warehouse,null,10,138,3
6310,Warehouse,null,10,139,3
6311,Warehouse,null,10,140,3
6312,Warehouse,null,10,141,3
6313,Warehouse,null,10,147,3
6314,Warehouse,null,10,148,3
6315,Warehouse,null,10,149,3
6316,Warehouse,null,10,150,3
6317,Warehouse,null,10,151,3
6318,Warehouse,null,10,152,3
6319,Warehouse,null,10,154,3
6320,Warehouse,null,10,157,3
6321,Warehouse,null,10,158,3
6322,Warehouse,null,10,159,4
6323,Warehouse,null,10,160,3
6324,Warehouse,null,10,161,3
6325,Warehouse,null,10,162,3
6326,Warehouse,null,10,163,3
6327,Warehouse,null,10,164,4
6328,Warehouse,null,10,165,3
6329,Warehouse,null,10,166,3
6330,Warehouse,null,10,167,3
6331,Warehouse,null,10,168,3
6332,Warehouse,null,10,169,3
6333,Warehouse,null,10,170,3
6334,Warehouse,null,10,171,3
6335,Warehouse,null,10,172,3
6336,Warehouse,null,10,173,3
6337,Warehouse,null,10,174,3
6338,Warehouse,null,10,175,3
6339,Warehouse,null,10,176,3
6340,Warehouse,null,10,177,4
6341,Warehouse,null,10,178,4
6342,Warehouse,null,10,179,3
6343,Warehouse,null,10,180,4
6344,Warehouse,null,10,181,3
6345,Warehouse,null,10,182,4
6346,Warehouse,null,10,183,3
6347,Warehouse,null,10,184,3
6348,Warehouse,null,10,185,3
6349,Warehouse,null,10,186,3
6350,Warehouse,null,10,187,5
6351,Warehouse,null,10,188,3
6352,Warehouse,null,10,189,3
6353,Warehouse,null,10,190,3
6354,Warehouse,null,10,191,3
6355,Warehouse,null,10,192,5
6356,Warehouse,null,10,193,3
6357,Warehouse,null,10,194,3
6358,Warehouse,null,10,195,3
6359,Warehouse,null,10,196,3
6360,Warehouse,null,10,197,3
6361,Warehouse,null,10,198,3
6362,Warehouse,null,10,199,4
6363,Warehouse,null,10,200,4
6364,Warehouse,null,10,204,3
6365,Warehouse,null,10,205,3
6366,Warehouse,null,10,206,3
6367,Warehouse,null,10,207,3
6368,Warehouse,null,10,209,4
6369,Warehouse,null,10,210,3
6370,Warehouse,null,10,211,3
6371,Warehouse,null,10,213,4
6372,Warehouse,null,10,214,3
6373,Warehouse,null,10,215,5
6374,Warehouse,null,10,216,3
6375,Warehouse,null,10,217,3
6376,Warehouse,null,10,218,4
6377,Warehouse,null,10,219,3
6378,Warehouse,null,10,220,3
6379,Warehouse,null,10,222,3
6380,Warehouse,null,10,223,3
6381,Warehouse,null,10,224,3
6382,Warehouse,null,10,225,3
6383,Warehouse,null,10,226,4
6384,Warehouse,null,10,227,3
6385,Warehouse,null,10,228,3
6386,Warehouse,null,10,229,4
6387,Warehouse,null,10,230,4
6388,Warehouse,null,10,231,3
6389,Warehouse,null,10,232,3
6390,Warehouse,null,10,233,3
6391,Warehouse,null,10,234,3
6392,Warehouse,null,10,235,3
6393,Warehouse,null,10,236,3
6394,Warehouse,null,10,237,3
6395,Warehouse,null,10,238,3
6396,Warehouse,null,10,239,3
6397,Warehouse,null,10,240,3
6398,Warehouse,null,10,242,3
6399,Warehouse,null,10,243,3
6400,Warehouse,null,10,244,3
6401,Warehouse,null,10,245,3
6402,Warehouse,null,10,246,3
6403,Warehouse,null,10,247,3
6404,Warehouse,null,10,249,3
6405,Warehouse,null,10,250,3
6406,Warehouse,null,10,251,3
6407,Warehouse,null,10,252,3
6408,Warehouse,null,10,253,3
6409,Warehouse,null,10,255,4
6410,Warehouse,null,10,256,5
6411,Warehouse,null,10,257,4
6412,Warehouse,null,10,258,3
6413,Warehouse,null,10,259,4
6414,Warehouse,null,10,260,3
6415,Warehouse,null,10,261,3
6416,Warehouse,null,10,262,4
6417,Warehouse,null,10,264,3
6418,Warehouse,null,10,265,4
6419,Warehouse,null,10,266,4
6420,Warehouse,null,10,267,5
6421,Warehouse,null,10,268,4
6422,Warehouse,null,10,269,4
6423,Warehouse,null,10,270,3
6424,Warehouse,null,10,271,3
6425,Warehouse,null,10,272,4
6426,Warehouse,null,10,273,3
6427,Warehouse,null,10,274,3
6428,Warehouse,null,10,275,4
6429,Warehouse,null,10,276,3
6430,Warehouse,null,10,278,3
6431,Warehouse,null,10,280,3
6432,Warehouse,null,10,281,3
6433,Warehouse,null,10,282,3
6434,Warehouse,null,10,283,3
6435,Warehouse,null,10,284,3
6436,Warehouse,null,10,285,4
6437,Warehouse,null,10,286,3
6438,Warehouse,null,10,287,3
6439,Warehouse,null,10,288,4
6440,Warehouse,null,10,289,4
6441,Warehouse,null,10,290,4
6442,Warehouse,null,10,291,3
6443,Warehouse,null,10,292,4
6444,Warehouse,null,10,293,4
6445,Warehouse,null,10,294,3
6446,Warehouse,null,10,295,4
6447,Warehouse,null,10,296,4
6448,Warehouse,null,10,297,3
6449,Warehouse,null,10,298,3
6450,Warehouse,null,10,299,3
6451,Warehouse,null,10,300,3
6452,Warehouse,null,10,301,3
6453,Warehouse,null,10,302,3
6454,Warehouse,null,10,303,3
6455,Warehouse,null,10,304,3
6456,Warehouse,null,10,305,3
6457,Warehouse,null,10,306,3
6458,Warehouse,null,10,307,3
6459,Warehouse,null,10,308,3
6460,Warehouse,null,10,309,3
6461,Warehouse,null,10,311,3
6462,Warehouse,null,10,315,3
6463,Warehouse,null,10,316,3
6464,Warehouse,null,10,317,4
6465,Warehouse,null,10,318,5
6466,Warehouse,null,10,319,3
6467,Warehouse,null,10,320,4
6468,Warehouse,null,10,321,3
6469,Warehouse,null,10,322,3
6470,Warehouse,null,10,326,3
6471,Warehouse,null,10,330,3
6472,Warehouse,null,10,331,3
6473,Warehouse,null,10,333,3
6474,Warehouse,null,10,335,3
6475,Warehouse,null,10,338,3
6476,Warehouse,null,10,339,3
6477,Warehouse,null,10,340,3
6478,Warehouse,null,10,341,3
6479,Warehouse,null,10,343,3
6480,Warehouse,null,10,344,3
6481,Warehouse,null,10,345,3
6482,Warehouse,null,10,346,3
6483,Warehouse,null,10,347,3
6484,Warehouse,null,10,348,3
6485,Warehouse,null,10,349,3
6486,Warehouse,null,10,350,3
6487,Warehouse,null,10,351,3
6488,Warehouse,null,10,352,3
6489,Warehouse,null,10,353,3
6490,Warehouse,null,10,354,3
6491,Warehouse,null,10,355,3
6492,Warehouse,null,10,356,3
6493,Warehouse,null,10,357,3
6494,Warehouse,null,10,358,3
6495,Warehouse,null,10,359,3
6496,Warehouse,null,10,360,3
6497,Warehouse,null,10,361,3
6498,Warehouse,null,10,362,3
6499,Warehouse,null,10,363,3
6500,Warehouse,null,10,364,3
6501,Warehouse,null,10,365,3
6502,Warehouse,null,10,366,3
6503,Warehouse,null,10,367,3
6504,Warehouse,null,10,368,3
6505,Warehouse,null,10,369,3
6506,Warehouse,null,10,370,3
6507,Warehouse,null,10,371,3
6508,Warehouse,null,10,372,3
6509,Warehouse,null,10,373,3
6510,Warehouse,null,10,374,3
6511,Warehouse,null,10,375,4
6512,Warehouse,null,10,376,3
6513,Warehouse,null,10,377,3
6514,Warehouse,null,10,378,3
6515,Warehouse,null,10,379,3
6516,Warehouse,null,10,380,3
6517,Warehouse,null,10,381,3
6518,Warehouse,null,10,382,3
6519,Warehouse,null,10,383,4
6520,Warehouse,null,10,384,3
6521,Warehouse,null,10,387,3
6522,Warehouse,null,10,389,3
6523,Warehouse,null,10,390,3
6524,Warehouse,null,10,391,3
6525,Warehouse,null,10,392,3
6526,Warehouse,null,10,393,3
6527,Warehouse,null,10,395,3
6528,Warehouse,null,10,396,3
6529,Warehouse,null,10,397,3
6530,Warehouse,null,10,398,3
6531,Warehouse,null,10,399,3
6532,Warehouse,null,10,401,3
6533,Warehouse,null,10,402,3
6534,Warehouse,null,10,403,3
6535,Warehouse,null,10,404,3
6536,Warehouse,null,10,405,3
6537,Warehouse,null,10,406,3
6538,Warehouse,null,10,407,3
6539,Warehouse,null,10,408,3
6540,Warehouse,null,10,409,3
6541,Warehouse,null,10,411,3
6542,Warehouse,null,10,412,3
6543,Warehouse,null,10,413,3
6544,Warehouse,null,10,414,3
6545,Warehouse,null,10,415,3
6546,Warehouse,null,10,416,3
6547,Warehouse,null,10,417,3
6548,Warehouse,null,10,418,3
6549,Warehouse,null,10,419,3
6550,Warehouse,null,10,421,3
6551,Warehouse,null,10,422,3
6552,Warehouse,null,10,423,3
6553,Warehouse,null,10,425,3
6554,Warehouse,null,10,426,3
6555,Warehouse,null,10,427,3
6556,Warehouse,null,10,428,3
6557,Warehouse,null,10,429,3
6558,Warehouse,null,10,430,3
6559,Warehouse,null,10,431,3
6560,Warehouse,null,10,432,3
6561,Warehouse,null,10,433,3
6562,Warehouse,null,10,434,3
6563,Warehouse,null,10,435,3
6564,Warehouse,null,10,436,3
6565,Warehouse,null,10,437,3
6566,Warehouse,null,10,438,3
6567,Warehouse,null,10,439,3
6568,Warehouse,null,10,440,3
6569,Warehouse,null,10,441,3
6570,Warehouse,null,10,444,3
6571,Warehouse,null,10,445,3
6572,Store,62,null,448,1
6573,Warehouse,null,10,448,5
6574,Warehouse,null,10,449,6
6575,Warehouse,null,10,450,6
6576,Warehouse,null,10,451,6
6577,Warehouse,null,10,454,6
6578,Warehouse,null,10,455,6
6579,Warehouse,null,10,456,6
6580,Warehouse,null,10,458,6
6581,Warehouse,null,10,459,6
6582,Store,54,null,460,1
6583,Warehouse,null,10,460,5
6584,Warehouse,null,10,461,6
6585,Warehouse,null,10,462,6
6586,Warehouse,null,10,463,6
6587,Warehouse,null,10,464,6
6588,Warehouse,null,10,465,6
6589,Warehouse,null,10,466,6
6590,Warehouse,null,10,467,6
6591,Warehouse,null,10,468,6
6592,Warehouse,null,10,469,6
6593,Warehouse,null,10,470,6
6594,Warehouse,null,10,471,6
6595,Warehouse,null,10,472,6
6596,Store,56,null,473,1
6597,Warehouse,null,10,473,5
6598,Warehouse,null,10,474,6
6599,Warehouse,null,10,475,6
6600,Warehouse,null,10,476,6
6601,Warehouse,null,10,477,6
6602,Store,56,null,478,1
6603,Warehouse,null,10,478,5
6604,Warehouse,null,10,479,6
6605,Warehouse,null,10,480,6
6606,Store,63,null,481,1
6607,Warehouse,null,10,481,5
6608,Warehouse,null,10,482,6
6609,Warehouse,null,10,483,6
6610,Warehouse,null,10,486,6
6611,Warehouse,null,10,488,6
6612,Warehouse,null,10,489,6
6613,Warehouse,null,10,490,6
6614,Warehouse,null,10,492,6
6615,Warehouse,null,10,493,6
6616,Warehouse,null,10,503,6
6617,Store,53,null,504,1
6618,Warehouse,null,10,504,5
6619,Warehouse,null,10,505,6
6620,Warehouse,null,10,506,6
6621,Warehouse,null,10,507,6
6622,Warehouse,null,10,508,6
6623,Warehouse,null,10,509,6
6624,Warehouse,null,10,510,6
6625,Warehouse,null,10,512,6
6626,Warehouse,null,10,513,6
6627,Warehouse,null,10,515,6
6628,Warehouse,null,10,516,6
6629,Store,53,null,518,1
6630,Warehouse,null,10,518,5
6631,Store,62,null,519,1
6632,Warehouse,null,10,519,5
6633,Warehouse,null,10,520,6
6634,Store,56,null,521,1
6635,Warehouse,null,10,521,5
6636,Warehouse,null,10,522,6
6637,Warehouse,null,10,523,6
6638,Warehouse,null,10,524,6
6639,Warehouse,null,10,525,6
6640,Warehouse,null,10,526,6
6641,Warehouse,null,10,527,6
6642,Warehouse,null,10,528,7
6643,Store,63,null,529,1
6644,Warehouse,null,10,529,5
6645,Store,63,null,530,1
6646,Warehouse,null,10,530,5
6647,Warehouse,null,10,531,6
6648,Warehouse,null,10,532,6
6649,Warehouse,null,10,533,6
6650,Warehouse,null,10,534,6
6651,Store,52,null,535,1
6652,Warehouse,null,10,535,5
6653,Warehouse,null,10,537,3
6654,Warehouse,null,10,539,3
6655,Warehouse,null,10,540,3
6656,Warehouse,null,10,541,3
6657,Warehouse,null,10,542,3
6658,Warehouse,null,10,543,3
6659,Warehouse,null,10,544,3
6660,Warehouse,null,10,545,3
6661,Warehouse,null,10,546,3
6662,Warehouse,null,10,547,3
6663,Warehouse,null,10,548,3
6664,Warehouse,null,10,549,3
6665,Warehouse,null,10,550,3
6666,Warehouse,null,10,551,3
6667,Warehouse,null,10,553,3
6668,Warehouse,null,10,554,3
6669,Warehouse,null,10,555,3
6670,Warehouse,null,10,556,3
6671,Warehouse,null,10,557,3
6672,Warehouse,null,10,558,3
6673,Warehouse,null,10,559,3
6674,Warehouse,null,10,560,3
6675,Warehouse,null,10,561,3
6676,Warehouse,null,10,562,3
6677,Warehouse,null,10,563,3
6678,Warehouse,null,10,564,3
6679,Warehouse,null,10,565,3
6680,Warehouse,null,10,566,3
6681,Warehouse,null,10,568,3
6682,Warehouse,null,10,569,3
6683,Warehouse,null,10,570,3
6684,Warehouse,null,10,571,3
6685,Warehouse,null,10,573,3
6686,Warehouse,null,10,574,3
6687,Warehouse,null,10,575,3
6688,Warehouse,null,10,576,3
6689,Warehouse,null,10,577,3
6690,Warehouse,null,10,578,3
6691,Warehouse,null,10,579,3
6692,Warehouse,null,10,580,3
6693,Warehouse,null,10,581,3
6694,Warehouse,null,10,582,4
6695,Warehouse,null,10,583,3
6696,Warehouse,null,10,584,3
6697,Warehouse,null,10,585,3
6698,Warehouse,null,10,586,3
6699,Warehouse,null,10,587,3
6700,Warehouse,null,10,588,3
6701,Warehouse,null,10,589,3
6702,Warehouse,null,10,590,3
6703,Warehouse,null,10,591,3
6704,Warehouse,null,10,592,3
6705,Warehouse,null,10,593,3
6706,Warehouse,null,10,594,3
6707,Warehouse,null,10,595,3
6708,Warehouse,null,10,596,3
6709,Warehouse,null,10,597,3
6710,Warehouse,null,10,598,3
6711,Warehouse,null,10,599,3
6712,Warehouse,null,10,600,3
6713,Warehouse,null,10,601,3
6714,Warehouse,null,10,603,3
6715,Warehouse,null,10,604,3
6716,Warehouse,null,10,606,3
6717,Warehouse,null,10,609,3
6718,Warehouse,null,10,610,3
6719,Warehouse,null,10,611,3
6720,Warehouse,null,10,612,3
6721,Warehouse,null,10,613,4
6722,Warehouse,null,10,614,3
6723,Warehouse,null,10,615,3
6724,Warehouse,null,10,616,3
6725,Warehouse,null,10,617,3
6726,Warehouse,null,10,618,3
6727,Warehouse,null,10,619,3
6728,Warehouse,null,10,620,3
6729,Warehouse,null,10,621,3
6730,Warehouse,null,10,622,3
6731,Warehouse,null,10,623,3
6732,Warehouse,null,10,624,4
6733,Warehouse,null,10,625,3
6734,Warehouse,null,10,626,3
6735,Warehouse,null,10,627,3
6736,Warehouse,null,10,628,3
6737,Warehouse,null,10,629,3
6738,Warehouse,null,10,630,3
6739,Warehouse,null,10,631,4
6740,Warehouse,null,10,632,3
6741,Warehouse,null,10,634,3
6742,Warehouse,null,10,635,3
6743,Warehouse,null,10,636,3
6744,Warehouse,null,10,637,3
6745,Warehouse,null,10,638,3
6746,Warehouse,null,10,639,3
6747,Warehouse,null,10,640,3
6748,Warehouse,null,10,641,3
6749,Warehouse,null,10,643,3
6750,Warehouse,null,10,644,3
6751,Warehouse,null,10,645,3
6752,Warehouse,null,10,647,3
6753,Warehouse,null,10,648,3
6754,Warehouse,null,10,649,3
6755,Warehouse,null,10,650,3
6756,Warehouse,null,10,651,4
6757,Warehouse,null,10,652,3
6758,Warehouse,null,10,653,3
6759,Warehouse,null,10,654,4
6760,Warehouse,null,10,655,3
6761,Warehouse,null,10,656,3
6762,Warehouse,null,10,657,3
6763,Warehouse,null,10,658,3
6764,Warehouse,null,10,659,3
6765,Warehouse,null,10,660,3
6766,Warehouse,null,10,661,3
6767,Warehouse,null,10,662,3
6768,Warehouse,null,10,663,3
6769,Warehouse,null,10,664,3
6770,Warehouse,null,10,665,3
6771,Warehouse,null,10,666,3
6772,Warehouse,null,10,667,3
6773,Warehouse,null,10,668,3
6774,Warehouse,null,10,669,3
6775,Warehouse,null,10,670,3
6776,Warehouse,null,10,671,3
6777,Warehouse,null,10,672,3
6778,Warehouse,null,10,673,3
6779,Warehouse,null,10,674,3
6780,Warehouse,null,10,675,3
6781,Warehouse,null,10,676,3
6782,Warehouse,null,10,677,3
6783,Warehouse,null,10,678,3
6784,Warehouse,null,10,679,3
6785,Warehouse,null,10,680,3
6786,Warehouse,null,10,681,3
6787,Warehouse,null,10,682,3
6788,Warehouse,null,10,683,3
6789,Warehouse,null,10,685,3
6790,Warehouse,null,10,686,3
6791,Warehouse,null,10,687,3
6792,Warehouse,null,10,688,3
6793,Warehouse,null,10,690,3
6794,Warehouse,null,10,691,3
6795,Warehouse,null,10,692,3
6796,Warehouse,null,10,693,3
6797,Warehouse,null,10,694,3
6798,Warehouse,null,10,695,3
6799,Warehouse,null,10,696,3
6800,Warehouse,null,10,698,3
6801,Warehouse,null,10,699,3
6802,Warehouse,null,10,700,3
6803,Warehouse,null,10,701,3
6804,Warehouse,null,10,705,3
6805,Warehouse,null,10,706,3
6806,Warehouse,null,10,707,3
6807,Warehouse,null,10,708,3
6808,Warehouse,null,10,709,3
6809,Warehouse,null,10,710,3
6810,Warehouse,null,10,712,3
6811,Warehouse,null,10,713,4
6812,Warehouse,null,10,714,3
6813,Warehouse,null,10,715,3
6814,Warehouse,null,10,716,3
6815,Warehouse,null,10,717,3
6816,Warehouse,null,10,718,3
6817,Warehouse,null,10,719,3
6818,Warehouse,null,10,720,3
6819,Warehouse,null,10,721,3
6820,Warehouse,null,10,722,3
6821,Warehouse,null,10,723,3
6822,Warehouse,null,10,724,3
6823,Warehouse,null,10,726,3
6824,Warehouse,null,10,727,3
6825,Warehouse,null,10,728,3
6826,Warehouse,null,10,729,3
6827,Warehouse,null,10,730,3
6828,Warehouse,null,10,731,3
6829,Warehouse,null,10,732,3
6830,Warehouse,null,10,733,3
6831,Warehouse,null,10,734,3
6832,Warehouse,null,10,735,3
6833,Warehouse,null,10,736,3
6834,Warehouse,null,10,739,3
6835,Warehouse,null,10,740,3
6836,Warehouse,null,10,753,3
6837,Warehouse,null,10,754,3
6838,Warehouse,null,10,755,3
6839,Warehouse,null,10,757,3
6840,Warehouse,null,10,758,3
6841,Warehouse,null,10,759,3
6842,Warehouse,null,10,760,3
6843,Warehouse,null,10,762,3
6844,Warehouse,null,10,763,3
6845,Warehouse,null,10,764,3
6846,Warehouse,null,10,769,3
6847,Warehouse,null,10,771,3
6848,Warehouse,null,10,772,3
6849,Store,55,null,773,1
6850,Warehouse,null,10,773,5
6851,Warehouse,null,10,774,6
6852,Store,52,null,775,1
6853,Warehouse,null,10,775,5
6854,Warehouse,null,10,776,6
6855,Store,52,null,777,1
6856,Warehouse,null,10,777,5
6857,Warehouse,null,10,778,6
6858,Warehouse,null,10,779,6
6859,Warehouse,null,10,780,6
6860,Store,56,null,781,1
6861,Warehouse,null,10,781,5
6862,Store,51,null,782,1
6863,Warehouse,null,10,782,5
6864,Store,62,null,783,1
6865,Warehouse,null,10,783,5
6866,Store,56,null,784,1
6867,Warehouse,null,10,784,5
6868,Store,52,null,785,1
6869,Warehouse,null,10,785,5
6870,Warehouse,null,10,786,6
6871,Store,52,null,787,1
6872,Warehouse,null,10,787,5
6873,Store,55,null,788,1
6874,Warehouse,null,10,788,5
6875,Store,52,null,790,1
6876,Warehouse,null,10,790,5
6877,Warehouse,null,10,792,6
6878,Warehouse,null,10,793,6
6879,Store,63,null,794,1
6880,Warehouse,null,10,794,5
6881,Store,54,null,796,1
6882,Warehouse,null,10,796,5
6883,Warehouse,null,10,797,6
6884,Store,52,null,798,1
6885,Warehouse,null,10,798,5
6886,Warehouse,null,10,799,6
6887,Warehouse,null,10,800,6
6888,Store,63,null,801,1
6889,Warehouse,null,10,801,5
6890,Warehouse,null,10,802,6
6891,Warehouse,null,10,803,6
6892,Warehouse,null,10,804,6
6893,Warehouse,null,10,805,6
6894,Warehouse,null,10,806,6
6895,Store,53,null,807,1
6896,Warehouse,null,10,807,5
6897,Store,53,null,808,1
6898,Warehouse,null,10,808,5
6899,Warehouse,null,10,809,6
6900,Store,54,null,810,1
6901,Warehouse,null,10,810,5
6902,Store,63,null,811,1
6903,Warehouse,null,10,811,5
6904,Store,56,null,812,1
6905,Warehouse,null,10,812,5
6906,Warehouse,null,11,1,3
6907,Warehouse,null,11,2,3
6908,Warehouse,null,11,3,3
6909,Warehouse,null,11,5,3
6910,Warehouse,null,11,7,3
6911,Warehouse,null,11,8,3
6912,Warehouse,null,11,10,3
6913,Warehouse,null,11,12,3
6914,Warehouse,null,11,13,3
6915,Warehouse,null,11,14,3
6916,Warehouse,null,11,15,3
6917,Warehouse,null,11,16,3
6918,Warehouse,null,11,17,3
6919,Warehouse,null,11,18,3
6920,Warehouse,null,11,20,3
6921,Warehouse,null,11,21,3
6922,Warehouse,null,11,26,3
6923,Warehouse,null,11,27,3
6924,Warehouse,null,11,29,3
6925,Warehouse,null,11,30,3
6926,Warehouse,null,11,31,3
6927,Warehouse,null,11,32,3
6928,Warehouse,null,11,33,3
6929,Warehouse,null,11,35,3
6930,Warehouse,null,11,36,3
6931,Warehouse,null,11,41,3
6932,Warehouse,null,11,44,3
6933,Warehouse,null,11,45,3
6934,Warehouse,null,11,46,3
6935,Warehouse,null,11,47,3
6936,Warehouse,null,11,48,3
6937,Warehouse,null,11,49,3
6938,Warehouse,null,11,50,3
6939,Warehouse,null,11,52,3
6940,Warehouse,null,11,54,3
6941,Warehouse,null,11,57,3
6942,Warehouse,null,11,59,3
6943,Warehouse,null,11,60,3
6944,Warehouse,null,11,61,3
6945,Warehouse,null,11,62,3
6946,Warehouse,null,11,64,3
6947,Warehouse,null,11,68,3
6948,Warehouse,null,11,69,3
6949,Warehouse,null,11,70,3
6950,Warehouse,null,11,71,3
6951,Warehouse,null,11,73,3
6952,Warehouse,null,11,74,3
6953,Warehouse,null,11,75,3
6954,Warehouse,null,11,76,3
6955,Warehouse,null,11,77,3
6956,Warehouse,null,11,78,3
6957,Warehouse,null,11,79,3
6958,Warehouse,null,11,80,3
6959,Warehouse,null,11,81,3
6960,Warehouse,null,11,85,3
6961,Warehouse,null,11,86,3
6962,Warehouse,null,11,87,3
6963,Warehouse,null,11,88,3
6964,Warehouse,null,11,90,3
6965,Warehouse,null,11,92,3
6966,Warehouse,null,11,93,3
6967,Warehouse,null,11,94,3
6968,Warehouse,null,11,95,3
6969,Warehouse,null,11,96,3
6970,Warehouse,null,11,100,3
6971,Warehouse,null,11,108,3
6972,Warehouse,null,11,109,3
6973,Warehouse,null,11,111,3
6974,Warehouse,null,11,113,3
6975,Warehouse,null,11,115,3
6976,Warehouse,null,11,117,3
6977,Warehouse,null,11,118,3
6978,Warehouse,null,11,125,3
6979,Warehouse,null,11,132,3
6980,Warehouse,null,11,158,3
6981,Warehouse,null,11,163,3
6982,Warehouse,null,11,167,3
6983,Warehouse,null,11,168,3
6984,Warehouse,null,11,169,3
6985,Warehouse,null,11,173,3
6986,Warehouse,null,11,175,3
6987,Warehouse,null,11,176,3
6988,Warehouse,null,11,177,3
6989,Warehouse,null,11,178,3
6990,Warehouse,null,11,179,3
6991,Warehouse,null,11,180,3
6992,Warehouse,null,11,181,3
6993,Warehouse,null,11,182,3
6994,Warehouse,null,11,183,3
6995,Warehouse,null,11,184,3
6996,Warehouse,null,11,185,3
6997,Warehouse,null,11,186,3
6998,Warehouse,null,11,187,3
6999,Warehouse,null,11,188,3
7000,Warehouse,null,11,189,3
7001,Warehouse,null,11,192,3
7002,Warehouse,null,11,193,3
7003,Warehouse,null,11,194,3
7004,Warehouse,null,11,195,3
7005,Warehouse,null,11,196,3
7006,Warehouse,null,11,197,3
7007,Warehouse,null,11,198,3
7008,Warehouse,null,11,199,3
7009,Warehouse,null,11,200,3
7010,Warehouse,null,11,201,3
7011,Warehouse,null,11,202,3
7012,Warehouse,null,11,203,3
7013,Warehouse,null,11,204,3
7014,Warehouse,null,11,205,3
7015,Warehouse,null,11,208,3
7016,Warehouse,null,11,210,3
7017,Warehouse,null,11,211,3
7018,Warehouse,null,11,212,3
7019,Warehouse,null,11,213,3
7020,Warehouse,null,11,214,3
7021,Warehouse,null,11,216,3
7022,Warehouse,null,11,217,3
7023,Warehouse,null,11,220,3
7024,Warehouse,null,11,221,3
7025,Warehouse,null,11,223,3
7026,Warehouse,null,11,225,3
7027,Warehouse,null,11,226,3
7028,Warehouse,null,11,228,3
7029,Warehouse,null,11,229,3
7030,Warehouse,null,11,231,3
7031,Warehouse,null,11,232,3
7032,Warehouse,null,11,233,3
7033,Warehouse,null,11,234,3
7034,Warehouse,null,11,235,3
7035,Warehouse,null,11,236,3
7036,Warehouse,null,11,237,3
7037,Warehouse,null,11,239,3
7038,Warehouse,null,11,241,3
7039,Warehouse,null,11,242,3
7040,Warehouse,null,11,243,3
7041,Warehouse,null,11,244,3
7042,Warehouse,null,11,245,3
7043,Warehouse,null,11,246,3
7044,Warehouse,null,11,247,3
7045,Warehouse,null,11,248,3
7046,Warehouse,null,11,249,3
7047,Warehouse,null,11,251,3
7048,Warehouse,null,11,252,3
7049,Warehouse,null,11,297,3
7050,Warehouse,null,11,303,3
7051,Warehouse,null,11,311,3
7052,Warehouse,null,11,315,3
7053,Warehouse,null,11,316,3
7054,Warehouse,null,11,317,3
7055,Warehouse,null,11,318,3
7056,Warehouse,null,11,319,3
7057,Warehouse,null,11,320,3
7058,Warehouse,null,11,324,3
7059,Warehouse,null,11,326,3
7060,Warehouse,null,11,329,3
7061,Warehouse,null,11,330,3
7062,Warehouse,null,11,332,3
7063,Warehouse,null,11,335,3
7064,Warehouse,null,11,339,3
7065,Warehouse,null,11,342,3
7066,Warehouse,null,11,344,3
7067,Warehouse,null,11,345,3
7068,Warehouse,null,11,346,3
7069,Warehouse,null,11,347,3
7070,Warehouse,null,11,349,3
7071,Warehouse,null,11,351,3
7072,Warehouse,null,11,358,3
7073,Warehouse,null,11,359,3
7074,Warehouse,null,11,360,3
7075,Warehouse,null,11,363,3
7076,Warehouse,null,11,364,3
7077,Warehouse,null,11,365,3
7078,Warehouse,null,11,366,3
7079,Warehouse,null,11,367,3
7080,Warehouse,null,11,369,3
7081,Warehouse,null,11,370,3
7082,Warehouse,null,11,374,3
7083,Warehouse,null,11,375,3
7084,Warehouse,null,11,376,3
7085,Warehouse,null,11,377,3
7086,Warehouse,null,11,379,3
7087,Warehouse,null,11,381,3
7088,Warehouse,null,11,383,3
7089,Warehouse,null,11,386,3
7090,Warehouse,null,11,388,3
7091,Warehouse,null,11,390,3
7092,Warehouse,null,11,392,3
7093,Warehouse,null,11,394,3
7094,Warehouse,null,11,395,3
7095,Warehouse,null,11,397,3
7096,Warehouse,null,11,399,3
7097,Warehouse,null,11,400,3
7098,Warehouse,null,11,401,3
7099,Warehouse,null,11,402,3
7100,Warehouse,null,11,403,3
7101,Warehouse,null,11,405,3
7102,Warehouse,null,11,406,3
7103,Warehouse,null,11,407,3
7104,Warehouse,null,11,408,3
7105,Warehouse,null,11,409,3
7106,Warehouse,null,11,410,3
7107,Warehouse,null,11,411,3
7108,Warehouse,null,11,412,3
7109,Warehouse,null,11,413,3
7110,Warehouse,null,11,415,3
7111,Warehouse,null,11,416,3
7112,Warehouse,null,11,419,3
7113,Warehouse,null,11,421,3
7114,Warehouse,null,11,422,3
7115,Warehouse,null,11,423,3
7116,Warehouse,null,11,427,3
7117,Warehouse,null,11,428,3
7118,Warehouse,null,11,430,3
7119,Warehouse,null,11,431,3
7120,Warehouse,null,11,433,3
7121,Warehouse,null,11,434,3
7122,Warehouse,null,11,436,3
7123,Warehouse,null,11,437,3
7124,Warehouse,null,11,438,3
7125,Warehouse,null,11,439,3
7126,Warehouse,null,11,442,3
7127,Warehouse,null,11,443,3
7128,Store,102,null,446,1
7129,Warehouse,null,11,446,5
7130,Store,104,null,448,1
7131,Warehouse,null,11,448,5
7132,Store,101,null,452,1
7133,Warehouse,null,11,452,5
7134,Warehouse,null,11,454,6
7135,Warehouse,null,11,456,6
7136,Store,99,null,457,1
7137,Warehouse,null,11,457,5
7138,Store,110,null,458,1
7139,Warehouse,null,11,458,5
7140,Store,96,null,459,1
7141,Warehouse,null,11,459,5
7142,Warehouse,null,11,460,6
7143,Warehouse,null,11,462,6
7144,Store,98,null,463,1
7145,Warehouse,null,11,463,5
7146,Store,110,null,464,1
7147,Warehouse,null,11,464,5
7148,Store,108,null,467,1
7149,Warehouse,null,11,467,5
7150,Store,100,null,470,1
7151,Warehouse,null,11,470,5
7152,Store,107,null,471,1
7153,Warehouse,null,11,471,5
7154,Store,110,null,475,1
7155,Warehouse,null,11,475,5
7156,Warehouse,null,11,476,6
7157,Store,101,null,477,1
7158,Warehouse,null,11,477,5
7159,Warehouse,null,11,480,6
7160,Warehouse,null,11,481,6
7161,Warehouse,null,11,482,6
7162,Warehouse,null,11,489,6
7163,Warehouse,null,11,490,6
7164,Warehouse,null,11,491,6
7165,Store,110,null,494,1
7166,Warehouse,null,11,494,5
7167,Store,102,null,495,1
7168,Warehouse,null,11,495,5
7169,Store,99,null,496,1
7170,Warehouse,null,11,496,5
7171,Store,102,null,498,1
7172,Warehouse,null,11,498,5
7173,Store,108,null,499,1
7174,Warehouse,null,11,499,5
7175,Store,101,null,500,1
7176,Warehouse,null,11,500,5
7177,Warehouse,null,11,501,6
7178,Store,98,null,502,1
7179,Warehouse,null,11,502,5
7180,Warehouse,null,11,504,6
7181,Warehouse,null,11,505,6
7182,Warehouse,null,11,506,6
7183,Store,99,null,508,1
7184,Warehouse,null,11,508,5
7185,Warehouse,null,11,509,6
7186,Warehouse,null,11,510,6
7187,Warehouse,null,11,511,6
7188,Store,102,null,512,1
7189,Warehouse,null,11,512,5
7190,Store,99,null,514,1
7191,Warehouse,null,11,514,5
7192,Warehouse,null,11,515,6
7193,Store,107,null,516,1
7194,Warehouse,null,11,516,5
7195,Warehouse,null,11,517,6
7196,Warehouse,null,11,520,6
7197,Warehouse,null,11,521,6
7198,Warehouse,null,11,523,6
7199,Warehouse,null,11,524,6
7200,Warehouse,null,11,525,6
7201,Store,100,null,526,1
7202,Warehouse,null,11,526,5
7203,Store,101,null,527,1
7204,Warehouse,null,11,527,5
7205,Store,99,null,529,1
7206,Warehouse,null,11,529,5
7207,Warehouse,null,11,536,3
7208,Warehouse,null,11,537,3
7209,Warehouse,null,11,538,3
7210,Warehouse,null,11,539,3
7211,Warehouse,null,11,541,3
7212,Warehouse,null,11,542,3
7213,Warehouse,null,11,543,3
7214,Warehouse,null,11,546,3
7215,Warehouse,null,11,550,3
7216,Warehouse,null,11,552,3
7217,Warehouse,null,11,553,3
7218,Warehouse,null,11,554,3
7219,Warehouse,null,11,556,3
7220,Warehouse,null,11,558,3
7221,Warehouse,null,11,559,3
7222,Warehouse,null,11,560,3
7223,Warehouse,null,11,565,3
7224,Warehouse,null,11,566,3
7225,Warehouse,null,11,567,3
7226,Warehouse,null,11,568,3
7227,Warehouse,null,11,583,3
7228,Warehouse,null,11,584,3
7229,Warehouse,null,11,585,3
7230,Warehouse,null,11,588,3
7231,Warehouse,null,11,589,3
7232,Warehouse,null,11,590,3
7233,Warehouse,null,11,591,3
7234,Warehouse,null,11,592,3
7235,Warehouse,null,11,593,3
7236,Warehouse,null,11,594,3
7237,Warehouse,null,11,595,3
7238,Warehouse,null,11,596,3
7239,Warehouse,null,11,597,3
7240,Warehouse,null,11,598,3
7241,Warehouse,null,11,599,3
7242,Warehouse,null,11,600,3
7243,Warehouse,null,11,601,3
7244,Warehouse,null,11,605,3
7245,Warehouse,null,11,608,3
7246,Warehouse,null,11,609,3
7247,Warehouse,null,11,610,3
7248,Warehouse,null,11,611,3
7249,Warehouse,null,11,612,3
7250,Warehouse,null,11,613,3
7251,Warehouse,null,11,614,3
7252,Warehouse,null,11,615,3
7253,Warehouse,null,11,616,3
7254,Warehouse,null,11,617,3
7255,Warehouse,null,11,618,3
7256,Warehouse,null,11,619,3
7257,Warehouse,null,11,620,3
7258,Warehouse,null,11,621,3
7259,Warehouse,null,11,622,3
7260,Warehouse,null,11,623,3
7261,Warehouse,null,11,624,3
7262,Warehouse,null,11,625,3
7263,Warehouse,null,11,631,3
7264,Warehouse,null,11,632,3
7265,Warehouse,null,11,633,3
7266,Warehouse,null,11,635,3
7267,Warehouse,null,11,636,3
7268,Warehouse,null,11,638,3
7269,Warehouse,null,11,642,3
7270,Warehouse,null,11,644,3
7271,Warehouse,null,11,646,3
7272,Warehouse,null,11,656,4
7273,Warehouse,null,11,657,4
7274,Warehouse,null,11,658,3
7275,Warehouse,null,11,659,3
7276,Warehouse,null,11,660,3
7277,Warehouse,null,11,661,4
7278,Warehouse,null,11,662,3
7279,Warehouse,null,11,663,3
7280,Warehouse,null,11,664,3
7281,Warehouse,null,11,665,3
7282,Warehouse,null,11,666,3
7283,Warehouse,null,11,667,3
7284,Warehouse,null,11,673,3
7285,Warehouse,null,11,674,3
7286,Warehouse,null,11,675,3
7287,Warehouse,null,11,676,3
7288,Warehouse,null,11,677,3
7289,Warehouse,null,11,678,3
7290,Warehouse,null,11,679,3
7291,Warehouse,null,11,680,3
7292,Warehouse,null,11,681,3
7293,Warehouse,null,11,682,3
7294,Warehouse,null,11,686,3
7295,Warehouse,null,11,688,3
7296,Warehouse,null,11,691,3
7297,Warehouse,null,11,695,3
7298,Warehouse,null,11,698,3
7299,Warehouse,null,11,707,3
7300,Warehouse,null,11,714,3
7301,Warehouse,null,11,715,3
7302,Warehouse,null,11,719,3
7303,Warehouse,null,11,720,3
7304,Warehouse,null,11,721,3
7305,Warehouse,null,11,722,3
7306,Warehouse,null,11,723,3
7307,Warehouse,null,11,724,3
7308,Warehouse,null,11,725,3
7309,Warehouse,null,11,726,3
7310,Warehouse,null,11,727,3
7311,Warehouse,null,11,728,3
7312,Warehouse,null,11,731,3
7313,Warehouse,null,11,734,3
7314,Warehouse,null,11,736,3
7315,Warehouse,null,11,739,3
7316,Warehouse,null,11,749,3
7317,Warehouse,null,11,750,3
7318,Warehouse,null,11,751,3
7319,Warehouse,null,11,752,3
7320,Warehouse,null,11,757,3
7321,Warehouse,null,11,758,3
7322,Warehouse,null,11,765,3
7323,Warehouse,null,11,766,3
7324,Warehouse,null,11,767,3
7325,Warehouse,null,11,768,3
7326,Warehouse,null,11,772,3
7327,Store,102,null,773,1
7328,Warehouse,null,11,773,5
7329,Warehouse,null,11,774,6
7330,Warehouse,null,11,775,6
7331,Store,98,null,777,1
7332,Warehouse,null,11,777,5
7333,Store,99,null,778,1
7334,Warehouse,null,11,778,5
7335,Warehouse,null,11,779,6
7336,Warehouse,null,11,781,6
7337,Warehouse,null,11,783,6
7338,Warehouse,null,11,785,6
7339,Warehouse,null,11,786,6
7340,Warehouse,null,11,789,6
7341,Warehouse,null,11,790,6
7342,Store,102,null,791,1
7343,Warehouse,null,11,791,5
7344,Warehouse,null,11,792,6
7345,Warehouse,null,11,793,6
7346,Warehouse,null,11,795,6
7347,Warehouse,null,11,796,6
7348,Warehouse,null,12,3,3
7349,Warehouse,null,12,4,3
7350,Warehouse,null,12,6,3
7351,Warehouse,null,12,7,3
7352,Warehouse,null,12,10,3
7353,Warehouse,null,12,11,3
7354,Warehouse,null,12,13,3
7355,Warehouse,null,12,16,3
7356,Warehouse,null,12,19,3
7357,Warehouse,null,12,21,3
7358,Warehouse,null,12,22,3
7359,Warehouse,null,12,23,3
7360,Warehouse,null,12,24,3
7361,Warehouse,null,12,27,3
7362,Warehouse,null,12,28,3
7363,Warehouse,null,12,30,3
7364,Warehouse,null,12,34,3
7365,Warehouse,null,12,35,3
7366,Warehouse,null,12,40,3
7367,Warehouse,null,12,41,3
7368,Warehouse,null,12,44,3
7369,Warehouse,null,12,45,3
7370,Warehouse,null,12,47,3
7371,Warehouse,null,12,49,3
7372,Warehouse,null,12,51,3
7373,Warehouse,null,12,56,3
7374,Warehouse,null,12,57,3
7375,Warehouse,null,12,60,3
7376,Warehouse,null,12,61,3
7377,Warehouse,null,12,64,3
7378,Warehouse,null,12,66,3
7379,Warehouse,null,12,69,3
7380,Warehouse,null,12,70,3
7381,Warehouse,null,12,71,3
7382,Warehouse,null,12,72,3
7383,Warehouse,null,12,73,3
7384,Warehouse,null,12,74,3
7385,Warehouse,null,12,75,3
7386,Warehouse,null,12,76,3
7387,Warehouse,null,12,77,3
7388,Warehouse,null,12,78,3
7389,Warehouse,null,12,79,3
7390,Warehouse,null,12,80,3
7391,Warehouse,null,12,81,3
7392,Warehouse,null,12,82,3
7393,Warehouse,null,12,83,3
7394,Warehouse,null,12,84,3
7395,Warehouse,null,12,85,3
7396,Warehouse,null,12,86,3
7397,Warehouse,null,12,87,3
7398,Warehouse,null,12,88,3
7399,Warehouse,null,12,89,3
7400,Warehouse,null,12,90,3
7401,Warehouse,null,12,91,3
7402,Warehouse,null,12,92,3
7403,Warehouse,null,12,93,3
7404,Warehouse,null,12,94,3
7405,Warehouse,null,12,95,3
7406,Warehouse,null,12,96,3
7407,Warehouse,null,12,97,3
7408,Warehouse,null,12,98,3
7409,Warehouse,null,12,99,3
7410,Warehouse,null,12,100,3
7411,Warehouse,null,12,101,3
7412,Warehouse,null,12,103,3
7413,Warehouse,null,12,104,3
7414,Warehouse,null,12,106,3
7415,Warehouse,null,12,107,3
7416,Warehouse,null,12,110,3
7417,Warehouse,null,12,112,3
7418,Warehouse,null,12,113,3
7419,Warehouse,null,12,114,3
7420,Warehouse,null,12,116,3
7421,Warehouse,null,12,118,3
7422,Warehouse,null,12,120,3
7423,Warehouse,null,12,122,3
7424,Warehouse,null,12,123,3
7425,Warehouse,null,12,124,3
7426,Warehouse,null,12,126,3
7427,Warehouse,null,12,127,3
7428,Warehouse,null,12,130,3
7429,Warehouse,null,12,133,3
7430,Warehouse,null,12,134,3
7431,Warehouse,null,12,135,3
7432,Warehouse,null,12,136,3
7433,Warehouse,null,12,137,3
7434,Warehouse,null,12,138,3
7435,Warehouse,null,12,139,3
7436,Warehouse,null,12,140,3
7437,Warehouse,null,12,141,3
7438,Warehouse,null,12,142,3
7439,Warehouse,null,12,143,3
7440,Warehouse,null,12,144,3
7441,Warehouse,null,12,145,3
7442,Warehouse,null,12,146,3
7443,Warehouse,null,12,147,3
7444,Warehouse,null,12,148,3
7445,Warehouse,null,12,151,3
7446,Warehouse,null,12,152,3
7447,Warehouse,null,12,153,3
7448,Warehouse,null,12,154,3
7449,Warehouse,null,12,155,3
7450,Warehouse,null,12,156,3
7451,Warehouse,null,12,177,3
7452,Warehouse,null,12,178,3
7453,Warehouse,null,12,179,3
7454,Warehouse,null,12,180,3
7455,Warehouse,null,12,181,3
7456,Warehouse,null,12,182,3
7457,Warehouse,null,12,183,3
7458,Warehouse,null,12,184,3
7459,Warehouse,null,12,185,3
7460,Warehouse,null,12,186,3
7461,Warehouse,null,12,187,3
7462,Warehouse,null,12,188,3
7463,Warehouse,null,12,201,3
7464,Warehouse,null,12,202,3
7465,Warehouse,null,12,205,3
7466,Warehouse,null,12,206,3
7467,Warehouse,null,12,207,3
7468,Warehouse,null,12,208,3
7469,Warehouse,null,12,210,3
7470,Warehouse,null,12,213,3
7471,Warehouse,null,12,215,3
7472,Warehouse,null,12,217,3
7473,Warehouse,null,12,220,3
7474,Warehouse,null,12,224,3
7475,Warehouse,null,12,225,3
7476,Warehouse,null,12,228,3
7477,Warehouse,null,12,230,3
7478,Warehouse,null,12,231,3
7479,Warehouse,null,12,232,3
7480,Warehouse,null,12,233,3
7481,Warehouse,null,12,234,3
7482,Warehouse,null,12,235,3
7483,Warehouse,null,12,236,3
7484,Warehouse,null,12,237,3
7485,Warehouse,null,12,238,3
7486,Warehouse,null,12,239,3
7487,Warehouse,null,12,240,3
7488,Warehouse,null,12,241,3
7489,Warehouse,null,12,242,3
7490,Warehouse,null,12,243,3
7491,Warehouse,null,12,245,3
7492,Warehouse,null,12,246,3
7493,Warehouse,null,12,247,3
7494,Warehouse,null,12,248,3
7495,Warehouse,null,12,250,3
7496,Warehouse,null,12,270,3
7497,Warehouse,null,12,271,3
7498,Warehouse,null,12,273,3
7499,Warehouse,null,12,274,3
7500,Warehouse,null,12,275,3
7501,Warehouse,null,12,276,3
7502,Warehouse,null,12,278,3
7503,Warehouse,null,12,279,3
7504,Warehouse,null,12,280,3
7505,Warehouse,null,12,281,3
7506,Warehouse,null,12,283,3
7507,Warehouse,null,12,286,3
7508,Warehouse,null,12,287,3
7509,Warehouse,null,12,288,3
7510,Warehouse,null,12,289,3
7511,Warehouse,null,12,290,3
7512,Warehouse,null,12,291,3
7513,Warehouse,null,12,292,3
7514,Warehouse,null,12,293,3
7515,Warehouse,null,12,297,3
7516,Warehouse,null,12,298,3
7517,Warehouse,null,12,299,4
7518,Warehouse,null,12,300,3
7519,Warehouse,null,12,301,3
7520,Warehouse,null,12,302,3
7521,Warehouse,null,12,303,3
7522,Warehouse,null,12,304,3
7523,Warehouse,null,12,305,4
7524,Warehouse,null,12,312,3
7525,Warehouse,null,12,313,3
7526,Warehouse,null,12,314,3
7527,Warehouse,null,12,315,3
7528,Warehouse,null,12,317,3
7529,Warehouse,null,12,318,3
7530,Warehouse,null,12,320,3
7531,Warehouse,null,12,321,3
7532,Warehouse,null,12,325,3
7533,Warehouse,null,12,327,3
7534,Warehouse,null,12,328,3
7535,Warehouse,null,12,337,3
7536,Warehouse,null,12,338,3
7537,Warehouse,null,12,339,3
7538,Warehouse,null,12,342,3
7539,Warehouse,null,12,346,3
7540,Warehouse,null,12,350,3
7541,Warehouse,null,12,357,3
7542,Warehouse,null,12,359,3
7543,Warehouse,null,12,361,3
7544,Warehouse,null,12,363,3
7545,Warehouse,null,12,365,3
7546,Warehouse,null,12,366,3
7547,Warehouse,null,12,367,3
7548,Warehouse,null,12,368,3
7549,Warehouse,null,12,370,3
7550,Warehouse,null,12,374,3
7551,Warehouse,null,12,375,3
7552,Warehouse,null,12,377,3
7553,Warehouse,null,12,378,3
7554,Warehouse,null,12,379,3
7555,Warehouse,null,12,380,3
7556,Warehouse,null,12,381,3
7557,Warehouse,null,12,382,3
7558,Warehouse,null,12,383,3
7559,Warehouse,null,12,384,3
7560,Warehouse,null,12,388,3
7561,Warehouse,null,12,389,3
7562,Warehouse,null,12,390,3
7563,Warehouse,null,12,391,3
7564,Warehouse,null,12,392,3
7565,Warehouse,null,12,393,3
7566,Warehouse,null,12,394,3
7567,Warehouse,null,12,395,3
7568,Warehouse,null,12,398,3
7569,Warehouse,null,12,400,3
7570,Warehouse,null,12,404,3
7571,Warehouse,null,12,412,3
7572,Warehouse,null,12,414,3
7573,Warehouse,null,12,422,3
7574,Warehouse,null,12,423,3
7575,Warehouse,null,12,424,3
7576,Warehouse,null,12,427,3
7577,Warehouse,null,12,428,3
7578,Warehouse,null,12,429,3
7579,Warehouse,null,12,430,3
7580,Warehouse,null,12,431,3
7581,Warehouse,null,12,433,3
7582,Warehouse,null,12,440,3
7583,Warehouse,null,12,441,3
7584,Warehouse,null,12,444,3
7585,Warehouse,null,12,445,3
7586,Warehouse,null,12,448,6
7587,Warehouse,null,12,451,6
7588,Store,119,null,452,1
7589,Warehouse,null,12,452,5
7590,Warehouse,null,12,455,6
7591,Store,118,null,464,1
7592,Warehouse,null,12,464,5
7593,Store,115,null,465,1
7594,Warehouse,null,12,465,5
7595,Warehouse,null,12,466,6
7596,Warehouse,null,12,468,6
7597,Warehouse,null,12,469,6
7598,Store,118,null,470,1
7599,Warehouse,null,12,470,5
7600,Store,112,null,471,1
7601,Warehouse,null,12,471,5
7602,Warehouse,null,12,472,6
7603,Warehouse,null,12,474,6
7604,Warehouse,null,12,475,6
7605,Warehouse,null,12,477,6
7606,Warehouse,null,12,478,6
7607,Store,113,null,479,1
7608,Warehouse,null,12,479,5
7609,Warehouse,null,12,481,6
7610,Warehouse,null,12,482,6
7611,Warehouse,null,12,483,6
7612,Warehouse,null,12,484,6
7613,Store,117,null,485,1
7614,Warehouse,null,12,485,5
7615,Store,115,null,486,1
7616,Warehouse,null,12,486,5
7617,Store,119,null,487,1
7618,Warehouse,null,12,487,5
7619,Warehouse,null,12,488,6
7620,Warehouse,null,12,489,6
7621,Warehouse,null,12,490,6
7622,Store,119,null,491,1
7623,Warehouse,null,12,491,5
7624,Warehouse,null,12,492,6
7625,Warehouse,null,12,493,6
7626,Store,115,null,494,1
7627,Warehouse,null,12,494,5
7628,Warehouse,null,12,495,6
7629,Warehouse,null,12,496,6
7630,Warehouse,null,12,497,6
7631,Warehouse,null,12,498,6
7632,Warehouse,null,12,499,6
7633,Store,113,null,500,1
7634,Warehouse,null,12,500,5
7635,Store,115,null,501,1
7636,Warehouse,null,12,501,5
7637,Store,120,null,502,1
7638,Warehouse,null,12,502,5
7639,Warehouse,null,12,503,6
7640,Store,115,null,504,1
7641,Warehouse,null,12,504,5
7642,Warehouse,null,12,505,6
7643,Store,118,null,506,1
7644,Warehouse,null,12,506,5
7645,Store,115,null,528,1
7646,Warehouse,null,12,528,5
7647,Store,115,null,529,1
7648,Warehouse,null,12,529,5
7649,Store,118,null,530,1
7650,Warehouse,null,12,530,5
7651,Store,118,null,531,1
7652,Warehouse,null,12,531,5
7653,Warehouse,null,12,532,6
7654,Warehouse,null,12,533,6
7655,Warehouse,null,12,534,6
7656,Warehouse,null,12,535,6
7657,Warehouse,null,12,537,3
7658,Warehouse,null,12,542,3
7659,Warehouse,null,12,545,3
7660,Warehouse,null,12,548,3
7661,Warehouse,null,12,550,3
7662,Warehouse,null,12,551,3
7663,Warehouse,null,12,557,3
7664,Warehouse,null,12,558,3
7665,Warehouse,null,12,560,3
7666,Warehouse,null,12,561,3
7667,Warehouse,null,12,564,3
7668,Warehouse,null,12,565,3
7669,Warehouse,null,12,568,3
7670,Warehouse,null,12,569,3
7671,Warehouse,null,12,571,3
7672,Warehouse,null,12,573,3
7673,Warehouse,null,12,574,3
7674,Warehouse,null,12,575,3
7675,Warehouse,null,12,576,3
7676,Warehouse,null,12,577,3
7677,Warehouse,null,12,579,3
7678,Warehouse,null,12,580,3
7679,Warehouse,null,12,581,3
7680,Warehouse,null,12,582,3
7681,Warehouse,null,12,584,3
7682,Warehouse,null,12,585,3
7683,Warehouse,null,12,586,3
7684,Warehouse,null,12,587,3
7685,Warehouse,null,12,589,3
7686,Warehouse,null,12,602,3
7687,Warehouse,null,12,603,3
7688,Warehouse,null,12,604,3
7689,Warehouse,null,12,605,3
7690,Warehouse,null,12,606,3
7691,Warehouse,null,12,607,3
7692,Warehouse,null,12,608,3
7693,Warehouse,null,12,612,3
7694,Warehouse,null,12,613,3
7695,Warehouse,null,12,618,3
7696,Warehouse,null,12,619,3
7697,Warehouse,null,12,620,3
7698,Warehouse,null,12,621,3
7699,Warehouse,null,12,623,3
7700,Warehouse,null,12,624,3
7701,Warehouse,null,12,627,3
7702,Warehouse,null,12,633,3
7703,Warehouse,null,12,634,3
7704,Warehouse,null,12,638,3
7705,Warehouse,null,12,639,3
7706,Warehouse,null,12,640,3
7707,Warehouse,null,12,641,3
7708,Warehouse,null,12,642,3
7709,Warehouse,null,12,643,3
7710,Warehouse,null,12,644,3
7711,Warehouse,null,12,645,3
7712,Warehouse,null,12,646,3
7713,Warehouse,null,12,647,3
7714,Warehouse,null,12,648,3
7715,Warehouse,null,12,649,3
7716,Warehouse,null,12,650,3
7717,Warehouse,null,12,651,3
7718,Warehouse,null,12,652,3
7719,Warehouse,null,12,653,3
7720,Warehouse,null,12,654,3
7721,Warehouse,null,12,655,3
7722,Warehouse,null,12,656,3
7723,Warehouse,null,12,657,3
7724,Warehouse,null,12,658,3
7725,Warehouse,null,12,659,3
7726,Warehouse,null,12,660,3
7727,Warehouse,null,12,661,3
7728,Warehouse,null,12,662,3
7729,Warehouse,null,12,663,3
7730,Warehouse,null,12,664,3
7731,Warehouse,null,12,665,3
7732,Warehouse,null,12,666,3
7733,Warehouse,null,12,667,3
7734,Warehouse,null,12,677,3
7735,Warehouse,null,12,678,3
7736,Warehouse,null,12,679,3
7737,Warehouse,null,12,680,3
7738,Warehouse,null,12,681,3
7739,Warehouse,null,12,682,3
7740,Warehouse,null,12,683,3
7741,Warehouse,null,12,684,3
7742,Warehouse,null,12,685,3
7743,Warehouse,null,12,686,3
7744,Warehouse,null,12,687,3
7745,Warehouse,null,12,688,3
7746,Warehouse,null,12,689,3
7747,Warehouse,null,12,690,3
7748,Warehouse,null,12,692,3
7749,Warehouse,null,12,696,3
7750,Warehouse,null,12,700,3
7751,Warehouse,null,12,702,3
7752,Warehouse,null,12,703,3
7753,Warehouse,null,12,704,3
7754,Warehouse,null,12,705,3
7755,Warehouse,null,12,708,3
7756,Warehouse,null,12,709,3
7757,Warehouse,null,12,710,3
7758,Warehouse,null,12,711,3
7759,Warehouse,null,12,712,3
7760,Warehouse,null,12,713,3
7761,Warehouse,null,12,714,3
7762,Warehouse,null,12,715,3
7763,Warehouse,null,12,716,3
7764,Warehouse,null,12,717,3
7765,Warehouse,null,12,718,3
7766,Warehouse,null,12,719,4
7767,Warehouse,null,12,720,3
7768,Warehouse,null,12,721,3
7769,Warehouse,null,12,722,3
7770,Warehouse,null,12,723,3
7771,Warehouse,null,12,724,3
7772,Warehouse,null,12,729,3
7773,Warehouse,null,12,730,3
7774,Warehouse,null,12,731,3
7775,Warehouse,null,12,732,3
7776,Warehouse,null,12,734,3
7777,Warehouse,null,12,735,3
7778,Warehouse,null,12,736,3
7779,Warehouse,null,12,739,3
7780,Warehouse,null,12,741,3
7781,Warehouse,null,12,742,3
7782,Warehouse,null,12,743,3
7783,Warehouse,null,12,744,3
7784,Warehouse,null,12,745,3
7785,Warehouse,null,12,746,3
7786,Warehouse,null,12,747,3
7787,Warehouse,null,12,748,3
7788,Warehouse,null,12,754,3
7789,Warehouse,null,12,755,3
7790,Warehouse,null,12,756,3
7791,Warehouse,null,12,759,3
7792,Warehouse,null,12,760,3
7793,Warehouse,null,12,761,3
7794,Warehouse,null,12,762,3
7795,Warehouse,null,12,763,3
7796,Warehouse,null,12,764,3
7797,Warehouse,null,12,765,3
7798,Warehouse,null,12,767,3
7799,Warehouse,null,12,768,3
7800,Warehouse,null,12,769,3
7801,Warehouse,null,12,771,3
7802,Warehouse,null,12,772,3
7803,Warehouse,null,12,773,6
7804,Store,120,null,775,1
7805,Warehouse,null,12,775,5
7806,Store,115,null,776,1
7807,Warehouse,null,12,776,5
7808,Store,111,null,777,1
7809,Warehouse,null,12,777,5
7810,Store,120,null,780,1
7811,Warehouse,null,12,780,5
7812,Store,113,null,786,1
7813,Warehouse,null,12,786,5
7814,Store,113,null,788,1
7815,Warehouse,null,12,788,5
7816,Store,117,null,797,1
7817,Warehouse,null,12,797,5
7818,Store,117,null,798,1
7819,Warehouse,null,12,798,5
7820,Warehouse,null,12,799,6
7821,Store,118,null,800,1
7822,Warehouse,null,12,800,5
7823,Store,119,null,801,1
7824,Warehouse,null,12,801,5
7825,Store,118,null,802,1
7826,Warehouse,null,12,802,5
7827,Store,117,null,803,1
7828,Warehouse,null,12,803,5
7829,Store,112,null,804,1
7830,Warehouse,null,12,804,5
7831,Store,113,null,805,1
7832,Warehouse,null,12,805,5
7833,Store,113,null,806,1
7834,Warehouse,null,12,806,5
7835,Store,120,null,807,1
7836,Warehouse,null,12,807,5
7837,Store,112,null,808,1
7838,Warehouse,null,12,808,5
7839,Store,119,null,809,1
7840,Warehouse,null,12,809,5
7841,Store,118,null,810,1
7842,Warehouse,null,12,810,5
7843,Warehouse,null,12,811,6
7844,Store,119,null,812,1
7845,Warehouse,null,12,812,5
